ID	M	N	O	P	Q	R
B1	519	521	568	336	432	331
B10	117	90	186	51	47	70
B100	25663.93892	23921.1	19158.6	31112.6	31980.8	27682.6
B1000	38	22	37	45	38	51
B10000	167	154	156	118	118	146
B10001	192	216	244	102	162	134.537
B10002	221	171	185	116	157	175
B10003	233	231	226	178.00000088472	128	179
B10004	62	74	111	28	43	26
B10005	37	42	55	10	3	8
B10006	21	21	48	5	13	1
B10007	630	621	596	471	501	454
B10008	395	438	380	294	265	215
B10009	601	556	501	371	328	359
B1001	573	759	548	443	521	486
B10010	205	196	222	130	145	155
B10011	484	601	626	428	558	568
B10012	230	215	278	125	113	125
B10013	122.9998492	58	167	21	25	25
B10014	1990	1791.0013	1720.9985	1606.0012	1714.0008	1619.0021
B10015	188	234	155	149	114	107
B10016	1088	1351	1067	1195	1421	1629
B10017	366	310	246	165	163	179
B10018	271	264	288	124	160	115
B10019	3051	3082	2837	2441	2176	2254
B1002	1074	1502	1579	682	879	705
B10020	92	80	137	130	142	121
B10021	724	624	663	458	459	470
B10022	809.698	734.048	671.529	565.412	494.401	498.339
B10023	64	52	62	65	53	52
B10024	461	528	522	291	302	319
B10025	352	362	389	262	350	260
B10026	1118	949	1730	308	374	764
B10027	803	907	1130.998	570	500.9998	709
B10028	161	162.9999	241.0001	89	112	161
B10029	71	93	152	23	53	59
B1003	132	132	96	79	96	90
B10030	6	0	4	0	3	1
B10031	2396.0012	2187.996	1930.996	1106	1316	1413.0005
B10032	1344	1478	1290	680	657	712
B10033	118	121	81	115	110	61
B10034	2815	1705	1712	1485	2204	1944
B10035	1293	1356	1054	745	863	805
B10036	135	195	171	116	112	95
B10037	1347	1251	1000	1605	1468	1226
B10038	4062.004	3692.002	2835.9987	3872	3881.996	3445.003
B10039	49	44	33	11	23	19
B1004	719	701	755	512	502	440
B10040	267	269	214	148	153	175
B10041	2514	2883	1830	1825	1921	2033
B10042	3359	3690	2627	2229	2211	2384
B10043	101	101	139	91	92	121
B10044	680	935.247	906	471	516	447
B10045	72	57	58	86	71	65
B10046	654.9999	599	523.0004	420.0001	305.9996	280.9999
B10047	232	274	327	171	177	167
B10048	576	474	572	264	244	265
B10049	333	354.0002	303	219.0004	208.9999	213.9999
B1005	1115	1159	1072	661	948	761
B10050	9746	11600	11103	5044	5297	6167
B10051	783	594	338	1440	1437	1239
B10052	961.7288	1091.5746	1044.7668	693.803	797.5884	632.3489
B10053	305	383	255	112	207	197
B10054	304	311	318	192.0001	245	235.0004
B10055	2436	2415	1983	1154	1334	1255
B10056	205	206	221	87	116	118
B10057	506.273	643	610.507	277	286	396
B10058	692.00052	678.99986	648.9997	470.0003	521.00019	581.99967
B10059	1297	1561	1467	634	719	831
B1006	3804	2828	2153	2117	2550	2854
B10060	3649	2963	2537	4195	4217	3049
B10061	3301	4143	4104	1251	1396.998	1438
B10062	1316	1498	1289.998	703	786	852
B10063	123.00018	106	136	107	130	141.000188519
B10064	1562	1520	1140	944	857	919
B10065	763	842	709	475	559	489
B10066	2115	2547	2719	1447	1456	1351
B10067	2145.001	2347.998	2603	1083	1216	1181
B10068	428	334.000000026508	331	301	238	292
B10069	653	1044	844	263	244	250
B1007	225	278	344.5	304.138	346.288	253.271
B10070	19749	20429	13016	27212	27351	20528
B10071	946	981	924	714	740	696
B10072	66	94	64	6	18	23
B10073	84	87	34	24	31	29
B10074	268	272	270	215	222	243
B10075	927	776	768	844	861	854
B10076	1416	1486	1177	836	1025	1039
B10077	416	360	361	377	425	361
B10078	804	880	534	617	630	704
B10079	731	704	659	711	649	647
B1008	0	0	1.49997	2.8624	2.7117	3.72901
B10080	264	240	283	154	200	229
B10081	46	47	33	52	70	40
B10082	316	276	300	112	154	146
B10083	816	986	718	884	911	919
B10084	113	97	128	118	58	84
B10085	449	463	517	296	342	228
B10086	1365	1533	1338	788	876	986
B10087	452.664	449.281	486	256.116	242.112	231
B10088	831	834	743	440.9997	514	499
B10089	4404	4895	4654	1855	2217.001	2320
B1009	929.219	812.548	947.912	715.756	691.253	719.333
B10090	48967.019	51863.05	41938.023	16990.045	25362.038	25258.989
B10091	271	277	306	239	197	269
B10092	119	139	99	83	68	101
B10093	131.692	100.2	116.931	78	87.3823	100.008
B10094	24	40	43	19	36	10
B10095	2794	2963	3015	1790	1992	1820
B10096	8	5	0	1	0	6
B10097	307	200	225.9995	230.0004713	181	201
B10098	198	178	183	126	82	109
B10099	798	861	635	1085	996	846
B101	486.099	524.327	401.871	1889.76	1556.07	1278.89
B1010	134	146	203	55	36	17
B10100	272	248	175	291	247	215
B10101	1427	1668	1778	1037	871	826
B10102	314	470	454	207	192	205
B10103	45	56	34	42	30	36
B10104	691	678	544	484	476	538
B10105	193	263	292	142	106	132
B10106	592	587	584	355	349	392
B10107	953	710	731	546	486	562
B10108	73	100	68	33	64	61
B10109	1333	1167	1417	617	665	818
B1011	829	786	618	582	581	454
B10110	10818.0354	9959.001	10780.96541	7471.999	8481.00119	7953.996
B10111	232	251	195	163	138	146
B10112	629	788	650	323	351	356
B10113	72	99	138	49	69	41
B10114	307	261	298	342	258	284
B10115	683.598	690	725.893	538	711	540
B10116	1042	1114	1094	451	400	540
B10117	46	41	47	16	2	5
B10118	229	277	192	117	131	133
B10119	1155.27	903	552	764	1005.64	917
B1012	352	349	228	240	222	192
B10120	504.73	630	610	310	450.361	380
B10121	1660	1238	900	1478	1448	1334
B10122	89	109	75	80	113	91
B10123	153	132	231	85	104	112
B10124	99	91	137	43	79	83
B10125	1709.74	2402.49	2131.42	1044.73	1280.89	1485.93
B10126	611.2589	435.5129	767.575	592.2742	655.115	753.071
B10127	97	97	123	28	52	57
B10128	834.000000305274	881.000113968	962	592	616.9999	597
B10129	209	168	151	84	104	97
B1013	2600	2090	1768	1655	1956	1972
B10130	3174	3606	3404	2215	2707	2445
B10131	456	514	324	867	833	557
B10132	199	231	169	209	151	108
B10133	178	204	273	81	136	121
B10134	349	326	354	184	205	206
B10135	1593.0022	1710.997	1392.0044	2434.9959	1820.9964	1644.9999
B10136	811	743	745	479	636	616
B10137	162	132	127	175	148	91
B10138	0	0	1	0	0	0
B10139	156	159	158	135	165	146
B1014	128	111	156	56	68	81
B10140	2273	2155	1361	1716	1937	1551
B10141	1450	1492	1562	889	782	867
B10142	0	0	0	0	0	0
B10143	314	398	310	203	278	173
B10144	169	165	186	141	154	144
B10145	358	409	541	188	229	251
B10146	89	74	176	49	60	58
B10147	2509.003	2442.999	2107.002	3356	3176	2502
B10148	1	0	1	2	0	0
B10149	115	143	140	96	70	90
B1015	763	844	731	528	545	549
B10150	526	375	581	372	414	356
B10151	602	541	627	508	553	434
B10152	1143	1062	1399	1073	1129	974
B10153	5	1	10	4	12	3
B10154	2380	2857	2503	1701	1676	1612
B10155	347	378	311	842	611	438
B10156	395	437	372	257	297	228
B10157	2084.995	2084.002	1661.003	1060	1313.0004	1253
B10158	136	161	104	129	145	104
B10159	10	4	3	16	8	5
B1016	495	400	412	385	394	347
B10160	0	0	0	0	3.01039	0
B10161	870	984	1191	539	675	722
B10162	21	30	20	32	29	34
B10163	0	0	0	0	5	0
B10164	742.9999	639	504.0004	248	313	307.9998
B10165	911	920	896	555	539	631
B10166	213.999935	185	192.999819	138.0000066	82.0000224	122.9997136699
B10167	2946	2638	2623	1964	2196	1963
B10168	1475	1781	1360	2343	2239	1596
B10169	428	492	494	405	358	359
B1017	282	252	387	206	149	172
B10170	209	136	217	108	119	132
B10171	2770	2734.0044	3621.0025	2506.9977	2289.9989	2218
B10172	689	565	723	453	506	449
B10173	130	211	111	429	325	144
B10174	296	307	256	160	162	194
B10175	116	155	96	84	63	97
B10176	3835	3348	2730	1987	2946	2784
B10177	763	588	751	515	606	501
B10178	878	874	1156	677	605	658
B10179	523	506	571	413	313	304
B1018	474	527	475	245	293	306
B10180	152	65	108	12	20	13
B10181	201	191	171	113	96	113
B10182	245	472	512	178	173	140
B10183	249	271	310	81	126	84
B10184	311	315	383	117	222	189
B10185	262	313	299	140	139	127
B10186	228.511	304.1567	359.1165	236.6485	219.16151	201.25914
B10187	97	152	154	83	91	71
B10188	998	1047	1133	766	724	674
B10189	1113	1205	979	900	972	1005
B1019	2345	2321	2372	1215	1571	1276
B10190	2974	3432	2857	2422	2137	2091
B10191	91	89	98	48	84	57
B10192	150	84	101.0000165548	113	154.0004	92
B10193	2641	2528	2826	3056	2959	2669
B10194	686	764	644	431	483	454
B10195	103	82	90	108	100.498	107.103
B10196	864.9995	897.0004	1071.0047	575.0001	593.0002	630
B10197	390	374	435	263	229	284
B10198	443	390	498	271	334	263
B10199	423	429	494	156	187	246
B102	260	341	344	256.9998	242.0005	220.0001
B1020	1112.0001	923.9993	870.0003	629.0003	632	660.9999
B10200	104	125	72	62	63	67
B10201	787	682	723	519	574	608
B10202	629	653	764	456	471	506
B10203	1358.6	1634	1423.63	998	1007	916
B10204	3733	3751.0000119402	4341.00000004248	1651	1937	1824.9974
B10205	140	188.000205	275.0001	55	107.000000023138	97
B10206	1663	1952	2005	1180	1115	1348
B10207	742	642	658	725	778	719
B10208	743	970	1042	296	310	341
B10209	543	684	708	482	401	476
B1021	1121	904	783	715	773	724
B10210	265.9998	242.9999	242.0003	161.99989	190.9997	210.9997
B10211	1146	1127	1083	448	432	500
B10212	472.9997	425.0001	363.0001	596.9999	537.9999	463.9998
B10213	643	670	715	346.000000087279	420	401
B10214	3014.9962	3122.0017	2087.9981	1889.0013	2503.0021	2047.0006
B10215	2985.004	2574.997	1932	1118.0037	1403.005	1203.0025
B10216	524	524.99948	479	208.9999	224.0003	184.9995
B10217	91	97	81	94	57	67
B10218	2587.99586254	2495.0034	4081	1208	1485	1631
B10219	660	655	657	661	642	575
B1022	586	590	607	347	453	386
B10220	723	640	529	561	410	525
B10221	2	0	0	0	0	0
B10222	1311	1571	1465	636	973	914
B10223	231.999	169.547	240	183	134	185.692
B10224	0	0	0	0	0	0
B10225	828	779	817	355	450	433
B10226	1024	955	877	622	594	687
B10227	397	436	355	235	281	255
B10228	1712.001	1550.997	1704.005	1200	1487.997	1423
B10229	170	196	203	98	130	149
B1023	972	875	936	507	441	431
B10230	1789.002	1826.995	2084.998	1668.002	1546	1374.997
B10231	1509	1610	1415	1358	1860	2083
B10232	2292	2075	1997	2273	1689	1723
B10233	154	157	172	109	101	100
B10234	550	754	1040	293	370	501
B10235	243	395	300	192.0003	205.9995	139.9997
B10236	1681	1658	1592	563	694	642
B10237	455	485	450.000000011413	249	255	283
B10238	94	119	92	101	72	73
B10239	19	81	36	254	131	165
B1024	739	700	829	229	217	240
B10240	982	1061	1014	894	849	788
B10241	556	753	513	997	816	633
B10242	224	181	191	152	154	222
B10243	1265	1258	1619	1046	1088	762
B10244	78	98	129	34	55	81
B10245	1743	1874	2531	955	852	833
B10246	514	671	539	723	679	601
B10247	460	518	504	380	485	436
B10248	548	584	490	224	213	245
B10249	546	555	562	353	419	406
B1025	6	13	2	7	10	7
B10250	23.0000433	49	49.00003	4	6	10.999969
B10251	25	61	54	5	12	10
B10252	5118	4404	3435	3128	3777	4145
B10253	18	11	14	3	4	4
B10254	687	692	545	440	434	461
B10255	482	542	869	569	647	667
B10256	338	354	338	218	244	230
B10257	0	0	0	1	0	0
B10258	1528.9999409	1541	866	1951	1603.9996	1201.00000042543
B10259	176	227	287	279	281	206
B1026	2843	2700	2944	2059	1898	1723
B10260	314	427	419	53	103	179
B10261	784	719	790	357	435	324
B10262	827	755	1159	527	603	654
B10263	97	91	88	62	105	67
B10264	12	18	16	10	13	14
B10265	106	116	92	58	67	74
B10266	1406	1390	1237	1501	1677	1354
B10267	417	428	428	401	242	253
B10268	68	68	78	83	90	103
B10269	4611.997	5439.997	4201.996	8223.995	6458.002	5639.002
B1027	643	782	609	473	504	463
B10270	19	17	23	14	17	18
B10271	1030	1001	839	1157	1038	896
B10272	2035.9989	2263.9965	1443.9988	4050.004	3445.0035	2513.9994
B10273	172	158	185	120	75	117
B10274	515.9995	418.0001	224.9996	327.0003	338.0004	387.00031
B10275	1206	927	666	744	615	488
B10276	1310	1396	1297	1561	1323	1348
B10277	1643.002	1448.9968	1778.995120536	1208.0008921	1369.003	1153.9976
B10278	5701.67	9185.53	11012	5760	4794	5162
B10279	22	8	13	13	5	7
B1028	620.00007	722.00006	747.9996	376.0003	537.99972	501.9999
B10280	165	176	170	104	139	139
B10281	947	919	884	772	726	602
B10282	188	239	86	479	510	389
B10283	9	20	15	14	14	10
B10284	49.000013	63	39.00001	150.9996	120	92.00001
B10285	113	125	136	56	31	60
B10286	64	113	47	72	66	78
B10287	326	283	235	201	269	184
B10288	773	795	710	460	470	591
B10289	48	53	14	121	128	85
B1029	28	54	27	36	37	26
B10290	2237	2621	2167	1359	1396	1394
B10291	64	72	40	38	36	22
B10292	1718.004	1674.00016863289	1738.00000003977	916.9994	936.000292	976.999643
B10293	156	143	139	153	82	59
B10294	7938.997	8041.00336	7269.9969	5283.99825	5988.0028	5356.0027
B10295	953	1314	1191	317	391	610
B10296	601.457	639.894	850.762	402.759	393.099	496.788
B10297	1657.997	1504	1776.997	1239	1400	1270
B10298	191.726	260	278	132	109	167
B10299	113	88	97	48	70	90
B103	897	980	736	740	705	786
B1030	69	62	73	49	72	64
B10300	1051	1076	687	1231	1152	1031
B10301	2150.002	2404.001	1597.003	1522	1571	1847
B10302	4389	4436	4634	3256	3737	4193
B10303	12	19	12	7	19	9
B10304	1862	1821	1860	1134	1252	1239
B10305	744	682	623	630	689	564
B10306	431	376	359	245	224	207
B10307	521	554	640	375.0001	379.999549	455
B10308	58	49	82	22	11	13
B10309	1456	1550	1723	1224	1292	1160
B1031	274.00022	213.00026	326.9997	144.00003	162.00002	148.9997
B10310	2122.789	2529.331	2332.795	1133.746	1465.157	1814.754
B10311	267	326	312	264	259	220
B10312	356	264	485	138	233	169
B10313	661	610.00012	387	668.99937	524	407.0004
B10314	1744	1580	1592	1996	1674	1515
B10315	387	525	479	329	328	393
B10316	1905.002	2075.999	2698.0024	1630.005	1253.998	1414.002
B10317	624	781	692	370	382	416
B10318	1660	2191	1673	1290	1338	1271
B10319	144	154	154	161	124	137
B1032	936	566	587	619	602.9997	589.0004
B10320	924.9999	893	658.9996	779.0003	772	707.001
B10321	720	705	638	740	725	555
B10322	0	0	0	0	0	0
B10323	1047.9995	1338.997	1356.999	414.9997	612	567.9999
B10324	11	6	3	25	19	9
B10325	108.2	116.286	94.1766	45.1553	36.3222	46.0883
B10326	165	132	153	136	55	79
B10327	695.00011	670.0002	588.9995	430.00023	418.99954	424.0005
B10328	278	272	274	275	309	207
B10329	1935	1714.0045	1654.00000022598	1418.9997	1426	1426
B1033	516	530	584	374	321	360
B10330	636	677	610	255	335	266
B10331	263	285	247	121	161	146
B10332	206	219	294	251	154	148
B10333	105	136	116	85	123	89
B10334	270	344	279	127	233	193
B10335	1034	1102	947	549	548	669
B10336	3436	2958	2215	1557	2091	2281
B10337	1657	1441	1236	2429	2170	1562
B10338	275	299	240	366	347	265
B10339	3849.99346	4380.997	4056.9961	2057.0031	2338.00493	2393.9989
B1034	291	309	287	218	212	144
B10340	2261.9964	3575.99524	4207.996	672.9996	1187.99957	1313.00193
B10341	383	424	274	520	489	366
B10342	284	279	230	207	180	160
B10343	401	465	377	289	275	243
B10344	1172	1203	1118	1072	968	813
B10345	2299.0015	2362.9951	2428.99512	2149	2043	2062
B10346	227	131	109	203	290	186
B10347	13014.0053	13587	13496	10166.22	10374	11133.14
B10348	1324	1520	989	1383	1381	1259
B10349	1283	1737	1931	211	301	316
B1035	2086	2395	2626	1639	1763	1533
B10350	1223.0002	867.9997	1505	834	822.99993	1076.9954
B10351	678	656	588	591	452	537
B10352	249.0004	234	655.99973505	53	19	42
B10353	739	721	732.0005	370.9995	489.0000181146	435.00007
B10354	647	711	785	869.0003	884	1079
B10355	465	372.9995	421	206.9999	233.9998	214
B10356	61	46	79	48	28	38
B10357	1714	1846	1862	965	1177	1458
B10358	689	565	669	650	626	614
B10359	7	21	10	9	9	19
B1036	802	810	780	985	832	681
B10360	795	945	1038	526	589	491
B10361	3	4	0	2	4	0
B10362	106	140.00018	258	66.99996	57.99995	77
B10363	236	283	353	132	144	184
B10364	87	80	90	46	31	65
B10365	89	45	64	35	55	54
B10366	0	0	0	0	0	0
B10367	407	338	388	286	285	248
B10368	321	395	473	250	268	262
B10369	566	523	445	586	583	613
B1037	251	204	160	142	175	171
B10370	598	503	311	435	362	273
B10371	231	254	201	99	94	190
B10372	178	219	234	122	162	142
B10373	53	63	57	33	46	30
B10374	41	47	43	25	35	29
B10375	26	32	54	2	1	14
B10376	211	254	240	121	141	156
B10377	1146	1126	1116	790	799	727
B10378	530	561	531	433	366	440
B10379	452.9997	414	534.0001	349	367.9998	325.0003
B1038	833	766	840	589	573	606
B10380	0	0	0	0	0	0
B10381	231	239	280	80	120	161
B10382	75	146	143	16	40	33
B10383	4644	4378	3999	3812	4095	4048
B10384	235.9997	244.9997	185.0001	150.0004	172	169
B10385	95	104	97	115	110	92
B10386	1294	1309	1259	810	884	786
B10387	5657	7690	6889	4735	6766	8066
B10388	5046	4836	3904	2710	2626	3182
B10389	629	500	580	369	420	429
B1039	1526	1276	887	974	1008	1009
B10390	556	481	542	552	539	426
B10391	434	432	460	300	306	302
B10392	632.00008	631.999576	713	437.9998	366	333
B10393	851	755	721	753	702	621
B10394	562.0004	642	377	712	698	639
B10395	249	230	300	105	139	113
B10396	1526	1516	1008	1115	1132	1186
B10397	20.00005	22.99997	3	31.99997	35.00005	33
B10398	607	644	672	707	546	608
B10399	2518	2583	2441	2267	2231	2408
B104	1638	1720	1649	1306	1039	1142
B1040	486	551	483	276	338	281
B10400	226	137	129	123	93	122
B10401	266	247.9996	277	135.0001	156.0001	135
B10402	1470	1590	1591	704	786	873
B10403	274	299	473	386	231	197
B10404	481	377	311	133	190	186
B10405	9623	13829	12985	3180	4896	5358
B10406	633	699	601	455	574	629
B10407	934	1481	1477	331	478	509
B10408	241	218	297	142	119	156
B10409	109	98	124	55	65.99996	110.00014
B1041	3259	3014	3503	2937	2557	2592
B10410	3514	3536	3533	1391	1711	1833
B10411	858	984	1089	742	769	694
B10412	2862	3437	2994	1770	2197	2303
B10413	239	184	216	181	123	157
B10414	1824	1775	1656	1111	1141	1045
B10415	156	175	207	37	19	13.000046
B10416	2032	2613	2570	1093	1544	1311
B10417	220	215	221	62	52	148
B10418	1099	1122	1313	222	261	306
B10419	5802	6989	5560	4910	5359	5290
B1042	3070	3465	2844	934	1151	1187
B10420	181	180	142	182	152	146
B10421	34	42.00001	78	51.99996	46	28
B10422	47	30	67	24	18	15
B10423	813.0001	618.0005	713.9999	403.9996	499.9996	513.0003
B10424	140	119	129	28	71	43
B10425	321	372	298	262	328	289
B10426	86	70	128	68	59	71
B10427	1147	1394	1719	847	759	939
B10428	199	174	189	116	98	126
B10429	335	275	169	327	409	206
B1043	1230.99928	1065.9994	1173.99957	861.0001	851.9996	813.99993
B10430	906	1054	1011	610	582	505
B10431	1695.61	2483.05	2562	1036.9	1401.219	1151.527
B10432	1062	1234.001	1136	578	656	786
B10433	250.437	234.168	211.567	205.124	235.038	219.484
B10434	201	199	234	153	148	101
B10435	46	28	61	15	4	10
B10436	4044.996	4073.001	4425.002	1844.995	2546.999	2213.998
B10437	575	561	728	309	315	327
B10438	2468	3042	3493	1677	1978	1876
B10439	307	375	367	400	325	319
B1044	427	484	525	235	277	293
B10440	901	784	681	1107	741	677
B10441	1140	1258.998	1305.001	643	690	679
B10442	99	92	160	35	65	29
B10443	324	375	418	194	199	203
B10444	1182.894	1264.836	1353.098	636.329	660.5431	954.686
B10445	13687.0147	12304.9683	12516.0125	3882	5281	5027
B10446	1316	1250	1128	976	894	886
B10447	208	224.9997	269.0001	140	164.0004	165
B10448	1071	938	1239.9992	492.00000287733	420.0001	756.0002
B10449	1084	1155	1031	955	983	931
B1045	776	769	722	381	475	412
B10450	3393.0031	3263.0046	2241.9998	3230.999418	2856.004	2795.003
B10451	285	254	304	147	154	172
B10452	1029	1262	1162	621	577	583
B10453	513	497	493	360	316	320
B10454	2918	2887	2390	3223	2669	2314
B10455	415	416	390	207	237	269
B10456	109	130	153	44	38	32
B10457	88	76	63	49	70	76
B10458	340	315	328	257	313	292
B10459	276	251	249	90	144	147
B1046	3977	4773	4964	1882	2092	2134
B10460	6472.002	7268	6121.001	4819.996	4711.001	4796.003
B10461	935	1055	1066	543	497	448
B10462	296	208	146	174	154	224
B10463	103	98	86	97	150	120
B10464	784	824	608	667	635	550
B10465	596	812	813	523.0004	538	484
B10466	208	219	273	145	112	183
B10467	374	439	427	302	269	386
B10468	975	941	782	648	681	561
B10469	113	125	80	65	83	66
B1047	98	77	105	34	40	50
B10470	2120.002	2380	2068.002	1200	1249	1460
B10471	2599	2474	1905	2062	1947	1551
B10472	237	209	298	80	110	70
B10473	184	214.9996	198	86.00001	102	163
B10474	1271	1197	837	1086	1044	1025
B10475	16405.021	17024.984	17579.02	11063.999	13169	12179.005
B10476	125	86	101	86	92	69
B10477	917	1019	747	946	891	1069
B10478	691.012	680.336	668	967.636	737.982	570.907
B10479	223	231	213	171	204	162
B1048	382	406	366	261	346	282
B10480	221	191	195	128	119	123
B10481	119	150	176	37	44	41
B10482	608.00004831	521.00032	439.000000632335	374.000224729	438	432
B10483	665	521	457	260	377	338
B10484	822.623	808.372	889.995	584	586.635	521.452
B10485	3759	2707	2276	2031	2349	2056
B10486	493.0002	559	526.0004	239.0004	370.0004	250.0002
B10487	1700	1798	2035	1140	1087	1082
B10488	339.9193	431.8014	250.4548	582.9249	542.8844	346.7993
B10489	1279	1153	1383	580	703	729
B1049	62	60	51	152	76	85
B10490	1247	1600	1877.997	480	539	567.0001
B10491	994	1158	1032	600	626	611
B10492	496	473	364	459	476	359
B10493	209	190	227	71	80	97
B10494	633	618	740	290	401	405
B10495	264	251	191	189	242	251
B10496	115	137	77	31	27	37
B10497	1424.301	1499.017	1519.527	531.1064	587.3436	659.2019
B10498	1088.7	976.981	1215.47	443.894	521.656	549.797
B10499	270	255	274	152	191	128
B105	26	45	56	15	20	19
B1050	2777	3819	3896	1901	2066	1763
B10500	2012.00286	1946.002	1687.005	1384	1487.9993182	1486.00034
B10501	304	342	366	145	177	139
B10502	458	544	529	280	311	268
B10503	1175	1046	830	715	769	815
B10504	5601	5405	4985	2418	3279	2935
B10505	970	883	1098	834	878	749
B10506	703	548	725	530	391	478
B10507	51	29.99999	38	22	33	15
B10508	32	35	51	14	12	11
B10509	283	352	365	107	156	158
B1051	418	299	203	218	216	261
B10510	990	1016	734	1342	1269	1213
B10511	1670.997	1599	1636	1063	979	977
B10512	478	436	486	320	408	324
B10513	490	415	394	550	787	773
B10514	769.021	902.025	860	513.102	560.021	514.039
B10515	3244.58	3748	4449.59	1717.53	1781.63	2167
B10516	551	583	435	731	694	640
B10517	465	383	363	298	359	331
B10518	1109.0008	1084.9999	1104.996	753	901.9996	888.0004
B10519	471	504	501	401	352	383
B1052	447	429	550	253	251	235
B10520	1754.42	1840	1820.41	977.466	1041.37	1117
B10521	444	565	639	220	273	256
B10522	163.925	164.164	141.789	136.556	83.1574	144.38
B10523	1838.19	2738.99	2557.39	1364	1854.41	1423.7
B10524	2645	3188	2423	1562	1728	1883.99888
B10525	1060	1040	1224	965	920	829
B10526	388	336	284	170	182	127
B10527	221	178	171	130	118	136
B10528	3	1	0	0	0	0
B10529	1246.00000391271	1094.0004	1589.999	598.9994	668.001	626.9996
B1053	26	19	38	15	21	23
B10530	1909	2047.9963	2097.002	1370	1416	1545
B10531	0	0	0	0	0	0
B10532	918	714	755	368	397	480
B10533	2470	2601	2207	1804	1869	1654
B10534	178	207	268	92	110	72
B10535	620	515	691	175	245	190
B10536	4158	4095	3613	2258.996	2618.004	2310
B10537	181	208	241	88	90	63
B10538	4994	5804.44	5186	4655.97	4077.61	4020
B10539	539	531	655	428	447	380
B1054	608	615	479	430	431	451
B10540	267	274	288	210	217	226
B10541	3628	3529	2782	2175	2156	2441
B10542	1668	1963.996	1062	2286.001	1957.005	1409
B10543	240	414	336	157	187	192
B10544	550	590	552	378	340	375
B10545	235	215	235	115	196	167
B10546	315	256.9997	287	206.0003	258	321
B10547	299	206	346	159	145	127
B10548	2090.000275096	2013	2055.004	1217	1206.00000004958	1200.0037596
B10549	1041	945	841	492	639	557
B1055	148	156	130	52	66	87
B10550	408	437	349	198	259	244
B10551	32332.9	63292.9	41666.2	80590.2	47220.9	34936.8
B10552	0.000267851	0.00100137683	0.004818694	0.0603654	0.000131214386	0.00021461515
B10553	63407.0252503247	148358.4415	94052.7347231376	166352.34050053	99351.2333900367	73174.1504000891
B10554	8	5	6	5	9	1
B10555	482	578	751	253	312	389
B10556	649	536	465	502	407	461
B10557	815	1008	1118	667	570	553
B10558	798	900	794	919	765	699
B10559	363	379	466	195	260	228
B1056	417	460	474	241	275	316
B10560	630	673	495	374	459	441
B10561	580	552	588	299	297	327
B10562	3447.997	3747.998	2468	7457	6209.995	4673.003
B10563	720	639.9997	697	371	372.9999	378
B10564	865	755	919	542	604	574
B10565	722	792	941	553	473	526
B10566	1327.667	1087.47	990.996	962.271	862.774	961.709
B10567	795	718	797	470	426	479
B10568	26.575	33.5621	3.02926	34.2922	3.96061	22.98457
B10569	369	309	367	236	191	203
B1057	1236.269	1523.884	1346.123	618.824	663.6498	714.4574
B10570	17291	20025	18722	11760	11774	12537
B10571	614	487	454	345	362	301
B10572	341.9998	378.0001	336	321.0003	250.0002	308.0002414
B10573	15	8	15	0	2	0
B10574	2598	2649	2736	1617	1840	1918
B10575	666.935	395	327	1063.14	1003.35	893.219
B10576	494	538	504	275	329	319
B10577	691	563	600	446	487	488
B10578	1197	1077	978	1052	915	1000
B10579	779	925	759	404	508	553
B1058	77.475	77	88	47.2733	51	56
B10580	313	391	494	231	276	318
B10581	24	20	37	8	27	20
B10582	907	882	797	476	475	550
B10583	2930	3100	2072	6470	5487	4070
B10584	2086.28	2292.24	1904.22	908.122	996.041	1092.12
B10585	1543	1523	1661	872	909	1026
B10586	212	213	193	254	167	180
B10587	131	177	171	144	109	119
B10588	35	23	25	11	1	5
B10589	683	598	653	408	435	397
B1059	127.256	207.115	283.877	57.9021	87.3502	75.5432
B10590	19	6	4	6	7	9
B10591	28	42	39	18	10	25
B10592	172	193	200	67	73	113
B10593	6	4	15	0	0	0
B10594	805	798	703	747	636	722
B10595	93	160	136	69	107	100
B10596	977	977	982	588	718	651
B10597	2598	2684	2193	2454	2566	2180.999
B10598	264	393	327	170	144	162
B10599	209	220	238	86	113	126
B106	1266	1889	2642	221	435	578
B1060	433	587	475	599	683	542
B10600	171	183	129	88	138	120
B10601	396	398.9997	369.0003	181	211.0005	277.0001
B10602	281.0002	220	239.0003	200.9999	229	154.9996
B10603	130	222	191	98	44	66
B10604	538.015	572.016	548	235	242.009	234.018
B10605	60.0177	20.664	34.2243	16.8849	26.4424	22.3352
B10606	124.9998	116	110.99985	187.9995	180.9998	186
B10607	659	671.00021	464	847	704	710.9995
B10608	403	276	406	170	201	201
B10609	657	703	664	214	330	324
B1061	1478	1505	1360	1282	1273	1304
B10610	5841	6482.993	5549.001	4118.001	4142.994	4480
B10611	363	382	401	284	307	294
B10612	290	335	441	146	169	184
B10613	5276.996	5736.003	4965.004	2571.996	2978.001	2990.001
B10614	539	460	511	293	337	353
B10615	101	90	129	48	71	58
B10616	687	614	430	352	412	518
B10617	1374.95	1518.91	2043.02	765.729	814.178	788.356
B10618	319.543	341.1058	345.238	263.24	269.9011	264.2121
B10619	89	104	103	112	133	80
B1062	968	977	870	598	714	698
B10620	369	461	552	188	224	232
B10621	1394	1555	1614	1022	837	785
B10622	5847	6267	4783	3231	3370	3712
B10623	1403	1701	1741	916	1121	931
B10624	88	117	83	62	75	58
B10625	780	686	532	771	801	643
B10626	1210.9999	943.0009	948.0004	828.00004	664.9997	618.99946
B10627	704	721	671	379	308	399
B10628	3807	4366	4902	2694	3109	2654
B10629	21	18	33	35	51	28
B1063	63	109	82	124	58	70
B10630	532	456	599	244	307	303
B10631	74	69	55	48	34	53
B10632	89	181.0001	150.0004	97	69.0001	65
B10633	0	0	0	0	2.4237	0
B10634	88.4164	99.7565	28.7039	56.1682	32.9666	73.1783
B10635	3	3	4	6	5	3
B10636	197.148	249.515	201.5124	237.22657	182	134
B10637	0	0	0	0	0	0
B10638	142.901	197.988	207.529	97.365	86	78.1311
B10639	13	15	6	9	7	8
B1064	110	192.000187408	178.0001	214	113	145.99982522
B10640	10497.898	16610.284249767	12497	16987.06	11053	10326.26
B10641	1	0	5	6	0	0
B10642	3752.55	5467.3248917	4249.7	7725.57	4705.06	4316.7
B10643	43	52	42	30	29	68
B10644	0	4	7	0	4	5
B10645	11	3	0	15	2	5
B10646	0	3	0	0	5	0
B10647	19	8	5	9	5	17
B10648	122	87	159	102	53	88
B10649	1	0	4	0	2	8
B1065	186	199	202	51	77	111
B10650	52.5836	111.24355	168.29599	111.83176	74.60971	77.82159
B10651	0.852282	3.48492	10.4873	5.77386	0	0
B10652	47	46	62	41	44	51
B10653	89	54	63	27	60	44
B10654	0	2	0	0	0	0
B10655	1555	1420	1403	835	869	869
B10656	312	336	274	341	268	274
B10657	120	122	130	54	62	79
B10658	78.99999	75.99998	129.00005	13	34.00005	46.00003
B10659	2068.0007	1834.0005	1884.00051	1837.9998	1493.9996	1587.99963
B1066	336	206	213	138	159	113
B10660	736	1011	765	313	510	590
B10661	258	312	353	147	203.0003	193.0003
B10662	82	236	240	26	18	12
B10663	22.00003	23.99998	15.00005	2	7	1
B10664	1027	1466.001	1715.001	328	398	464
B10665	128	89	99	120	91	104
B10666	38	70	36	45	72	30
B10667	394.16	268.342	276.999	148.825	234.481	201.046
B10668	924.84	1005.66	1063	784.175	726.519	834.954
B10669	1074	952	843	558	603	639
B1067	241	179	133	121	157	97
B10670	108	106	135	49	31	70
B10671	480	386	495	235	263	328
B10672	325	410	568	144	159	188
B10673	2414.998	2200.001	2117	1349	1475.001	1528.998
B10674	321	402	314	185	167	225
B10675	871	1090	931	693.0003	688	673
B10676	189	192	280	209	146	151
B10677	382	483	484	361	390	335
B10678	2005.997	1960.000121391	1713	1495	1600.00358	1760.996
B10679	413.0005	300	403	142	195	124
B1068	527	473	503	425	462	458
B10680	179	96	207	117	127	132
B10681	774	731	1101	215	193	273
B10682	397	457	353	297	272	346
B10683	1	1	0	0	0	0
B10684	121	109	174	72	80	61
B10685	0	0	0	0	0	0
B10686	351	350	367	365	236	284
B10687	510	666	529	475	387	486
B10688	1693	1837	1747	757	1175	1031
B10689	1179.81	1172	1204.87	578	498.757	486
B1069	397	488	446	360	439	308
B10690	0	0	0	0	0	0
B10691	4	0	2	1	5	2
B10692	9479	13466	13709	3777	5540	5556
B10693	1401	1412	1431	164	253	316
B10694	41	15	24	19	32	25
B10695	782	793	773	399	469	481
B10696	876	803	844.000000792202	833.999898	815	666
B10697	117	94	128	116	105	75
B10698	232	202	155	275	330	167
B10699	30	26.000021	41	3	27	24.99998
B107	2159.66	2559	2530	2335.99664	1922	1592.68
B1070	113	143	175	84	81	92
B10700	407	326	363	223	254	254
B10701	809	750	668	420	613	614
B10702	3923	3818.005	3085.999	3252	3110.999	3495.003
B10703	54	53	55	19	40	23
B10704	2163	2281	3089	893	995	1139
B10705	229	305	331	172	188	130
B10706	565	608	587	332	434	451
B10707	930	785	898	503	648	597
B10708	617	734	658	332	447	510
B10709	115	106	94	67	50	56
B1071	101	106	80	69	78	71
B10710	1303	1182	936	1174	1148	969
B10711	331	313	236	5	10	19
B10712	850.277	736.644	746.046	912.58	876.369	675.754
B10713	1007	950	1165	559	764	686
B10714	895.662	688.58	780.775	541.175	531.868	540.585
B10715	140	132	123	77	106	100
B10716	1266	989	960	946	795	835
B10717	346	412	409	213	262	143
B10718	12036.005	11904.007	9607.0064	16662.999	15710.002	11982.004
B10719	217	201	224	272	290	230
B1072	0	0	0	0	0	0
B10720	844	899	484	2136	1897	1192
B10721	1117.015	1295.473	1187.456	605.888	591.0002	668.124
B10722	869	719	835	521	634	484
B10723	4178.2429	4377.36	4004.58	2602.0122	2736.3833	2646.03
B10724	63	75.0544	61	23.0067	32.0205	25
B10725	783	765	762	470	460	424
B10726	133	135	170	51	58	54
B10727	40	32	60	27	30	18
B10728	63	39	72	36	39	39
B10729	275	310	270	160	180	187
B1073	1291	1138	1092	396	456	537
B10730	383	330	438	339.9996	387	338.0001
B10731	1234	1243	1052	1453	1302	1114
B10732	8	25	4	5	4	8
B10733	2572	2264	2091	1604	1772	1567
B10734	258.625	227.435	182.633	248.675	228.07	225.702
B10735	21	19	24	24	21	13
B10736	143.375	136.565	143.367	229.325	197.93	156.298
B10737	1244	869	859	710	756	719
B10738	373	468	459	249	332	295
B10739	78	118	141	62	87	71
B1074	2220	2514	1456	3266	2693	1965
B10740	2104.9952559	2574	2787	2135.00284	1539.0016418	1490.0024365
B10741	9759.1689	11043.090638	15281.85507	4404.63464	5192.167	5324.76689
B10742	783	761	791	258	277	371
B10743	1560.9222642	1599.350189	1602.11348732	706.728	953.6025	875.109
B10744	1343.073	1687.649	1667.89	575.272	889.3974	790.891
B10745	184	247	270	121	128	88
B10746	850	884	703	560	629	671
B10747	1628	1523	1801	1279	1482	1320
B10748	949	875	767	617	619	645
B10749	1434	1804	1642	666	814	776
B1075	414	321	243	252	315	248
B10750	133	101	165.9996	23.00002	55	45.00002
B10751	164	173	202	89	138	103
B10752	517	556	514	312	367	332
B10753	3290.996	3355	2326.999	2675.996	2932.002	2343.995
B10754	427	448	532	250	311.00045379	264.9996
B10755	127	115	40	125	174	82
B10756	47	103	91	3	11	9
B10757	322	329	371	218	294	248
B10758	69	62	120	27	20	34
B10759	35	39	25	22	13	27
B1076	1415	1240	901	1074	1017	1021
B10760	631	1020	1173	154	338	400
B10761	3093	3311.0000008886	2854	2412	2339	2068
B10762	849	982	527.9999	1139	946	771
B10763	3086	3413	1798	5951	4691	3039
B10764	1028	906	496	1670	1299	920
B10765	0	0	0	0	0	0
B10766	817	950	755	681	699	720
B10767	327	465	445	212	198	237
B10768	632	682	561	715	696	579
B10769	971	1109	1122	645	818	710
B1077	174	200	216	10	5	28
B10770	378	354	337	145	184	163
B10771	834	909	999	407	513	471
B10772	331	392	368	268	269	356
B10773	962	1046	964	936	1001	911
B10774	3146.00373	2726.002	2835.0000110555	2167.000271497	2386.00000119204	2196.0045
B10775	1239	1358	1330	482	502	683
B10776	40	38	51	52	41	35
B10777	1740.99609	1649.0035	1293.002	1287.9979	1282.001	1088.99817
B10778	762	904	617	785	621.0002834	553.0003
B10779	1768	1828	1351	1078	1281	1242
B1078	99	76	82	93	69	48
B10780	122	189	191	80	167	148
B10781	769	706	785	363.0004	421	391.9999
B10782	1172.001	1292.004	936	1215.998	1368.002	1520.0001
B10783	74	67	78	27	48	42
B10784	117	118	134	85	100	97
B10785	289.9996	241.9995	167.0001	138	155.0005	146.0004
B10786	53	71	48	29	35	20
B10787	555	402	322	744	757	485
B10788	293	270	289	216	181	200
B10789	1422.49	1511.84	1285.88	963.351	928.839	950.741
B1079	870	937	851	593	745	584
B10790	1257	1089	887	1480	1270	931.428
B10791	288	298	351	125	136	140
B10792	525.249	402.459	452.251	312.277	374.763	339.88
B10793	1767	1758	1329	1607	1542	1319
B10794	302	287	307	117	161	160
B10795	636	497	725	424	378	428
B10796	118	105	70	110	46	67
B10797	860.354	703.765	738.016	427	424.576	459.087
B10798	2161	2322	2082	1274	1343	1361
B10799	200	244	215	111.151	117	103
B108	3393	3474	3036	1681	1928	2002.999
B1080	27	58	23	19	32	26
B10800	724.937	579	420	317	548	339
B10801	707	584	763	507	478	426
B10802	409	311	251	227	219	299
B10803	161	150	148	197	100	138
B10804	27	30	33	2	18	1
B10805	419	449	449	260	349	293
B10806	203.9997	251.0005	403.9998	88	147.0001	116
B10807	534	512	504	792	600	450
B10808	1074	1319	1244	937	998	931
B10809	900.9997	1042.0001	861	643.000000062286	660.00011148	520.9997
B1081	761	808	827	726	815	729
B10810	331	321	347	271	287	250
B10811	440	347	377	305	244	220
B10812	92	123	62	71	48	61
B10813	13	20	7	15	12	6
B10814	46	35	76	43	35	36
B10815	1025	1221	1154	455	487	611
B10816	417	421	385	364	310	330
B10817	346	318	314	130	166	192
B10818	1381	1389	1193	973	1017	1130
B10819	1570	1623	1634	1035	917	962
B1082	974	950	796	851	492	608
B10820	517	574	478	318	331	291
B10821	167	186	157	159	114	116
B10822	429	371	496	435	410	393
B10823	1816.995	1956.005	1994.0006	1174.995	1130.9982	1219.001
B10824	359	370	426	253	312	300
B10825	372	270	285	300	313	337
B10826	113	184	171	82	92	99
B10827	344	278.9995	246.9998	199	247	280.0003
B10828	1492	1188	1265	851	869	1033
B10829	557	491	637	362	375	510
B1083	311	334	270	208	233	200
B10830	132	132	90	136	124	131
B10831	813	1557	1292	484	680	625
B10832	2372	2431	2251	994	1018	1127
B10833	755	769	771	307	382	343
B10834	32	10	19	5	13	41
B10835	3	0	0	0	0	0
B10836	108	108	85	100	71	110
B10837	269.401	262.138	122.5	636.658	426.002	386.816
B10838	285	306	329	115	92	87
B10839	21.3191	7.85559	22.4805	6.25244	4.49755	13.328
B1084	84	70	47	95	123	50
B10840	768.681	750.145	855.519	307.747	288.502	424.672
B10841	266	210	272	281	179	150
B10842	29	72	54	57	49	56
B10843	146	201	185	130	149	165
B10844	2337	2286	2077	2064	2101	2005
B10845	90	117	97	127	92	115
B10846	155	169	197	94	96	63
B10847	4248	3742.0049	3465.005	1326.0006	1494.0035	1532.0021
B10848	462	432	560	388	416	367
B10849	474	670	599.0003	457	479	489.00034
B1085	42	71	23	130	139	81
B10850	1723.0018	1923.9953	2365.9965	1153.0033	1198.9986	1058.0006
B10851	218	181	195	148	130	137
B10852	1145	1284	1449	636	679	665
B10853	213	172	233	136	167	121
B10854	83	93	112	36	67	63
B10855	2461	2931	1869	2355	2247	2313
B10856	20	15	9	67	52	27.00001
B10857	16	14	10	24	25	28
B10858	2365.99894	1852.004	1884.998	1936.0041	1759.002	1407.999
B10859	30	71	27	39	49	42
B1086	401	227	212	268	350	219
B10860	153	174	182	201	147	115
B10861	4	3	3	1	1	8
B10862	0	0	1	0	0	0
B10863	94	135	148	52	64	66
B10864	142	143.9998	143	74	70	59
B10865	442	424	413	248	294	298
B10866	219	237	214	186	204	139
B10867	385	342	316	318	269	283
B10868	19	11	10	3	16	11
B10869	63	57	43	56	40	33
B1087	80	83	75	129	133	73
B10870	296.00024	297.00007	236.9997	171.0004	198	147
B10871	89.0553	73.7422	169.695	64.7881	64.6019	65.4352
B10872	451.097	448.32286	370.2105	867.5837	751.0311	684.1359
B10873	5495	5791	3539	7953	7620	6037
B10874	2946	2819	3232	2020	2363	2333
B10875	13161.99308	12887.9982353	13455.9950266035	6389.994520432	8048.004239946	8183.002
B10876	465	488	521	284	264	268
B10877	637	790	699	664	606	694
B10878	230	193	179	101	69	123
B10879	1169.0027	851.0004	955.9995	1110.0023	1061.0016	1297.9982
B1088	544.0003	733.99979	567.99919	676	608	575
B10880	114	100	65	59	37	52
B10881	98	73	74	28	29	25
B10882	1399	2187	1855	1284	1718	1464
B10883	1922.0017	1346.997	1240.003	828	988	802
B10884	594	664	629	263	257	342
B10885	7187.000121899	6785	5658	6025	6916	6001
B10886	308	291.000020685	495	96	86	138.99986
B10887	372	447	377	230	287	216
B10888	6812	5779.999	6877.997	2646.0007845	2788.996378545	2912.9979
B10889	989	1061	701	1429	1246	934
B1089	34	40	48.00001	15	33	37
B10890	219	176	202	113	125	107
B10891	133	175	169	132	178	128
B10892	996	822	800	434	468	463
B10893	577	549	454	598	763	668
B10894	281	328	209	301	188	154
B10895	16	28	14	42	32	25
B10896	112	90	125	71	86	72
B10897	6245	8287	7486	4944	7068	7581
B10898	225	323	212	177	182	231
B10899	201	208	252	95	123	142
B109	518	535	403	300	392	344
B1090	335	409	211	462	508	383
B10900	242	191	243	205	195	155
B10901	382	277	250	215	317	238
B10902	519.0001	592.9995	454.0003	348.0003	391	367
B10903	870.0003	1813.002	1534.996	153	237	231
B10904	2560	3896	3371	1481	2263	2812
B10905	215	214	256	135	172	108
B10906	835	710	873	447	475	426
B10907	44	25	77	48	40	29
B10908	349.0003	358.0005	243	332.9998	297	244.0003
B10909	930	919	1211	545	653	661
B1091	298	277	218	152	158	87
B10910	1348.22	1378.88	1592.16	853.373	733.819	950.494
B10911	1416	863	841	704	1091	961
B10912	541	506	489	379	330	303
B10913	217	261	336	98	108	120
B10914	950	969	1123	676	632	683
B10915	442	388	470	285	294	254
B10916	246	262	240	115	196	201
B10917	1630	1171.005	1239	987	1210	1102
B10918	146	115.99972	89	177.0001	149	114
B10919	10	6	2	23	14	9
B1092	14262.957	14241.04	9765.996	26679.03	21770.975	15146.982
B10920	966	961	910	916	779	848
B10921	348	440	354	321	315	316
B10922	647	649	529	405	390	437
B10923	1337	1327	1094	845	920	698.0004
B10924	30	27	10	16	16	22
B10925	65	68	99	37	44	56
B10926	1079.33	1520.47	993	694	482	557
B10927	218	245	179	135	150	145
B10928	12	3	9	1	1	4
B10929	210	135	248	60	61	60
B1093	1979.999	1778	2045.995	1133.0018	1185.9969	1243.9985
B10930	105	140	183	26	25	50
B10931	1192	1163	901	660	729	792
B10932	399	515	486	223	322	272
B10933	142	134	175	9	14	14
B10934	50	31	45	36	12	18
B10935	159	116	261	74	64	75
B10936	56	34.00003	68.5153	20	14	43.61207
B10937	47	31	51.4847	16	18	19.3879
B10938	330.9999	417	673	149	234.9995	234.0001
B10939	75	61	69	55.99999	68	52.00003607
B1094	1677	1673	1767.997	774	924	985
B10940	131	145	192	107	93	81
B10941	58	62	68	58	68	52
B10942	0	0	0	3	0	0
B10943	7	1	10	6	1	7
B10944	1446	1540	1167	1607.999	1492	1419.996
B10945	77	76	91	39	48	66
B10946	2653	3188	2671	931	1048	1192
B10947	285	280	334	288	231	218
B10948	5	2	0	6	0	5
B10949	467	480	427	470	413	323
B1095	0	0	0	0	1	0
B10950	1666	1812	1408	1265	1500	1357
B10951	1329	1183	1524	949	808	737
B10952	22	14	22	12	7	5
B10953	902	779.999	732.0009	864.001	730	688
B10954	1743	1580	1455	1187	1316	1189
B10955	90	110	247	14	19	36
B10956	392	455	523	108	134	133
B10957	365.274	398	441	255	227	209
B10958	387	405	365	228	277	225
B10959	227	256	356	69	63	115
B1096	81	89	158	82	91	70
B10960	38	44	95	44	26	35
B10961	10	4	7	0	0	2
B10962	229	192	377	18	22	24
B10963	44	38	42	10	6	4
B10964	271.9995	394	384	333	305.9999	301.0003
B10965	555	554	397	625	627	451
B10966	74	118	145	65	72	77
B10967	334.9998	289.0003	266.0001	229.9996	207.00002	228.9998
B10968	4874.996	7438.001	4940	4844.003	5988	6021.004
B10969	2558	2688	3066	2257	1640	1869
B1097	171	121	151	82	108	128
B10970	1000	980	800	724	717	934
B10971	123.023	134	88	292	171.047	193
B10972	489	460	511	489	386	333
B10973	580	603	542	526	497	453
B10974	0	0	0	0	0	0
B10975	0	0	0	0	0	0
B10976	0	0	0	0	0	0
B10977	427	372	465	222	216	233
B10978	389	425	401	174	268.00029	258
B10979	587	629	677	615	639	470
B1098	323	232	313	129	191	192
B10980	1715.998	1661	697.9998	4595.001	2733.995	1757.997
B10981	143	189	131	95	84	133
B10982	228	256	246	141	173	189
B10983	1356	1306	1295	923	1001	871
B10984	464	517	577	351.0002	329.9998	336
B10985	1226	1280	1669.996	743	844	806
B10986	154	149	164	91	66	84
B10987	28419.7	29616.6	33434.5381	26111.7	22647.3284	24111.65943
B10988	272	212	174	402	260	240
B10989	5687	4644	2524	12629	10493	7371
B1099	15180.045	17083.956	9390.997	31095.04	27951.033	22451.988
B10990	16877.31	18545.26	22062.5	16504.05	14455.67	14234.24
B10991	384	409	319	448	468	353
B10992	1820	2079	1871	1226	1476	1498
B10993	160	151	160	45	51	34
B10994	162	123	156	86	68	61
B10995	149	301.027	170	54	110	56
B10996	9385.00238	12647.9896503442	18664.981984	2280.0003	2925.0037144	3473.0037
B10997	207	218	161	226	234	179
B10998	18	37	16	10	6	17
B10999	3826.0107	5179.578	5372.946	2521.2017	2992.438	2597.997
B11	1322	1735	1655	648	1048	947
B110	178	132	128	66	85	93
B1100	295	301	277	361	258	255
B11000	65	69	40	115	101	78
B11001	868.00004	902	792	788	925	661
B11002	37	29	18	9	20	10
B11003	703.999	695.001	767	446.0001	388.9999	443.0003
B11004	986	790	774	397	428	407
B11005	156	217.9995	235.00035	106	114	103
B11006	775	843	829	672	625	540
B11007	681	610	664	434	407	443
B11008	158	185	201	47	75	67
B11009	802	728	823	456	411	429.9998
B1101	416.9998	467.9998	446.0004	290.0004	326.9996	282.0004
B11010	1069	1206.002	968	1853.99874	1889.99773	2058
B11011	3536.999	3694.003	3504.9977	4837.006	3835.003	3509.003
B11012	884	1013	939	732	543	598
B11013	176	156	204	102	101	139
B11014	410.00011	307.9992	371.9995	299.9996	165	249.9998
B11015	2760	2777	1938	4732	3270	2585
B11016	203	243	175	147	151	128
B11017	249.9996	333	216.9999	237.9999	299.0004	220
B11018	644	582	618	226	339	441
B11019	1144	1506	1469	301	324	380
B1102	477.9997	518.0004	478	367.9997	345	344.000000129744
B11020	863	813	728	617	597	670
B11021	506	446	524.0003	147	160.0002	162.0002
B11022	391	390	388	179	199	226
B11023	188	192	187	161	140.274	165
B11024	1482	1586	1627	1015	880	934
B11025	730	854	939	428	431	482
B11026	311.0004	478	457	142	167	177.9998
B11027	342	417	458	208	272	184
B11028	2179	2845	3989.002	1136.9979	2008.9982	1814.9953
B11029	1016	1488	1753	342	488	641
B1103	210	201	173	83	139	91
B11030	2005.996753	1645.002	1557.00274877	1760.99529	2004	1893
B11031	304	276	370	201	173	215
B11032	206	201	220	40	30	52
B11033	919	1243	1334	540	734	706
B11034	461	511	532	160	142	230
B11035	173	263	241	110	161	86
B11036	869	1100	1022	675	843	729
B11037	989	1342	1070	620	750	664
B11038	9437	5624	4580	5841	7116	6695
B11039	103	132	197	99	129	118
B1104	387	277	258	312	353	335
B11040	137	130	123	76	110	51
B11041	358	504	576	193	233	282
B11042	2317	2674	2189	1263	1498	1526
B11043	982.9997	1145.0039	923.9996	713	612.9996	686.99951
B11044	1315	1373	1297	1138	1232	1071
B11045	1037	1304	1211	658	725	601
B11046	1459	1794	1821	1111	1164	1018
B11047	1687	1765	1733	1528	1419	1451
B11048	1009.9999	1116	1238	422.000220345	524	547
B11049	2587	3066	3040	1430	1788	1693
B1105	490	484	356	491	434	444
B11050	246	320	253	238	242	200
B11051	158	157	234	101	119	187
B11052	2888	4195	4017	1747.75	2044	2024
B11053	1009	670	870	86	154	193
B11054	481	447	559	340	285	334
B11055	432.877	391.475	482.318	331.202	337.246	315.1606
B11056	2007.997	1971.003	2051	2093.997	1547	1606.996
B11057	2349	2666	2356.0000435386	1226	1309	1371.000021281
B11058	1341.9987	1264	1002	775.0001	896	959
B11059	1088	851	713	528	651	774
B1106	12	11	17	1	7	2
B11060	237	261	331	104	114	153
B11061	709	658	462	627	773	700
B11062	43	12	47	9	4	14
B11063	4	0	0	0	1	1
B11064	0	0	0	0	0	0
B11065	1178	1029	1031	617	748	859
B11066	7966.997	7932.00074	6527.001	7109.995	6291.9969	5531.998
B11067	3314.005	3755.001	3697.993	1525	1697	1902.003
B11068	139	98	105	50	67	74
B11069	401	513	409	213	296	421
B1107	65	44	47	18	27	32
B11070	319	335	272	322	224	188
B11071	1757.996	1703	1304	2014.004	1941.999	1753.004
B11072	3656	4186	4432	3012	2683	2412
B11073	718	832	458	1421	1341	939
B11074	2038	1774	1538	1343	1358	1210
B11075	425	526	517	533	365	432
B11076	1133	1060	953	942	1009	742
B11077	199	157	86	227	187	146
B11078	226	245	197	317	198	211
B11079	867	854	1102	599	585	642
B1108	2625	2355.001	2470.003	1629	1983.001	1841
B11080	477	560	522	220	288	284
B11081	38	34	42	31	19	9
B11082	1906	1841	1829	1167	1251	1504
B11083	1742.997	1842.003	1869.996	1098	1153	998
B11084	119	121	141	67	84	60
B11085	1025	926	880	546	584	677
B11086	549	565	545	277.0005	245.9998	271
B11087	1951	1840	1499	1619	1838	1740
B11088	1433.996	1610.9985	1341.995	813	932.9996	987
B11089	514	477	461	176	179	161
B1109	773	720	774	509	510	541
B11090	952	1021	725	591	706	671
B11091	9	18	21	18	17	25
B11092	572	598	535	955	698	552
B11093	587	601	554	433	401	413
B11094	278	410	208	795	495	381
B11095	3672.003	3684.0026	2772.0024246	4278	3475.9991	2789.998913
B11096	1346	1223	1064	809	710	697
B11097	1801	1993	1592	1162	1370	1220
B11098	64	48	96	36	49	72
B11099	370	321	503	107	87	107
B111	195	149	76	49	75	81
B1110	375	431	408	220	239	307
B11100	706.9999	623.0001	532.9999	648.0005	598.0004	520.9997
B11101	729	692	532	495	458	441
B11102	100	60	83	53	54	33
B11103	432	315	349	231	201	252
B11104	4411	5607.47	4519.43	3574	3414	3525
B11105	1208.0004	1035.0002	1909.0002	411.99959	413.0007	649.9999
B11106	953	971	911	543	660	556
B11107	949	1130	1018.00000010293	475	588	697.000000051171
B11108	7	0	7	7	13	7
B11109	1532	1424	1057	764	803	902
B1111	3038	2504	1811.003	2120.998	2458.002	2524.004
B11110	360	402	442	216	283	194
B11111	1455	1453	1213	724	815	843
B11112	775	787	841	897	633	574.0001
B11113	125	114	175	86	118	122
B11114	1238	1111	1131	793	844	759
B11115	3334.002	3222.004	2625	2854.996	2978.002	2753.002277
B11116	21	6	16	6	3	7
B11117	1622.6971	1522.5447	1267.9994	1958.0004	1698.5699	1654.8383
B11118	915	948	739	1298	1519	1269
B11119	559	492	472	390	381	364
B1112	263.0003	242.9999	293	213.0003	180	152
B11120	128	156	159	149	114	108
B11121	1092	1023	1141	858	899.449	856
B11122	93	110	125	62	41	39
B11123	336	515	373	455	448	450
B11124	873	1049	985	568	758	717.597
B11125	1153	1158	1204	683	740	717
B11126	377	396	429	334	346	352
B11127	282	432	430	139	231	209
B11128	206	190	261	78	121	148
B11129	641	564	600	265	287	358
B1113	592	705.9998	758.9997	247.99995	300.00043	356.9999
B11130	1410	1389	1477	1244	1040	1058
B11131	1102	1237	1039	842	862	828
B11132	60	61	74	41	60	33
B11133	97	128	125	68	86	64
B11134	95	138	138	62	57	69
B11135	4010	4023	3846	2173	2194	2583
B11136	1167	1295	843	1167	1279	909
B11137	473	746	768	154	248	265
B11138	2968	3057.996	2757.999	1891.998	2061.002	2330.998
B11139	371	396	334	302	217	294
B1114	358	267	252	283	417	322
B11140	505	536	453	260	277	235
B11141	167	189	271	94	129	125
B11142	182	199	208	98	156	102
B11143	366	345	436	162	187	207
B11144	2152	2262	1883	1629	1623	1425
B11145	120	136	110	78	90	61
B11146	1463.9973	2021.001133334	1906.0011752	319.99977867	392.99974411	416.0000599
B11147	1818.996	1993.004	2140.003	1737	1683.004	1610.997
B11148	2601	2317	2218	1654	1660	1617
B11149	3197.997	2921.005	3040.004	2242.004	2057.996	2185.997
B1115	1	3	6	3	2	0
B11150	1421	1430	1165	921	898	910
B11151	593	632	561	365	416	404
B11152	142	183	137	45	67	44
B11153	307	252	264	148	120	144
B11154	29	46	68	16	9	25
B11155	463	382	375	269	258	215
B11156	0	5	0	0	0	0
B11157	254	141	200	60	147	69
B11158	306	350	356	207	253	210
B11159	110	138	94	89.3506	101.213	123
B1116	2510	2268	1918	1640	1563	1649
B11160	1514	1612	1134	787	985	958
B11161	665	470	276	652	619	593
B11162	991	1106	998	541	629	572
B11163	196	209	100	233	172	135
B11164	827	1201	1234	455.0002	623.0005	553
B11165	726	1267	1188	163	319	306
B11166	333	332	287	287	231	201
B11167	214	193	358.9996	9.0000045	19	24.99996
B11168	185	262	308	110	125	127
B11169	480	645	530	443	610	491
B1117	496	447	180.9998	263	217.0003	274
B11170	623	685	712	362	365	334
B11171	751.0003	908.000123	847.0003	441.9999	522.9997	487
B11172	816	745	903	325	363	371
B11173	652	749	1011	580	501	580
B11174	71	70	38	50	76	53
B11175	825	1046	543	1611	1148	916
B11176	369	400.9999	297.9997	993	814	661
B11177	941	1116	828	587	633	604
B11178	181	229	223	71	130	107
B11179	644	540	449	376	421	362
B1118	2291	2537	2737	1646	1598	1663
B11180	20	24	35	11	11	19
B11181	792.644	756.773	753.047	555.36	597.551	579.442
B11182	3	4	8	0	0	2
B11183	0	0	6	4	1	0
B11184	0	0	1	0	0	0
B11185	33	22	5	7	0	10
B11186	1	2	7	0	0	0
B11187	524	682	538	309	390	528
B11188	5829	6600	6027	3616	4736	5433
B11189	79	71	117	10	20	14
B1119	685	609	531	373	415	395
B11190	2771	3483	2692	1042	1469	1706
B11191	31	50	25	18	12	12
B11192	47	27	47	29	31	29
B11193	656	689	483	465	555	410
B11194	936.125	1104	904	660	670	568.702
B11195	1098	927	1212	766	797	603
B11196	1330	725	744	981	1008	862
B11197	1514.4	1386.67	1554.34	1299.46	1359.27	1124.58
B11198	15354.007	13653.003	11873.9964	6093.9951	8148.007	8385.9924
B11199	498.9998	455.00002	441	254.9997	321.9996	294
B112	727.9995	805	723.0005	379.0007	332	343.0004
B1120	883	808	711	614	618	624
B11200	833	681	655	680	704	680
B11201	178	175	187	133	161	94
B11202	50	38	26	52	31	37
B11203	111	78	92	141	76	103
B11204	77	135	108	63	60	61
B11205	24	54	28	64	56	45
B11206	98.2027	91.3996	74.1279	50	38.072	69.2492
B11207	684	803	809	328	482	534
B11208	394	391	372	337	362	315
B11209	674	981	1441	360	358	353
B1121	5130.213724	5425.2234768	5190.8302	2236.447	2077.9978849	2467.7650473
B11210	177	142	192	144	175	110
B11211	184	168	189	83	93	73
B11212	150	105	196	53	93	56
B11213	1767.003	1761.999	1465.00142012	797	1015	941
B11214	1448	1388.0002	1230.9994	999.00038	1096.0003	962
B11215	1015	902	914	441	547	545
B11216	1431	1449	1403	1113	1241	1170
B11217	98	120	138.0004	56	100	77
B11218	1992	1984	1690	2844	1919	2074
B11219	224.0003	156.0004	197.0005	117	91	89
B1122	295.0003	388.9997	329.9998	294	273.00046	250
B11220	269	297	296	131	177	204
B11221	477	533	497	219	262	242
B11222	222.0004	197.9999	175.9998	136.9997	126.00028	156.9998
B11223	307	238	340	124	71	76
B11224	515	638	672	390	446	346
B11225	1278	1159	1194	1010	1013	981
B11226	260	185	251	104	124	134
B11227	71	39	79	55	41	39
B11228	957	877	769	782	627	729
B11229	585	537	684	252	317	262
B1123	138.9997	171.0001	213.0004	31	52	54.00003
B11230	204	185	193	156	72	173
B11231	2	0	0	0	0	0
B11232	614	524	674	479	437	491
B11233	52	82	78	14	9	15
B11234	482	629	590	398	295	347
B11235	245	244	332	197	158	165
B11236	371	235	216	167	131	157
B11237	476	488	492	242	243	277
B11238	1043	1234	1323	667	751	726
B11239	4362.99978538392	4287.00009	4669.00266	2498.99998	2741.002253	3184.00311
B1124	429	181	156	222	293	233
B11240	1893	1950	1954	1176	1456	1475
B11241	1582	1574	1080	1057	1191	1208
B11242	137	124	166	105	101	78
B11243	39	62	58	25	45.99995	25
B11244	961.84	1255.9	1282	494	707	521.12
B11245	18	7	9	7	2	1
B11246	721.811	1070.01	932.613	404.999	611.591	544.302
B11247	1021	1136	1185	629	711	605
B11248	974.9999	763.99973638	648.00070465403	740.0001	753.9996	749.000685
B11249	582	811	732	297	394	409
B1125	389	321	307	246	215	196
B11250	785	781	850	441	402	355
B11251	105	112	95	54	46	64
B11252	1096	1110	1238	627	655	626
B11253	1340.004	1319.99746	1093.9997	894.9999	916	993.9998
B11254	0	0	0	0	0	0
B11255	636.907	707.727	692.136	395.7244	364.919	515.194
B11256	1406	1644	1062	2180	1998	1496
B11257	390	436	376	297	296	300
B11258	64	85	91	93	66	68
B11259	195	226	258	64	93	123
B1126	1654	1624	1498	1255	1551	1230
B11260	349	358	437	217	268	261
B11261	2151.997	2223.997	1326	2984.005	2357.998	1969.995
B11262	3168	3351	3356	424	507	662
B11263	316	324	223	383	290	225
B11264	802	649	632	758	683	555
B11265	364	453	470	204	308	299
B11266	102	137	139	65	66	101
B11267	0	0	0	0	0	0
B11268	0	0	0	0	0	0
B11269	0	0	0	0	0	0
B1127	13	20	1	14	8	13
B11270	30235.067	68286.65	35957.71	67667.87	37519.447	29511.499
B11271	1977.31	4854.42	2868.49	6236.68	2859.56	2316.17
B11272	253	242	281	210	189	220
B11273	78	46	50	69	49	61
B11274	215.405	196.601	207.005	100.594	81.8103	149.716
B11275	474	452	342	472	356	329
B11276	3551	2815	3515	1494	1620	1390
B11277	978	959	982	538	573	569
B11278	2129	2380	2515	1385	1295	1546
B11279	29	27	19	5	5	18
B1128	143	182	153	100	92	66
B11280	15	20	26	6	5	6
B11281	97	127	121	82	76	72
B11282	233.999874	203	313.000126895	116	131	147
B11283	41	50	74	28	25	44
B11284	310	383	363	137	111	129
B11285	43	108	76	4	15	10
B11286	17	23	28	3	2	8
B11287	152	183	270	82	114	127
B11288	269.944	279.988	263.752	138.829	181.322	147.628
B11289	568.056	514.012	483.248	313.171	325.678	338.372
B1129	610	729	652	276	266	367
B11290	5329.01	5752	5361.01	3726.007	3540.998	4134.002
B11291	726	689	829	459	342	399
B11292	607	728	574	404	415	387
B11293	38	36	38	15	13	16
B11294	41	18	53	8	4	1
B11295	4338	4314	3056	2080	2280	2988
B11296	199	206	195	168	162	108
B11297	85	85	55	25	33	38
B11298	227	241	347	112	167	114
B11299	2776	2741	2772	1567	1784	2013
B113	635	751	775	567	438.00014951	431
B1130	60	118	93	44	67	51
B11300	336	262	305	180	233	239
B11301	101	114	99	73	83	57
B11302	1506	1451	1287	896	1027	993
B11303	29	51	82	23	38	39
B11304	129	58	77	27	34	39
B11305	314	350	227	358	296	243
B11306	164	154	191	87	111	108
B11307	95	97	121	22	28	51
B11308	203	215	184	166	233	164
B11309	503	549	553	436	417	409
B1131	54	51	89	30	60	28
B11310	1125	1257	963	694	917	810
B11311	1111	778.915	678	2345	2548	2431
B11312	356.4561	327.13694	321.2261	274.7417	261.45	174.652186
B11313	552	931	733	129	35	219
B11314	313	338	305	87	130	152
B11315	35	60	69	8	34	97
B11316	0	0	0	0	0	0
B11317	553	590	519	404	388	400
B11318	0	0	0	0	5	0
B11319	1	1	2	0	1	0
B1132	285	321	363	129	153	157
B11320	6	2	1	0	0	0
B11321	48	45	69.0914	0	10	10
B11322	427	616	683.909	7	17	78
B11323	1433.82	1464.27	1185.58	1253.98	1176.45	1019.94
B11324	1181	1130	1399	938	864	812
B11325	46	52	63	34	20	8
B11326	1498.995	1608.997	1630.996	926	1000	915
B11327	28	26	8	27	3	7
B11328	522	436	588	227	312	263
B11329	120	167	208	59	68	72
B1133	710	805	581	298	410	378
B11330	2803.004	3155.004	2100.004	1996.002	1886.004	2203.002
B11331	120	126	79	68	68	76
B11332	890	831	853	655	709	689
B11333	402.0002	394	610	345.9999	360.9998	257.9999
B11334	14	38	18	12	24	11
B11335	158	157	142	117	70	108.657
B11336	4008.401	3936.983	6019.839	2176.089	2506.439	2892.005
B11337	0	0	0	0	0	0
B11338	19	6	11	9	29	8
B11339	117.103	125.283	169.727	51.0025	78.2451	107.858
B1134	206.0003	278	245	156	167.0003	185.9997
B11340	778.74126228	1835.03801814644	1709.17449641	1630.083329296	907.53886001515	834.9988
B11341	0	0	0.157912	0	0	10.4783
B11342	59.57529	49.6452	55.4859	27.7429	5.757529	26.2828
B11343	15.4691	18.0908	70.3482	19.4227	55.0488	42.4423
B11344	167	165	180	210	200	151
B11345	10	0	4	0	0	0
B11346	330	364	491	394	304	371
B11347	70.00001	49	72	92	123	129
B11348	213	156	128	149	77	61
B11349	11933.992	17072.975	16491.962	6133.002	7094.996	7257.005
B1135	14	33	25	13	4	10
B11350	921	1035	942	572	627	602
B11351	374	350	465	232	251	189
B11352	1944	2552	2482	1225	1532	1313
B11353	4	11	5	4	2	2
B11354	141	137	137	457	288	232
B11355	3302	3597	1855	8183	6599	5216
B11356	110	89	170	23	45	27
B11357	396.0005	470.0004	429.0001	399.0001	323.0001	374.9995
B11358	294	278	256	231	234	189
B11359	265	218	312	80	116	135
B1136	358	339	267	426	456	413
B11360	380	497	331	249	252	316
B11361	2384	2620	2279	1095	1124	1435
B11362	2852	2861	2098	1822	1851	1885
B11363	1	12	14	0	0	0
B11364	61	61	40	47	50	62
B11365	3038	2987	2623.005	2036.001	1980.997	2247.004
B11366	824	645	607	375	493	500
B11367	317.761	400.625	401.122	161.964	189.083	128.425
B11368	469.085	603.499	586.086	323.904	329.491	404.253
B11369	6135	7454.001	5663.004	3127.999	4005.002	3532.999
B1137	871	910	634	748	570	513
B11370	244	208	145	159	166	146
B11371	1330	1391	1576	1024	1028	968
B11372	320	363	271	406	274	355
B11373	8530	10365	9974	2952	5207	5797
B11374	928	841.9999	797.0005	509	593.9997	667
B11375	78.7836	80.3846	83.5837	57.3472	65.16688	75.3638
B11376	231	216	202	150	120	163
B11377	312	507	351	252	256	247
B11378	323	287	284	118	186	205
B11379	1690.9999	1592.9959	1723.997	1326.002	1183.00282405	1165
B1138	375	349	272	181	185	213
B11380	1574.8335	1743.1258	1230.8931	1747.265	1982.1066	1436.2883
B11381	864	868	1066	702	719	515
B11382	274	333	283	288	324	344
B11383	2913.1	3463.42	3937.39	1847.741	2543.3	2276.027
B11384	502.85	468.994	422.84	366.514	368.268	274.002
B11385	79	127.999992	102	59	71.00000525628	55
B11386	265	335	203	177	170	156
B11387	397	433	540	544	641	368
B11388	34	63	71	32	32	41
B11389	126	93.00001	138.99969	69	66.00005	90.00003
B1139	3554	3259	3315	2506	2698	2230
B11390	59	72	88	23	20	46
B11391	536.00025	606.99959	603.0004	317.99992	379.0005	369.9998
B11392	21.6723	17.8908	56	2.66551e-08	22.8908	8.67227
B11393	203	132	182	220	176	163
B11394	1508	1592	1527	425.999716214	421	495
B11395	127	159	118	76	79	47
B11396	251.9996	282.9998	246.9995	244.9995	201	234.9997
B11397	333	337	498	64	79	96
B11398	2647	3060	2817	1379	1590	1493
B11399	1132	1231.002	1301.001	691.9998	673.3504	672
B114	235	177	188	202	170	160
B1140	2	0	10	0	0	1
B11400	333	253	215	338	340	267
B11401	0	0	0	0	0	0
B11402	0	0	0	0	0	0
B11403	459	378	457	167	202	228
B11404	205	161	152	184	145	170
B11405	93	95	70	34	24	57
B11406	393	282	120	492	541	423
B11407	280	200	447	119	115	172
B11408	316	352	174	381	416	290
B11409	113	122	115	71	68	50
B1141	580	759	913	119	93	168
B11410	118	129	211	77	60	114
B11411	24	16	41	11	10	33
B11412	22	11	14	0	5	6
B11413	46	62	87	50.4812	37	39
B11414	1642.5	1488	1234	1323	1351.56	1223.5
B11415	2414.9978	2417.99827	1885.9956	1267.00486	1525	1707.99541
B11416	245	281	304	22	44	58
B11417	239	194	680	28	41	58
B11418	792	754	2180	97	205	222
B11419	691	934	1177	205	219	443
B1142	205	231	195	245	260	247
B11420	350	326	314	304	362	322
B11421	370	326	386	349	302	316
B11422	33	59	48	33	33	50
B11423	634	577.0001	412	802	601.9999	551.99995
B11424	347	231	274	358	268	192
B11425	320.9408	280.864	279.0556	139.8181	125.6173	191.3321
B11426	315	348	188	662	521	414
B11427	381	381	380	207	264	212
B11428	594	692	728	293	284	387
B11429	3748	4222	3341	2574	2518	3342
B1143	469	529	585	231	306	307
B11430	62	87	67	42	43	29
B11431	594	707	446	349	411	494
B11432	1186	935	843	666	798	847
B11433	9	9	28	6	22	3
B11434	432	457	416	328	230	281
B11435	1747	1858	1528	685	687	731
B11436	528	436	426	429	408	267
B11437	203	191	231	108	129	129
B11438	387	502	550	277	409	346
B11439	70	55	46.99999	65	73	88
B1144	8	4	8	10	5	6
B11440	194	246	305	140	147	147
B11441	394	290	240	291	358	291
B11442	1297	1480	1477	726	711	838
B11443	1910.002	1749	1416	1288	1284	1321
B11444	387	433	436	220	240	295
B11445	4	34	30	10	8	1
B11446	151	150	152	56	60	63
B11447	574	792	1073	278	305	356
B11448	137	101	77	126	68	81
B11449	1742	2050	2022	925	1000	1291
B1145	420	567	428	516	509	472
B11450	167	167	173	102	59	83
B11451	417	470	413	316	278	294
B11452	433.799	447.21	391	346.089	292.038	288.318
B11453	629	668	616	305	305	314
B11454	1743	2171	2033	474	695	848
B11455	781	761	754	564	648	534.0005
B11456	941	1146	935	579	797	627
B11457	702.579	660.48500128787	285.176	2220.77	2027.294	1416.491
B11458	54	164	31	201	113	86
B11459	123	109	157	98	116	110
B1146	20071	18455.001	14851.999	23977.0065342793	23800.0086	26169.9602881468
B11460	1436.79	1430.0565	1185.9172	566.1	666.2914	783.055
B11461	885.402	835.0000950471	630.107	507.0003	643.00047	654.0005
B11462	919	909	905	861	893	658
B11463	307	469	447	265	289	252
B11464	159.896	89.0864	157.349	48	39	66
B11465	4.10365	25.9136	13.6506	0	0	0
B11466	947	1054	824	438	451	451
B11467	7882	11885	9000	4202	6489	6273
B11468	299	281	376	220	249	188
B11469	2152.995	4004	2767	974	1530.00021771	1493
B1147	26	26	27	10	9	15
B11470	759	832	737	542	553	520
B11471	244.582	241.018	334.796	347.691	289.452	311.451
B11472	264.000160135004	242.0005	224.0001	253.9999	241.00046	216.0001
B11473	151	90	85	68	62	49
B11474	575	700	731	415	404	494
B11475	1783	2058	1779	1084	1152	1273
B11476	72	16	52.00002	49.99999	31.00005	19.9999518
B11477	90	30	34	23	23	31
B11478	13	13	6	0	0	3
B11479	343	300	359	284	375	243
B1148	218	242	178	250	286	266
B11480	147	117	249	25	34	36
B11481	185	177	181	145	146	128
B11482	271	170	240	74	45	53
B11483	2379	2186	1812	1849	1934	1781
B11484	2342	2569	2249	1373	1548	1471
B11485	2730	3251	3687	1436	1365	1639
B11486	618	701	659	352	636	667
B11487	488	588	535	446	522	553
B11488	681723.5858	627855.320000138	589901.06	523868.75	632546.98	689088.31001826
B11489	1007.00439494	1175	1007	430	696	659
B1149	227	195.9997	221.00011	164	90	149
B11490	1537	1685	1306	965	1012	1139
B11491	51	54	87	69	77	68
B11492	272	220	253.136	139.077	140	149
B11493	1712.0042	1348.00000096304	1438.0009	1166.997664	1269	1198.0043
B11494	450.9998	363.9996	375	247.9996	291	304.0001
B11495	0	0	0	0	0	0
B11496	548.4658	506.8606	687	379	374	426
B11497	881	953	934	516	474	452
B11498	317	258	337	183	179	147
B11499	582	927	785	129	280	259
B115	22	28	48	10	16	14
B1150	695	717	764	420	392	470
B11500	1082	600	456	818	916	623
B11501	241	260	251	119	159	119
B11502	2464	2506	2979	2016	2009	2118
B11503	42	37	92	9	19	11
B11504	1666	1529	1476	1109	1219	1258
B11505	572.0004	416	530.0001	321.0004	417.9998	351.99999
B11506	2509	3486	3443	1331	1948	1729
B11507	3394	4699	4629	2363	2745	2390
B11508	1682	1466	1129	910	824	991
B11509	1597.99582	1635.9999	1470	963	958.00019	1079
B1151	1198	845	761	383	480	475
B11510	2164.004	2111.995	2092.001	2435.001	2054.998	2088.003
B11511	97	77	91	87	71	43
B11512	1	2	0	0	3	0
B11513	1337	1182	1037	572	772	714
B11514	217	213	179	177	204	211
B11515	217.9999	313	244	106.99955	153.0005	153.0004
B11516	267	448	600	93	42	126
B11517	1832	1677	1257	2929	2565	1980
B11518	6	8	12	4	3	9
B11519	811	712	722	542	519	519
B1152	34	172.05	186	15	45	30
B11520	419	414	593	198	252	296
B11521	132	108	135	64	65	73
B11522	1793	1959	1726	1551	1658	1321
B11523	1664.997	1401.995	1033	1968.002	1884.0005	1758.995
B11524	237	235	274	149	199	148
B11525	2437	2422	2293	1299	1211	1410
B11526	281	313	292	177	213	187
B11527	78	27	71	19	45	56
B11528	2396	2322	2003	1533	1601	1664
B11529	45	28	55	35	40	26
B1153	647	570.355	576.256	844.136	905.734	854
B11530	19	36	43	63	14	38
B11531	89	60	116	21	56	56
B11532	995	901	1129	534	445	511
B11533	204	134	207	183	172	158
B11534	810	787	661	534	529	506
B11535	5986	6367	7568	4397	6067	7057
B11536	190	224	258	220	131	125
B11537	445	512	278	855	741	584
B11538	228.0001	227	269.99984	157.9996	112	138
B11539	424	505	529	194	289	295
B1154	1739	2246	2183	1252	1318	1314
B11540	4	17	12	8	1	7
B11541	529	509	389	280	347	305
B11542	1388	1679	1451	975	916	1024
B11543	929	1247	1007	1302	1256	1070
B11544	1013	1337	1063	1126	950	1012
B11545	48	34	78	32	50	28
B11546	311	304	318	173	159	220
B11547	1049	832	866	1219	1102	836
B11548	472	541	461	486	519	460.083
B11549	145	143	157	128	110	165
B1155	514	648	711	279	324	290
B11550	464	463	324	1428.253	956.469	649.7559
B11551	4366	4757.00185	4232	2803	2819	2727.000240732
B11552	289	262	269	93	172	143
B11553	291	305	310	179	179	162
B11554	13	15	34	5	1	12
B11555	388	352	392	329	316	248
B11556	740.033	751.368	846.537	388.102	353.743	327.801
B11557	367.062	277	579	87	122	112
B11558	307	285	347	350	220	235
B11559	184	186	159	384	196	143
B1156	216	179	256	83	144	173
B11560	490	687	512	528	482	548
B11561	1308	1743.996	2206.998	569	858	871
B11562	68.2625	31.9044	28.1512	27.7083	62.003	55.7131
B11563	3239	3120	2621	2367	2590	2254
B11564	85	72	81	17	40.99996	74
B11565	149	186.0002	169	92	143	93
B11566	3174.0018	3248.0024	3567.99533	1497.9993	901.9996	1100
B11567	1757	1998	1795	1304	1179	1187
B11568	1606	1712	1370	1116	1010	1081
B11569	452	481	497	208.0002	221.9996	309.9999
B1157	884	1117	1318	521	679	518
B11570	1264	1433	1397	434	602	815
B11571	672	624	532	476	453	503
B11572	244	401	406	147	239	217
B11573	776	908	1152	664	778	787
B11574	691	729	798	594	459	373
B11575	597	695	645	581	538	481
B11576	312	323	410	203	208	248
B11577	1595	1636	1419	865	976	897
B11578	37	72	128	56	45	80
B11579	1026	1069	1153	606	574	728
B1158	1099	960	1478	376	377	549
B11580	230.218	144.12	185.131	95.0158	133.452	120.488
B11581	303.09	203.679	331.938	219.984	166.166	232.503
B11582	189	227	213	174	173	144
B11583	255	267	317	142	116	158
B11584	6152	8101	6161	5351	5573	6600
B11585	734	1065	1402	51	72	223
B11586	0	0	0	0	0	0
B11587	4833.003	6643	4276.0022	5298	7902	7540
B11588	2720	2270	1883	1862	1716	1769
B11589	24983	15542	14872	23644	24728	22788
B1159	349	469	486	238	285	234
B11590	774	767	732	612.9996	606	504.0001
B11591	873	1061	587.9999	2178.001	2088.0014	1734.0026
B11592	2752.18	3383.99	3054.48	2050	2186	1999
B11593	1029	939	757	641	762	688
B11594	153.0003	282	269.9996	115.9996	140	158.9999
B11595	1984	2136	2160	1035	1222	1363
B11596	3745	5110.1	5750	2670	3274.57	3129
B11597	199	301	300	209	311	175
B11598	54	85	110	71	86	58
B11599	416	408	367	237	249	317
B116	396	398	440	266	267	263
B1160	104	112	111	66	101	97
B11600	1374	1472	1409	1352	1047	1022
B11601	631	846	859	40	35	47
B11602	58	46	61	20	68	32
B11603	55	66	80	18	22	43
B11604	3555	3590	3407	3188	2517	2753
B11605	97	111	88	172	112	128
B11606	68	87	105	94	98	112
B11607	523	465	514	342	308	336
B11608	946	960	905	871	622	711
B11609	431	383	409	242	298	262
B1161	850	885	727	590	481	633
B11610	308	319	326	281	291	284
B11611	771	453	427	744	745	611
B11612	3254.999	3170.005	1691	4367	3423	3005.996
B11613	235	300	293	85	127	156
B11614	713	771	888	436	391	461
B11615	128	112	112	26	48	60
B11616	810	810	810	489	567	592
B11617	1388	1449	1240	922	868	967
B11618	319.9995	455	498	239.0001	259.0005	369.0004
B11619	405	376	379	223	250	191
B1162	301	524	533	556	560	788
B11620	10594	12168	13160	3992	4972	5171
B11621	215.0001	271.0003	283.0002	88	153.0005	155.0001
B11622	522	497	542	428	402	335
B11623	743	691	625	481.9999	532	406.0001
B11624	117	112	95	96	51	81
B11625	48	66	69	21	7	17
B11626	144	182	146	140	155	104
B11627	327	368.0004	379.0001	110	121	150.999916
B11628	495	624	703	233	309	299
B11629	548	533	516	288	211	308
B1163	111	100	78	117	113	77
B11630	296	376	351	149	178	172
B11631	620	637	880	392	325	373
B11632	1272	1315	1906	822	892	874
B11633	98	138	106	77	77	63
B11634	602	630	615	497	594	433
B11635	1247	1224	1000	1225	1011	1048
B11636	171	230	217	273	227	202
B11637	818.0004	873	725.00016765	712	678	622
B11638	327	325	308	292	298	244
B11639	2832	3033	2797	2074	2332	2559
B1164	1034	1413	1321	699	897	813
B11640	1262.998	1358.002	1415.9992	1262	1131	1257.998
B11641	339.718	347.304	288	228.728	165.391	194.419
B11642	464	486	541	334	316.0004	274
B11643	458	538	531	401	406	370
B11644	10	23	7	23	15	13
B11645	194	290	219	142	158	172
B11646	521	621	598	355	355	351
B11647	167	128	146	66	93	68
B11648	1047	883	553	1137	904	730
B11649	270	232	258	141	181	177
B1165	203	242	140	333	391	318
B11650	202	175	208	220	190	177
B11651	140	264	147	135	116	145
B11652	261	479	349	348	180	171
B11653	339	415	331	243	289	246
B11654	494	586	548	439	461	438
B11655	7822	7886	5823	2545	3628	3892
B11656	668	659	699	331	370	387
B11657	1532.999	1520.999	986	661	839	896
B11658	246.659	202.528	182.308	184.767	212.652	174.248
B11659	566.341	719.472	664.692	512.233	566.348	555.752
B1166	185	170	133	334	322	191
B11660	40440.96448	37537.06455	31314.97191	49119.02947	48737.993	41580.99333
B11661	645	746	607	720	686	643
B11662	861	1375	1032	2257	2267.002	2388.996
B11663	7245	7854	6383	3978	5159	5590
B11664	192	196	232	169	155	153
B11665	1194	1060	905	847	894	962
B11666	527	589	623	436	430	433
B11667	760	703	491	390	426	492
B11668	1790.005	1859.998	1631.001	1593.995	1138	1287.002
B11669	94	71	72	66	56	85
B1167	2996	3547.0044	2448.9957	6291.9953	5383.9989	3668
B11670	226	290	252	152	173	168
B11671	166	148	164	109	123	92
B11672	333.791	334	361	105	141	132
B11673	191	170	130	138	173	150
B11674	554	570	690	303	330.9995	365.9999
B11675	0	0	0	0	0	0
B11676	1430	1509	1091	1175	1141	1171
B11677	526	530	503	287	341	336
B11678	225.9999	262.9995	315.9999	72	102	100
B11679	678	673	418	1209	1110	731
B1168	108	140	122	60	83	69
B11680	644	549	815.498	354.8137	383.000251665	300
B11681	63	59	138.502	19.1867	30	33
B11682	123	211	258	71	96	68
B11683	353	349	360	337	346	315
B11684	2113	2280	2122	1349	1489	1384
B11685	386	354	376	184	216	230
B11686	198	157	200	247	221	191
B11687	1936	1976	1991	1526	1588	1647
B11688	699	586	587	538	453	458
B11689	1384	1239	1189	950	861	1122
B1169	34	48	46	19	26	29
B11690	92	58	108	60	61	67
B11691	3405	3718	3582	3103	3050	3190
B11692	5700.9988	6449.0029	3484.00037	7069.999	6984.0007	6107.9995
B11693	20432.017	16914	16406.04	11957.996	12667	13038.993
B11694	134	134	171	42	67	56
B11695	4296	4189	4639	6429	5387	3981
B11696	526	581	662	291.9991	276	422
B11697	270	266	378	120	185	179
B11698	2151.0028	2391.004	3267.000694	1293.9977	1263.0018	1372.0019
B11699	805	812	929	581	562	638
B117	529.657	374.603	441.438	247.163	310.389	204.139
B1170	723	632	637	273	367	508
B11700	14	16	38	12	10	7
B11701	69	121	145	43	32	52
B11702	1813.001	1839.9975	2022.9997	913.9997	966	998
B11703	144	179	239	79	107	90
B11704	1843	1677.46	1303	1420	1486	1372
B11705	1038	884	963	729	676	620
B11706	42	59	84	10	18	18
B11707	479	598	716	151	181	181
B11708	45.00003	19	26	22	12	11
B11709	7235	8989	4025	20529	15554	10545
B1171	2573	2540	2419	2186	2262	2002
B11710	878	808	1063	320	387	372
B11711	658.148	659	686	496.06	552.696	537
B11712	85	73	139	41	72	52
B11713	489.138	400.071	506.395	344	367	382
B11714	382	420	322	141	175	219
B11715	616	744	592	501	443	473
B11716	894	964	1212	520	595	603
B11717	837	919	665	388	423	419
B11718	418.0005	408.0002	404	220.0001	285	196.9997
B11719	1138.002	930.9995	1112.00000009063	590	617.0001	647.9997
B1172	151	165	199	88	101	144
B11720	282	287.9994	283.00048	235.0000303019	196.0003	223.0001
B11721	501	446.99991	431.99951	445	368	374
B11722	100	106	73	120	141	91
B11723	2219	2104	2605	194	200	272
B11724	1281.996	1404.004	1713.9962	493.9999	492	647
B11725	424	473	429	509	449	355
B11726	1558	1627.005	1476	735	822	948
B11727	106	91	52	58	69	115
B11728	540	644	506	572	522	469
B11729	405.9995	474	437.99951	242	247	225
B1173	636	721	771	307	405	515
B11730	2336	2394	1685	1314	1471	1776
B11731	102	124	164	66	53	73
B11732	39	80.99999	73	23	24	59
B11733	1073.9952	1118	1171	626	835	831
B11734	155	202	116	270	229	145
B11735	782	699	711	1278	1027	786
B11736	305	264	459	147	154	177
B11737	167	146	138	57	49	78
B11738	1002	923	817	1262	1258	1070
B11739	183	257	261	180	203	170
B1174	317	234	265.0004	131	158	194.9998
B11740	145	144	132	80	96	93
B11741	2071	2022	1646	1107	1281	1425
B11742	59	48	60	15	20	39
B11743	83	54	78	14	21	25
B11744	2766	3651	3333	3533	3511.9954	3160
B11745	29	22	24	45	39	33
B11746	677	761	680	737	579	620
B11747	2019	2351	2389	1572	1678	1486
B11748	1908	1937	1473	1212	1281	1323
B11749	197	230	138	159	172	115
B1175	227	253	252	156	168	174
B11750	215	224	177	231	232	175
B11751	36	34	60	29	23	33
B11752	499	561	523	480	402	433
B11753	547	658.167	575	746	790.139	678
B11754	344	387	235	519	291	332
B11755	234	284	164	201	241	188
B11756	439	575	528	309	388	359
B11757	1979	2025	1605	2118	1897	1846
B11758	16	52	68	27	17	11
B11759	62	78	108	53	23	21
B1176	311	335	303.99989	207	265	249
B11760	1319	1279.996	1254	1089	1052	909.0004
B11761	958	974	1010	837	739	690
B11762	74	96	92	17	58	37
B11763	68	117	100	23	43	43
B11764	611	681	671	302	330	486
B11765	616.0003	612.0001	616.0002	485.99967	579	447.00023
B11766	488	305	337	277	281	277
B11767	690	771	478	453	563	641
B11768	343	313	445	89	116	118
B11769	21	42	16	27	27	13
B1177	126	187	108	281	274	224
B11770	745	613	625	894	737	595
B11771	209	167	209	81	70	41
B11772	115	93	93	53	48	45
B11773	37.6101	51.3568	41.4036	21.9905	67.5303	46.8957
B11774	5854.15	11317.8	7564.92	9458.81	4777.99	4604.44
B11775	6.28955	30.4692	20.4323	18.1596	23.285	6.4289
B11776	34.35935	53.0415	28.69267	65.4544	15.2343	0
B11777	557.504	612.797	508.487	356.1799	323.245	300.182
B11778	31.0984	61.0123	55.624	20.2373	32.1318	26.8689
B11779	104.496	126.237	165.426	36.1043	61.7557	67.8184
B1178	174	127	176	65	74	76
B11780	173	266	260.9998	177.0005	94	181.0004
B11781	837.38312707	1008.44944	1371.0503	601.176	625.60784	775.3426
B11782	0	0	0.424001	0	0	0
B11783	119	150.702	56.583	43.2031	52	35.0531
B11784	65	134	72	107	54	59
B11785	212	294.298	236.417	170.797	181	165.947
B11786	115	80	84	84	55	37
B11787	2949	2728	2388	3048.88	2898	2366.66
B11788	115	130	103	151.116	178	138.338
B11789	215	138	138	151	152	130
B1179	40	69	68	34	19	52
B11790	1593	1677	1938	1405	1359	1329
B11791	110.99976	128	177.0001	116	121	132.99957
B11792	124.9995	79	96.00003	63	58	45
B11793	201.0001	173.9998	301.9995	81	73	81
B11794	156	131	191	57	45	77
B11795	531	594	653	359	436	393
B11796	409	302	429	397	315	379
B11797	27	32	33	68	28	36
B11798	148	181	155	81	48	70
B11799	56	43	60	15	7	4
B118	1452	1337	1343	710	743	772
B1180	5	13	19	5	6	12
B11800	155	215	218	131	71	125
B11801	632	688	673	381	431	527
B11802	568	518	526	303	283	319
B11803	172	189	160	141	173	136
B11804	111	108	126	64	80	73
B11805	127	102	91	30	26	41
B11806	1196	1313	1265	779	982	924
B11807	195	190	206	81	91	64
B11808	142	119	326	255	321	288
B11809	1580	1588	1334	1315	1289	1296
B1181	318.9998	281	261	345	274.9995	152
B11810	2003	2097	1314	2787	2376	2270
B11811	19	32	4	14	17	9
B11812	1275.14	1277.04	1682.16	919.24	1140.14	975.202
B11813	110617.18	111920.422	90821.158	52801.01	73255.857	82632.075
B11814	174.67899	103.02904	202.88355	198.9939	215.12442	132.8896
B11815	297	241	228	133	187	193
B11816	39.0354	50.4973	60.6467	36.1386	36.3137	37.9857
B11817	1280	1639	1395	596	941	1111
B11818	106.0000354031	84	89	22	61	96
B11819	27444.97174	23938.035	17621.965	54005.04	42531.046	27909.954
B1182	119	200	259	278	271	306
B11820	5956	6600	6020	4180	4370	4480
B11821	775	1136	966	1236	1177	1108
B11822	44	42	39	65	27	21
B11823	574	500	492	497	410	334
B11824	417.124	503.062	570.642	188.087	142.647	219.444
B11825	683.876	505.938	714.358	425.913	319.353	379.556
B11826	778	809	901	662	792	597
B11827	131	141	217	61	76	76
B11828	1058.9998	1058.9993	987.9997	656.0007	732	741.9997
B11829	475	498	510	329	407	372
B1183	251	202	88	381	227	195
B11830	92	111	113	38	41	52
B11831	512	672	703	366.0003	255.9999	267.9999
B11832	522	529	459	466	499	488
B11833	409	443	499	227	183	292
B11834	19	21	31	19	34	12
B11835	4	6	2	4	0	3
B11836	283	231	186	514	427	315
B11837	943.9998	743.9994	930.0001	808.0007	723.0007	730.0002
B11838	1493.005	1607.001	1050.9998	2557.003	1978.003	1338.004
B11839	9	25	5	19	13	8
B1184	205.0003	271	193.9997	104	91	137
B11840	125.9999	106	119.0005	110	167.0005	105
B11841	0	4	5	4	0	5
B11842	398	420	342	502	338	320
B11843	1274	1204	881	501	574	789
B11844	1928	2341	2633	2071	2369	2239
B11845	170	166	203	95	86	77
B11846	854	892	1229	643	645	534
B11847	2	2	5	0	0	0
B11848	190	258	145	253	183	121
B11849	394.363	476.431	440.141	218.067	194.023	212
B1185	1139	1011	937	471	602	554
B11850	369	336	176	262	294	339
B11851	80	108	99	77	68	45
B11852	560.00003	610.00025579	549	420.00027	361	361
B11853	316	265	232	208	210	270
B11854	21	82	35	3	7	9
B11855	551	939	1078	45	41	42
B11856	1975	3053	3349	494	989	755
B11857	173.093	138.763	164.148	76	74.2859	84.346
B11858	2756	3007	2330	1933	1981	2194
B11859	6	18	25	5	6	1
B1186	82	86	57	78	56	55
B11860	74	63	40	95	114	80
B11861	619.9995	678	704	293.9996	400.0005	395.0004
B11862	124	103	130	36	37	62
B11863	2422	2589	2416	1681	1672	1766
B11864	166	155	156	128	119	81
B11865	114	93	101	37	67	44
B11866	84	119	124	51	62	34
B11867	17	17	23	14	23	20
B11868	202	200	176	125.859	190.315	156.937
B11869	336	292	371	279	239	194
B1187	117	145	174	27	44	54
B11870	6589	8040	6485	5715	7670	8505
B11871	450	510	454	233	331	354
B11872	1056	979	870	1100	1167	1100
B11873	321	317	227	504	471	384
B11874	3107	2858	2742	2458	2909	2798
B11875	661	552	561	489	575	481
B11876	354	299	447	157	131	148
B11877	695	911	741	463	501.0002	560
B11878	446	496	545	240	276	277
B11879	286	252	251	151	173	194
B1188	23	39	33	22	25	23
B11880	2149	2039	1870	2797	1958	1777
B11881	1796	2694	2560	819	1226	1069
B11882	436	559	496	493	480	439
B11883	224	148	158	107.25	68	139
B11884	646	689	833	480	440	521
B11885	1581	2235.75	2203	973	1223	1129
B11886	337	366	324	477	359	336
B11887	1335	1548	989	2005	1700	1392
B11888	1135	1132	1431	670	796	839
B11889	2002	2036	2476	1079	1268	1205
B1189	74	40	89	74	47	55
B11890	488	590	473	434	440	370
B11891	418	477	519	589	737	571
B11892	12930	14816	8878	14322	13413	15298
B11893	664	597	387	522	500	427
B11894	1427	1441	1582	729	760	953
B11895	136	184	250	38	91	80
B11896	506	475	381	293	275	333
B11897	9.28503	0	0.914617	11.1611	1.64048	30.0266
B11898	62.5218	23.9256	54.9184	30.765	9.11299	64.7767
B11899	42	33	37	16.00003	15	16.00003
B119	57.4501	81.9507	132.142	27.8105	51.5761	75.0344
B1190	109	76	112	86	98	81
B11900	505	741	548	374	626	529
B11901	179	203	165	226	168	116
B11902	1319	1503	1131	872	885	1038
B11903	1433.001	1402.996	1109	1400.004	1453.002	1281.001
B11904	428	466	485	301	327	411
B11905	224	277	207	313	245	162
B11906	721	604	681	440	374	459
B11907	4576	5447	4835	2398	2771	3091
B11908	10	5	11	0	0	0
B11909	217.0002	246.9996	747	22.99999	49	92
B1191	66	100	79	23	25	35
B11910	368	412	356	196	283	235
B11911	1250	1610	1410	797	794	849
B11912	122	129	152	124	68	152
B11913	1122	1214	1270	1006	1015	1036
B11914	2287	1941	1705	1598	1728	1738
B11915	555	508	558	291	314	272
B11916	547	589	510	434	479	437
B11917	841	916	859	421	445	432
B11918	492	480	514	187	312	243
B11919	603	751.0002	718.9999	366	365.9999562296	368
B1192	4504.9993	4633.9954	5208.00261	3394.9962	3395.0033	3207.99569
B11920	789	794	813	624	490	503
B11921	770.0002	634.00006	742.9996	403	491.9997	377.9999
B11922	1540	1710	1388	1200	1365	1205
B11923	483	539	512.9998	292	311.99963	375.00009
B11924	115	96	80	52	42	64
B11925	411	370	312	225	241	223
B11926	317	310	378	187	227	215
B11927	1952	2436	2353	1291	1342	1154
B11928	2103.997	2089.003	1998.003	1622	1760	1525
B11929	156	117	112	158	94	44
B1193	217	325	153	145	236	149
B11930	530.9999	516	523	454.0002	440.0003	466.0004
B11931	117	102	136	11	6	5
B11932	222	113	187	60	56	111
B11933	6027	5370	4480	3343	3862	4010
B11934	356	396	327	327	243	291
B11935	464	566	551	348	323	358
B11936	61	52	109	22	23	23
B11937	364.9999	563.00012	476	369	338	393
B11938	1710	1599	1496	714	815	775
B11939	1047	970	1037	573	586	583.9999
B1194	818.215	999.327	1396.73	610.868	541.822	524.644
B11940	1104	1383.004	1331	517	718	711
B11941	27	22	33	2	13	7
B11942	239	263	250	100	163	118
B11943	768.407	748.338	675.429	414.139	465.178	495.103
B11944	1541	1567	1635	957	803	793
B11945	783	717	772	536	510	485
B11946	1060.0002	1028	1055.0003	840.0003	773.0007	771.99990520611
B11947	400.391	419	399.9023	286.557	258.4931	310
B11948	439.9999	556.9996	583	339.0002	420	384.0001
B11949	538	523	672	454	444	402
B1195	696	633	602	505	520	496
B11950	339	279	249	293	270	223
B11951	520	415	438	299.0001	270.9999	308.0001
B11952	676	703	686	483	505	576
B11953	164	204	194.9997	182	202.0004	126
B11954	161	192	167	192	194.519	136
B11955	150	195	169	118	128	124
B11956	2	5	0	3	0	0
B11957	369.6886	347.4865	452.117	91.601	122.3632	109.7194
B11958	546.59	535.024	583.848	350.731	357.461	337.172
B11959	557.338	682.965	903.254	377.344	395.287	476.531
B1196	184	185	167	106	138	156
B11960	728.336	649.978	503.751	382.17	485.633	422.982
B11961	327.754	365.563	400.981	149.903	231.01	193.01
B11962	653.667	636.273	615.58	280.747	341.92	334.828
B11963	557	449	310	154	235	220
B11964	217.169	268.111	219.969	109.341	136.019	124.33
B11965	3596.13	3953.26	3383.62	1589.36	1567.68	1765.02
B11966	300.3396	312.496	338.172	158.3432	199.2493	227.2107
B11967	613.795	469.503	553.965	390.673	335.444	516.91
B11968	228.797	139.979	202	100	105	175.842
B11969	353	359	405	198	246	160
B1197	123	156	188	75	87	72
B11970	403.125	399.986	360.222	209.5979	279.738	229.4296
B11971	3637.82	3512	2897.74	2188.73	2393.77	2488.35
B11972	1657.58	1683.31	1368.73	2139.37	2044.06	1755.21
B11973	164.281	329.56	290.39	73.3734	173.949	129.828
B11974	81	121	106	41	46	80
B11975	222	226	185	130	124	114
B11976	1087.0001	1174.8433	1291.8348	614.7376	774.8094	743.8047
B11977	63	28	31	31	17	12
B11978	657.288	966.791	801.442	200.148	261.013	291.239
B11979	720.374	659.342	518.829	320.33	416.815	288.021
B1198	124	105	49	440	398	234
B11980	433.643	469.64	407.328	554.379	430.842	398.428
B11981	1280.03	1491.054	1470.52	1129.978	1143.52	1225.995522
B11982	483	463	430	399	395	320
B11983	165	157	179	111	77	116
B11984	308	347	347	227	209	226
B11985	1606	1863	1831	439	696	905
B11986	335	299	263	189	253	255
B11987	171.162	206.932	204.734	65.7534	51.2029	42.676
B11988	1866.41	1658.03	1669.4	1769.1	1888.07	1506
B11989	1098	843	764	707	734	714
B1199	322	298	282	300	328	259
B11990	409	364.00000047581	404	288.0004	308.9996	413
B11991	453	300	321	268	246	277
B11992	176.967	194.855	147.22	288.692	321.436	494.345
B11993	766.17104	716.65429	565.344	765.9865	742.0608	558.1
B11994	920.689	928.5	770.613	730.484	678.422	740.529
B11995	335.687	359.17	517.855	280.145	279.205	370.194
B11996	614.984	937.548	978.732	262.019	116.896	469.885
B11997	599.028	1037.65	1445.62	890.59	742.744	1170.94
B11998	41351.9	36244	29414	31836.8	32871.9	26233.2
B11999	216	272	202	170	199	147
B12	1096.0546	819.56452	1757.855	470.19	553.423	612.2243
B120	193	338.41	373	157.873	134	169.453
B1200	457	488	428	293	222	200
B12000	716.6013	712.0001	802	508.5556	674.27689	588.614
B12001	2056	2064	2014	501	615	810
B12002	4	0	0	1	0	0
B12003	542	621	683	530	627	513
B12004	262	251	207	183	182	165
B12005	22	29	11	39	23	19
B12006	1482	1408	1411	1386	1564	1334
B12007	343.688	349.913	303.476	167.824	183.513	237.672
B12008	141	137	125	109	98	92
B12009	300	241	248	182	226	207
B1201	1268	1567.005	1394.002	708	814	838
B12010	179.85	140.521	209.976	182.885	157.378	190.67
B12011	94.3466	89.5978	58.487	68.9169	103.422	67.2608
B12012	105	69	117	45	52	47
B12013	170	218	156	75	108	128
B12014	240	309	314	91	111	135
B12015	580.354	596.607	627.509	204.036	253.314	288.178
B12016	38	33	31	14	7	9
B12017	178	198	208	101	86	109
B12018	732.796	890.3	568.326	669.342	588.45	741.104
B12019	355	344	316	289	350	324
B1202	120	187	184	51	87	79
B12020	212.214	239.251	290	186.657	190.526	151.015
B12021	1322.00000001804	1246	1222.996	812.99964	738.565	913
B12022	55.3777	46	100.492	20	39	58.5485
B12023	1623.87	2062.43	2077.34	1323.11	1315.29	1206.62
B12024	269.751	237.296	261.619	148.126	187.405	125.301
B12025	1067.57	916.223	967.101	516.859	537.491	502.402
B12026	862	1001	1268.001	440.0003	450.0004	486.9998
B12027	752.776	621.831	508.855	411.63	344.804	465.667
B12028	33.5674	44.3402	43.7634	3.04753	6.00496	10.1962
B12029	669.414	657.4	569.976	410.345	402.471	355.418
B1203	325	305	347	105	133	123
B12030	71.2348	83.4249	55.7988	24.7574	41.7517	29
B12031	159.178	139.253	153.446	157.939	168.535	137.559
B12032	1738.74	1357.36	1439.88	989.006	1304.41	1180.68
B12033	1552.609	1266.982	1171.036	922.609	998.417	980.167
B12034	928	1067	1082	465	505	685
B12035	322.799	366.712	419.256	88.8058	132.344	188.235
B12036	729	806	829	533.681	524.069	590
B12037	492	496	388	392	378	339
B12038	105	138	102	76	57	84
B12039	979.747	898.734	897.134	523.347	534.469	582.626
B1204	421	293	398	362	403	375
B12040	546.023	662.193	541.398	241.476	401.857	332.089
B12041	439	572	333	366	515	305
B12042	285.976	288.0741	282.7117	182.9998	212.0001	183.5717
B12043	621	1026.14	998	241	373	341.178
B12044	656.293	626.449	540.704	570.505	487.5857	541.958
B12045	66	54	35	21	24	26
B12046	362	311	200	539	431	310
B12047	5834.0015	4483.0049	4198.0023	5415.007	6284.00000010261	5882.0087
B12048	591.0001	527	491.9995	362.9996	382	396.9999
B12049	353	199	367	102	81	120
B1205	318	342	377	209	198	210
B12050	1414.64	1655.58	1419.92	1279.53	1475.41	1360.64
B12051	580.338	528.016	493.842	592.196	516.505	565.563
B12052	212.546	200.213	226.722	98.5624	172.428	161.208
B12053	481.286	479.922	396.317	514.445	346.755	414.745
B12054	213	128	185	236	229	184
B12055	1931.07	2712.4	2396.61	1076.59	1691.4	1811.4
B12056	121.519	118.592	170.455	44.013	43.6522	68.9368
B12057	477	469	502	286	294	322
B12058	2632.95	2769.83	2892.82	1897.15	2229.2	1929.24
B12059	45	51	63	29	21	20
B1206	224	146	235	71	77	85
B12060	137	119	99	111	87	109
B12061	245.548	252	230.041	206.701	199.178	159
B12062	865	896	899	713	609	719
B12063	455	467	320	309	377	311
B12064	341.0002	377.9998	364.9997	200.36	220.00019	252.0002
B12065	1157	1032.001	680	1105	1343.001	1293.999
B12066	862.367	1370.632	1544.336	342.051	442.7939	495.476
B12067	2117.21	2198	2814	559	733	734
B12068	191.0003	274.9996	227.9995	174.0002	173.99969	118
B12069	401	391	423	275	236	267
B1207	419	452	504	356	239	255
B12070	381	335	352	256	257	289
B12071	551.0003	406	379.0004	188	251.0001	282
B12072	4357.54	3827	3779	2027	1918	2283
B12073	195	188	226	139	135	115
B12074	2169	2481	2064	4990	4702	4207
B12075	43	34	28	4	19	8
B12076	536	450	503	231	312	243
B12077	1040.335	1483.997	1382.001	623	830	714.3216
B12078	25	72	60	38	13	13
B12079	1129	635.9996	590	966	1059	817
B1208	1247	1551	1454	363	457	496
B12080	1244	903	928	1480	1349	1367
B12081	38	22	40	14	15	9
B12082	4	9	3	0	0	0
B12083	193	183	227	95	77	102
B12084	265	218	252	138	172	203
B12085	245	214	307	150	124	146
B12086	373	292	291	119	151	264
B12087	727	825	885	409	466	435
B12088	267	215	225	162	180	147
B12089	770.117	807.8	690.459	717.708	732.867	666.647
B1209	1139	1581	1823	614	828	1088
B12090	1525	1601	1416	1084	1098	1122
B12091	949.734	961	1316.0032	758.9997	859	609.00024
B12092	724	661	567	638	580	529
B12093	457.0003	524.0001	549	242.0001	320.9995	311.0005
B12094	614	641	527	593	503	532
B12095	457	587	361	436	457	486
B12096	522	577	625	328	293	373
B12097	144	208	168	62	99	137
B12098	185	157	122	61	83	72
B12099	732	920	985	444	594	423
B121	24	22	18	26	5	13
B1210	8414	8673.97	4611	16745	13001	9598
B12100	296	339	378	173	181	231
B12101	2559	2466.002	3445.0025522	1655.999	1505	1507
B12102	1798.999	1750.998	1338	887	1290.996	1268
B12103	1310.99866	898.0002	2619.00488	263.00002	205.000400379154	429.00008
B12104	4166	5429	5392	2632	2930.45	3012
B12105	1419	1646	1645	929	992	923
B12106	86.9918	85.9302	53.7725	79.7246	75.6204	90.7897
B12107	388	404	459	240	220	288
B12108	2325.001	2311.996	2406.998	1787.003	1752.003	1764.003
B12109	371	387	250	314	257	266
B1211	308	286.031	303	150.035	198	204
B12110	5456.99873667114	5684.0003079568	8147.99677053429	4442.000681819	4602.99679	6001.00091706412
B12111	822	907	1032	375	383	453
B12112	65	59	70	30	23	29
B12113	1858	2455	2171	715	951	819.234
B12114	667	730	779	433	335	355
B12115	76	60	133	41	63	52
B12116	205	251	126	276	263	262
B12117	176	197	238	95	92	90
B12118	308.891	259.124	295.502	63.4078	134.493	114.345
B12119	931	1058	1028	382	502	581
B1212	2541	2027	1844	1740	1757	1813
B12120	886	1273	375	3254	2638	1708
B12121	58	93	93	51	55	49
B12122	752	771	647	769	746	600
B12123	88	88	102	70	80	84
B12124	558	490	557	321	309	339
B12125	56	66	31	36	69	44
B12126	531.9995	552.9997	430.0002	1055.9973	594.0001	385
B12127	208.102	339.098	252.332	265.107	184.048	239.174
B12128	241	198	167	190	205	180
B12129	277	288	337	241	191	249
B1213	397	493	451	153	147	199
B12130	370	569	332	415	301	253
B12131	159	201	261	102	107	118
B12132	951	984	747	1278	1054	814
B12133	1855	1968	1834	1844	1604	1311
B12134	79	94	92	58	50	62
B12135	809	709	613	615	531	551
B12136	0	0	0	0	0	0
B12137	866	896	725	928	806	804
B12138	597.561	631.9996	1221	704.381	672	780
B12139	3	0	1	0	0	1
B1214	770	926	753	1793	1180	833
B12140	85	68	67	88	90	44
B12141	34	36	40	16	12	31
B12142	536	574	479	498	625	666
B12143	1583	1082	1000	1053	1043	985
B12144	16788.01	27936.03	24017	9969	14260.01	13872.95
B12145	568	650	687	487	470	518
B12146	754	752	683	495	493	475
B12147	186	196	234	171	201	199
B12148	1679	1830	1490	1060	1174	1186
B12149	1248	1170	1261	712	751	942
B1215	843	815	939	596	554	519
B12150	1511	1580	1432	1415	1380	1398
B12151	89	105	82	115	101	86
B12152	9	9	43	0	1	8
B12153	45	73	30	32	14	24
B12154	8080	9235	6253	8315	7700	6411
B12155	803	686	773	252	445	395
B12156	350.0001	236	475.0002	24	41	38
B12157	23495.9919	21218.0277	14196.999	53975.027	41973.9987	26571.033
B12158	80	56	72	85	96	54
B12159	999.6295	1225.783	991.4822	1215.155	1136.642	803.7934
B1216	147	151	169	131	98	95
B12160	203	174	189	86	83	125
B12161	64	86	99	38	28	36
B12162	321	339	311	176	195	250
B12163	456	488	692	280	397	342
B12164	0	3	0	0	0	0
B12165	494	488	539.9996	97	75	145.9997
B12166	276.915	347.882	227.72	313.047	329	302.199
B12167	163.085	120.118	163.28	153.953	112	133.801
B12168	1300	1353	867	1033	961	1126
B12169	610	656	661	275	360	459
B1217	125.00042	130	144.99955	113	174.00026	115.99997
B12170	664	734	663	607	537	629
B12171	969	1032	868	878	973	734
B12172	318.67	265.614	260.476	250.792	240.965	220.539
B12173	1868	1901	1542	1160	1219	1188
B12174	604	439	414	252	396	333
B12175	199	201	188	74	111	105
B12176	296	306	291	220	265	182
B12177	322.725	312.375	295.073	249.226	290.398	265.284
B12178	3369	4233	3758	1982	2370	2355
B12179	135	143	161	46	71	61
B1218	479	478	335	401	530	457
B12180	185	137	101	91	111	105
B12181	70	75	72	17	39	27
B12182	95	107	56	36	37	45
B12183	376	299	277	274	287	235
B12184	136	126	168	75	112	131
B12185	245	241	192	171	148	177
B12186	9	39	23	8	24	13
B12187	402	385	597	217	310	273
B12188	743.415	900	724	681	719	706
B12189	329	380	426	131	159	177
B1219	215	213	201	71	109	101
B12190	221.9995	196.9997	186.0001	117	132	169.0002
B12191	27	21	21	6	16	18
B12192	138	232	164	10	31	34
B12193	611	699	676	217.0004	229	315
B12194	2791	2907	4069.00000209431	1385	1742.001	1723
B12195	299	335	138	671	707	772
B12196	750	771	861	424	437	461
B12197	872	879	729	755	668	705
B12198	6658	6438	8106	6066	5903	5340
B12199	2998	2923	2706	1607	1428	1625
B122	340	381	362	118	158	228
B1220	122	133	132	74	117	85
B12200	13213.5000007968	17907	21722.974	3848.50000036299	4985.003	6153
B12201	279	227	314	119	167	137
B12202	1000	848	795	955	873	750
B12203	854.0003	929	965	654.000000015786	547.9996	564.9997
B12204	1385.48	1645.84	1594.97	1065.42	1045.55	1066.65
B12205	5789	5711	5192	6716	7945	7821
B12206	1055	1081	1279	243.9999	291.9999	298.0005
B12207	56	60	60	10	35	17
B12208	791	1129	1106	305	515	542
B12209	69	143	145	101	98	78
B1221	1607	1309	442	4821	3551	2340
B12210	542	621	640	277	274	395
B12211	126	116	145	94	124	137
B12212	52	42	42	28	29	32
B12213	1503.002	1339	1205	1156	1021	1202
B12214	884	959	1105	474	605	634
B12215	314	482	391	275	290	256
B12216	248.624	223.205	206	97	129.15	167.451
B12217	600.0004	725.0002	731	495	439.9999	416
B12218	132	137	119	81	74	63
B12219	526	519	335	364	341	384
B1222	20	20	8	47	27	20
B12220	156.53172	169.2845	190.2167	75.3473	72	94.2782
B12221	67.4686	65.7155	85.783	47.6526	38	39.7218
B12222	419	340	389	237	203	277
B12223	367.642	389.949	314.949	868.48	1019.99	920.498
B12224	351	279	433	54	71	82
B12225	666	870	665	1087	930	799
B12226	443	297	329	318	297	205
B12227	4132.999	1978	1893.998	1796.996	1949.996	1590.996
B12228	325	359	478	134	136	204
B12229	53	77	69	11	2	34
B1223	818	1043	947	522	549	556
B12230	512	570	772	182	245	243
B12231	1	3	16	0	11	6
B12232	1152	1385	1087	527	602	802
B12233	208.0002	189.9999	182	237.9997	230.0002	194.9997
B12234	752	725	728	581	577	582
B12235	44	55	68	42	18	22
B12236	362	393	382	262	315	293
B12237	514	549	373	538	595	569
B12238	2290	2461	1995	1866	2072	1893
B12239	38	10	41	14	10	5
B1224	0	1	0	0	0	0
B12240	556	544	567	360	395	347
B12241	116	96	128	61	80	65
B12242	261	274	274	96	175	142
B12243	275	217	204	193	178	161
B12244	666	759	676	309	403	453
B12245	173	145	82	100	90	74
B12246	1019	1017	1108	501	592	647
B12247	133.492	331.019	327.541	402.424	168.65	289.375
B12248	1710.904	3041.785	3194.532	2173.625	860.716	1710.638
B12249	127.897	199.717	266.273	79.9975	115.755	83.1417
B1225	552	567	606	323	355	298
B12250	15.3277	5.10924	0	29	5.10924	15.3277
B12251	544	343	444	271	296	244
B12252	360.323	350.449	429.39	154.931	153.055	177.41
B12253	5546	5428	5992	2868	3157	3256
B12254	568	450	668	136	185	235
B12255	423	242	172	545	689	432
B12256	0	0	0	7	19	5
B12257	686	619	669	445	456	486
B12258	1381.9967	1414.0048	1568.9993	1529.0022	1278.9991	1112.9989
B12259	812	616	606	372	569	586
B1226	12660.9939	13913.9825	11324.9878	17014.0392	15668.9539	11625.9668
B12260	605	612	592	456	390	399
B12261	7808.65	6801.95	7666.7	5274.38	5638.21	5385.32
B12262	423	490	390	301	254	203
B12263	170	139	216	118	185	169
B12264	56	41	34	31	57	22
B12265	261	249	248	223	290	293
B12266	483	443	434	354	261	276
B12267	6678.002	6220.9988	6321.9985	4654.0014	5154.004	4427
B12268	2672	2804	2218	1446	1469	1700
B12269	2242	2376	1911	1036	1204	1388
B1227	346	302	273	108	172	166
B12270	333	275	320	216	219	179
B12271	1114.46	1613	1401.69	625	912	768
B12272	195	201	174	184	154	170
B12273	54	68	55	30	19	40
B12274	340	265	415	607	613	596
B12275	925	849	1114	1014	1125	899
B12276	33.1448	28.2585	38.0745	10	9	6
B12277	20.8552	11.7415	36.9255	0	0	0
B12278	256.9999	279.0005	344.9993	134	168	140.0003
B12279	47	34	29	48	43	31
B1228	214.289	272.124	223	205	189.231	172.252
B12280	813	623	904	689	800.515	715
B12281	615	475.0004	523.9995	837.9999	673.484	690
B12282	209.146	276	275	234	198	181
B12283	19186.814	19657.7964	9938.9049	39429.9249	32529.3137129201	24643.0734369
B12284	420	437	468	355	328	337
B12285	1506.04	1995	903.037	4915.04	3701	3305
B12286	1553.45	1809.52	668.36	4720.69	3427.44	2595.78
B12287	4164.76	5418.71	2184.731	15838.69	11594.22	8701.47
B12288	35411.0074	32284.97047	21449.957	69504.62087	58386.01782	42056.66658
B12289	10596.999	12690.980700487	11960.951931	4476.996	4433.995092	5196.9957395
B1229	1245	1167.001	915	700	830	692
B12290	8072	8346	7745	3463	3572	4114
B12291	66	44	114	15	20	18
B12292	345	387	325	334	376	275
B12293	3785	3891	4002	2879	2606	2409
B12294	7	0	0	8	1	0
B12295	51	24	47	11	2	13
B12296	7535	8384	7037	3329	5050	5193
B12297	901	771	851	562	666	622
B12298	928	1012	1041	657	765	793
B12299	490	687	695	450	430	359
B123	325	320	366	374	381	359
B1230	384	429	281	208	258	220
B12300	521	422	358	270	346	317
B12301	745	774	738	440	461	431
B12302	660	655	550	585	537	458
B12303	3304	3971	4185	1994	2624	2357
B12304	1153	1261	925	710	851	933
B12305	77	94	53	35	61	23
B12306	512	601	499	504	451	460
B12307	65.99996	56	70	36	44	38.00003
B12308	794	869	854	363	368	401
B12309	1081	1245	1410	805	662	569
B1231	680	694	697	552	575	466
B12310	455.0001	588	535	217.9996	266.9995	265
B12311	138	150	128	104	81	76
B12312	34	19	9	53	24	26
B12313	281	269	205	252	254	222
B12314	252	389	387	30	107	78
B12315	0	0	0	0	0	0
B12316	711	883	857	336	469	429
B12317	178	180	165	130	193	262
B12318	184.0000476855	230.0004	236.9996	163	161.9998	160
B12319	62	73	101	37	19	29
B1232	3242	2664	2044	962	951	1015
B12320	477	512	483	976	810	601
B12321	100	144	126	140	136	96
B12322	366	440	409	244	330	266
B12323	13962.0000340064	15931.029	12428.040663956	9511.997711	14963.02	13797.0000000143
B12324	630	777	846	142	392	372
B12325	1084	1233	1431	476	612	689
B12326	1427	1562	1563	825	932	1137
B12327	0	0	0	0	0	0
B12328	123	364	221	44	66	102
B12329	519.9996	494.9998	289	345.0005	382.9999	453
B1233	774	931	886	506	474	482
B12330	986	809	813	585	507	562
B12331	2242	2105	1954	1068	1095	1332
B12332	520	611	745	276	491	493
B12333	3297	3181.003	3216.002	1867.997	1912.996	2177.999
B12334	482	492	528	259	294	342
B12335	1406	1526	1522	1081	995	1063
B12336	3173	3802	3070	2571	2681	2869
B12337	190	188	173	119	105	100
B12338	148	210	180	106	98	114
B12339	254	226	370	166	178	174
B1234	602	617	509	349	373	352
B12340	821	750	726	534	462	502
B12341	222	184	188	127	86	166
B12342	2	3	10	0	0	0
B12343	1041	1080	1183	222	258	267
B12344	625	624	526	636	644	493
B12345	77	56	93	24.99998	44.00004	47
B12346	2435.004	2539.004	1519	5833	5044	3529
B12347	285	264	343	236	185	242
B12348	13453	14544.4	12641.5	6732.08	7427.46	8441.55
B12349	121	131	200	78	86	124
B1235	1104	775	873	508	736	776
B12350	494	462	437	431	462	347
B12351	421	488	463	259	282	258
B12352	11	21	14	6	12	1
B12353	11	28	3	0	0	0
B12354	1664.11	2181.57	1744.33	1023.74	1016.39	1147.45
B12355	0	8	4.000000135555	0	0	0
B12356	24	10	30	5	11	10
B12357	140	198	198	100	164	116
B12358	276	197	326	148	158	148
B12359	964.99961	1015	1092	681	700	638
B1236	698	770	693	297	286	283
B12360	482	510	487	201	306	230
B12361	1203.958	1320.276	1152.021	594.9992	762.146	787.9415
B12362	605	558	587	354	505	426
B12363	658.314	703.838	630	389.862	377	497.946
B12364	279	288	247	182	180	183
B12365	4024	4270	4929	2739	2520	2712
B12366	930	1080	1006	522	534	558
B12367	210	224	210	190	168	127
B12368	4411	4440.00000001606	4723	3831.996	3397	3319.00000056648
B12369	269	526	394	52	144	177
B1237	1542	1945.263	2036.94	1062.508	1235	1106
B12370	139	188	188	140	152	127
B12371	80	78	60	72	52	56
B12372	180	179	175	206	203	148
B12373	51	38	93	32	39	41
B12374	507	502.9997	526.00049	286.9998	292.0003	340
B12375	162.9999	224.9998	139.9997	176.9999	125	125
B12376	689	760	772	373	604	537
B12377	198	164	185	110	112	101
B12378	47	61	31	14	10	14
B12379	74	87	88	66	38	50
B1238	86	138	122	43	70	69
B12380	265	379	315	196	207	172
B12381	323	351	351	195	228	182
B12382	656	653	633	623	601	555
B12383	42	77	58	72	74	70
B12384	322	381	480	197	236	306
B12385	304	328	490	173	180	236
B12386	170	121	123	26	49	30
B12387	1451.997	1719	1922	585	624.999664	740
B12388	465	496	467	220	292	287
B12389	2817	2628	2536	1976	2026	2028
B1239	29	13	21	7	20	17
B12390	984	1140	1062	810	769	721
B12391	321	349	280	310	295	314
B12392	406	509	442	144	174	250
B12393	27.6137	17.0838	38.7139	3.61384	2.98567	32.0677
B12394	60.3863	73.9162	84.2861	49.3862	75.0143	28.9323
B12395	407	589	551	280	334	283
B12396	462	411	477	318	377	366
B12397	1754	1602	1224	696	845	1016
B12398	396	383	380	443	533	459
B12399	107	105	111	124	73	115
B124	200.0003	235.999800916495	191.3187	91	137.99999	134
B1240	1170	1279	1035	524	576	608
B12400	239136.81605	241573.8800577	194131.40628	253911.24309	226455.38077	180596.12891
B12401	2	0	3	0	6	0
B12402	514	527	409	486	505.702	396
B12403	386	416	461	255	280	231
B12404	298	303	342	221	248	259
B12405	19	22	19	18	23	8
B12406	541.0001	693	538.0004	298.9997	327.00000991967	385
B12407	1632.005	1846.0005	1741.0039	681.9999	817.9996	771.9999
B12408	377	446	396	361	451	317
B12409	4	0	0	0	0	2
B1241	2418.2	2296.213	2073.2476	1540.001	1655.4877	1620
B12410	736	1001	753	701.9995	485.9995	473
B12411	132	196	155	210	177	141
B12412	311	486	479	215	110	80
B12413	661	653	711	419	390	427
B12414	1475	1396	948	953	987	1000
B12415	177	523	288	6	0	4
B12416	337	352	301	211	177	193
B12417	473	422	455	194	257	311
B12418	536.6193	545.5385	442.4209	826.0009	817.6710021913	590.6615
B12419	1974.00341	1704.9982	1808.005	1474.003	1490.998	1375.001
B1242	1157	999	964	741	819	629
B12420	787	1030	747	638	562	602
B12421	122	86	106	28	12	31
B12422	838	931	907	585.78	667	612
B12423	387	386.0005	458.0002	343.99971	376.0001	395.9996
B12424	1192	1331	1287	837	771	823
B12425	3080.86	4084.99	3888.57	2251.9	2592.17	2392.9
B12426	2683.94	3929.89	3380.4	1726.05	2172.1	1886.53
B12427	1652	1365	1240	792	856	814
B12428	364	497	370	187	272	279
B12429	302.0005	170.99956	142.0001	202.00007	126.9998	163.99985
B1243	1000	1136	932	982	850	755
B12430	2255	2090	1587	1763	1727	1627
B12431	781	905	892	426	475	519
B12432	2071	2616	1759	2842	3399	3120
B12433	127	143	234	61	66	72
B12434	488	392	415	176	201	149
B12435	157	80	61	44	54	35
B12436	683	690	486	656	670	520
B12437	112	147	143	64	80	76
B12438	87	65	85	20	42	33
B12439	702	737	621	466	421	453
B1244	287	400	426	181	229	225
B12440	200	232	183	175	200	159
B12441	51	47	74	21	34	12
B12442	369	358	320	295	285	265
B12443	209	230	253	119	162	150
B12444	379	384	398	331	275	289
B12445	112	67	120	37	46	65
B12446	46	51	74	29	42	18
B12447	1582	1775	1782	939	1073	913
B12448	471	500	528	181	311	287
B12449	238	294	288	206	234	252
B1245	492.187	484.963	434.285	257.116	304.267	337.998
B12450	7424.998	7265.9988	8360.001	5572.003	5439.996	5674.998
B12451	5480	5290	5521	4754	5747	4823
B12452	318	297	190	188	239	248
B12453	270	262	234	119	129	118
B12454	8809.996	14859.01	12365.000591898	5336.99287094	7228.993	7472.997
B12455	105	82.99999	104	28.99998	52	71
B12456	108	123	124	79	48	60
B12457	754	867	897	362	417	545
B12458	2387.999	1535.004	1553.000473	1107.0015	1359.996	1378.9978
B12459	420.00019	382.000366	425	113	151	141.0001
B1246	211.9996	240	342.99959822	146	156	173
B12460	51	62	77	36	69	23
B12461	111	138	163	22	52	93
B12462	1008	1175	1130	492	675	611
B12463	1	2	2	0	0	0
B12464	14	6	3	0	0	0
B12465	1650	2080	1534	1336	1133	1086
B12466	1209	735	984	1149	1180	1041
B12467	3851	4218	3044.002	1952.004	2379.999	2655.999
B12468	2358	2720	2255	1546	1546	1633
B12469	430	446	465	426	341	358
B1247	484	519	526	361	510	391
B12470	809	885	902	453	572	557
B12471	275	135	124	252	291	233
B12472	403	686	203	226	199	108
B12473	483	611	407	421	379	400
B12474	163	200	235	121	240	251
B12475	442.146	443.975	407.779	296.471	257.814	277.959
B12476	36	28	30	18	45	38
B12477	866	961	588	1141	1140	787
B12478	988	943	948	676	814	723
B12479	1199	1330	1400	637	683	842
B1248	872	882	708	641	555	684
B12480	659	765	716	420	339	365
B12481	431	431	371	201	231	339
B12482	377	387	400	251	241	304
B12483	372	348	327	257	226	260
B12484	465	454	306	407	377	292
B12485	26	26	33	19	8	11
B12486	219	236	207	139	79	120
B12487	191	130	135	127	69	99
B12488	307.367	331	493.202	138.475	217	181
B12489	0	0	0	0	0	0
B1249	68	60	96	22	33	39
B12490	3	0	1	4	0	2
B12491	24	13	5	72	29.99997	75
B12492	3124.59	2623.38	2295.48	1351.26	1717.03	1769.32
B12493	126	170	105	115	100	113
B12494	248.00012	334	312	216	222	205
B12495	23663	26836	38059	16331	15070	16070
B12496	5054	4867	4128	2821	2998	3253
B12497	115	118	99	42	44	56
B12498	7012.9966	6019.9978	9718.0029	6515.999	6366.005	6557.0012
B12499	508.0004	334.0003	515	186.0004	209.000126609	164.9997
B125	116.232	101.086	131.727	95.4382	126.333	72.1211
B1250	311	204.9997	274.9997	292	232.0001	141
B12500	490	700	760	539	474	634
B12501	379	467	350	457	581	423
B12502	0	0	5	0	0	0
B12503	1	0	0	0	1	0
B12504	57	139	113	15	38	23
B12505	135	199	271	49	66	77
B12506	104	161	77	312	185	112
B12507	557.0001	624.9996	426.9996	1226.9961	1121.9957	867.8893
B12508	335	267	201	336	313	248
B12509	3	9	7	0	0	2.11115
B1251	2183.0016190626	2226.9979	2252.00160960041	1826.002	1789	1597.99580313393
B12510	11	22	27	0	0	0
B12511	1491	1747	1584	1190	1211	1024
B12512	141	121	169	49	72	80
B12513	0	0	0	0	0	0
B12514	0	0	0	0	0	0
B12515	300	320	282.9996	205.9997	261.9996	286
B12516	282	307	288	272	240	301
B12517	260	242	245	184	131	179
B12518	0	0	0	4	0	1
B12519	1004	1259	1352	379	459	393
B1252	340	385	487	138	155	130
B12520	1492	1608	1578	1015	1061	1167
B12521	3141.154	2737.4157	2521.3964	3488.859	3325.23	2302.6069
B12522	117.3489	64.294	56.5112	106.4441	81.2736	77.4569
B12523	941	1163	756	953	718	626
B12524	860	767	559	533	462	574
B12525	28	33	20	3	4	29
B12526	86	192	89	71	43	23
B12527	509	437	531	293	351	326
B12528	69426.9	74805.9806	92542.77	53159.7846	45691	54087
B12529	987	1308	883	1033	947	844
B1253	50	41	29	0	3	3
B12530	596	735.9999	510.9997	1006.9997	834.9996	866.9996
B12531	5786.00899574513	5076.9993871	6166.00442422	5506.99665542841	5866.99869022858	6968.99643
B12532	707	982	982	326	369	463
B12533	493	510	623	402	447	400
B12534	1339.999	1510.005	1454.001	665.0004	932.9998	1020
B12535	157	219	172	117	126	125
B12536	214	164	212	58	50	83
B12537	71.6492	56.2002	73.8036	50.3878	50.9264	35
B12538	426.311	359.513	476.88392	112.399	121.637	175.281
B12539	1327.411	1398.977	1179.152	1906.265	1627.539	1643.829
B1254	797	741	1023	312	374	505.99998
B12540	897.662	1006.03	988.746	553.656	491.713	453.469
B12541	194	272	381	169	168	152
B12542	332	376	418	223	286	236
B12543	861.664	936.022	701.249	465.83	536.367	578.018
B12544	589	532	558	334	278	307
B12545	277.246	273.437	340.019	144.097	220.99	201.99
B12546	219	155	120	127	112	154
B12547	274.333	277.727	298.42	151.253	159.08	150.172
B12548	310.831	427.889	312.031	146.659	227.981	272.67
B12549	3056.87	3025.75	2487.38	1342.636	1398.321	1531.98
B1255	2047	2758	1927	2719	3309	3424
B12550	397.6601	486.5031	523.827	331.657	305.75055	313.79
B12551	650.204	436.497	414.035	279.3265	338.556	412.089
B12552	53.2029	66.0214	67	5	12	30.158
B12553	704.875	501.014	591.778	371.402	362.262	439.57
B12554	2324.18	2275	2248.26	1680.27	1343.23	1378.65
B12555	2891.41	2694.686	2478.271	2653.629	2876.93	2437.79
B12556	149.719	102.4397	126.61	19.6266	34.050631	31.1718
B12557	131	156	136	72	95	79
B12558	559.0002	521	600.2211	331.0004	265	284.00003
B12559	273.531	242.26	290.208	234.545	197.893	182.443
B1256	3009	3074.001	2323	1846	1862	1577.003
B12560	1119.71	1280.21	946.558	461.852	599.987	671.761
B12561	332.626	307.658	329.171	170.67	177.185	200.979
B12562	212.078	252.37	271.448	407.015	285.905	246.075
B12563	812	962	773	556	570	564
B12564	557	692	445	823	810	661
B12565	1197.97	1347.94	1261.48	1126.02	979.48	1093
B12566	515	448	379	909	799	587
B12567	456.838	599.068	386.266	214.247	219.797	160.324
B12568	1820.586	1422.968	1650.602	1512.895	1636.9323	1438.003
B12569	3294	2655	2156	2457	2719	2577
B1257	99	99	116	58	31	64
B12570	277.033	277.145	202.78	446.308	329.564	479.655
B12571	50	57	61	165	109	99
B12572	992.684	914.346	668.656	983.014	1030.94	815.9
B12573	736.311	636.5	780.387	503.516	515.578	487.471
B12574	233.313	227.83	352.145	111.855	131.795	112.806
B12575	190.016	332.452	340.268	58.9806	30.1036	143.115
B12576	891.972	1668.35	1848.38	1251.41	1125.26	1846.06
B12577	45906.3993	37926.0813	31334.2973	44272.8053	42106.8939	33324.49535
B12578	414	508	444	271.319	295.931	311
B12579	113	124	145	71	88	89
B1258	226	183	202	41	59	69
B12580	528.201	533.288	524.744	263.194	243.656	292.765
B12581	1275.26	1016.642	1138.118	585.995	748.588	699.322
B12582	282.9997	338.0005	316	205.9995	247.0003	244.9997
B12583	124	105	70	72	57	53
B12584	123.822	121.747	144.554	140.061	157.465	156.441
B12585	21.7652	10.5751	25.2012	4.2426	11.2483	2
B12586	728.586	648.6	562.024	435.655	395.529	356.582
B12587	187	264	280	138	178	158
B12588	176	173	215	70	97	90
B12589	67.6562	44.8289	58.3819	25.3221	26.1909	18.1365
B1259	879	904	605	669	634	666
B12590	1942.43	1489.78	1650.9	939.141	1223.51	884.598
B12591	9.72672	18.5633	7.59281	0	3.21308	6.22558
B12592	426.522	527.14	561.788	241.874	270.382	276.473
B12593	1479.13	1831.57	2029.66	761.688	1078.71	987.377
B12594	93.6223	78	106.508	37	36	49.4515
B12595	980	905	930	521	557.435	693
B12596	2	30	17	1	0	0
B12597	532.786	574.749	591	242.343	286.474	322.985
B12598	562	525	531	211	257	277
B12599	364.204	426.7	386.674	380.658	359.55	330.896
B126	143.768	144.914	139.954	117.562	137.667	114.879
B1260	52.99997	48.99997	95	7	27.00002	22
B12600	607.646	575.393	707.491	219.964	202.686	220.822
B12601	211	230.9997	267.0001003	97.9999	135	145.99995
B12602	41	52	65	12	20	20
B12603	361.653	355.402	236.513	218.083	276.578	213.739
B12604	117.15	109.479	124.024	81.1152	113.622	120.33
B12605	574.312	504.087	533.524	169.176	244.487	321.328
B12606	206	226	156	158	118	159
B12607	95	99	78	75	123	60
B12608	94	87	85	47	65	65
B12609	84	74	68	44	14	69
B1261	48	62	87	43	32	71
B12610	57	58	71	29	30	27
B12611	406.3994	688.9997	889.9997	345.4448	339.7228	348.3862
B12612	163	157	277	92	154	128
B12613	131.253	117.266	179.866	70.6531	137.531	74.3738
B12614	419.977	565.807	443.602	222.524	203.143	245.911
B12615	298.024	240.926	246.288	94	139	154.428
B12616	1047.707	965.551	793.296	1012.496	820.414	707.041
B12617	9	22	20	12	4	9
B12618	173	192	155	154	101	154
B12619	169	160	180	120	135	136
B1262	300	412	506	273	258	199
B12620	464	517	480	308	310	366
B12621	18	4	9	2	2	2
B12622	503	549	641	276	391	323
B12623	3037.008	2558.0028	2433.003	2581.996	3072.003	2767
B12624	887.363	938.424	969.078	797.473	872.591	793.363
B12625	432.6621	412.9848	338.1577	514.8037	391.4943	479.4377
B12626	276.454	196.787	278.278	198.438	152.572	137.792
B12627	1371.71	1604.08	1489.68	1226.55	1104.24	941.255
B12628	111.99978	126.0005	114	238.0004159	163	114
B12629	1389.93	2422.6	1997.39	743.409	1314.6	1528.6
B1263	1	8	0	1	3	0
B12630	86	68	86	52	50	63
B12631	76.4812	61.4082	107.545	53.987	26.3478	55.0632
B12632	222	366	321	114	145	128
B12633	215	215	186	105	119	102
B12634	825	825	783	675	603	622
B12635	126	164	112	39	57	76
B12636	933.046	1007.17	1070.18	595.846	661.797	663.759
B12637	219.452	218	242.959	171.299	150.822	208
B12638	319	277	382	180.9998	187.0001	194.9997
B12639	1382	1487	1044	1382	1554	1264
B1264	1070	1133	1017	800	819	817
B12640	490	438	492	245.64	279	311
B12641	1282.63	1721.37	1962.66	578.949	711.207	764.524
B12642	15952.8302	16059.9853	14411.027	11359.03058	14340	12844.99334
B12643	693	719	729	466	450	491
B12644	3732.46	3607	3301	1755	1971	2226
B12645	4205	4225	2729	8634	7232	5324
B12646	644	657	644	604	519	442
B12647	1020.9996	1058	1262.9964	768.00043	879.9997	659.0002
B12648	506.0000528584	443	365.000000775679	476	442.000198271	387
B12649	186	263	192	127	167	127
B1265	534	935	1152	225	344	522
B12650	501	656	565	455	468	462
B12651	843	754	707	814	708	748
B12652	1460	1916	1950	1052	1292	1157
B12653	44	28	28	28	9	26
B12654	2731	1584.0032	1140.99965	3082.99916	2966.9963	2434.0018288
B12655	455	521	536	275	296	324
B12656	2735	2829	2688	1388	1489	1663
B12657	268	287	292	117	134	165
B12658	58	31	55	21	28	25
B12659	668	708.678	699.657	449	486	366
B1266	126	161	174	74	139	85
B12660	311	299.322	399.343	134	112	199
B12661	1620	1702.000340773	857.9999	2785.004	2512.0021	1511.00164
B12662	1234.883	1477.2	1246.541	1470.293	1191.133	1124.353
B12663	51	43	58	37	51	25
B12664	521	408	440	374	316	286
B12665	158	175	219	106	108	110
B12666	9	8	13	13	4	11
B12667	436.266	512	587	134	146	164
B12668	75	112	122	68	90	85
B12669	229	230	282	158	170	138
B1267	25	16	44	14	13	27
B12670	1713.003	1751.003	1374.003	904.0002	1100.0027	1153
B12671	851	1058	866	648	658	692
B12672	488	574	559	487	364	344
B12673	145	168	135	52	89	77
B12674	559	568	590	487	505	418
B12675	270	301	300	93	117	149
B12676	164	201	133	194	197	188
B12677	220	328	380	110	131	114
B12678	1647	1597	1306	1114	1063	983
B12679	714	840	1003	322	421	399
B1268	17361.04	21859.04	16667.96	15578	16171.05	15636.97
B12680	241.172	317.195	341.161	185.972	176.272	202.191
B12681	3831	5873	5178	2293	3316.55	2950
B12682	155	134.0002	176.0003	130	126	126
B12683	898	937	897	931	697.9996	752
B12684	1007	960	864.9998	643	603	632.9997
B12685	476	720	631	329	492	467
B12686	3091	3149	3029	2312	2164	2096
B12687	254	410	342	64	80	94
B12688	324	341	245	270	301	298
B12689	112	81	136	102	89	119
B1269	229	214	234	76	80	102
B12690	836	989	996	390	449	477
B12691	1072.31	1078.04	1069	585	611.014	719.221
B12692	1211	1395	1175	635	668	641
B12693	459	356	311	372	355	281
B12694	882	938	847	515	517	475
B12695	71	105	94	24	48	42
B12696	1909	1714	1723	1145	1267	1360
B12697	206	262	227	172	125	124
B12698	214.0003	199.9999	282	169.9999	126	164.000341
B12699	323	235	236	268	273	255
B127	19	24	6	35	35	12
B1270	254.9998	260.9996	284.00023	66	148.99961	127.0004
B12700	407	244	375	127	118	115
B12701	1597	1465	1458	688	957	899
B12702	0	0	0	3	3	0
B12703	411	365	463	297	301	298
B12704	661	952	806	447	367	507
B12705	343.0004	205.9995	239	294.9997	252.9995	222.9998
B12706	514	665	579	178	340	258
B12707	84	119	147	41	36	53
B12708	408	289	398	246	268	253
B12709	453	404	469	330	301	341
B1271	240	201	237	105	142	157
B12710	1043	1002	846	1106	1081	848
B12711	252.0001	209.0005	194.9999	104.00001	145	148.0002
B12712	1007	903	986	902	822	763
B12713	311.9791	288.6496	177.8218	396.9739	395.776	352.4225
B12714	188.46	153.35	176.178	135.645	205.224	140.577
B12715	231	215	237	228	219	204
B12716	116	118	125	73	41	58
B12717	129	122	158	83	108	101
B12718	2128.9993	2477	2211.00100071894	2397.004	3085.999	2590.997
B12719	527	700	590	270	318	370
B1272	392	279	345	205	243	197
B12720	409	392	225	258	245	280
B12721	1420.998	1161.001	1482.9969	887.0002	907.9996	810.9996
B12722	7239	7767	4750	8060	8219	6389
B12723	721	674	1180	384	517	466
B12724	951	831	947	365	668	642
B12725	101	154	120.0004	104	143.9998	190.9998
B12726	5433.00040153	4636.00408	4556.00768	3723.0037777543	3011	3556.99838066345
B12727	312	250.0001	276.0003	154.0003	150.9997	204.9997
B12728	1090.66	1183.59	1002.01	838.037	898.595	881
B12729	19	26	35	29	15	8
B1273	1694.999	1445.9982	1310.0003	1349.998552027	1330.99800008431	1152
B12730	244	293	272	195	220	180
B12731	1110	1163	808	594	725	824
B12732	93	95	107	66	34	62
B12733	146	159	160	61	87	74
B12734	286	309	359	132	120	157
B12735	568	589	556.307	431	459	449
B12736	1181	1511	1784	343	393	514
B12737	251	165	218	103	115	149
B12738	369	446	612	100	80	109
B12739	705	662	580	395	420	390
B1274	150	193	256	82	106	113
B12740	583	551	488	449	456	411
B12741	152.822	203.143	165.788	46.1695	96.7631	97.007
B12742	109	117	133	128	89	92
B12743	1083	973	1085	443	576	585
B12744	1652.9992	1620.003	2003	620.9996	806	805.9999
B12745	447	451	478	206	206	237
B12746	0	0	0	0	0	0
B12747	36.17389	36.1083	29.29664	19.07184	13	22.84994
B12748	1288.86	907.516	2975.52	743	1023	1018
B12749	19.3878	29.5488	56.1747	9.93249	17.8253	35.2195
B1275	424.0004	389.99998	458.9999	425.9999	379.0005	391.0001
B12750	9	2	7	1	3	1
B12751	13.00004	24.99999	45	13.0000000207597	11	14
B12752	14	13	18	4	13	6
B12753	86	80	131	32	80	49
B12754	1.2963	42.2058	47.535	5.11934	46	16.5062
B12755	398.428777	387.9104553022	517.37169	238.57941	250.00005	349.44874
B12756	872	941	770	605	452	732
B12757	1973.71	2198.45	2466.52	1246.32	1358.06	1464.13
B12758	265	376	296.99995	161	171	131
B12759	1009	898	988	790	734	766
B1276	972248.38211084	818625.483790215	750046.6898	854473.207	989041.3135	1047696.9971
B12760	666	622	516	276	301	290
B12761	646	628	700	273.9999	418.9996	477
B12762	209	205	253	148	211	217
B12763	58	51	64	75	83	45
B12764	209	247	385	106	93	125
B12765	54.9646	48.5027	98.3533	20.8614	20.6863	49.0143
B12766	712.213	975.945	1198	772.255	530.398	573.068
B12767	537.492	417.27	276	1354.25	1149.35	896.165
B12768	31	20	21.00003	3	10	10
B12769	52	52	57	46	47	39
B1277	686	745	818	570	636	687
B12770	204	229	242	167	216	210
B12771	627.0002	567.99954799	637.0007	357.0003	380.00020650095	367.00017215
B12772	277	299	241	139	182	184
B12773	206.9995	229.0003	203.0003	148.9997	150.0004	148
B12774	8626.99628	8700.992041166	9818.99746	7252	6624.99576	6443.0026
B12775	1738	1414	1068	1186	1279	1220
B12776	834.774	842.987	682.774	527.228	562.59	609
B12777	188	181	238	59	84	146
B12778	137	106	87	93	102	83
B12779	4791	4965	4686	2815.999	2984.001	2981.003
B1278	511	573	698	295	302	292
B12780	21	37	43	16	24	17
B12781	6	13	4	12.99997	3	6.000004
B12782	644	648	634	839	743	510
B12783	225.9998	173	313	72	47	81
B12784	516	529	470	341	326	353
B12785	1512	1274	1106	903	879	964
B12786	929.785	823.119	835.843	719.627	548.181	538.506
B12787	178	190	156	100	134	178
B12788	3209	4788.53	4609.57	1586	2036	1877
B12789	1890	2026	1754	909	1032	891
B1279	473	548	572	386	413	351
B12790	1276.001	1455.005	1592.9983	761	805.0004	878
B12791	517	609	112	782	727	520
B12792	414	460	363	202	236	264
B12793	253	260	333	122	119	140
B12794	64	120	103	125	106	118
B12795	261	147	102	39	63	44
B12796	305.0001	332.0003	336.0001	223.9999	221.0004	273.9995
B12797	278.00041	212.0001	202.0003	171.9996	167.0003	106
B12798	45644	44796	33086	19018	24625	25817
B12799	315	507	632	211	172	253
B128	1534	1679	1316	1082	1090	1226
B1280	694.9997	773.0001	724	396.0004	550	545
B12800	367	449	543	274	284	225
B12801	1239	1350	1103	897	971	950
B12802	658	527	452	341	363	394
B12803	399	359	504	489	491	383
B12804	388	363	431	282	330	285
B12805	18626.015	13140.955	9208.002	13598.987	13308.001	10416.003
B12806	1081	958	1023	640	615.9998	710
B12807	7	6	14	0	2	1
B12808	473	307.2976	541	88.00005	91	135
B12809	1592	1432.7	1401	405	397	510
B1281	42	56	57	43	44	44
B12810	3507.2991	3712.151	2843.0799	2561.071	2668.197	2703.002
B12811	33	29	45	32	42	26
B12812	542	455	729	341	393	367
B12813	1203	1364	902	1336	1390	1122
B12814	410	410	396.9998	677	697	499.0002
B12815	980	1087	733	1260	986	682
B12816	257495.3111	159898.619811359	173314.1044	245006.5083	256691.16607	249192.96366
B12817	66250.5811	34149.91654	31133.50988	85794.5773	70808.3339	80134.9272
B12818	82.00004	173	90.00001	283	198	189
B12819	70	92	134	77	82	85
B1282	320	618	533	83	130	132.00014
B12820	281	284	268	181	206	226.87
B12821	97	118	56	52	63	53
B12822	931.9996	978	1443	429.9998	477.00036682	665.001
B12823	813	874	872	456	517	504
B12824	1841	2085	2339	1178	1404	1420
B12825	1017	955	801	526	617	491
B12826	965	947	937	727	739	700
B12827	243	317	256	115	143	146
B12828	61	92	96	70	96	78
B12829	1326	1437	1427	923	930	957
B1283	8115	9436	9152	4903	5505	4826
B12830	2847	2924	2141	2554.999	2704.996	2541
B12831	547	657	655	429	424	353
B12832	87	83	85	45	55	43
B12833	170	104	140	56.1466	50	77
B12834	454	424	369	400	365	282
B12835	886	983	1046	690	751	618
B12836	641	756	845	446	390	376
B12837	547	567	542	387	319	344
B12838	754	841	912	507	536	496
B12839	8191.9982	7416.99702	10364.01	5027.9948	5310.99846	7014.9978
B1284	103	101	66	58	42	77
B12840	699	675	752	886.99964067	1192	1168
B12841	0	7.96579	6.08673	4.71598	0	0
B12842	1812.00467	1545.9999	1992.0048	988.0001	1114.0000434	1437.0001872353
B12843	52.7549	26	10.79087	9	9.71853	11.0055
B12844	16	12	0	3	4	7.81963
B12845	592	899	827	580	357	505
B12846	340	418	431	281	296	238
B12847	287	238	162	179	240	193
B12848	3	8	9	5	4	15
B12849	649	705	786	497	487	579
B1285	1176	1367	832	484	639	679
B12850	157	153	109	121	92	90
B12851	1334	1298	1228	1227	1336	1217
B12852	0	0	0	0	0	0
B12853	457	551	476	389	346	398
B12854	955	1018	861	666	672	762
B12855	466	694	849	284	460	363
B12856	451	617	424	694	577	426
B12857	1788.0011	2208	2010.000159988	975	1149.9969	1010
B12858	12	25	28	10	8	3
B12859	1445	1651	1477	790	778	869
B1286	333	395	339	275	247	249
B12860	1104	1626.998	1541.004	684.9998	870	724
B12861	295	236	305	172	218	165
B12862	163	134	165	107	107	63
B12863	165	116	106	69	86	106
B12864	494	412	377	1048	890	587
B12865	144	155	228	152	166	180
B12866	577.00013501	535.9997	718.9997	313.0002	290.0003	405.00028
B12867	97	94	166.9998	44	36	51
B12868	2158.0002	2529.9992	3297.0027	1253.9953	1732.9985	1808.004
B12869	3082	3351.999	3557	1323.0012	1632.001	1777.996
B1287	1145	1153	1436	495	599	628
B12870	1098.36	1127.05	555.051	3605.52	3791.01	3783.5
B12871	246	317	294	88	132	156
B12872	109	240	362	363	573	444
B12873	106	104	34	75	38	99
B12874	6514	6522	5274	4592	4468	4930
B12875	3431.004	4151.997	3710.999	2087.001	2781.996	3074.003
B12876	610	494	602	250	358	242
B12877	66	65	96	56	58	52
B12878	114	206	54	77	31	90
B12879	289	615	258	1287	1209	985
B1288	562	485	753	156	182	278
B12880	220	176	182	161	107.44	151.137
B12881	102	107	104	15	53	36
B12882	47	19	34	3	12	38
B12883	448.9996	569	651.0002	261.0003	341.0003	285.9997
B12884	868	755	682	458	545	602
B12885	4183	6361	5531	2048	3178	3299
B12886	595.438	638.453	667.976	466.67	351	268.522
B12887	758.562	767.547	696.024	228.33	241	244.478
B12888	374	417	432	254	292	274
B12889	141	252	81	113	128	35
B1289	344	353	278	703	636	502
B12890	304	266	427	467	576	508
B12891	0	0	0	0	0	0
B12892	172	178	211	59	94	128
B12893	227	231	206	299	248	146
B12894	44	52	67	6	3	10
B12895	0	0	0	0	0	0
B12896	252	226	216	146	156	152
B12897	78	142	49	84	87	110
B12898	2811.995	2451.997	2299.002	1715.9989	2024.998	2137.001
B12899	16354	14709	12369	27425	20755	16256
B129	133	158	154	56	97	55
B1290	314	331	237	527	417	276
B12900	647	778	845	470	362	459
B12901	825	805	1105	731	980	764
B12902	56	29	46	43	13	39
B12903	590	609	694	265	298	359
B12904	86	139	59	156	116	145
B12905	1591	1665	1157	1323	1495	1155
B12906	352	450	505	307	302	258
B12907	984	1238	729	2656	2080	1489
B12908	4564	5280	4742	2689	2763	2955
B12909	739	768	839	788	715	555
B1291	281	260	266	221	213	206
B12910	72	90	124	41	60	63
B12911	9	0	0	0	3	0
B12912	125	123	197	138	109	106
B12913	160	197.9997	152	228.0005	178.0004	152
B12914	385	412	369	182	221	207
B12915	444	561	518	203	253	211
B12916	2202.004	2394.002	2090.004	1455	1734.997	1809.004
B12917	351	337	298	300	356	207
B12918	493	464	474	430	390	411
B12919	338	383	384	266	329	264
B1292	666	626	673	515	462	553
B12920	2672.002	2975.999	2408.997	1421	1515.002	1682.998
B12921	8	10	14	10	19	21
B12922	284	323.0001	312.9998	228.999990041917	187.99962	168.9999
B12923	625	750	709	501	502	529
B12924	426	416	509	283	298	306
B12925	71	64	96	27	27	46
B12926	450	581	509	356	394	352
B12927	174	157	184	104	148	131
B12928	1388	1467	1652	844	1028	865
B12929	2579	2648	2923	1974	1850	1715
B1293	99	128	80	45	65	56
B12930	404	418	484	153	172	169
B12931	897	874	690	690	602	593
B12932	99.2493	54	34	246.987	202.379	134.5
B12933	452	346	313	243	244	246
B12934	2584	2760	2071	4278	3329	2586
B12935	4329	4255	5290	1953	2321	2093
B12936	216	162	226	130	116	113
B12937	95	131	158	31	50	59
B12938	27	9	27	0	9	15
B12939	125	121	139	95	94	87
B1294	2038	2175	2147	1044	989	1254
B12940	1051	1465	1420	609	728	713
B12941	466.9999	356.0005	953	82.99998	129.0003	184
B12942	290	255	253	190	226	152
B12943	173	138	57	489	324	200
B12944	338	305	274	160	203	147
B12945	853	775	588	1048	851	730
B12946	718	639	597	512	638	718
B12947	2151	2729	2521	1247	1832	1723
B12948	918	1100	954	620	514	644
B12949	2096	2469	1822	1741	1813	1942
B1295	870	1297	1319	768	856	911
B12950	1340	1290.997	1482	975	847	827
B12951	384	429	401	445	374	304
B12952	455	805	584	267	349	343
B12953	1812	2224	1732	904	1057	1457
B12954	4	1	5	1	7	3
B12955	1	0	0	1	10	3
B12956	6	2	8	0	9	8
B12957	359	381	375	237	302	301
B12958	712	867	983	318	381	455
B12959	791	883	831	714	669	641
B1296	1162	1250	962	1819.005	1689	1675
B12960	468	469	451	737	495	436
B12961	150	84	159	26	53	58
B12962	452	498	537	305	369	325
B12963	756	841	756	586	565	684
B12964	743	913	811	702	830	669
B12965	614	571	536	871	706	675
B12966	259	267	292	331	349.816	292.266
B12967	282	307	205	764	485	388
B12968	19	16	40	26	27	29
B12969	894	1072	881	840	630	656
B1297	1710	1940	1336	1331	1184	1419
B12970	1068.0024	1148	1073	567.9999	575.0002	726
B12971	79	65	88	42	44	30
B12972	220	204	258	128	185	138
B12973	283	353	312	223	181	265
B12974	536	567	472	267	312	287
B12975	281.7726	227.9999	265.0001	196.62	189.2927	183.0001
B12976	1044	1285	1201	760	796	776
B12977	260.99997	281	313.99959	236	252	197
B12978	406	392	384	191	213	201
B12979	15	1	14	6	3	13
B1298	1051	997	1075	821	888	843
B12980	1577.003	1742.996	1581.999	862	974	1110
B12981	227	205	269	116	163	142
B12982	295.9999	288.0002	253.9996	143	184.0004	148.0002
B12983	870	817	791	1265	937	698
B12984	851	1028	796	487	637	633
B12985	1820	2089	1723	934	1117	1323
B12986	455	461	465	241	217	334
B12987	392	419	457	201.9998	279	248.9996
B12988	1003	1179	1157	461	503.166	513
B12989	5	6	0	18	17	4
B1299	353.9997	317.99966	248.9996	219	254	203
B12990	0	0	0	0	0	0
B12991	492	750	775	242	359	277
B12992	4244.007	4272.999	4061.003	3658.993	3876.004	3420.005
B12993	1111	1130	917	1366	1017	1060
B12994	887	901	866	616	746	596
B12995	860	731	838	1170	1209	1152
B12996	994	981	1045	692	611	691
B12997	2009	3428	2760	787	462	786
B12998	672	1200	803	406	222	351
B12999	537	990	927	127	90	172
B13	266	349	319	106	198	153
B130	1128	1280	1355	622	641	715
B1300	147	173	88	260	159	123
B13000	7733	13377	12611	2429	1394	2637
B13001	246	222	287	140	164	156
B13002	105	79	116	46	39	21
B13003	97	135	102	73	77	85
B13004	461	421	356	576	423	348
B13005	625	534	514	335	353	299
B13006	762	859	779	457	475	421
B13007	410	487	573	317	346	337
B13008	1653	1726	1994	877	977	968
B13009	928	1081	1066	489	571	580
B1301	3567.005	3126.005	2201.995	2752.0014	2724.002	2458.9997
B13010	1315.46	1377.38	1193	894	836.26	834.574
B13011	48.999988	38	60	11	6	8
B13012	924.065	555	389	2253.04	2051.65	1995.34
B13013	461	479	428	246	361	376
B13014	214	153	223	87	111	100
B13015	794	852	976	623	629	532
B13016	216	215	269	227	175	142
B13017	963	925	788	414	377	384
B13018	0	0	0	0	0	0
B13019	104	60	57	53	60	54
B1302	252	310	260	114	154	137
B13020	48	70	96	6	21	34
B13021	376	399.00054	471.0002	113.00003	125.000000059719	165.0002
B13022	1602	1750	1634	1436	1153	1377
B13023	1363	1482	1465	732	797	814
B13024	439	427	493	328	333	361
B13025	1560.99521	1785.99607	1933.0043	755.00027	771.99952	855.00029
B13026	1115	1069	1018	750	743	829
B13027	1308.0034	1117.00000004324	1160.0004	607	904	805.9994
B13028	4731	6370	6939	3266	3661	3358
B13029	295.9998	327	224	276.0001	280.999537	307
B1303	1486	1485	1424	593	509	546
B13030	1927	2189	1656	1064	1203	1228
B13031	21	6	30	0	2	4
B13032	960	1060	1109	775	900	1033
B13033	1720	1983	1819	389	844	686
B13034	103	17	51.99996	7	154	56
B13035	2709	2663	2477	2274	2136	1879
B13036	11	9	5	4	4	6
B13037	5891.9974	3998.0035	4085.9953	4727.0021	3738.0002	2950.0008
B13038	335.9999	414	437	185.0001	215.9996	161.0003
B13039	2345	2322	2280	2517	2232	1931
B1304	433	491	457	288	282	300
B13040	748	927	1160	247	323	366
B13041	1246	1481	884	1480	1811	2243
B13042	1425.99967	1397	1572.0028841	1018	1099.0005	1082.001
B13043	387	480	420	252	266	281
B13044	224	262	228.041	149	129	173
B13045	464.0003	445.9997	568	562	526.9995	445.0005
B13046	795	947	913	532	594	561
B13047	1438	1437	2343	399	582	529
B13048	473.0003	557.9997	485.0004	357.000000049183	301	363.0001
B13049	362.0000346329	289.00027309	295.9996625	156.9999661	166.000000016438	152.0004001
B1305	1020	1007	878	856	884	797
B13050	927	888	979	392	443	578
B13051	4292	5492	4657	4392	5772	6251
B13052	114	124	130	36	73	43
B13053	1433	1714	1516	914	859.393	890
B13054	562	525	532	148	167	264
B13055	257	328	293	188	197	215
B13056	506	541	442	488	489	407
B13057	62	82	79	18	31	49
B13058	988	1088	851	534	762	748
B13059	2824.002	2720.002	3735	1277	1434.001	1605.999
B1306	145	118	166	41	86	47
B13060	47	53	73	29	29	17
B13061	0	0	0	0	0	0
B13062	2117	2555	1924	2637	2608	2573
B13063	544.9996	627.9996	630.9996	285.0005	304.9998	369.9994
B13064	9	15	12	6	3	3
B13065	209.038	253.049	163.153	454	431	287
B13066	2720	2692	2552	2336	2780	2173
B13067	479	497	503	367	352	318
B13068	1200	1155	1114	520	544	670
B13069	266	248	265	105	125	151
B1307	113	74	73	104	61	81
B13070	1460	1661	1622	1557	1656	1863
B13071	4998	4604	4997	3689	3551	3538
B13072	274	464	424	148	220	208.0004
B13073	1310	1588	1395	920	1083	922
B13074	320	319	308	169	178	298
B13075	54	43	80	40	28	16
B13076	543	440	464	341	324.044	241
B13077	249.245	335.513	400.681	407.615	293.575	296.199
B13078	165	172	163	116	119	118
B13079	43	46	114	6	1	14
B1308	0	0	0	0	2	0
B13080	818	976	879.0005	409.0005	507.0005	519
B13081	2444	2631.005	2216	1940.001	1787.004	1948.003
B13082	499	580	541	447	379	398
B13083	776	820.0003	804.000000249902	578.9996214	550	570.0001
B13084	40	35	98	7	17	15
B13085	98	104	164	15	29	16
B13086	552.2751	653.57639	603.0447	215.923	308.2573	273.1466
B13087	1105	1014	1132	407	495	624
B13088	217	207	201	137	128	146
B13089	235.115	308	426	103	91.2709	155
B1309	101	137	126	106	158	99
B13090	63	74	108	21	47	38
B13091	2011	2333	2392	1801	2650	2266
B13092	127	156	160	60	96	70
B13093	429	394	357	397	328	325
B13094	134	147	209	117	115	125
B13095	1801	1902	1983	1121	1223	1228
B13096	1115	1066	981	1306	1269	1032
B13097	13488.97055	13882.9812	11945.981	11519.0325	12524.9769	11619.0345
B13098	915	1138	1051	642	661	668
B13099	1737	1882.997	1742.005	1348	1260	1294
B131	14798	15160	15875	9968	9880	10003
B1310	825	1103	896	862	979	977
B13100	260	223	228	129	147	161
B13101	1034	1057	856.0004	1052	877	842
B13102	261	256	244	119	170	122
B13103	368	348	334	200	257	226
B13104	207	146	161	102	95	114
B13105	1459	1634	1526	1313	992	1021
B13106	515	480	633	358	427	387
B13107	1012	953	921	669	743	730
B13108	233	193	147	127	98	132
B13109	103	109	127	29	60	36
B1311	821	758	747	431	494	477
B13110	513	705	655	307	391	317
B13111	322	431	395	249	212	212
B13112	1389	1689	1940	820	848	928
B13113	749	726	624	306	343	374
B13114	1332	1501	1554	758.853	835	758
B13115	256	272	186	457	395	234
B13116	474	579	659	149	149	160
B13117	395	417	359	352	298	375
B13118	287	354	581	313	342	333
B13119	858	811	477	563	495	594
B1312	348	408	252	215	162	182
B13120	828	850	877	563	572	637
B13121	705	799	668	764	585	683
B13122	724	745	650	680	720	512
B13123	266	260	252	118	132	137
B13124	4059.0014	3658.9929	3447.9994	4717.9906	4249.00073	3765.9971
B13125	247	178	126	203	198	201
B13126	363	278.151	236.074	149	189	178.033
B13127	6480.895	5803.906	6196.163	2884.1912	3042.776	2950.9594
B13128	39	19	28	26	30	12
B13129	2182	2100	2100	2025	2499	2176
B1313	297	288	312	247	253	240
B13130	8479	8495	5908	8131	7748	6372.58
B13131	8377	7593	6025	4446	4963	4768
B13132	1666	1533	1444	615	748	746
B13133	28681.975	31004.0457	26523	12335.0007	12625.9969	13977.9971
B13134	79	122	103	61	67	54
B13135	406	384	334	298	231	275
B13136	1056	969	1097	889	834	684
B13137	3393	3151	1760	6678	4902	3314
B13138	296	276	208	164	190	195
B13139	894	1063	1020	814	740	780
B1314	831	881	765	584	656	563
B13140	108.117	150	198.224	123	86.0918	73
B13141	143	108	112	198	202	115
B13142	3340	3532	3470	3126	2844	2811
B13143	95	120	384	49	6	48
B13144	48	157	109	35	22	11
B13145	217	186	448	149	49	86
B13146	114	198	222	18	19	22
B13147	150	164	158	232	195	133
B13148	533	753.152	688	538	445	536
B13149	1429	1481	1489	1197	1398	1191
B1315	5263	5343	3962	3401	3699	3714
B13150	1527.003	1597.003	1218.00085	1208.0037	1222.00000026126	1222.99851146
B13151	2298	2343.72	1995	1425	1342	1515
B13152	60	78	99	28	34	32
B13153	748	767	749	536	401	523
B13154	59922.04	79723.988	74978.799	40087.984	51007.997	50581.6
B13155	4837	4200	3083	5108	4749	4069
B13156	57	58	88	47	52	30
B13157	5	0	0	0	0	0
B13158	237	257.9997	170	244.0002	246	303
B13159	65	79	111	24	26	15
B1316	2584.0021	2586	2231.00000708794	1416.003	1471.00000002409	1535.00000200302
B13160	17	9	16	1	0	3
B13161	6	8	19	1	4	0
B13162	584	729	315	1273	1098	731
B13163	103	122	70	139	102	96
B13164	603	632	625	503	504	487
B13165	1338.002	1313.998	1179	815	932	867
B13166	415	367	428	202	266	248
B13167	1332	304	710	51	152	70
B13168	156	131	202	98	115	144
B13169	56	75	82	65	62	79
B1317	2290.00345	2535	1434.00000010694	5924.00140764	4041	2881.995
B13170	180	232	277	161	113	144
B13171	1203	1161	1322.003	518	414	694
B13172	982	999	762	732	668	761
B13173	445	502	492	350	339	332
B13174	274	321	356	256	182	268
B13175	374	234	262	275	315	310
B13176	3133	2797	2634	1705	1984	2079
B13177	322	353	414	196	278	253
B13178	1407.0003987	1280	1131	699.00036	740.0001	738.9995
B13179	136	152	163	108	160	148
B1318	1349.9975	1183.9977	1876.996	894	930	826.9997
B13180	786.00022	779	712.0003	677	503	569
B13181	2276	2465	2077	1495	1538	1760
B13182	2137.9958	2130.9966	1632.9986	1903.0002	1691.999	1523.0027
B13183	0	0	0	0	0	0
B13184	98632.777717716	214858.634587239	149652.159405062	277969.190879025	140412.12744	99055.9883430133
B13185	4029.80519172	9307.63293804	5712.7638349197	10568.1106326744	7639.41649457939	4324.3484038267
B13186	8640.8	14349.15	12006.98	13555.4	11567.35	9640.64
B13187	65178.7700000817	116390.1	82121.7900001898	136384.800000266	77137.1	66483.85
B13188	2.24620302	0	0	0	0	0
B13189	104.9963	16.4398	146.05776	172.0329	55.04159	34.5816
B1319	4	3	7	15	4	0
B13190	48.713	64.7695	47.9478	60.1522	10.8948	22.8647
B13191	0	0	0	0	0	0
B13192	66.3894	46.2297	177.037	129.013	50.2498	95.8448
B13193	21641.8	35287.5	17946.6	28545.5	20148.4	17300.6
B13194	23912.3565658366	54163.3258042779	38582.7713275676	67784.9491150212	34466.6017053648	26507.3849002685
B13195	3.02321e-05	1.0269e-08	2.90538e-05	7.68321e-08	1.2074e-08	0
B13196	32831.69	32909.78	32800.18	49419.1	28101.95	22911.55
B13197	4806.03220803192	11192.6870465473	8549.34429804494	18025.99642061	9166.08549875	6051.91419754
B13198	0	0	0	0	0	0
B13199	46126.3801395686	101476.3863	63847.1350000157	112374.156	64379.8095000288	54814.8000074055
B132	4871	5000	3591	3184	3214	3516
B1320	864.99953	900.99962	567	639	751	749
B13200	8831.852028	14108.5286024721	10046.544507	12609.9715758088	8278.03290434443	7213.6857000457
B13201	78987.700097434	113487.10980574	97664.4000006031	109191.800003391	74604.6024	69160.5
B13202	0	0	0	0	0	0
B13203	0	0	0	0	0	0
B13204	16412.5474038862	31665.890557115	17151.1866966571	25897.4200226748	16755.4802341091	17695.6701904177
B13205	22167.442	35452.8698	14126.0696505	26675.3996	18076.5300211178	16291.129
B13206	36519.73	64734.3	64646.92	88955	49309.14	38434.5
B13207	156902.440005503	305319.727000098	232247.814957373	379283.230012414	222950.306000065	175558.24
B13208	3928.98	10100.6	7324.75	14370.1	7784.19	4376.48
B13209	0	0	0	0	0	0
B1321	722	748	650	611	537	505
B13210	3070.28	28222.7	12664	15208.3	8103.05	9928.61
B13211	0	0	0	0	0	0
B13212	9.25203e-06	2.30971e-06	0.000144414	0.000300776	3.02155e-05	1.1542e-06
B13213	13905.5863	19699.637	15814.94	35368.5	26372.23	16498.98705
B13214	36079.7	55202.1	32119.3	44073.3	31646.6	33466.6
B13215	14873.59	31457.8	18919.31	30300.88	18164.7	16919.52
B13216	80.7299	22.3394	92.9934	5.059	14.3917	6.11334
B13217	152	180	133	169	208	131
B13218	273	307	246	221	182.481	163
B13219	677	696	1012	278	430	480
B1322	15	19	18	27	23	26
B13220	2912	3393	3260	1401	1757	1872
B13221	1094.04	1129.59	1178.56	722.106	530.038	597.876
B13222	1319	1312	1378	999	1030	1114
B13223	633.7096	520.3249	615.3154	413.7279	341.0113	372.6167
B13224	242.29	257.675	259.684	196.272	209.989	191.383
B13225	11	8	14	0	1	10
B1323	125	196	176	90	100	81
B1324	168	103	135	54	21	43
B1325	335	389	383	215	295	201
B1326	16	17	31	7	12	8
B1327	20	18	28	6	15	7
B1328	1074	888	1160	512	442	458
B1329	1046	861	798	973	886	774
B133	299	296	325	200	162	199
B1330	527	599	547	298	316	361
B1331	509	491	345	494	486	341
B1332	158	190	185	126	126	96
B1333	409.058	386	285	388	372	365
B1334	172	205	271	39	63	59
B1335	1398	888	801	1059	1107	1113
B1336	24	8	7	9	3	5
B1337	13	22	21	9	2	2
B1338	583	518	519	307	326	358
B1339	1285.49	1290.51	1007.29	599.726	707.196	639.992
B134	250	325	315	217	168	195
B1340	949.511	1099.491	884.715	644.274	860.805	848.008
B1341	184	159	110	82	104	133
B1342	1236	1235	946	950	1051	1046
B1343	791	943	672	498	683	755
B1344	959	1033	1115	649	848	764
B1345	23	40	19	29	10	3
B1346	874	818	861	721	632	587
B1347	306	396	181	427	507	336
B1348	888	848	810	454	665	499
B1349	2399.002	2824.9964	3003.9965538	2265.997	2441.004	2499.001
B135	786	1046	1059	580	576	486
B1350	175	193	165	167	162	126
B1351	2729	2143.998	2053.996	2457.002	2687.999	2167.996
B1352	187	187	158	230	191	143
B1353	204	223	208	134	98	153
B1354	3589.0042	2835.0038	3272.9986	2087.9986	2161.9982	1843.0021
B1355	235	334	254	120	140	161
B1356	1110	864	714	898	967	922
B1357	116	47	96	31	46	46
B1358	244	243	186	80	75	79
B1359	63	51	32	32	21	14
B136	257.0912	310.487	315.3792	126.3671	107.8484	120.3401
B1360	272	273	326.9999	195.9996	164.0003	227
B1361	315	173	161	266	235	204
B1362	1622	1510	1199	1236	1220	1101
B1363	437	404	551	376	337	434
B1364	1951.002	1897	1838.0012	1281.996	1625.001	1380.001
B1365	263	231	187	98	74	76
B1366	32	42	16	36	48	38
B1367	34	70	9	92	65	59
B1368	79	75	56	81	56	60
B1369	1193	1221.9955	1071.9968	1148	1169	1052
B137	678.76	591.502	653.493	254.507	302.421	402.929
B1370	490	456	314	313	369	243
B1371	695	764	664	521	626	435
B1372	106	77	156	28	32	52
B1373	120	186	158	37	42	44
B1374	887	899	981	405	408	439
B1375	0	3	15	2	1	0
B1376	665	763	758	968	785	650
B1377	724	662	379	432	612	346
B1378	113	148	251	9	32	3
B1379	254	323	223	458	422	306
B138	8461.0043	8428.0007	8010.998	8590.9956	7848.0024	7810.0003
B1380	1514	1535	1055	2018	1919	1430
B1381	231	206	176	98	166	129
B1382	381	401	299	310	269	290
B1383	631	673	533	404	315	363
B1384	410.0004	380	400	333	292.9999	254
B1385	38	46	38	38	40	42
B1386	396	366	412	267	262	246
B1387	270	263	310	105	151	146
B1388	49	102	35	146	91	62
B1389	1292	1243.64	1293	854	807	849
B139	718	889	770	520	352	473
B1390	11846	10046	9268	8297	8664	7369
B1391	177	150	232	71	55	101
B1392	218.935	166	156.516	220.043	222	165.807
B1393	254.065	177	261.484	205.957	151	192.193
B1394	107	71	101	35	59	28
B1395	818	629	993	419	455	577
B1396	107	148	141	88	74	88
B1397	1115	1059	775	2825	1801	1238
B1398	1468	1531.997	1330.005	1502.9963	1492.0003	1474.001
B1399	265.9995	301.9997	300.0002	81	158.9998	170.9996
B14	457	476	450	221	287	296
B140	280	276.456	340	199.354	204	171
B1400	1823.997	3371	3433	185	234	393
B1401	474	504	518	370	531	450
B1402	610	800	646	814	777	639
B1403	465	270	205	294	295	318
B1404	665.937	638.403	540.413	317.417	316	352
B1405	217	164	216	157	127	167
B1406	0	1	0	0	4	0
B1407	2221	2130	2268	1259	1481	1522
B1408	172	163	190	128	112	123
B1409	270	209	303	126	131	170
B141	509	425	454	270	302	333
B1410	145	139	158	81.99998	84	100
B1411	1924	2161	2197	1406	1348	1435
B1412	168	130	118	116	99	140
B1413	977	995	567	616	602	605
B1414	332	326	321	295	304	275
B1415	1244	1539.999	1462.996	823.0005	932	764.0005
B1416	2845	2965	2978.998	1803.999	1912.998	1713.9995
B1417	451	375	453	283	232	314
B1418	2140	1746	1653	1498	1573	1628
B1419	258	281	253	326	201	180
B142	1071	920	977	488	588	636
B1420	46	48	56	12	12	10
B1421	640.0000991304	656.00014	485	441	424	465.99988539
B1422	493	430	353	715	536	414
B1423	1089	1122	1258	304	417	408
B1424	1011.9996	865.9995	921.9999	1337.0034	1182.0023	972.0001
B1425	812	807	744	504	501	508
B1426	3231	3696	4011	1851.998	2281.996	2124.996
B1427	48	54	54	21	31	43
B1428	2092	2047	1922	1157	1218	1357
B1429	79.99997553	80	80	54	67	74
B143	840	820	828	450	551	422
B1430	5614	7119	5789	1646.003	2388.998	2431.005
B1431	1447	1553	1332	1196	1240	1253
B1432	881.00032	900.00023	615.9997	325.99984	343	397.9996
B1433	160.004	206.163	169	83	105.003	128.008
B1434	464	391	311	286	271	263
B1435	615	640	418	878	616	538
B1436	3275.098	3867.042	4339.931	1650.765	1984.468	2268.697
B1437	2617.898	2746.9576	3100.0655	1030.2313	1272.535	1457.3
B1438	2192	2152	1858	1168	1329	1470
B1439	9	0	5	6	1	3
B144	617	834.0002	525.0003	984	808.9999	851
B1440	1332	1492	1446	591	725	697
B1441	943	1024	909	467	533	512
B1442	392	302	265	272	230	241
B1443	2337	2497	2789	1299	2116	1718
B1444	624	696	496.0004	491.4776	480.0004	393.56957254
B1445	971	1249	1311.001	618	703	642
B1446	21	31	18	4	14	2
B1447	27	24	34	4	1	12
B1448	352.9996	295.0005	327.9998	107	182.99972	207
B1449	132.00002589	161	154.0000401605	92.00000432452	76	134
B145	517.0004	756	845	159.9997	160.000221	271.00037
B1450	490	421	407	289	294	362
B1451	180	214.0000870868	209	183	120	131
B1452	353	267	383	62	61	82
B1453	414	395	452	278	226.0001	377
B1454	161	151	156	62	80	67
B1455	1020	1085	1007	849	735	649
B1456	243	185	246	134	145	171
B1457	973	1203	998	708	599	661
B1458	1858	1833.000221338	1438.00000001082	2334.0000203501	1811.00000003392	1487
B1459	494	538	431	635	680	542
B146	1210	966.3	1010.9	546.199	670.707	714
B1460	1393	876	869	843	852	866
B1461	362	362	410	264	352	252
B1462	337.036	388	282.728	259.562	269	178
B1463	0	2	2	0	0	0
B1464	564.9996	560	512	687	662.9996	585.0005
B1465	380	291	399	222	284	212
B1466	687	594	603	281	358	351
B1467	1	2	1	0	0	0
B1468	207	277	194	94	117	95
B1469	321.0002	273	363.9996	167	230.9998	170
B147	325.518	401.494	457.515	389.484	320.89	315.833
B1470	1060.9995	1031.9997	884	1332.9964	1206.00331	910.00043
B1471	86	88	72	100	68	70
B1472	1165.9971	1141.995	1137.9969	737.0001	713.9995	766.0002
B1473	3992.9974	3282.0015	2392.9981	3041.0004	3319.996	3355.0077
B1474	1329	1215	1182	540	524	547
B1475	2064.15	2881.95	2752.78	1120.83	1455.5	1420.23
B1476	2643.85	3498.05	3281.22	1520.17	1894.5	1890.77
B1477	1164.57	1365.33	1495.59	858.835	984.49	1018.28
B1478	95	93	111	48	97	76
B1479	415	515	383	198	191	209
B148	967.405	974.198	1257.8324	827.5086	867.742	708.43538
B1480	130.84	218.055	135.65	106.834	62.9678	88.8295
B1481	1265.16	1402.95	1201.35	1107.17	949.032	910.171
B1482	96	120	90	76	78	68
B1483	893.963	793.967	1118.59	408.975	452.946	502.612
B1484	1587	1821	1962	799	838	903
B1485	851	861	828	394	368	409
B1486	1265.9977	1322.0036	1416.0006	643.0003	752.9997	860.0005
B1487	62	73	123	38	31	45
B1488	8	3	23	3	1	6
B1489	253	278	216	209	280	188
B149	1124.6	929.626	1114.6	1009.71	958.155	724.987
B1490	1154	1135	859	552	673	690
B1491	179.6674	234.6784	257.5625	162.65139	180.6782	196.9346
B1492	426.3321	551.3224	255.4381	46.3486	154.3215	129.0651
B1493	47	109	39	31	25	18
B1494	340	373	422	250	213	249
B1495	306	286	295	161	233	179
B1496	1240	970	687	1483	1544	1283
B1497	243	289	229	183	203	159
B1498	921	837	672	1023	1009	708
B1499	1184	972	983	975	938	898
B15	834	730	857	670	577	544
B150	120	150	150	120	162	128
B1500	213	144	296	81	233	167
B1501	5007.06	6338	6613	6416.2	5550	5939.22
B1502	1558	1500	1253	1256	1063	1162
B1503	491	849	701	251	353	293
B1504	298	344	255	541	314	269
B1505	2278	2915	2816	744	1081	1217
B1506	515	542	420	295	279	295
B1507	715	723	485	341	363	410
B1508	678	783	610	900	859	759
B1509	259.9996	225.9996	229.0003	154	172	154
B151	1381	1488	1184	867	1028	994
B1510	223	280	251	396	378	354
B1511	2570	2572	2073	1882	1806	1982
B1512	241	156	106	362	512	324
B1513	2706.917	2955	2129.003	3053.8	3115.999	2302.866
B1514	476	598	387	942	890	591
B1515	1119	1082	822	689	833	748
B1516	7	31	10	2	9	7
B1517	1115.717	1170.818	1090.179	833.952	863.715	907.38
B1518	283	227	223	92	119	189
B1519	104	156.0003	128	90	120	101
B152	1083	1258.996	1527.999	752.9998	845	796
B1520	389	296	366	187	223	242
B1521	124	121	108	39	43	65
B1522	236.346	257	310	164.037	216.688	187.822
B1523	479	401	412	1246	613	1010
B1524	194	330	175	91	117	124
B1525	1117	1546.0048	1114.9984	1769.0045	1977	1503.99864
B1526	54	33	19	64	43	42
B1527	25	21	47	16	34	29
B1528	2419	2304	1824	2307	2278	1686
B1529	129	131	62	310	273	210
B153	1093	775	1054	544	589	696
B1530	2	3	1	0	4	8
B1531	1427	1140	1125.9975	557	616	579
B1532	781	896	577	639	535	504
B1533	343	278	310	217	230	240
B1534	1683	1493	1117	1412	1358	1077
B1535	232	330	159	199	251	208
B1536	3479.998	3469.001	2680	2487.003	2466.002	2458.003
B1537	663	760	665	423	490	482
B1538	576	619.9999	583	482.0002	512.000515	547
B1539	749.9998	684.0007	682.9998	523.0002	663.9998	384.9996
B154	8	3	0	3	5	4
B1540	1626	1562	1545	1221	1198	1099
B1541	758	695	712	470	532	465
B1542	86.000018	135.00029	155	106	126	147
B1543	8	11	16	13	1	6
B1544	1127	1050	995	1125	919	682
B1545	53	123	177	8	12	27
B1546	761	830	497	869	901	576
B1547	721	733	724	270	277	318
B1548	668	628	524	588	579	571
B1549	5058.999	3302.005	2598.999	3508.001	4289.004	3576.003
B155	50	84	81	34	37	53
B1550	761	790	581	444	606	611
B1551	163	143	142	71	76	74
B1552	86	68	97	56	55	54
B1553	425	334	334	202	157	200
B1554	959.9996	890.0001	1031.0003	524.0004	632.0001	727
B1555	876	1034	928	979	814	735
B1556	486	541.9999	547	302	389.0003	355.9998
B1557	770	942	697	419	446	501
B1558	568.9996	687	636	181	319	298
B1559	43	31	23	17	20	4
B156	976	914	959	700	601	526
B1560	23.4012	20	9	29	21	24
B1561	991	1173	605	3019	2200	1622
B1562	989.9998	867.9997	707.0003	751.9999	502.0006	407.00052
B1563	41	63	60	23	55	34
B1564	12	23	21	6	17	28
B1565	895	998	1108	668	658	764
B1566	1615.00249	1638.0036	1557.9954	1395.996	1768.0017	1580.002
B1567	609.0003	557.9997	590	795.0001	780.0002	559.0004
B1568	475	325	289	372	369	388
B1569	12	0	2	1	1	0
B157	870	930	788	701	646	611
B1570	82	72	119	70	143	92
B1571	36	40	22	53	50	22
B1572	3716	3341	3366	2697	3267	2649
B1573	35	40	35	29	20	12
B1574	2	1	1	2	2	0
B1575	10800.004	11394.283	10733.0050471065	5168	6360.997	7348.997
B1576	101	112.562	177.933	129	134.583	89.0456
B1577	1149	1206	1250	686	728	610
B1578	246.518	195.48	230.859	100.921	155.85	154.76
B1579	686.4818	721.5199	254.1412	1332.078	967.1496	721.2396
B158	185.0003	149	135	60	123	90
B1580	367	407	421	277	283	236
B1581	228	326	286	173	181	189
B1582	848.472523	1034.44	821.735	738.000322566	819	795
B1583	318	296	337	287	225	223
B1584	764	874.464	666	1317	1044.62	884.16
B1585	188	145	252	76	98	127
B1586	721.9992	777.99945	878.0001	583.9999	606.0001	572.00013
B1587	1508	1074	889	521	616	652.9995
B1588	213	167.2949	203	191	117.00000719357	120.221
B1589	742.0002	787	757	490.9998	634	675.0003
B159	140	136	238	92	101	133
B1590	998	960	830	1023	952	1028
B1591	127	142	129	62	57	71
B1592	284	336	317	135	214	164
B1593	374	344	276	265	268	266
B1594	970.99987	922.00019	1149.00272001873	435.00048	500.999760028759	557.9996
B1595	2521	2357	2693	1415	1461	1635
B1596	16	2	15	13	9	6
B1597	133	191	119	127	89	99
B1598	3331.993	3122.003	3865.003	1924	1953	2298.001
B1599	1274	1443	1345	656	709	738
B16	1400.91	1262.9	1311.75	923.142	1151.07	1011.31
B160	209	200	303	213	218	178
B1600	830.369	839.759	770.452	657	556.488	570.431
B1601	43.6311	75.241	66.5476	49	53.5124	61.5692
B1602	396	418	491	149	205	218
B1603	1058	1138	936	776	692	779
B1604	664	704	707	435	387	548
B1605	165.0002	223.99975	188	150	104	100
B1606	842.007	934.005	763	707	730.01	757.011
B1607	484	417	510	242	222	247
B1608	150.353	213.269	167.876	169.766	172.19	137.725
B1609	2028	2342	2099	766	753	866
B161	595	566	692	16	7	17
B1610	1044	1145	1052	990	1039	907
B1611	370	410	336	260	262	262
B1612	1335	1744	1321	943	972	1006
B1613	297	263	316	258	258	197
B1614	348	260	229	359	381	241
B1615	2336.001	2466.998	1792.002	1754.9957	1655	1710.00201079
B1616	174	157	211	201	217	125
B1617	602	663	593	149	151	237
B1618	99	127	66	95	53	55
B1619	816	809	780	622	503	568
B162	907	947	689	719	855	650
B1620	291	286	300	81	116	202
B1621	59	24	42	21	49	26
B1622	1196	1277	1297	811	760	705
B1623	386	348	415	262	171	158
B1624	168	146	124	87	149	108
B1625	2285.996	2761.004	2193.005	1440.004	1534.996	1504
B1626	344	522	512	254	254	309
B1627	555	1152	853	95.00004	162	139
B1628	0	3	1	0	0	0
B1629	561	463	494	488	485	408
B163	1451	1398	1372	1246	1213	1233
B1630	1692	1421	1310	1483	1531	1277
B1631	3998.996	3850.997	3154.996	3687.004	4136.005	3657.002
B1632	470	494	343	272	259	408
B1633	31	9	11	10	9	13
B1634	1239	1109	1190	516	620	601
B1635	351	391	441	223	307	235
B1636	73	38	71	59	53	58
B1637	124	83	116	20	27	27
B1638	6993.998	7109.711	4929.001	9278.006	8411.996	6154
B1639	693	740	724	654	644	530
B164	0	6	6	0	5	1
B1640	469.794	365.83	408.349	225.915	220.224	308.473
B1641	528.206	648.17	573.651	531.085	502.776	391.527
B1642	387	361	491	284	292	307
B1643	737	901	839	253	296	321
B1644	798	812	630	439	540	584
B1645	470	608	498	310	330	320
B1646	1046	1065	1222	356	547	510
B1647	676.0003	631.0004	620.0003	358.9995	378.9996	385.9999
B1648	414.0003	364	394.9996	280	285.9999	319
B1649	1808	1976	1864	1084	984	951
B165	7443	7403	3893	17129	12969	9192
B1650	231	193	175	114	128	103
B1651	1006	1107	1241	784	665	758
B1652	147	159	157	75	103	115
B1653	391	462	413	455	360	350
B1654	0	3	10	1	7	3
B1655	1245	1716	1514	596	682	640
B1656	1170.39	1020.02	1084.74	883.391	788.583	807.834
B1657	66	90	143	35	40	32
B1658	1210	1339	1140	402	622	736
B1659	71.2487	78	133	5	9	23
B166	452	405	421	282	241	338
B1660	205.751	199	278	92	73	96
B1661	4	11	3	0	0	0
B1662	322	422	333	412	425	413
B1663	170	218	203	104	68	144
B1664	1235	1012.0000818331	880	1237.9954	1069.00000825981	1189.9954289
B1665	658	578	652	415	474	352
B1666	58	55	94	40	54	77
B1667	1115	1027	1067	592	611	668
B1668	101	54	61	35	32	55
B1669	248	267	260	153	196	235
B167	249	282	275	132	182	180
B1670	2839.001	2662.003	2311.002	2351	2076	2346.001
B1671	689	660	750	497	423	547
B1672	8448	11111.99	10253.01	4964.994	5900.004	5478.998
B1673	314	285	191	151	211	162
B1674	1163	1310	1260	703	738	684
B1675	102	73	64	14	23	21
B1676	1440.005	1561.004	1535.004	827.9996	959	1159.995
B1677	2190	2503	1764	1750	1881	2109
B1678	287	333	369	136	152	196
B1679	12330	10727	8817	13937	17695	16126
B168	17	39	12	13	7	15
B1680	109	69	79	66	61	88
B1681	865	952	742.000136428	555	589	701
B1682	670	570	589	264	327	351
B1683	229	214	202	171	169	143
B1684	70	43	57	29	34	16
B1685	326	276.071	328	133	137.039	180.114
B1686	351	342	425	308.0004	222.0002	220
B1687	128	189	170	59	66	99
B1688	282	225	198	153	174	185
B1689	71	67	90	50	60	56
B169	662.7955	797.52	471.445	1002	651.338	337.47
B1690	96	103	142	87	92	86
B1691	417	293	322	219	198	195
B1692	0	0	0	0	0	0
B1693	1988.002	1253	1466	1010	1132	1004
B1694	22331.97	22181.03	20325	12446.97	13485.96	13864.03
B1695	989	1109	826	456	453	546
B1696	872	742	634	554	502	596
B1697	0	3	3	0	0	0
B1698	538	564	388	340	360	362
B1699	2505	3270	895	5134	3140	2822
B17	121	136	164	164	159	111
B170	91.1564	98.534	132	86.8941	94	52.5023
B1700	177	201	175	120	160	108
B1701	450.00074	505.9999	407.00014	250.99998	303.00031	272.9995
B1702	414	429	513	233	265	273
B1703	946	812	776	821	724	686
B1704	1555	1736	1347	1327	1336	1343
B1705	476	449	475	421	277	284
B1706	136	117	202	94	81	95
B1707	1005	991	1110	372	439	500
B1708	169	105	282	82	89	91
B1709	190	172	173	489	319	540
B171	71.8436	49.466	0	25.1059	0	16.4977
B1710	5083.99864	3347.995	5608.0044	2097.99957	1834	2093
B1711	259	313	248	225	175	166
B1712	6944.99	6051.003	5128.999	5365.005	5842.003	5384.003
B1713	1834	2112	1895	916	948	1133
B1714	2279	1751	1190	1109	1364	1418
B1715	1870	1828	1659	2120	1622	1305
B1716	1162.00000731116	1329	881	747	810	864.00000109125
B1717	294	287	271	843	500	372
B1718	485	376	426	191	236	220
B1719	3	7	23	0	3	6
B172	265.9996	284.9997	286	214.0005	212.9997	203.9999
B1720	568	578	536	412	358	426
B1721	89	89	86	172	166	155
B1722	1116	881	808	1037	931	1050
B1723	725	733	773	356	378	471
B1724	741	1009	1034	278	408	438
B1725	1308	1444	1320	807	936	819
B1726	617	602	479	598	453	500
B1727	6852	8283	7738	6920	7279	7688
B1728	846	1299	1191	268	399	358
B1729	634	632	642	395	514	554
B173	378	417	331	216	243	201
B1730	613	764	653	225	441	375
B1731	518	607	617	259	355	391
B1732	726	802	756	419	385	398
B1733	662	703	889	312	276	451
B1734	59	85	120	16	27	24
B1735	58	61	75	23	45	34
B1736	926	1046.25	1244.27	726.624	775	714
B1737	3257.997	3575.751	3905.736	1817.374	2128.995	1762.996
B1738	452	648	269	893	908	931
B1739	411	395	335	259	339	319
B174	826	895	582	873	798	656
B1740	0	0	0	0	0	0
B1741	1047	1259	967	924	896	954
B1742	174	182	188	161	145	124
B1743	509	487	546	423	359	353
B1744	51	22	54	14	23	20
B1745	4	4	0	0	0	0
B1746	5296	6252	6190	4552	3999	3711
B1747	424	528	466	402	427	366
B1748	565.375	578.154	609.088	450.246	360.129	391.385
B1749	1078	988	1141	648	619	707
B175	440	443	238	570	556	492
B1750	1644	1764	1495	1145	1082	1042
B1751	1651	1469	1872	1499	1366	1232
B1752	36	42	70	67	28	54
B1753	118	128	133	46	74	74
B1754	1405.996	1386	1571.995	819	845	807
B1755	474	296	306	426	440	336
B1756	868	836	802	449	565	537
B1757	201	249	258	116	131	164
B1758	1637	1569	1484	1381	1394	1390
B1759	1314	1407	1207	928	899	1022
B176	371	486	352	305	355	248
B1760	514.001	426.9999	499	245.0002	299	292
B1761	334	302	398	112	186	191
B1762	753	953	840	534	594	553
B1763	649	588	589	514	505	473
B1764	777	834	835	610.255	519	407
B1765	949	1025	994	607	592	611
B1766	353.0000678129	359	337	207	222.000240096	224.000210192
B1767	78	94	117	91	61	42
B1768	945	963	781	978	819	746
B1769	2825.997	3199	2498.002	2269.002	2516.005	2276.998
B177	305	286	204	577	418	298
B1770	0	2	0	2	0	0
B1771	575.9996	634.9996	438	508	396	423.9998
B1772	666	860	933	356	414	440
B1773	402	496	433	291	358	284
B1774	3538	3764	3753	1641	1741	1542
B1775	700.063	876.597	916.587	410.583	483	482
B1776	835	948	761	194.0004	247	179
B1777	254	232	270	86	58	84
B1778	5566	5023	4189	3086	3235	3541
B1779	97	118	97	40	30	52
B178	344	391	353	170	225	214
B1780	3207	3283	3620	2298	3386	3537
B1781	401	482	445	310	324	331
B1782	162	142	183	16	49	99
B1783	218.0002	266.9999	264	28	44	104
B1784	1355.04423	1441.0467	1142.9992	1168.997	1020.038	1040.076
B1785	113	88	117	73	80	113
B1786	112.00017	97	119.9998	179	102	101
B1787	492	445	577	158	253	344
B1788	10	30	18	3	5	2
B1789	594	667	739	519	492	420
B179	68	62	38	74	58	72
B1790	423.1	511.639	388.445	258.449	338.894	312.875
B1791	1677.005	1865.997	1474	538	525	569
B1792	73	48	77	41	43	22
B1793	795.588	720.000095338	828	702.679	589.595000017111	582.544
B1794	110	111	102	40	80	30
B1795	1424	1102	1025	943	1048	919
B1796	1223	992	877	1429	1364	1157
B1797	572	598	514	467	351	464
B1798	1190	1592	1022	687	797	871
B1799	189	187	124	346	213	164
B18	1429	1409	1589	1255	1113	1087
B180	844	876	856	516	558	585
B1800	320	448	421	374	363	331
B1801	115	154	211	29	16	43
B1802	2090.998	2502.0032	1568.999	2885.997	2456.00168985	2112.99972
B1803	834	787	702	355	414	419
B1804	1135	1455.59	1217	714	814	880.22
B1805	1185	1294	1042	1305	1231	1019
B1806	60	71	85	67	65	67
B1807	491	510	597	225	234	272
B1808	0	0	0	0	0	0
B1809	1642	2017	2173	409	602	751
B181	265	355	348	127	140	123
B1810	643.0003	697.00011	446	790.0002	775	688.0003
B1811	146	107	135	81	57	92
B1812	2460	2800	3156	1827	1759	1709
B1813	46	50	18	56	36	45
B1814	399	396	364	266	411	308
B1815	346	357	368	194	187	146
B1816	1170	1114	1181	972	1057	1020
B1817	13	17	15	49	34	28
B1818	43	62	64	19	35	57
B1819	8	35	38	21	4	5
B182	2326.9955	2490.004	2280.998	1870.001	1881.001	1871.9984
B1820	41	86	49	36	27	30
B1821	593	436	437	400	457	447
B1822	6534	3222	3677	4064	4521	3650
B1823	757	827.9996	1085.9978	80	15.00000502109	54.999996
B1824	37	33	33	41	10	18
B1825	102	115	99	89	84	48
B1826	518.661	785	546	291	300.649	388
B1827	1239	1431.003	1176	877	953	865
B1828	13	62.8577	17	28	13.2318	12
B1829	75	147.142	45	66	47.7682	51
B183	330	343	386	144	126	225
B1830	230	243	210	187	196	159
B1831	1345	1365	1506	799	895	870
B1832	1106	1038	1347	621	596	532
B1833	47	66	76	33	42	35
B1834	598	612	650	508	578	485
B1835	596.9999	576.000500037072	532	369.9999	348	325.999930446
B1836	76	89	114	26	56	33
B1837	103	98	119	30	59	44
B1838	7	2	11	0	0	0
B1839	67	89	164	5	11	21
B184	184	174	235	87	115	102
B1840	433.61	401	409.098	216.443	244.507	233
B1841	121	151	125	88	97	122
B1842	1515	1728	1025	2881	2314	1915
B1843	721	732	682	581.04	473	455
B1844	80	86	46	124	173	62
B1845	379	310	386	214	198	219
B1846	0	3	0	5	0	3
B1847	886	707	599	504	548	563
B1848	493	421	407	112	143.9998	227.0004
B1849	478	409	315	585	476	454
B185	522	508	516	56	64	63
B1850	16	30	16	3	5	4
B1851	2123.001	1835.996	1715.999	1504	1540	1431
B1852	575.9998	597.0003	424.0005	500.9995	496	370.9997
B1853	927	1339.99718	1352.001	579.9997	685.9996	683
B1854	210	254	152	326	177	137
B1855	248	210	115	245	231	252
B1856	1398	1464	994	1013	1012	929
B1857	883	930	767	601	686	706
B1858	1877.996	1700.002	1438.9957	1342.997	1319.9952	1193.9962
B1859	226	177	254	115	130	133
B186	1042	1063	1163	691	682	700
B1860	5211	2816	2969	2127	2153	1794
B1861	236	204	152	132	128	178
B1862	2188	2625	1903	1354	1613	1666
B1863	274	248.000000697929	269	115.00000506299	140	154.0001
B1864	260	242	253	136	166	126
B1865	1058	1183	1263	813	775	736
B1866	110	119	68	303	220	211
B1867	235	253	272	85	98	130
B1868	148	152	186	66	65	72
B1869	309	263	353	206	214	224
B187	1209	1515.997	723	3152.002	2689.998	2000.004
B1870	515	540	589	258	325	332
B1871	2437.995	2542.997	2270.001	2354.005	2534.003	2558.002
B1872	104	101	112	64	149	122
B1873	363	342	349	318	250.0000000198	236
B1874	36	25	27	22	26	19
B1875	514	574	500	171	165	186
B1876	1417.25	1604.32	1028.62	3721.6	2774	2108
B1877	803.9999	724.0001	579.0002	924	853.9993	765.0002
B1878	1197	1324.002	1245.997	1049	1101	880
B1879	453	724	733	275	380	363
B188	86	102	112	34	45	69
B1880	336	217	270	123	114	136
B1881	378	483	442	387	350	347
B1882	289	344.0003	387.0004	180	233.9995	187.0001
B1883	392.2689	274.0003	441.19699	386	157	184.2063
B1884	277	266	212	314	376	297
B1885	1021	1334	1811	468	512	562
B1886	259	278	284	159	132	194
B1887	509	381	423	363	291	327
B1888	76	73	89	45	68	44
B1889	401	415	497	353	349	265
B189	112	151	150	117	80	102
B1890	536.9998	364.0001	311.9995	416.9999	295.9997	303.9997
B1891	127	129	132	161	81	157
B1892	147	144	84	96	91	91
B1893	952	1067	643	1001	965	788
B1894	32	23	33	8	13	11
B1895	79	138	89	25	67	59
B1896	395	381	588	311	290	274
B1897	483	525	626	321.9996	363	335
B1898	116	88	111	46	7	55
B1899	1287.9957	1109.9996	1406.0034	1139	1132.0014	999
B19	7339.7853	7937.2564	6536.68408	4877.284	7903.98328	7865.42097
B190	146	92	143	100	83	77
B1900	128	148	164	71	73	77
B1901	405	347	425	147	190	185
B1902	1776.005	1836.997	1387	1260	1340	1305.999
B1903	239	313	304	241	254	252
B1904	5774	7381	7647	2579	3290	3374
B1905	912	929	801	400	485	556
B1906	366.9998	380.0001	351.0005	129	194	197.9999
B1907	205	404	227	94	184	213
B1908	60	67	62	12	37	43
B1909	1372	1702	1471	1204	1171	1061
B191	681	665	442	643	710	558
B1910	280	279	249	131	143	194
B1911	512	497	546	291	295	263
B1912	1262	1059.99933	1154.00005	838	833	776
B1913	216	173	125	167	250	118
B1914	310	314	230	111	135	130
B1915	1610.004	1465.001	1332	864	1227.995	1126
B1916	857	815	682	724	685	560
B1917	863	723	949	443	469	456
B1918	108	139	126	100	78	107
B1919	40	21	56	44	33	23
B192	443	512	362	342.0000146183	295	336
B1920	62	75	67	40	72	69
B1921	225	145	184	152	104	145
B1922	204	256	151	170	187	182
B1923	546	562	550	360	398	436
B1924	1818	1935	3172	440	564	644
B1925	654	687	742	342	391	485
B1926	238	242	222	151	109	148
B1927	482.0003	434.0004	431.0004	410.9996	350.0004	342.0005
B1928	1351.00081	940.00022	966.0003	1222.99973001481	1228.99970165898	1343.99547
B1929	534	661	445	352	464	392
B193	249.191	305	160.129	435	316.243	341
B1930	41	37	48	38	21	34
B1931	399	473	388	256	223	237
B1932	681	549	506	411	373	472
B1933	190	206	222	152	163	109
B1934	292	214	244	162	164	193
B1935	1024.69	1244.76820638	1224.23	625.133	885.201	1127.18
B1936	1372	2069	1698	1802	2441	2502
B1937	1798	1914	1687	2048	1796	1672
B1938	214	236	213	72	111	76
B1939	1623.004	1584.004	1520.9962	903	949	960
B194	1300	1462.995	1357.0018	732	854.9995	930.9995
B1940	210.0003	234.9999	282.0004	155.9996	147	147
B1941	2137	5657	4723	1020	1531	1412
B1942	1691.002	2029.005	1905.995	1266	1491	1422
B1943	124	120	150	33	58	44
B1944	2438.004	2592.998	2320.003	1607.997	1545.997	1736.997
B1945	290	292	438	186	158	203
B1946	523	612	516	414	409	461
B1947	10	16	15	1	13	11
B1948	1199.0002	1055.0006	1234.999815	1011.9996	1042.9993	1161.9998
B1949	1526	1520	1589	984	1042	1012
B195	457	367	410	249	284	308
B1950	340	191	286	119	139	112
B1951	114	64	194	85	52	87
B1952	633	643	726	236	309	297
B1953	753	800	745	587	634	560
B1954	1008	1105	1265	801	774	695
B1955	3438	4335.002	2818.004	1896.003	2698.00484	2637.9995
B1956	13	1	1	10	9	16
B1957	883.994	1441.42	1004.05	515.802	716.562	601.006
B1958	936	883.9999	1028.00070018033	535.0007	592	623.99995
B1959	460	557	577	217	283	286
B196	3948	4484	3831	4406	3568	3466
B1960	1495	1469	1612.003	970	1158	1188
B1961	267	284	274	228	325	258
B1962	272	247	293	178	195	180
B1963	177	213	226	117	134	115
B1964	254	233	221	157	107	153
B1965	87.8626	76.8727	136.007	74.0835	90.2913	64.1389
B1966	8	3	8	1	9	5
B1967	4897.14	6306.13	6672.99	3041.92	3897.71	3364.86
B1968	243.99970102	258.9995	203.999587276	431.99888	671.0006	434.999806
B1969	63.0512	52.0029	104.095	63	30.0023	57.1243
B197	26	40	29	47	32	20
B1970	850.9996	805.99988897	649	553.999781	628	549.99953
B1971	119	139	144	64	68	40
B1972	2200	2432	2589	1525	1380	1477
B1973	1148	1194	1225	635	536	541.0004
B1974	389	382	314	182	148	295
B1975	204	200	192	139	197	154
B1976	1978	1850	1312	1434	1683	1704
B1977	803.981	1273.41	1092.17	510.601	620.877	547.518
B1978	1	55	3	6	6	0
B1979	905.995	975.268	979.597	910.608	749.857	737.171
B198	63	76	101	73	50	65
B1980	611.005	719.732	679.403	459.392	528.143	526.829
B1981	1258	1384	1292	1219	1032	946
B1982	1554.9958	1873	1911.99535915	686.99951	836.9998	714.9996
B1983	810	667	592.0000152135	878	942	719
B1984	698	725	601	421	394	402.0001
B1985	597	841	729	431	471	478
B1986	485	381	378	267	274	304
B1987	7897.99888137747	6077.003	10693.9950004023	1451.9964	1277.00212	1933.0020019
B1988	39678	57355	52893	26789	35954	46504
B1989	740	815	764	412	482	538
B199	167.9997844	197.0003	134.9998	227.9997	186.0003	169.0002
B1990	14	21	25	4	2	13.00000170174
B1991	1140	1006	1103	728	768	751
B1992	65	73	95	26	10	30
B1993	2107	1986.997	1911.996	1702.999	1584	1437
B1994	458	394	480	250	275	262
B1995	154	202	197	109	113	135
B1996	1127	1214	1228	619.433	694	609
B1997	135	129	139	120	135	110
B1998	34	28	13	19	11	9
B1999	173	154	120	131	116	166
B2	946	874	847	620	518	565
B20	556.000000148711	539	495.000024	258	388	353
B200	471	512	608	295	254	279
B2000	145	205	184	113	107	93
B2001	317	248	197	231	207	180
B2002	242	241	211	92	143	131
B2003	501	482	476	227	217	323
B2004	447	564	566	290	397	339
B2005	686	718	686	426	423	477
B2006	1070	914	1047	722	795	738
B2007	500	428	585	215	238	211
B2008	58	54	57	40	32	25
B2009	165	164	149	46	79	95
B201	468	552	519	315	322	348
B2010	144	108	132	32	61	45
B2011	515	531	455	147	165	149
B2012	791	930	888	525	587	592
B2013	1900.996	2073.001	2471.004	1240	1219	1149
B2014	365	381	363	230	227	253
B2015	26287	26430	30529	12925	13827	13867
B2016	818	1160	1205	582	865	782
B2017	301	334	363	376	377	384
B2018	426	401	534	168	196	197
B2019	1201.003	1085	1347	891	899	810
B202	429	365	404	410	377	386
B2020	388	450	355	250	250	276
B2021	913.9996	1167.9969	892	744.0002	773.9999	680.9998
B2022	210	295	250	101	167	142
B2023	241	196	289.99978	96	67	89
B2024	286	333	431	122	114	108
B2025	187	209	220	80	115	96
B2026	806	803	831	533	539	644
B2027	1045	1208.56	1248	692	644	582
B2028	988	964	1005	698	521	641
B2029	1044	1029	1145	707	786	859
B203	88	69	91	60	88	115
B2030	789	830	946	637	582	691
B2031	133	167	234	77	88	129
B2032	2691	3269	2909	1630	1815	2037
B2033	1547	1399	1152.00286	1996.997	1852	1710
B2034	448	469	545	358	386	273
B2035	77	75	116	87	101	76
B2036	258	191	230	136	169	134
B2037	410	367	422.9997	271	292	209
B2038	363	405	397	270	280	238
B2039	209	249	191	94	119	151
B204	748	714	831	551	349	439
B2040	538	558	586	371	412	481
B2041	0	0	0	0	0	0
B2042	0	6	0	0	0	0
B2043	61	30	32	33	30	45
B2044	0	0	0	0	0	0
B2045	0	0	0	0	0	0
B2046	364	398	428	191	207	243
B2047	815	1134	908	434	587	629
B2048	35	43	67	35	13	10
B2049	192	211	206	153	133	123
B205	735	640	508	660	707	518.0001
B2050	732	693	690	389	540	451
B2051	376.0002	438	449.9996	344.0001	327	328
B2052	144.993	157.9	44.7255	360.56	385.441	215.856
B2053	172	218	146	200	191	234
B2054	210	203	105	222	193	197
B2055	141	71	74	78	79	109
B2056	383	346	428	249	315	208
B2057	358	325	305	196	152	145
B2058	891	852	626	2321.997	2181.996	2205.001
B2059	1658.0027	1688.003	1856.001	741.9995	905	998.9997
B206	1055	995.0003	1164.9994	750.9999	669.0002	666.9999
B2060	1233	1282	1102	579	793	857
B2061	45	31.2072	30	18	9	20
B2062	10	9	8	0	1	3
B2063	359.0002	601	230.9996	116	151.0003	245
B2064	2731	2770	2572	1168	1180	1367
B2065	176	197	209	173	131	152
B2066	3116	3601	3921	1937	2141	2054
B2067	111	81	106	53	78	62
B2068	2119	2428	2171	2086	1714	1763
B2069	251	250	233	137	160	211
B207	153	149	180	132	143	145
B2070	4321	3529	3511	1999.9955	2293.0015	2171
B2071	209	288	246	182	139	155
B2072	734	829	581	372	553	513
B2073	5011	4415	3438	3339	3866	3944
B2074	0	0	0	0	0	0
B2075	1731	1721	1870	1109	1144	1254
B2076	353	386	182	107	116	207
B2077	978	1013	912	629	553	558
B2078	215.841	267.19	197.548	169.506	126.324	125.744
B2079	178.159	179.81	154.452	69.4942	129.676	67.2562
B208	381	375.000141726	427.999672	74	126.9999	97
B2080	143	176	99	223	287	178
B2081	3410	3124	2519	4311	4549	4041
B2082	395	408	435	217	248	215
B2083	1125	1203	1123	765	888	653
B2084	1053	1151	1237	577	647	755
B2085	638	978	742	425	471	606
B2086	1007	991	1152	661	691	702
B2087	489	449	550	234	329	272
B2088	1952.003	1620	1452	780	1325	1209.995
B2089	975	860.244	806.03	992.801	877.398	760.504
B209	1578	1684	1364	867	877	1092
B2090	512	502	541	336.9995	268.9995	290.9995
B2091	562	610	473	475.9996	502	466.0002
B2092	340.0004	300	449	149	167	151
B2093	516	536	389	439	238	342
B2094	600	531	704	373	483	399
B2095	1347	1368	1250	1021	893	977
B2096	302	270	245	113	135	214
B2097	85	74	101	62	89	45
B2098	443	514	432	203	245	227
B2099	27	16	8	11	10	12
B21	139	165	94	311	244	207
B210	1063	1157	1106	840	906	806
B2100	285	345	397	215	213	220
B2101	312	352	394	262	233	277
B2102	222	340	210	323	330	235
B2103	801	1075	792	971	1045	959
B2104	281	377	463	155	169	180
B2105	275.0002	362.0001	310.9999	130	111	162
B2106	3265	3319	3079	2277	2497	2462
B2107	966	750.0005	499.9996	1465	1131	1051
B2108	138	137	139	139	125	122
B2109	2102	2349.996	1352.9997	3823.006	3136.995	2338.999
B211	8	7	0	1	0	8
B2110	253	228	230	195	199	202
B2111	248	265	255	140	213	156
B2112	951	966	1020	715	621	725
B2113	1684	1741	1575	1411	1335	1240
B2114	1062	1028	783	667	828	802
B2115	2212.33	2643.83	2701.85	1061.26	1305.25	1324
B2116	3603	4145	3175	2011	2317	2249
B2117	577.9	635.361	578.555	248.551	328.106	315.125
B2118	1846	1802	1779	1207	1294	1395
B2119	68	37	45	21	30	51
B212	1049.88	894	979	814	730.729	635
B2120	2202	1940	1606	1086	1338	1195
B2121	1814	1476	1067	922	994	1045
B2122	138.00007	66	102	39	70	83
B2123	958	1070	960	1152	1001	830
B2124	1620.001	1695.998	1541.995	1139	1142	1129
B2125	1139	1278	1081	1121	924	978
B2126	0	3	0	0	0	0
B2127	1563.1131	1546.1345	1321.0018	1064.3266	1163.7258	1155.3464
B2128	1161	1245	913	1169	1001	1013
B2129	1617.017	1809.996	1775.566	1397	1311	1393
B213	120.0004573	79	119	64	98	82
B2130	736.865	606.694	901.997	412	382.07	468.248
B2131	169	159	165	93	91	129
B2132	640	676	587	302	360	402
B2133	78	77	104	36	54	42
B2134	320.299	405.357	409	178	143.252	208
B2135	81	83	90	68	86	66
B2136	20	33	14	5	19	4
B2137	269	253	206	157	133	145
B2138	83	95	73	24	9	8
B2139	184	166	181	132	118	150
B214	164	134	129	41	61	68
B2140	490.9998	548.0002	570.9998	383	368.9996	292.9996
B2141	202	268	215	234	246	202
B2142	938	1197	810	1981.002	1626.998	1090
B2143	1150	1189	1002	610	731	892
B2144	203	211	202	123	159	129
B2145	115	57	65	88	101	50
B2146	447	492	492	311	304	305
B2147	640	663	522	613	537	475
B2148	2863	2301	3431	1875	1897	2325
B2149	617.00026	542	481.0002	488.0004	522.0004	388.0004
B215	1602	2023	1958	1607	1556	1358
B2150	1191	1100	1269	793	713	862
B2151	1304	1504	1357	832	938	934
B2152	17	15	31	20	8	20
B2153	30901.442	28593.853	33833.307	39472.506	29971.33	29384.776
B2154	691	720	768	341	391	351
B2155	2189	2710	2580	1659	1928	1490
B2156	3	6	7	13	10	6
B2157	841	1009	798	642	647	769
B2158	206	350	347	130	200	188
B2159	240	387	450	107	208	133
B216	926	1074	939	565	581	677
B2160	266	304	399	234	163	228
B2161	206	291	294	159	183	156
B2162	164	181	216	128	115	157
B2163	684	731	599	301	399	436
B2164	648	603	496	308	354	308
B2165	153	225	143	147	141	164
B2166	320	245	268	146	171	152
B2167	72	53	89	26	35	37
B2168	31	10	13	15	7	20
B2169	38	47	74	43	26	44
B217	489.104	374.772	565.4378	294	286.00006	334.9999
B2170	359	400	359	232	256	252
B2171	435	517	508	131	193	237
B2172	3246.06	3489.41	4553.64	1178.78	1336.44	1449.5
B2173	1409	1502	1116	1136	1003	1046
B2174	66	61	79	10	11	30
B2175	2489	2877	2106	1232	1177	1489
B2176	3001.99500043722	3930.9990229554	2230.995898979	6348.99608060333	5240.99897	3394.00523
B2177	748	683	635	476	568	610
B2178	434	328	452	265	258	292
B2179	175	193	177	106	124	126
B218	499.162	627.826	497.153	242.697	252.609	276.399
B2180	15154	15259	14395	5930	8368	8188
B2181	497.0002	547	537.0001	348.9996	346.9997	304.9996
B2182	140	131	176	27	51	66
B2183	1554	1565	1461	863	922	792
B2184	291	333	275	254	307	233
B2185	3529.6	3817.12	4406.93	2321.64	4041.03	3808.92
B2186	673	687.0004	844	678.9998	619.9998	560
B2187	22	16	11	6	2	6
B2188	1027	1149	1034	537	593	582
B2189	969	936	781	711	696	693
B219	1293	980	716	1119	1025	728
B2190	707	719	635.9997	351	400	375.9999
B2191	1820	1915	1401	1910	2000	1924
B2192	138	195	168	57	49	76
B2193	658	528	426	312	344	376
B2194	4437.9960211	4813.002	2935.99600011045	8553.996695	7319.99745664	6080.998
B2195	1711.002	1530.002	1782.001	1057.9953	1005	1122
B2196	1483	1299.003	1501.004	1678.9953	1339.001	1022
B2197	223	231	200	82	75	75
B2198	434	436	403	297	278	275
B2199	1954	2441.51	2362.91	1733	1617.99	1548.51
B22	460	461	427	328	398	514
B220	1147	1229	986	506	587	586
B2200	37	10	12	20	25	12
B2201	1732	2043	1852	788	929	856
B2202	555	459	554	388	351	369
B2203	1441	1822	1614	736	995	1290
B2204	889	779	900	443	605	643
B2205	2583.002	2772.997	2319.003	762	953	1211
B2206	1513.63	1962	2151.8	815.525	1052	864
B2207	8339	8136	6997	3833	4115	4336
B2208	14	31	34	23	11	35
B2209	2044.005	2089.004	1886.004	1428.002	1426.004	1383.999
B221	5087	5726	4333	4727	4400	4388
B2210	975	922	930	648	661	703
B2211	309.00049	247.0003	390	309	296	261.9998
B2212	1856	2138	2351	1207	1335	1158
B2213	19	16	28	6	26	23
B2214	29	22	22	10	13	12
B2215	176	166	212	118	82	113
B2216	458	514	420	269	307	312
B2217	302	349	193.011	402	376	337.05
B2218	1333	1195	932	1409	1513	1395
B2219	2597.999	2685.0041	2155.9967	1806.0027	1712.9998	2064.003
B222	371	344	360	325	248	244
B2220	504	532	488	353	348	418
B2221	593	683	770	393	414	460
B2222	161	228.00043	185	79	120	87
B2223	291	368	331	180	285	212
B2224	406	428	233	556	498	354
B2225	1328	1148	1063	740	915	933
B2226	1301	1443	857	2528	2222	1716
B2227	682	597	583	351	342	399
B2228	307	264	327	432	318	286
B2229	369	350	462	262.0004	287.9996	244
B223	315	309	261	209	159	170
B2230	114	126	86	73	98	107
B2231	899	847	889	610	595	633
B2232	370	341	387	167	187	168
B2233	1458	1561	1419	1166	1343	1465
B2234	667.000257921	668	812	497	551	464
B2235	2191	2553	2818	1027.00000010552	966	1244.0031192
B2236	721	798	712	448	476	456
B2237	1185	1167	1071	730	897	683
B2238	640.704	942.261	1447	521	907	866.724
B2239	252	204.325	205	45	54	35
B224	756.0000674356	673.0005	713.9995	324	408.0004	344
B2240	486.229	416.926	412.186	352.812	337.163	294.526
B2241	3001.07	2683.49	2318.81	2851.79	2439.84	2209.75
B2242	732.068	649.631	643.878	317.293	268.007	259.67
B2243	286.932	278.369	354.122	108.105	114.993	176.33
B2244	1314	1620.41	2769	1046	1095	1563
B2245	1457	2021.59	2915	596	575	1058
B2246	1117	1021	977	1028	932	854
B2247	664	1102	858	306	389	498
B2248	921	1221	1087	344	536	685
B2249	271	339	255	204	234	212
B225	125	150	143	170	150	97
B2250	75	69	78	57	72	27
B2251	1132	924	1106	1268	1013	929
B2252	191	218	179	187	146	141
B2253	149	113	135	59	53	54
B2254	0	0	0	0	0	3
B2255	757.9997	803	894	494.00027	593.9997	508.9996
B2256	479	440	611	226	319	265
B2257	346	318.000000486807	313	220	259.0001	217.9997
B2258	2167	2581	2770	1274	1314	1299
B2259	36	36	53	50	37	24
B226	602	636	598	355	456	454
B2260	0	0	0	0	0	0
B2261	237	308	268	144	134	173
B2262	985	1372	1410	676	881	818
B2263	918	518.0003	651	273	277	253.0004
B2264	205.9998	165.9998	172.0004	125	142	109
B2265	86	82	116	47	45	62
B2266	186	182	186	179	150	154
B2267	921.0001	1325.00000002431	505	1771.002	1833.00118	1414.001
B2268	1	0	2	3	5	3
B2269	837	883	660	790	700	747
B227	8532	9116	8269	3506	3692	4015.999
B2270	531	541	478	376	350	320
B2271	1143	1231	1301	626	699	643
B2272	80	127	126	37	43	33
B2273	18	11	10	0	5	7
B2274	262	256	261	151	154	200
B2275	466	398	423	382	283	382
B2276	1227	1288	1035	1058	1087	1030
B2277	1182	1499.001	1616.997	754	837	910
B2278	454	466	320	452	400	387
B2279	21.99997	13	10.0000013666	11	11	10
B228	415	607	585	245	306	297
B2280	846	941	897	404	445	470
B2281	212	176	164	78	69	92
B2282	606.312	725.237	819.766	402.867	356.799	502.822
B2283	439	494	694	159	226	231
B2284	2537.999	2794.001	2427	1913.004	2046.001	1870.0045
B2285	541	541	510	239	218	304
B2286	1322.0006	1136.9955	1269.0029	1063.0006	992.9996	1127.9952
B2287	2820	2866	2140.002	4230	3254	2783
B2288	188.0001	177.99994	137	61.9999	137	86.9999
B2289	133	138	130	88	89	85
B229	599	492.9996	336	341	424	378
B2290	4139.99560001548	3892.9937	5029.99710001283	2590.0026	2875.999	3032.0014
B2291	813	852	764	552	696	683
B2292	381	362	469	97	143	179
B2293	19	44	43	38	25	45
B2294	1320	1303	1357	646	682	718
B2295	0	0	0	0	0	0
B2296	208.9997	267	266	165	171	163
B2297	433	594	492	356	346	302
B2298	3005.001	3053.0034	2681	1716	1775	1710
B2299	599	601	644	239	317	333
B23	349	368	408	199	240	220
B230	1039	984	1152	1327	1009	857
B2300	597	629	843	263	255	317
B2301	3189	2884	2915	2900	2233	2378
B2302	831	747	811	621	638	668
B2303	118	160	97	117	135	120
B2304	228	255	199	231	153	165
B2305	289	315.109	215.222	218.396	140.106	267.504
B2306	546.9997	557	632.0001	246.9996	344	323.9998
B2307	17425.961	16221.0497	18386.956490486	6144.0039	8233.9978	7652.0004
B2308	518	469	625	282	295	302
B2309	296	360	307	212	277	257
B231	203	207	251	167	147	148
B2310	768	817	684	560	548	563
B2311	435	493	361	273	222	306
B2312	904	1025	889	626	684	677
B2313	1804	2096	2038	1555	1422	1322
B2314	112	75	42	103	61	83
B2315	480	421	531	299	290	278
B2316	1431	1271	1454	1003	913	739
B2317	2358.999	2320.996	1984.004	1670.998	1596.001	1481.999
B2318	230	294	363	141	139	219
B2319	82	83	95	54	78	54
B232	2835	2579	2176	4510	3966	3976
B2320	128.103	123.496	182.918	83.409	99.7258	82.7252
B2321	312.897	317.504	233.082	148.591	123.274	122.275
B2322	616.9997	585.9995	677.0002	566	502.0004335498	457.99989
B2323	14	25	17	31	31	38
B2324	181	239	291	183	145	99
B2325	3272	3565	3975	1910	1756	1842
B2326	956	1122	1061	644	589	691
B2327	4	11	17	0	0	0
B2328	1071	1164	1024	807	789	1031
B2329	1591	1810	1673	957	978	1054
B233	384	357	375	311	282	234
B2330	3270	3232	2747	1686	1687	1757
B2331	78	69	76	62	58	57
B2332	88	92	72	126	53	38
B2333	238	277	266	41	59	88
B2334	60	54	65	41	35	26
B2335	133	188	185	118	122	108
B2336	27	33	26	34	44	45
B2337	8072	9293	9223	5888.002016	10762	10057.000000763
B2338	2961.2108	2583.48058701119	3930.2464	921.000680048091	925.6615312831	1146.53052270768
B2339	11	18	16	8	7	3
B234	2314	2261	2283	2067	1696	1951
B2340	0	1	4	2	0	0
B2341	15	15	8	3	0	3
B2342	362	391	301	295	291	263
B2343	986	988	952	795	762	721
B2344	143	133	129	98	110	104
B2345	5570.002	5599.998	5107.002	5191.001	4775.998	4346.004
B2346	220	220.9998	238.9999	240.0003	190	156
B2347	264	262	208	86	127	146
B2348	82	88	94	93	63	89
B2349	272	205	329	146	122	147
B235	2549	3154	3241	841	1247	1533
B2350	4474.003	5555.002346029	5630.0056403	2589.0012	3014.0004	2996
B2351	450	388	435	353	519	489.0002
B2352	58	46	64	44	41	33
B2353	1647	1776	1823	1391	1480	1454
B2354	41	36	73	14	20	32
B2355	137	108	89	42	59	27
B2356	1287.0001	1262.998	1282.9994834	722.0001	699.99990174264	679.9995
B2357	236.9996	233.0002	384.0003	98	70	134.9999
B2358	4093.001	3914.004	3255.003	3306.004	2983	2976.004
B2359	1997.999	2157.003	2058.002	1008	1197	1178
B236	2075.004	2696	2068.003	1275	1547	1408
B2360	193	150	161	96	92	122
B2361	130.123	155.525	143.682	58.7983	50.7548	81.8399
B2362	219	174	195	117	166	135
B2363	342	336	326	159	187	152
B2364	719	439	429	225	389	410
B2365	82	62	82	50	54	57
B2366	979	592	435	1136	1280	1098
B2367	744	718	668	645	712	630
B2368	585	621.732	389.9996	751	713	580
B2369	3	22	4	7	4	4
B237	741	866	772	708	774	642
B2370	348	243	457	126	103	183
B2371	1602	2141.999	1926.583	1072	1096	1141
B2372	66	38	131	7	13	19
B2373	1002.9999	1090.9965	876	706	597	676.0002
B2374	105	122	122	55	59	50
B2375	830	1016	807	569	617	663
B2376	96	134	151	26	25	27
B2377	971	1078	596	2511	1548	1007
B2378	3947	3721	3304	3751	3390	3222
B2379	145	133	271	40	33	78
B238	5	10	13	16	3	3
B2380	1033	1033.000680671	993	954	780	776
B2381	1625	1666	1391	1148	1082	1110
B2382	539	481	390	239	233	397
B2383	1493.0014	1595.0017	1671.995	1093.0044	1141.0001	1050.0012
B2384	713.2132	856.76	752.9995	332.9995	539.9996	461.2988
B2385	2886	3382.62	4071	2480.19	2266.8	2208
B2386	2662	4425	4233	752	1117	1306
B2387	1245	1310	1112	691.0002	802	685.9998
B2388	139	104	114	52	61	47
B2389	1207	1068	1310	476	471	456
B239	113	165	70	179.9997	164	127
B2390	244	309	298	138	201	162
B2391	39105	53764	31351	39308	56661	63634
B2392	123	200	133	180	117	116.516
B2393	4207	4924	4885	3161	4329	4688
B2394	972	925	790	441	479	601
B2395	1168	1263	1326	1166	1162	943
B2396	3367	3333	3114	1636	1692	1779
B2397	1541	1723	1561	1039	1026	1116
B2398	151	153	134	97	117	84
B2399	792	815	855	432	491	424
B24	194	288	288	24	36	43
B240	2213	2238	1722	1265	1700	1744
B2400	130	136	117	78	85	85.99995
B2401	9	11	12	4	2	0
B2402	111	123	156	51	82	82
B2403	64	53	75	55	58	57
B2404	11299	17277.1	12494	12149	16068	22044
B2405	88174	72453	56176	112940	119869	139345
B2406	6	3	14	2	4	14
B2407	53	60	49	47	39	19
B2408	842	1062	854	1020	1294	1408
B2409	4284.04	3723.03	2374.02	4310.01	5203.09	5875.02
B241	806	905	746	851	772	619
B2410	75879.16	74579.12	68596.23	56187.53	62589.38	73184.92
B2411	667031.4544	647877.288	483611.39	442412.147	493164.553	655676.892
B2412	1258	1457	1102	879	896	821
B2413	14566.9665	15656.99017	8504.99532	34777.9546	22343.95895	15709.96613
B2414	13	23	18	9	17	7
B2415	172	160	205	98	143	87
B2416	1646	1689.001	1882.004	1190	1429.999	1341
B2417	7441.97	6925.97	6335	6325.93	7144	7171
B2418	243	282	475	124	140	230
B2419	1928	1991	1579	1641	1570	1560
B242	1191	1306	849	1641	1013	1060
B2420	1190	1007	798	622	580	622
B2421	452	452	521	274	365	296
B2422	217.4743	281	248	137.00006	172.9996	137
B2423	175	190	225	65	74	90
B2424	231	174	246	156	104	136
B2425	3226	3548	1696	8376	6920	4824
B2426	450	552	645	404	434	373
B2427	761	686	490.0004	1386.0044133	917	1179
B2428	1857	1947	1992	1096	1213	1356
B2429	227	197	282	175	102	131
B243	511	434	472	370	279	284
B2430	20084.017	19587.961	11438.001	26092.025	22175.993	22231.959
B2431	155.067	181	219	82	105	90
B2432	2938.75	3544.9978	3588	2467.99892	2314.4	2380.99892
B2433	18	79	37	0	0	3
B2434	1262	1341	1331	844	1003	993
B2435	997.9996	1153	1229	343	409.99959	481.00032
B2436	81	113	125	20	42	41
B2437	1072	973	1242	592	722	644
B2438	2446.0036	2433.9967	2263.00458	2003.9996	2068.9976	2040.9975
B2439	532	496	469.99977	390.0004	373	497
B244	4260.54	4511.799	4142.53	3412.708	3449.9	3341.622
B2440	209	282	243	115	146	160
B2441	859	923	1056	760	698	793
B2442	128	171	258	111	84	101
B2443	125598.6243	110953.7041	84126.46	158245.741	167738.7752	213753.225
B2444	131125.358	110524.799	82095.484	164963.965	174163.552	223841.494
B2445	311	388	394	294	264	212
B2446	1013	878	1024	1554	1746	1231
B2447	1029	950	920	742	684	739
B2448	50.00002	47	43	16.00003	6.999999	19
B2449	341	335	358	235	310	237
B245	478	455	475	305	326	321
B2450	1028.38	938.795	878	610	795.85	625.549
B2451	173	159	195	62	89	72
B2452	478.9997	404	324	240	224	222.0005
B2453	2018.9978	2202.004	1999.996	1467	1509.997	1603.004
B2454	1012.00007	1250.999	1159.0003	648.9997	810.9999	746.9995
B2455	5862.9931	5859.9966	4864	4684.998	4995.0066	4481.004
B2456	47	67	90	29	34	42
B2457	4136.074	4435.074	3033.998	4717.99586	4484.1132	3927.1812
B2458	117	137	153	96	75	74
B2459	16	13	22	1	1	0
B246	539	593	668	468	397	587
B2460	395	422	426	307	275	266
B2461	1425	1423	1275	1239	1186	1065
B2462	100	128	85	64	59	52
B2463	484	462	488	267	320	235
B2464	1131	1133	1116	1041	1114	1057
B2465	565	547	499	364	397	411
B2466	210.0002	237.0003	275	131	98	143
B2467	429	333	322.0001	247.9998	304	380
B2468	249	252	332	147	207	153
B2469	2539	3525.25	3524	1800	2129	1991
B247	281	238	299	147	223	230
B2470	463	826	775	70	140	84
B2471	287	306	263	158	147	194
B2472	223	253	228	142	176	238
B2473	2507	3334	3656	1525	1814	1748
B2474	51	83	115	57	63	36
B2475	111	606	480	18	30	31
B2476	44	27	36	15	11	8
B2477	466	577	539	421	360	352
B2478	28	39	42	25	23	23
B2479	31	11	31	14	3	19
B248	568	604	631	382	439	429
B2480	738	664	604	183	339	371
B2481	1501	1400	1262	1019	1095	948
B2482	1968	1853	1608	1279	1617	1419
B2483	370	328	259	273	356	289
B2484	1984	1830	1480	963	1244	1287
B2485	1278.005	1199	1079	553	673.0004	854
B2486	1458	1311	1247	889	705	881
B2487	354	342	370	332	252	237
B2488	617.486	581.256	638.206	977.162	1293.203	974
B2489	381	450	435	357	306	287
B249	2158	3406	3125	1012	1633	1312
B2490	3497.99893	3584.996	3445.99615	2618.99778	2460.0024	2444.99990592428
B2491	0	0	0	0	0	0
B2492	793	859	905	596	620	681
B2493	617	503	500	289	331	392
B2494	519	640	640	226	272	248
B2495	231	214	196.959	103	178	158
B2496	275	346	274	216	233	171
B2497	528.91	603.091	494.113	392.872	433.008	349.519
B2498	1072.196	1094.073	1106.79	962.7991	903.448	910.7945
B2499	99	145	150	29	23	43
B25	730	1086.00039	1445	324.622	476	462
B250	76	70	80	47	67	69
B2500	293	443	385	255	216	338
B2501	187	217	199	124	142	141
B2502	1230	1216	1267	837	833	799
B2503	137	66	105	70	57	68
B2504	50	34	35	18	15	31
B2505	977.0004	1050	1191.0033	681	629	702
B2506	281	263	281	164	184	189
B2507	2419	2566	2054	1860	2149	2262
B2508	1632	1831	1218	2554	2050	1486
B2509	223	207	195	140	146	156
B251	1738.998	2129	2117.001	654.9998	894	879
B2510	369	433	450	232	226	257
B2511	500	563	563	197	180	190
B2512	812	936	876	486	539	574
B2513	1085	1191	1312	576	634	750
B2514	1030.78358	970.3349	1014.70348	739.4822	611.3162	693.7645
B2515	247	213	186	132	167	204
B2516	130	182	172	72	68	113
B2517	157	111	139	116	143	106
B2518	155	184	142	96	104	83
B2519	2127.996	4059.003	3285.005	945	1627.996	1581.997
B252	35	42	24	7	9	12
B2520	788	520	460	483	613	295
B2521	139	167	148.0004	98	120	108
B2522	449.163	535.429	420	296	323.405	316.66
B2523	2491.002	2094.004	2391.998	2270.997	2079.998	1839.005
B2524	134	100	92	78	44	48
B2525	1151	1020	961	868	864	654
B2526	2324	2412	2108	1762	1553	1482
B2527	201.9997	209.0004	260.9998	131	154	128.00034635
B2528	215	282	240	151	171	153
B2529	243	223	327	96	140	153
B253	2430.912	5143.264	4955.763	3367.645	1972.023	2503.929
B2530	635	640	708	416	447	384
B2531	419.9997	464.0002	404.9995	257.9996	368	255.0003
B2532	2053	1909	1697	995	908	1083
B2533	605	525	509	318	236	327
B2534	1175	1625.001	1590	682	813	860
B2535	135	114	141	150	214	200
B2536	496	428	360	322.0003	400	322
B2537	1086	1145	1076	835	880	933
B2538	85	50	47	52	40	29
B2539	521	712	708	324	332	346
B254	0	0	24.3045000945298	0	7.7398	7.59598
B2540	830	688	726	394	421	391
B2541	967	952	957	473	505	522
B2542	630	706	690	434	415	418
B2543	1181	1542	1562.00000104358	718	917	859.000000030345
B2544	58	56	42	20	20	32
B2545	642	666	430.9999	559.99999	581.9999	476
B2546	383	363	473	72	99	165
B2547	947	690	516	625	726	622
B2548	1312	1404	944	781	821	673
B2549	38	61	53	38	48	24
B255	2552.45	5356.25	4625.28600001377	4327.94339298	2200.4505	2281.159
B2550	411597.9141	397946.0085	353078.8073	211210.14	284200.8245	328190.716
B2551	602	496	402	603	615	477
B2552	133	196	155	291	234	146
B2553	754	936	834	439	533	604
B2554	1018	1455	2055	911	2055	1906
B2555	615	678	575	358	350	346
B2556	664	755	756	537	447	550
B2557	97	42	90	52	58.0000091	42
B2558	0	0	0	0	0	0
B2559	0	0	0	0	0	0
B256	13.3533	19.3438	3.86876	11.6063	2.57917	0
B2560	550	673	694	336	364	395
B2561	373	412	427	259	303	255
B2562	103	90	123	106	110	72
B2563	702	802	749	1667	1542	1189
B2564	61	37	48	17	21	18
B2565	610.485	521.949	575.111	506.686	372.642	427.12
B2566	805	834	847	290	338	273
B2567	23212	23309	34904	28495	22401	25399
B2568	948	1257	730	1743	1578	1147
B2569	448	423	443	228	240	291
B257	4265	4134	4045	4738	4150	3247
B2570	253	367	380	202	203	224
B2571	413.066	468.082	479.402	294	362	309
B2572	198	259	216	167	170	148
B2573	1953	2188	2031	1036	1214	1278
B2574	502	499.9998	259.0001	438.0004	401.0004	334.0002
B2575	995	1016	910	952	918	787
B2576	13579.0259	13130.98	13573.0044	7499.9983	7763.998	7962.0015
B2577	1652	1743	1634	1492	1339	1335
B2578	451	496	435	348	276	356
B2579	360	317	296	454	470	434
B258	287	367	260	453	521	328
B2580	967	1219	952	377	463	605
B2581	172.0004	159.0001	212.9997	53	84	125.9996
B2582	1736	2175	2155	1067	1331	1187
B2583	967	1458	1415	566	675	633
B2584	140	181	133	97	104	136
B2585	2220	2079	1897	2022	1797	1803
B2586	504	620	554	340	294	362
B2587	429	395	337	364	418	355
B2588	272	319	393	149	175	175
B2589	19	26	32	25	19	21
B259	3091	1778	1974	1053	1095	1176
B2590	532	503	460	306	318	263
B2591	2652	2547	1684	2514	2679	2294
B2592	1771	2436	2184	1152	1211	1084
B2593	2717	2816	1753	3488	2713	2849
B2594	92	215	138	80	96	90
B2595	2104	2575	1857	2490	2348	2397
B2596	1694	2067	2185	943	1040	1029
B2597	86.1654	138	92	47	80	40
B2598	260	285	279	168	156	186
B2599	228.0002	211	265	172	174.0003	195.0001
B26	656.0001	798.9998	835.9997	519.0004	546.0004	455.9998
B260	11	15	6	11	2	5
B2600	600	730	725	539	527	524
B2601	763	843	881	345	484	498
B2602	298	236	123	278	266	273
B2603	2125.098	1923.601	1609.511	2264.129	2235.335	1863.932
B2604	516	602	556	307	365	314
B2605	217	236	200	170	211	212
B2606	323	306	429	134	209	158
B2607	580	634	510	320	441	351
B2608	462	442	450	219	205	267
B2609	3426.08	3870.46	4411.83	3477.27	3077.52	2784.1
B261	132.0004	121	91	101.999522628	104	83
B2610	2094	1896	2056	1276	1400	1239
B2611	1137	1219	1452	928	814	800
B2612	979	1222	1148	694	780	759
B2613	1597.9989	2054.9959	2186.9975	577.00011	877.9998	1213.0002
B2614	1172	1063.9997	823	789	765.0002	764.9996
B2615	833	793	792	426	405	480
B2616	351.00037659	473.0003651	386.0002	203.0004	247.00030786653	257
B2617	2175	2193	2085	1471	1800	1782
B2618	1765.003	2052.005	2028.001	1126	1556.998	1384.996
B2619	65	88	41	75	88	54
B262	1361	979	678	1217	1218	900
B2620	1138	978	890	739	719	750
B2621	1202	1689	1709	695	1014	1140
B2622	8834	10420	11564	7487	8530	9099
B2623	411	441	431	417	324	376
B2624	4	6	10	18	18	7
B2625	41	111	71	54	39	66
B2626	1107	971	1181	740	928	933
B2627	174	189	137	87	56	49
B2628	3273.0022	3035.02504	2582.00845	1912.0729	1629.99733	1623.00352
B2629	62	57	77	94	189	113
B263	39	43	38	26	13	31
B2630	4438	3350.999	2652.002	2163.998	3159.999	2694.002
B2631	278	302	291	95	134	167
B2632	20	38	18	24	31	14
B2633	319	316	275	171	182	166
B2634	67	65	57	25	30	29
B2635	137	150	119	138	113	113
B2636	2900.998	3081	1956.999	2456.996	2378	2591.004
B2637	8636	8095	5916	5437	5396	6213
B2638	526	536	443	214	325	302
B2639	28	32	37	20	24	33
B264	76	108	151	78	74	70
B2640	20277.1	23744.7	20672.7	11238.1	11320.5	11413
B2641	7	6	7	4	2	10
B2642	1578	2026	1675	1083	1257	1522
B2643	2589	2529	2358	1879	1796	1636
B2644	164	172	165	70	90	92
B2645	349	304	327	327	315	303
B2646	257	312	321	250	261	261
B2647	1343	1310	1143	1126	1094	1048
B2648	1178	1124	1047	650	775	701
B2649	12167	16726	12628	8826	11347	13375
B265	1271	1471	1397	874	895	839
B2650	67	59	70	87	107	110
B2651	1204	1177	1635	668	778	755
B2652	1634	1582	1558	842	865	913
B2653	247	309	217	189	197	221
B2654	1624	1669	929	1498	1314	1112
B2655	848	864	815	741	728.000000451188	698.0002
B2656	84	75	55	48	48	14
B2657	1076.9958	633	492	728	865.0002	433
B2658	330	310	260	192	149	169
B2659	44097	48087	37960	13088	18689	19598
B266	33	25	35	4	9	16
B2660	1153	1017	791	577	639	705
B2661	0	0	0	0	0	0
B2662	517	543	522	137	163	184
B2663	15504.04	18596	10625	22564.97	17582	15677.97
B2664	642	643	564	475	443	405
B2665	24	20	21	4	16	17
B2666	449	321	294	287	322	203
B2667	630	539	557	326	352	344
B2668	2622	2475	1816	5068	4708	3501
B2669	1551.99959	1647.00299	1654.0021	1176.99582	1297.005	1169
B267	408	487	576	197	290	221
B2670	1451	1222	1160	558	591	453
B2671	1379.00270578643	1927.9995	1518.9955	818.9997	1106.00000456611	996.0001
B2672	302	304	299	256	265	267
B2673	425	457	481	351	378	423
B2674	733	996	817	687	690	695
B2675	320	165	171	195	188	164
B2676	716	511	617	292	303	322
B2677	131	163	135	86	130	111
B2678	123	143	99	198	199	149
B2679	388	291	429	167	189	205
B268	346	290	210	374	279	244
B2680	219	149	229	100	81	93
B2681	1261.9975	1226.9986	1499.999	772.9999	836.0003	795.9999
B2682	2454	2206	2008	1292	1340	1452
B2683	552	449	480	281	281	331
B2684	1013	1130	1069	782	786	808
B2685	1506	1620	1226	1164	1093	1242
B2686	430	416	481	217	166	213
B2687	11	30	9	17	28	8
B2688	4794	5137	5168	4076	4525	5087
B2689	1044	1117	1154	707	769	743
B269	633	637	584	353	456	468
B2690	383	322	696	74	67	145
B2691	480	426	427	255	322	316
B2692	31	26	11	25	21	19
B2693	263	204	140	202	203	159
B2694	141	287	170	25	71	96
B2695	528	596	571	252	307	330
B2696	563	849	731	403	510	471
B2697	636	532	638	543.321	538	479.456
B2698	479	523	488	347	295	331
B2699	1983	2105	1815	1225	1282	1184
B27	593	524	606	264	191	251
B270	2752	3577	3559	2099.997	2579	2237
B2700	634	629	607	946	695	625
B2701	645.99988	670	501.000108	449	506.000356	415
B2702	1197.0025	1176.00000033001	1247.00096144	613.0003791	720.00013421	718.00016998
B2703	442	415	435	116	116	113
B2704	89	75	56	73	70	70
B2705	728	489	551	755	622	586
B2706	706.0004	699	757.0001786191	708	614	700.999800022938
B2707	418	484	632	351	382	351.00012
B2708	3013	3262	2287	1658	2256	2496
B2709	647	503	504	330	345	409
B271	3987	3925	2991.99955257	2346.0027	2448.99500178646	2621.997
B2710	1225	1400	1461	767	775	979
B2711	585	565	487	343	317	365
B2712	1339	1544	1272	1266	1609	1397
B2713	7458	5506	4522	4111	4896	4580
B2714	733.00034	790.99946	575	962	767	688
B2715	509	591	409	810	702	609
B2716	1048	830	906	1071	779	741
B2717	564	611	749	312	318	311
B2718	539	425	391	519	491	507
B2719	1085	1182	980	831	1041	1039
B272	1	3	3	0	0	0
B2720	966.0002	819.9991	873.0001	636.9997	696	617.001
B2721	51	34	79	7	14	33
B2722	557.113	625.108	561.061	273.103	403.11	430.021
B2723	70.99999	77	54	53	75	57.00002
B2724	772	770	509	1169	900	840
B2725	14	17	12	19	9	10
B2726	221	220	206	150	178	159
B2727	143	150	148	59	71	64
B2728	67	63	83	11	27	16
B2729	17	31	18.99997999	27	5	7
B273	57.9999552	46	49	18.000007	16	18.999957957
B2730	1134	1145	1073	596	596	663
B2731	653	556	658	255	339	371
B2732	749.0003	814.9999	771.0001	787.0008	739	720.0002
B2733	1128	1134	1099	1053	826	780
B2734	894	953	908	630	666	569
B2735	1246	1206	1177	920	775	773
B2736	222	244	156	125	203	211
B2737	504	493	545	275	279	320
B2738	236	275	336	145	182	122
B2739	116	151	161	42	82	62
B274	9	10	12	26	7	5
B2740	246	373	459	107	212	257
B2741	550	590	610	327	317	394
B2742	470	554	557	438	445	399
B2743	1343	1187	1046	479	538	552
B2744	312	290	344	165	231	225
B2745	368	409	431	335	317.0001	317
B2746	187	212	175	62	45	102
B2747	422	430	358	272	236	305
B2748	286	281	309	183	240	132
B2749	1658	1742	1860	1236	1051	1133
B275	291.339	294	242	214	178.351	170
B2750	223	264.0002	334.0001	85	42	62
B2751	865	1098	1110	412	259	368
B2752	82.2651	153.494	166.241	25.9354	3	19.7271
B2753	204.735	161.506	401.759	35.0646	22	51.2729
B2754	1234	1339	1482	216.0003	153.0233	246.0003
B2755	387	286	311	248	277	234
B2756	743	922	881	865	750	687
B2757	410	323	353	324	329	303
B2758	326	340	261	192	179	177
B2759	66.0834	77	115	4	23.4666	15
B276	675	589	534	384.141	507.685	403.063
B2760	431	438	322	479	492	436
B2761	15	16	15	5	2	6
B2762	427	510	337	372	350	312
B2763	271.99975	329	314	221	158	169
B2764	828	778	674	901	854	786
B2765	147	113	135	43	47	44
B2766	449	456	521	240.9996	274.999643289	247
B2767	5700	6637	11135	1670	2705	3073
B2768	1712.99749942	1865.9946732	2077.003	1203	869.00006669	1103.0001
B2769	1609	1546.9998	1627.9993	641.9994	852.9999	735.0006
B277	222	196	142	77	81	79
B2770	899	922	893	594	556.9996	534
B2771	237	277	249	158	178	155
B2772	230	208	187	201	189	207
B2773	9	14	4	12	11	2
B2774	1736	2263	2448	721	1056	874
B2775	358	311	229	632	548	466
B2776	835	799	662	513	658	547
B2777	290	224	279	319	230	224
B2778	994	887	856	763	666	661
B2779	359	376	389	199	211	210
B278	197	261	249	138	196	146
B2780	629	521	510	441	527	479
B2781	234	201	190	133	132	91
B2782	248	358	201	150	176	202
B2783	290	286.99952134	342	168.9999	169	235.0001
B2784	28	40	49	10	15	36
B2785	16	4	26	14	9	8
B2786	1755	1470	1581	1237	1267	1099
B2787	449	594	645	366	361	358
B2788	5178.0039382	4639	2676.000148683	8926.996	7147.0000656806	4987.005
B2789	2093	2159	1152	5070	3131	2272
B279	39347.997	35738.045	46250.024	18273.97	24099.9712	21954.0463
B2790	2519	1965	1785	638	718	999
B2791	57	46.00004	42	71	79	56
B2792	368	312	365	310	318	284
B2793	1	11	13	8	6	15
B2794	5	46	3	106	85	47
B2795	674.0001	922.9998	782	525	563	590.9998
B2796	384.0003	341.0004	348.0004	307.0004	262.9995	235
B2797	2982.996	4035.999	3982.001	1623.003	2217.001	2163.999
B2798	529	686	633	383	378	349
B2799	1614.002	1593.999	1309.001	1171	1106	1235
B28	540	472	560	363	486	500
B280	244	369	303	314	363	263
B2800	78	99	44.0149	114	111	86
B2801	192	228	128	382	263	230
B2802	98	87	34	51	73	59
B2803	830.0002	864.0002	708.0002	533.9996	607	481.0004
B2804	528	525	554	246	291	277
B2805	163	144	164	132	134	129
B2806	173	304	332	74	68	145
B2807	248	226	200	132	158	221
B2808	67	91	56	31	49	49
B2809	12650	11383	9445	11270	10703	10982
B281	607	664	685	361	359	297
B2810	490	499	506	295.0002	304.00033	324.9999
B2811	995	1069	822	882	1026	1005
B2812	431	418	376	325	335	315
B2813	515	487	461	341	343	417
B2814	1730	1891	2261	1748	1672	1482
B2815	1245.9994	1258	1359.999265737	814	859.999737627	1024
B2816	784	922	673	344	516	603
B2817	99	70	118	45	58	61
B2818	738	796	712	432	510	467
B2819	791	887	586	951	904	690
B282	0	0	0	0	0	0
B2820	1729	1891	1630	1207	1281	1208
B2821	694	647	606	401	353	314
B2822	325	274	339	192	187	164
B2823	954	975	855	636	553	646
B2824	2018	1773.999	1295	2789.002	2507	2298.004
B2825	933	1052	959	623	583	590
B2826	530	438	666	483	449	398
B2827	349	295	313	208	209	152
B2828	1101	1137	1081	1190	986	899
B2829	14	16	4	26	17	15
B283	37	74	127	15	19	26
B2830	14188	18990	16654	10478	11242	10400
B2831	3059	3280	2938	2415	2496	2481
B2832	114	107	86	140	129	109
B2833	852	971	705	667	751	789
B2834	194	200	287	155	110	136
B2835	241	253	252	188	151	161
B2836	114	178	127.99986	112	127	110
B2837	1670	1577	1719	944	814	893
B2838	799	750	772	782	599	523
B2839	160	194	200	85	92	75
B284	562.071	507	616	737	653	361
B2840	763	726	884	588	641	684
B2841	44	99	56	26	12	12
B2842	335	385	361	272	270	303
B2843	894	959	958	445	629	573
B2844	156	153	201	122	157	164
B2845	500	529	506	388	353	333
B2846	0	0	0	0	0	0
B2847	429	407	346	380	467	498
B2848	224	225	281	156	165	124
B2849	147	146	208	114	121	108
B285	839	905	884	666	621	631
B2850	565	643	648	390	450	459
B2851	1899	1810.999	1854.004	1155.001	1192.0002	1274
B2852	5844	6874	4816	5017	6392	6017
B2853	714	833	712	690	617	632
B2854	1241.99735	1221	1459	911	936.000000228955	899
B2855	405	411	419	256	382	272
B2856	402	318	458	302	345.9998	335
B2857	2348	2327	3083	1558	1619	1592
B2858	162	151.99974	120	143	161	147
B2859	245	242	329	204	172	189
B286	337	418	470	275	252	220
B2860	16026	14489	11799	16322	15649	14450
B2861	444.9997	558.0002	428.0001	359.0001	326.9999	294.0002
B2862	235	303	258	179	307	223
B2863	1171	1289	1209	647	627	645
B2864	545	729	507.99961	481	538.0004	564
B2865	469	592	424	460	466	387
B2866	1408	1494	1623	1069	1149	1121
B2867	161	98	150	122	113	132
B2868	1947	2225	2644	1458	1425	1574
B2869	1067	1058	949	991	744	693
B287	3	8	22	1	12	1
B2870	3250	3718	3554.00000518537	2523.000586933	2599.995875	2745
B2871	652	730	598	498	520	569
B2872	189	204	248	38	23	58
B2873	348	294	293	151	242	220
B2874	381	384	325	716	455	418
B2875	700.9996	630.9996	650.0004	371.0004	441.0004	445
B2876	408.00022	376.0001	390.9999	223.0002	220.0003	233
B2877	3	10	6	2	2	1
B2878	25	48	55	59	37	34
B2879	577	382.9995	482	92.0000000134716	84	116
B288	1557	2223.75	2031	853.397	1182.25	1103
B2880	105	117	120	114	123	118
B2881	95.0668	87.4729	95.8865	42.5107	41.444	48.5336
B2882	149.699	95.7682	107.207	68.4208	86.9431	51.4743
B2883	402	368.0005	415	233	286.0003	226.9999
B2884	1477.3	989.232	2219.79	128.579	124.057	260.526
B2885	229	111	163	67	59	92
B2886	73	63	97	15	24	27
B2887	86	67	54	86	37	36
B2888	889	848	793	364	385	428.0003
B2889	596	760	683	490	514	415
B289	64	66	127	66	66	67
B2890	204	239	270	172	180	131
B2891	81	69	36	100	42	48
B2892	227	261	338	212	216	183
B2893	103	108	103	60	60	56
B2894	478	371	372	169	193	228
B2895	1095	986	845	660	712	647
B2896	25	42	25	5	16	19
B2897	311	305	310	214	241	237
B2898	1583	1708	1642	734	802	807
B2899	1028	1126	762	934	889	773
B29	2412	2557	1791	1438	1395	1555
B290	1165	1203	1204	614	719	660
B2900	380	342	248	175	161	217
B2901	1668.447	2263.001	2305.995	1022	1234.998	1161
B2902	1253	1351	1533	526	711	656
B2903	615	730	512	848	1052	934.999
B2904	90	52	46	34	45	57
B2905	87.2667	108.099	66	87	104.434	91
B2906	328	484	356	196	188	154
B2907	658	653	676	560	444	521
B2908	2075	2102	2106	1411	1382.9987	1184
B2909	3087	3196	2975	926	1198	1079
B291	1928	2586	2449	1045	1183	1389
B2910	14356.27	17178.01	19153.04	4023.87	4883.69	5641.11
B2911	18432.9970279737	20205.9556103	16632.9670452086	12535.0267641646	12594.015160613	11911.00233956
B2912	2487.34	2473.136	2134.239	981.131	1019.203	1157.388
B2913	2642	2468	2808	1623	1851	1830
B2914	14	36	14	24	50	18
B2915	1030.00011	999.0002	1326.00024	499.99947	570.0003	674.00044
B2916	26	76	73	5	5	5
B2917	642	815	727	606	548	576
B2918	1623	1488	1230	1080	1042	1065
B2919	76.0187	75.1238	78.3285	87.1078	54.5344	62.4095
B292	209	276	318	123	167	179
B2920	0	0	0	0	5.84343	0
B2921	6	4	0	0	0	0
B2922	708	727	515	242	261	256
B2923	80	77	170	57	67	85
B2924	778	905	882	615	649	612
B2925	258	320	96	174	132	135
B2926	137	132	123	80	77	67
B2927	542	557	584	204	233	300
B2928	474	409	392	514	368	323
B2929	120	111	67	103	80	68
B293	92	116	129	66	29	70
B2930	1982	2025	1772	995	1093	1012
B2931	120	332	268	42	67	76
B2932	673	727	693	320	522	516
B2933	1701	1645	1772	782	872	910
B2934	179	182	197	102	85	46
B2935	366	538	581	219	318	312
B2936	227	235	157	163	186	149
B2937	115	106	151	82	59	99
B2938	244.000074	349.0002	313	149	166.99999	220
B2939	520	556	603	246	370	386
B294	123.9999122	98	116	140.9998	96.00004	92
B2940	257	588.992	129	189	117	78
B2941	636	574	493	235	315	325
B2942	128	132	121	75	123	109
B2943	138	137	196	98	146	126
B2944	138	108	126	156	77	82
B2945	95	155	131	63	74	66
B2946	1768	1738	1237	976	1146	1021
B2947	700	550	614	544	471	490
B2948	747	678.0004	609.9999	818	841.9997	741.9997
B2949	556	558	702	394	363	403
B295	40	36	62	9	21	22
B2950	280	231	238	181.0001	231	200.0003
B2951	111	87	60	57	70	55
B2952	1204.0009	1170.0038	1111.0012	658	777.9997	755.9997
B2953	1237	1287	1181	794	887	939
B2954	42	33	43	5	7	15
B2955	420	316	433	422	386	304
B2956	972	796	792	983	905	719
B2957	62	46	50	51	41	48
B2958	425	420	435.00027595	302.0002	331.99922611077	305
B2959	41	95	60	78	86	41
B296	318	523	369	97	177	262
B2960	12448	10727	8232	17983.05	15571	11623
B2961	3635.00265	4443.004	4018.006479	3037.997	3396.9978	3279.00700183594
B2962	632	760	454	827.9996	806	525.9999
B2963	1526.41	1077.62	1280.52	624.737	578.974	785.677
B2964	10	23	4	16	15	25
B2965	713.0002	680	677	480	523.9998	537
B2966	98	225	188	74	67	82
B2967	22	30	48	7	6	8
B2968	153	159	168	50	67	63
B2969	3645	4439	3052	2389	2657	2941
B297	561	632	587	342	310	389
B2970	86	94	98	218	236	147
B2971	139	122	104	98	69	70
B2972	14	32	27	7	15	17
B2973	806	780	672	519	552	626
B2974	371	344	467	151	130	174
B2975	236	188	192	191	205	186
B2976	2155	1974	1805	2130	1940	1875
B2977	124	145	197	88	63	85
B2978	127	129	203	27	57	40
B2979	417	479	391	344	315.9996	336
B298	141	219.99978	232	102	81	124
B2980	163	149	224	67	70	114
B2981	60	43	40	32	57	43
B2982	55	80	80	23	29.99995	28.99998
B2983	1004.84106	953.174	1019.85	581.303	551.391	533.60098
B2984	418	291	294	267	281	225
B2985	76	93	126	37	79	82
B2986	309	272	289	263	246	295
B2987	609	632	636	479	503	418
B2988	177	169	174	214	206	163
B2989	100	117	63	187	114	88
B299	620	672	549	330	317	400
B2990	1642	1670	2044	1197	993	954
B2991	447	368	384	187	203	216
B2992	974	1033	717	664	684	525
B2993	300	303	308	88	143	159
B2994	342	228	178	339	314	274
B2995	7953	7363	7036.997	5672.002	5346	4962.003
B2996	85	99	133	36	55	62
B2997	369.9997	427.00040545235	260.99988	462.0003	458	286.99997
B2998	178.0003	210	187	131	139	144
B2999	130	270	350	12	13	24
B3	540	566.0001	408.9997	358.0004	349.00000890223	451.0003
B30	976	990	707	616	713	761
B300	516	443.0002	515.99969	294	246.0005	244
B3000	157	134	141	77	102	89
B3001	661	708	797	502	460	417
B3002	36	107	49	27	86	28
B3003	341	282	228	154	166	139
B3004	137	147	223	97	92	102
B3005	415	275	319	187	179	205
B3006	942	770	759	427	532	516
B3007	8	1	26	6	3	12
B3008	2155.002	2160.004	2209.995	1970.002	1982.995	1665.998
B3009	1546	1658	1321	879	1000	922
B301	428.00000965746	439	586.9996	93	134	124
B3010	1264	1489	1246	521	697	711
B3011	195.449	291.542	209.158	76.5837	133.772	125.487
B3012	23.5505	6.45795	24.8422	4.41625	9.22799	3.51284
B3013	6084.0038	5506	7327	5987.9977	5714.63	6149
B3014	20	12	27	2	6	9
B3015	870	814	902	549	643	633
B3016	16	15	16	6	9	11
B3017	133	129	197	50	74	56
B3018	4	14	20	7	21	8
B3019	580	920	696	627	785	917
B302	2417.005	1933.004	1828	2536	2416	1981.001
B3020	671	744	630	421	437	440
B3021	2058	1957	1425	2186	1956	1263
B3022	3968.0047	4529.00019	3578.995	5671.9978	4655.9985	4065.002
B3023	191	137	177	196	167	87
B3024	822	829	548.99997	528.99958	592.9999	640
B3025	811	836	818	911	890	706
B3026	975.9997	659.0004	813	607.8757	598.9997	615.41891
B3027	2683	2417	2164	1839	1838	1519
B3028	566	688	565	983	863	756
B3029	1082	1093	715	1498	1143	817
B303	1293	1104	1077	1475	1266	985
B3030	96.855	124.872	118	97.8662	129.186	124.524
B3031	184	184	219	114	139	132
B3032	1349	1408	1362	722	842	841
B3033	386	425	389	434	391	272
B3034	117	132	113	129	107	111
B3035	1122	1286	1133	1002	869	774
B3036	100	126	99	78	119	78
B3037	1280	1198	915	653	645	787
B3038	343.0002	185	186.9997	353.9998	405	325.0004
B3039	322	358	359	231	210	167
B304	213	219	287	202	131	148
B3040	881	766	845	908	791	657
B3041	287.0001	262.9996	232	242.9999	182.0002	250.9995
B3042	1075	1001	1046	722	877	696
B3043	86	90	59	86	77	42
B3044	1	0	0	8	1	3
B3045	43	18	27	8	9	21
B3046	915	1019	841	662	638	731
B3047	543	513	536	182	216	241
B3048	529	583	707	117	199	270
B3049	695	834	827	249	417	380
B305	716	747	718	443	445	514
B3050	211	203	260	111	94	132
B3051	389	406	368	358	367	308
B3052	1265	1322	576	2014	1778	1390
B3053	36	57	32	24	28	24
B3054	283	318	283	219	140	163
B3055	507	441	482	197	181	182
B3056	452.0003	436	609	178	246	243
B3057	145	205	182	306	256	158
B3058	230	258	193	151	114	154
B3059	238	318	285	146	116	186
B306	144	153	274	85	95	93
B3060	150	142	109	74	91	105
B3061	372	355	348	211	241	244
B3062	205.9997	201	304	355	391.000106983	325
B3063	27.2901	35.5794	40.4219	8.10289	5.13987	19.2825
B3064	544.00006916	557.999642	219.9996	1202.0027	820.000123281	569
B3065	196	262	87	258	348	217
B3066	1694.001	2211	1695.004	848	1210.0000246262	1219
B3067	325	502	406	215	252	279
B3068	132.0004	102	110.9996	22	42	31
B3069	32	23	21	31	22	47
B307	894	819	994	367	362	320
B3070	570	383	432	290	290	314
B3071	31	30	0	64	72	32
B3072	1605	1481	1670	642	940	764
B3073	553	401	457	364	270	357
B3074	182	216	238	119	110	183
B3075	2800	2622	2602.003	2009.998	2672	1931.998
B3076	781	733	729	827.9999	1076	736.0004
B3077	1298	1291	1230	635	739	829
B3078	1135	995	1044	786	801	693
B3079	841	759	662	794	760	706
B308	181	161	191	149	147	124
B3080	121	147	171	160.9997	150	112
B3081	578	569	481	555	656	525
B3082	420	347	288	331	336	261
B3083	13	37	26	0	0	6
B3084	231	279.0004	264	137.0004	158	220
B3085	424	221.0002	451	148.9996	249.0003	264.0005
B3086	921	958	1033	326	440	408
B3087	371.912	323.659	326	230	292	214.82
B3088	264	228	177	92	135	184
B3089	427	392	536	291	306	286
B309	157	246	203	269	271	212
B3090	2316.001	2094	1832.001	1527	1599	1533
B3091	310	359	464	247	287	210
B3092	623	531	624	413	368	404
B3093	843	1020	953	342	453	466
B3094	1260.000012681	1241.998	1353	840	840	1130.00295
B3095	121	137	40	133	83	67
B3096	792.9997	700.9998	575	579.0002	693.9997	757.9997
B3097	119	94	116	87	86	71
B3098	2242	3310	3190	1867	2068	1719
B3099	72	71	38	41	33	53
B31	40	44	78	24	68	15
B310	294	363	385	136	102	159
B3100	333.201	346.839	266	602.662	433	385
B3101	865	1138	967	818	661	629
B3102	1894	1879	1873	753	734	911
B3103	173	186	229	104	95	124
B3104	523	549	642	189	270	249
B3105	118.9996	114	103	81	129	86
B3106	399	345	294	359	344	276
B3107	298	239	205	348	310	255
B3108	7320	5966.29	4209	3814	4326	4813
B3109	830	762	836	487	540	621
B311	1026.0013	1012.9998	891.9996	511.00039	444.9995	447.00038
B3110	214	230	259	88	87	116
B3111	4330.99337672	3928.003	3711.00300020913	3606.0010000634	3623.0017	3173.996
B3112	836.99959	815	562	528	560	497.00017
B3113	515	487	407	359	334	394
B3114	2183.00300001455	2389.999	1874.99605843	2162.9999	1941.003	1761.995
B3115	1744	1908	2040	1164	1311	1261
B3116	879	745	895	184	185	220
B3117	228	198	210	139	156	255
B3118	521	409	452	242.0004	264.0005	284
B3119	659	667	727	298	397	448
B312	827	794	858	752	606.9998	593
B3120	946	965	725	566	577	347
B3121	520	477	422	396	503	428
B3122	122	106	128	88	105	59
B3123	876	848	772	722	638	613
B3124	425	439	408	776	702	526
B3125	1974	2268	2226	1352	1483	1485
B3126	723	681	399	699	622	606
B3127	645	660	464	364	437	428
B3128	2158	1734	1445	944	1027	1184
B3129	555	418	347	285	369	344
B313	860	1279	923	500	757	664
B3130	3720	4285	3414	2155	2343	2662
B3131	2145	1785	1442	1474	1579	1353
B3132	3792	3143	2974	2463	2714	2969
B3133	251	236	116	869	701	363
B3134	1841	2269	1371	1356	1671	2088
B3135	176.208	187.696	248	153.272	129.609	142.581
B3136	161	173	159	135	131	101
B3137	76	118	71	98	132	132
B3138	1541	1863	1766	946	982	1094
B3139	412	422	359	433	355	324
B314	655.0005	664.0004	657.62759	222.00023	263.99965	314.9995
B3140	645	777	420	899	689	589
B3141	523	575	646	319	247	253
B3142	436	475	530	614	652	452
B3143	446	554	576	91	179	171
B3144	535	466	669	702	573	448
B3145	192	148	190	83	78	90
B3146	157	184.0004	235	25	35	35
B3147	3050	2953	2965	1914	2194	2005
B3148	518	287	251	196	291	393
B3149	12937.97	14696.9931	19705.9540028801	5450.00492	6866.99763	7078.99840021593
B315	663	544	479	610	598	505
B3150	4673	5826	3952.997	4550	4099.001	3295.004
B3151	255	274	303	124	145	130
B3152	148.9997	113	108	42	70	48
B3153	817	739	853	584	466	478
B3154	2237	2755	1844	1730	1358	1604
B3155	931	1259	1054	878	1060	774
B3156	520	443	645	399	269	282
B3157	48	35	62	28	30	33
B3158	2091	3012	3100	1106	1507	1231
B3159	90	197	102	85	77	81
B316	1093	1176	897	1356	1210	947
B3160	113	176	130	92	136	82
B3161	56	80	37	58	33	15
B3162	1142	1422	1104	1415	1195	740
B3163	6758.0020975	8345.9983	7322.0019487154	3225.004541	3473.9998	3925.0009
B3164	54	53	95	47	62	57
B3165	1626	1642	1131	1890	1970	1485
B3166	129	162	160	173	186	111
B3167	2081	1936	1870	1293	1526	1609
B3168	10	32	25	13	15	14
B3169	353	262	256.543	114	167	142
B317	123	166	151	75	96	90
B3170	2479.996283	2525.00241165	2299.002235	2010.0018	1989.001735	1921
B3171	768	758	756	264.413	308	352
B3172	922	862	898	496	552	671
B3173	230.671	192.298	311.271	88.4637	89	68
B3174	213	300	213	113	165	195
B3175	1319	1613	1891	665	751	782
B3176	799	755	790	327	395	515
B3177	865	1515	1393	476	664	766
B3178	898	827	1116	568	535	501
B3179	1152	1068	872	876	966	863
B318	32	37	79	20	18	27
B3180	56	92	98	32	43	32
B3181	362.875	435	483	246	267	227.298
B3182	1708	1743	1614	1243	1270	1191
B3183	218	226	217	159	178	196
B3184	0	3	0	2	2	0
B3185	2330.9999	2263	3348	923	1598	1403
B3186	212.0332511	199.033277488	339	72.0708	55.00004	96.000038233
B3187	650	561.000000159082	618.9999	492.9998	499	509
B3188	179	187	190	148	145	104
B3189	1611	1508	1917	1048	1122	1136
B319	815	818	699	440.9999	457	587
B3190	717	771.0001	563	943	1040.9984	932.9996
B3191	0	0	0	0	0	0
B3192	453	454	435	179	261	206
B3193	279.9997	451	565	208.00023	214.9997	274.0005
B3194	1705.0003	1418.9997	1656	849.0002	1084	1090.0001
B3195	154	115	67	159	139	143
B3196	3759	6021	8934	1532	1844	2640
B3197	1070	1376	1015	1169	1226	1121
B3198	253.0004	345.0001	420	167	197	244
B3199	3860.002	4014.999	3856.001	2128.004	2543.004	2476.005
B32	723	462	514	343	431	424
B320	271	400	412	176	233	181
B3200	157	126	162.9996	101	69	125
B3201	808.9999	645.9995	662.0004	495.0001	638.0005	474.9997
B3202	201.9995	173.0003	243	79	113.99992	102
B3203	36	52	47	53	42	15
B3204	389	473	282	91	110	135
B3205	479	531	625	255	307	314
B3206	429	415	420	349	293	358
B3207	203	237	180	221	216	174
B3208	54	47	98	54	82	33
B3209	123	131	69	306	234	114
B321	1058	906	1302	608	571	551
B3210	443	413	517	221	374	296
B3211	35	39	91	14	19	15
B3212	0	0	0	0	0	0
B3213	900	703	708	577	708	584
B3214	2080.997	2577	1839.004	3353	3142.003	2482
B3215	515	434	356.0000407	508	555	496.9995
B3216	6602.0043	6404.9968	7191.0027	2627.9991	3040.9956	2967.9977
B3217	951	950	903	898	700	684
B3218	825	833	799	830	769	660
B3219	2590.004	3235.997	2476.996	2257.005	2670	1972.995
B322	182	153	149	94	123	158
B3220	1270	1170	1056	695	733	888
B3221	155	132	159	70	121	93
B3222	209.646	201.235	130.984	64	77.4243	91.9127
B3223	389	315	348	187	153	155
B3224	660	669	757	214	267	312
B3225	284	303	362	175	165	208
B3226	570	756	617	428	426	441
B3227	477.155	528.212	377.068	316	349	176
B3228	2223	2611	2377	942	1192	1167
B3229	547	591	354	835	769	866
B323	297	314	257	258	309	226
B3230	75	151	54	69	85	46
B3231	1367	1511	907	2132	2049	1534
B3232	111	142	123	132	93	86
B3233	238	247	171	202	186	134
B3234	311	282	274	209	231	226
B3235	402	342	386	279	282	305
B3236	2688	3154	2587	2077	1932	2339
B3237	1210	1485	1153	938	828	951
B3238	981	945	1021	464	581.9996	603.9999
B3239	3840	3822	3359	2735	2647	2823
B324	20	17	19	5	2	13
B3240	2390.004	2494.9977	1916.004	2003.999	1802.0046	1884.998
B3241	689	718	688	346	358	424
B3242	239	250	289	101	151	123
B3243	1146.999	1455.9993	1445.999	549.0005	698	826.0002
B3244	906.448	824	780.464	524	617	666.881
B3245	141	189	208	137	124	179
B3246	39	29	82	33	20	25
B3247	150	161	103	128	113	77
B3248	720	1006	541	583	637	628
B3249	106	75	125	73	58	92
B325	83	47	106	47	49	54
B3250	1968.9999	2035.9958	2608.002	1428.9995	1404	1513.9991
B3251	648	467	652	252	255	330
B3252	787	627	687	505	431	448
B3253	594	449	510	387	379	333
B3254	669	786	556	364	460	390
B3255	698	774	740	652	661	658
B3256	51	111	124	51	48	81
B3257	2012.998	2070.001	1546.999	1619.0007	1703.997	1244.999
B3258	94	99	107	22	52	51
B3259	760	922	655	743	628	663
B326	109	133	104	21	53	48
B3260	775.9996	755.0001	793	654.0002	582.0004	604.0001
B3261	109	107	140	50	57	75
B3262	185	167	216	91	106	123
B3263	37	14	42	14	12	5
B3264	205	267	265	171	146	162
B3265	579.9997	543	669	343	384	431
B3266	146	139	184	78	118	87
B3267	1350	1194	1429	877	1095	948
B3268	90	78	114	45	60	51
B3269	230	335	290	139	235	212
B327	285	236	481	316.9996	353	372
B3270	326	382	227	278	296	277
B3271	1279	1187	1167	356	557	669
B3272	2764	2445.9951	2526.001	2158	1824.9981	1727.004
B3273	466	592	701	277	398	379
B3274	368	441	475	294	310	302
B3275	854	1083	1297	451	581	579
B3276	2956.0049	3552.9973	2878	4245.004	3533.998902	3234.99644
B3277	219.9995	215.9995628054	179.0005	106	149	137.00001
B3278	684	736	623	485	476	443
B3279	227	183	244	85	121	148
B328	416	357	335	329	390	442
B3280	119.99981889	76	79	98.99998343	82	117
B3281	154	170	211	106	107	123
B3282	222.9995	262	266.766	165.0002	143.2776	173.9995
B3283	666	591	616	450	567	493
B3284	835	769	524	582	636	580
B3285	201	142	187	222	145	172
B3286	501	571	275	742	680	451
B3287	79	96	66	216	180	129
B3288	128	366.9999	206.9997	75	44	55
B3289	99	201	68	50	70	51
B329	95	102	131	56	77	60
B3290	430	482	694	208	234	250
B3291	1346	1421	1125	1337.005	1266	1129
B3292	2554	2307	2895	3164	3086	2798
B3293	897	866	665	607	676	580
B3294	152	83	101	9	24	22
B3295	22.00001	83	30.99998	165	135.9996	40.00005
B3296	971.9998	1237.002	1118.002	937.9996	812	735.9998
B3297	2771.002	2857.002	2763.996	2421.997	2108.005	2047
B3298	1	2	0	3	1	0
B3299	242.99999	192.99968	261.0001	112.00038	121	171
B33	579	641	244	306	251	287
B330	613	667	564	413	384	358
B3300	138	132	139	125	136	178
B3301	2898.9999	2950.99675	3218.0026	1631	1791.9984	1652.00262
B3302	338	413	343	262	285	291
B3303	553	605	607	180	260	294
B3304	132	182	186	163	108	97.0037
B3305	110	139	123	64	93	54
B3306	2902	3067	2026	2055	2278	2170
B3307	310	327	283	176	254	235
B3308	322	280	250	186	217	211
B3309	665	651	662	405	447	432
B331	36	38	57	22	23	37
B3310	433	356	486	206	232	161
B3311	552.0004	573	686	368	468	400
B3312	77	61	155.9998	29.00001	66	69
B3313	59	37	39	18	15	15
B3314	593	540	524	415	432	372
B3315	138	127	101	60.00003	74	75
B3316	102	105	124	135.9996	94.99997	83
B3317	224.0004	239.9995	308	157	175	189
B3318	3939.001	3701.999	3860.995	1415.001	2173.998	1950.998
B3319	538	806	489	652	670	608
B332	523	438	422	303	269	243
B3320	238	338	315	79	98	108
B3321	276	336	226	128	144	138
B3322	2213	2496	2396	940	1137	1045
B3323	857	1018	948	419	511	424
B3324	40	68	80	52	39	52
B3325	261	322	394	118	139	99
B3326	1021	979	1326	534	638	554
B3327	267	225	239	170	108	168
B3328	517	475	438	459	509	478
B3329	965	643	965	379.000000082346	481.9996	367
B333	10	4	6	3	10	7
B3330	64	53	37	20	27	39
B3331	1063	1192.58	1160	586	733	700
B3332	2282.9954	1456.0049	1371	951.0001	1124.00000004381	1062
B3333	44.2398	92.3768	107.412	42.9385	46.3836	53.4379
B3334	843	698	569	470	651	620
B3335	562	491	475	434	437	434
B3336	559	668	739	489	474	468
B3337	1601.99666	1137.9998	2175.0027	963.0003	1040.00002078027	1310.0004899
B3338	608	771	698	238	249	243
B3339	3522	3818	2416	3659	4784	5383
B334	258	291	211	268	269	240
B3340	292	284	245	256	260	265
B3341	422	376.0001	321.9996	267	184.0005	260
B3342	920	989	1010	379	583	669
B3343	888	961	655	779	813	702
B3344	965	792	580	1338	1329	1037
B3345	3851	4167	3651	5529	4091	3979
B3346	703	678	779	964	705	723
B3347	324	320	312	212	262	213
B3348	160	151	185	45	60	37
B3349	4	1	2	1	0	2
B335	449	475	320	610	654	453
B3350	121	115	87	326	171	94
B3351	1269	1356	1110	752	990	954
B3352	422	364	413	279	314	296
B3353	1380	1447	1303	1260	1226	1420
B3354	4120.5	4013	2230	2215	2621.44	3075.5
B3355	1076	1180	841	823	617	814
B3356	530	447.166	324	222	225	230
B3357	1236	795	640	659	798	739
B3358	0	0	0	0	0	0
B3359	611	662	590	391	417	431
B336	159.9997	239.9996	174.0002	112.00000103563	109	95
B3360	366	297	420	160	173	187
B3361	129	120	107	147	115.719	92
B3362	0	0	0	0	0	0
B3363	285	351	341	175	129	209
B3364	163	191	202	114	104	86
B3365	505	481	415	476	430	394
B3366	1444	1344	1257.0000348835	1007	1282	1242
B3367	423	587	594	355	338	367
B3368	930.0004	893	778.0004	521.9999	669	609
B3369	1303.0006	1758.999	1226	1896	1614.999	1444
B337	1102	1164	1161	1014	872	897
B3370	2089	2286	1696	4632	4423	3458
B3371	871	828	882	576	684	595
B3372	4437.996	4887.998	5174.0030782505	2598.003	2786.003	2804.004
B3373	13239.033	18119.969	12302.975	11591.016	15218.044	14275.016
B3374	510.0001	531.9996	354.99984	530.9999	580.9996	456.9997
B3375	2613	3103	2874	1708	1506	1449
B3376	58	63	78	47	67	69
B3377	1816	2173	2379	1590	1497	1282
B3378	628	566	671	262	352	305
B3379	1806	1648	1371	1341	1148	1295
B338	94	109	102	46	54	50
B3380	62	32	28	30	39	16
B3381	32	127	57	93	74	70
B3382	381	327	298	342	301	289
B3383	3	2	11	4	0	3
B3384	463	577	579	329	361	362
B3385	792	793	887	481	434	487
B3386	762	999	923	397	527	485
B3387	1720	2118	2018	1292	1256	1144
B3388	114	127	165	82	123	45
B3389	610	627	431	606	642	837
B339	6075	6405.998	3382.0025	19047.038	15489.041	10144.003
B3390	727	842	921	573	497	555
B3391	1490	1691	1256	1437	1443	1321
B3392	3909	4118	3049	4894	4897	3711
B3393	4	0	11	0	0	0
B3394	421.0002	357	424	249.0001	248.0002	219
B3395	293	285	255	193	241	176
B3396	1073	958	914	1013	746	763
B3397	4942	4842	4926	3508	3728	3553
B3398	557	495	459	312	369	336
B3399	1187.0003	1191.9994	1411.9997	726.0005	896.0002	810.0003
B34	110	125	182	85	100	82
B340	661	883	841	161	246	316
B3400	2231.001	1396.001	1347.004	1372.998	1462.996	1458.001
B3401	495	509	498	331	371	355
B3402	226.456	212.203	237.466	173.29	120.102	171.58849
B3403	305	310	272	209	217	214
B3404	4517.99633	4529.99663	3987.998958	3167.000085362	3549	3271.000412194
B3405	1178.09	1268.1	1315.25	827.858	818.928	901.689
B3406	676	620	643	586	647	603
B3407	658	430	295	472	453	558
B3408	883	797	712	738	814	646
B3409	334	373.574	398	176	184	207.295
B341	1178	1264	674	3490	2146	1637
B3410	12	31	55	14	13	35
B3411	631	765.36	732	500	618.549	408.705
B3412	1509	1658	1529	753	674	755
B3413	2112	2011	1714	1945.999	1973	1777
B3414	1988	2033.004	1924.997	934	1120	1228.003
B3415	189	144	85	117	103	109
B3416	207	275	250	208	197	203
B3417	11	32	13	2	4	7
B3418	491	555	512	389	340	313
B3419	17708	15613	13540	12722	16067	16191
B342	2713	3338	1842	2821	3318	2472
B3420	1005	997	1084	653	806	813
B3421	545	524	567	656	562	518
B3422	278	252	296	174	183	188
B3423	932	954	895	514	588	684
B3424	1374	1359	1349	977	979	800
B3425	0	0	0	0	0	0
B3426	0	9.04152	0	2.81728	0	3.32186
B3427	0	0	0	0	0	2
B3428	0	0	0	0	0	0
B3429	0	0	0	0	0	0
B343	1079	1126	1202	669	691	828
B3430	0	0	0	0	0	0
B3431	0	0	0	0	0	0
B3432	362	217.958	377	342.183	294	346.678
B3433	223	221	185	147	192	210
B3434	500.0001	439.0001	480	358.9999	338.9998	275.0005
B3435	2731	3056	2171	1713	1969	1828
B3436	3006	1750.003922	1386.00000001365	2893	2694	2273
B3437	525	580	625	346	363	367
B3438	536.00000209181	606	374.9996	676.99966	559	413.999616
B3439	387	310	427	191	244	216
B344	1468	1321	1131	684	834	859
B3440	1434	1608	1456	927	1005.9974331	866
B3441	528	675	663	340	373	340
B3442	656	719	654.0001	529.99989	405.0004	453.0005
B3443	63	90	52.00004	52	26	38
B3444	249	254	249	218	173	213
B3445	108	52	92	46	80	64
B3446	211	95	63	210	212	191
B3447	300	399	406	171	175	163
B3448	63	65	48	59	36	43
B3449	370	369	358	177	227	199
B345	182	102	260	85	58	93
B3450	1066	1071	1093	659	743	615
B3451	1300	1548	1113	1043	1131	1259
B3452	1578	1594	1672	1361	1192	1325
B3453	250	225	219	159	159	162
B3454	545	605	513	201	268	333
B3455	2971	2868	2266	1794	1379	1650
B3456	13	21	23	5	14	12
B3457	140	124	84	48	53	36
B3458	435	447	400	217	210	210
B3459	86	48	60	58	54	47
B346	273	287	302	148	156	167
B3460	730	797	705	541	604	421
B3461	557	473	399	340	349	309
B3462	5690.998	4844.844	3852.997	3647.003	4212.004	4143.0014
B3463	740	672	608	621	486	526
B3464	883	1058	908	572	614	756
B3465	101	110	134	53	53	91
B3466	1289	1480	1561	1136	966	959
B3467	2438	2597	2170	2128	1977	1715
B3468	59	77	96	99	104	55
B3469	1453	1661	1508	1729	1416	1144
B347	187	182	114	196	284	167
B3470	11	17	15	3	4	4
B3471	98	52	143	40	60	55
B3472	1685	2119	2007	1112	1299	1055
B3473	281	297	333	151	174	180
B3474	723	1000	1059	409	573	461
B3475	170	130.9996	156	68	37.99998	95
B3476	89	111	166	55	43	99
B3477	1661	1851	1946	775	846	835
B3478	304	417	357	335	218	295
B3479	347	340	287	176	129	233
B348	172	199	213.999728	220	276	234.9999
B3480	131	201	214	84	95	109
B3481	21	10	17	0	3	3
B3482	378	391	481	208	220	213
B3483	1277.999	1293	1000.999704729	893	824	900.9994
B3484	1793	1799	1642	1012	1099	1074
B3485	3874	2675	1987	2059	2269	2340
B3486	1292	1396.99968	1387.9962	668.00024	761.0004	764.99988
B3487	1418	1572	1478	933	1030	898
B3488	977	1052	1596	326	410	384
B3489	7241	7111	5396	7217	6964	5758
B349	281	328	308	290	255	206
B3490	344	415	455	261	287	334
B3491	2	12	5	2	0	1
B3492	1474.37	1423.4981	2607.516	925.7998	1153.5444	1076.4661
B3493	182.633	127.501	181.484	64.2	61.4563	86.5293
B3494	158	212	211	159	118	104
B3495	345	315	251.9998	193.00023	169.0004	235
B3496	2620	2530	1999	1807	1830	1846
B3497	7291.005	8550	4837.003	9535.996	8158.004	6449.002
B3498	1301	1524	1017	844	793	875
B3499	479	492	581	309	270	296
B35	242	207	146	39	74	105
B350	243.0002	222.000104044	145.000167656	238.0004	194.0002	197.0001
B3500	510	419	400	314	416	394
B3501	1570	1258	1581	702	751	893
B3502	328.0001	305.0002	397	91	113	119
B3503	318	292	364	211	226	235
B3504	1019	1178	1017	972	1124	914
B3505	1823	2604	2336.5	1006	1493	1188.55
B3506	1386	1634	1695.19	1153	1050	1030
B3507	1773	1593	1514	1025	1226	998
B3508	1135.00000630681	1073.99940010361	955.9998	726.000100026491	726	759.000377
B3509	252	235	432	156	181	243
B351	553	402	514	444	495	425
B3510	746	835	839	712	637	585
B3511	1474	1585	1502	612	710	800
B3512	2243.004	2088.0036848	1697.997	1673	1589.0000000249	1456.997
B3513	101	72	131.9997	23	46	64
B3514	560	671	550	221	339	294
B3515	1572	1494	1330	1487	1388	1170
B3516	4082.0008	4013.99522	4238.00313	1912.00116	1893.372	2243.998
B3517	57.3231	42.5224	79.5157	7.02511	20.1439	34.0019
B3518	527.6772	480.4781	511.484	243.9749	298.8563	306.9978
B3519	60	76	76	44	78	90
B352	424.9999	432.0005	412.0002	169.9999	221.0001	211.9998
B3520	593	570	546	324	278	329
B3521	526.0001	568	628.99962	359.0002	512.00023	414.0003
B3522	351	449	315	631	649	590
B3523	391	320	388	189.9996	178	188
B3524	204	244	284	143	145	154
B3525	366	378	390	253	216	280
B3526	375	489	253	294	270	287
B3527	208	171	184	123	108	125
B3528	105	117	132	53	104	78
B3529	8	13	13	0	1	3
B353	110	89	106	49	64	49
B3530	960.9997	940	1013	864	790	773
B3531	2775	2899	2834	1834	1865	1705
B3532	618	599	465	268	278	288
B3533	482	527	401	306	314	352
B3534	3479	3635	3461.996	4077	3024.997	2807.997
B3535	1603	1700	1472	847	922	1002
B3536	79	82	134	41	41	20
B3537	210.9995	196.0003	230.9999	150	117	113
B3538	882	904	689	888	774	692
B3539	781	793	1018	228	270	269
B354	673	835	706	528	480	455
B3540	245	275	318	130	192	146
B3541	42	18	53	20	28	35
B3542	580	549	561	285	277	242
B3543	147	167	172	110	80	96
B3544	88	74	83	111	105	87
B3545	589	610	722	320	396	304
B3546	1872.998	1956.003	2040.995	1024	1170	1120
B3547	950	963	973	706	656	748
B3548	235	275	391	187	243	217
B3549	272	224	309	155	202	204
B355	1608	1645	1310	863	877	901
B3550	5729	6296	5234	3799.001	3860	3912.996
B3551	431	503	437	376	440	317
B3552	398	374	419	313	311	313
B3553	961.9996	931	985	541	471	668
B3554	776	788	707	706	635	649
B3555	310	350.913	347	155	201	225
B3556	692	820	810	381	489	449
B3557	116	137	106	54	53	56.00002
B3558	7	4	9	3	3	11
B3559	760	694	685	364.0003	541.9997	529.9997
B356	440	369	385	245	222	319
B3560	31.7226	28.5142	47.085	24.5872	25.0482	22.9741
B3561	578.277	536.486	664.915	595.413	483.952	501.026
B3562	9	15.38003	36	21	11	23.27745
B3563	638	594.62	850	432	458	453.723
B3564	506	366	460	316	401	310
B3565	323	321	261	198	240	191
B3566	623	657.9995	737.9995	391.0002	473	497.0001
B3567	34	58	31	19	33	25
B3568	1447	1404	1425	1492	1253	1167
B3569	676	662	824	447	397	366
B357	166	192	243	103	132	124
B3570	116	180	185	72	64	90
B3571	409	364	412	182	169	231
B3572	176	197	170	122	102	134
B3573	367	353	318	203	239	274
B3574	37	61	75	8	16	10
B3575	31	52	79	1	1	12
B3576	4823.997	7129	9450	749	1187	1433
B3577	100	100	99	94	66	66
B3578	1166.187592027	1242.6532	1180.2293	797.45829931	799.3334	893.851
B3579	651.814	736.3519	630.7753	419.5420871	494.667	464.14926
B358	62	55	71	20	44	43
B3580	145	203	220	67	126	167
B3581	3	0	0	0	1	0
B3582	0	0	0	0	0	0
B3583	470	615	490	292	324	374
B3584	2983	2768	2114	1121	1374	1756
B3585	365	314	274	321	370	292
B3586	2176.002	2246.004	1875.005	1394.001	1640.0003	1516.001
B3587	196	151	181	140	153	168
B3588	140	154	189	90	114	132
B3589	747	822	1004	419	449	468
B359	73	85	107	76	66	59
B3590	689.507	676.004	641.053	706.581	553.684	547.967
B3591	200.493	283.996	295.947	104.419	166.316	163.033
B3592	91.1838	90.2742	198.828	30.3195	35.401	48.6182
B3593	1	1	0	0	0	6
B3594	178	368.0005	273.9998	189.9998	281.0004	257.9999
B3595	205	379	273	105	162	188
B3596	1905.004	2153	2601.002	1361	1545	1497
B3597	184	211	318	76	98	117
B3598	325	365	390	188	220	211
B3599	517	470	503	228	300	372
B36	1081	1202	961	1187	1235	1020
B360	884	827	1169	366	347	374
B3600	234	285	276	64	97	117
B3601	892	748	896	400	460	471
B3602	244	368	265	22	15	17
B3603	43363.01	39934.02	35530.97	49034.04	49348.95	38115.02
B3604	574	513	580	480	577	474.0004
B3605	750	773	699	412	534	473
B3606	673	804	675	417	460	420
B3607	1913	2056	1483	1091	1062	1181
B3608	1819.003	2012.003	1287	1521.0051	1422	1462.001
B3609	316	339	197	190	356	297
B361	762	745	763	573	519	617
B3610	125	115	133	167	200	118
B3611	3320	3528	2813	5050	4191	4095
B3612	675	774	663	498	514	437
B3613	192	273	304	83	126	97
B3614	511	569	535	334	338	370
B3615	84	127	133	80	87	57
B3616	350	303	336	64	96	129
B3617	537.9996	472.0000217601	416.9997	373	426.0001	315
B3618	2750	3620	3929	1699	1744	1997
B3619	119	175	121	56	64	61
B362	826	1245	1302	607.428	793	640
B3620	97	86	108	67	106	98
B3621	265	246	220	274	292	198
B3622	283	228	236	160	159	128
B3623	5093	4727	3851.998	2516.003	2975.999	2790.995
B3624	97.99995	243.0002	162.0004	21	39	39
B3625	919.0000543615	1183.00000151218	1137	795	715.0002	763
B3626	109	104	163	43	56	49
B3627	4935	4004.997	3445.0028	3544.004	3561	3502
B3628	1511.004	1355.00006	1321.00083	2059.0016	1638.003	1373.0049
B3629	628	724	543	369	402	410
B363	440	657	604	149	234	292
B3630	99	136	133	60	56	19
B3631	101	134	157	52	110	43
B3632	82	71	101	71	36	51
B3633	67	69	66	72	74	36
B3634	928.816	1120.73	1126.17	523.68	672.599	630.382
B3635	432	468	436	516	639	423
B3636	727	794	799	276	302	303
B3637	370	313	409	110	150	191
B3638	437	253	524	120	152	150
B3639	3290	3474	2831	1980	2141	2097
B364	739	799	715	515	411	372
B3640	35.0481	28.0147	26.0481	64.1636	36	12.0528
B3641	491	580.9999	500.000000429628	421.0001	436	492
B3642	660.9996	649.9997	644	484.99985	496	440.9995
B3643	252.2883	574.581	184	828.103	750.846	275.9799
B3644	1096.25	1186.5	1161.69	467.696	680.609	592.189
B3645	115	112	128	64	57	85
B3646	185	177	228	125	83	97
B3647	198.3071	209.1282	186.9999	117.2057	187	194
B3648	39	55	79	34	51	30
B3649	358	399	269	316	217	252
B365	32	12	64	13	7	16
B3650	1552	1628	1485	829	984	859
B3651	293	268	256	197.385	171	152
B3652	689	466	360	241	277	253
B3653	721	765	798	311	338	377
B3654	248	208	222	198	177	128
B3655	1881	1766	1957	879	1038	1029
B3656	77	78	90	19	17	25
B3657	234	228	292	148	142	129
B3658	310.9997	360	222	197	269	198
B3659	2403.004	2881	2318.002	1687	1945.004	1908
B366	1363	1399	1264	1111	1147	1115
B3660	224	205	208	118	177	150
B3661	1954	1623	1345	1253	1439	1546
B3662	435	430	449	241	299	284
B3663	854	878	773	389	491	454
B3664	176	176	189	281	193	145
B3665	931	924	672	604	593	502
B3666	539	401	612	352	386	369
B3667	50	89	76	12	23	19
B3668	2202	2369	2029	2040	2205	2054
B3669	94	107	171	21	43	29
B367	1406	1413	1314.00478	1154.00327	1169.9995	1082
B3670	66	97	113	85	41	54
B3671	134	213	235	8	8	5
B3672	4	15	4	0	0	2
B3673	239	141	116	243	200	291
B3674	10946	6966.0003	6160	7402	7646.9955	6872.9961
B3675	48	37	62	42	49	47
B3676	303	323	207	188	197	156
B3677	144	194	110	185	133	117
B3678	664	752	578	354	417	433
B3679	1504	1623.9999	1994	666.9993760668	844.9994549559	893.99995610378
B368	888	1343.0000236142	1465.002	508.9996	631	678
B3680	1662	1774	1816	1305	1216	1176
B3681	23359.04	26774.04	27581.01	15511.03	22003.05	17737.98
B3682	651	638	725	321.119	310	341
B3683	1792	1911	1774	923	1008	1094
B3684	722	710	703	510	511	548
B3685	481	523	509	187	211	257
B3686	2684.00100004327	2052.9957667	1934.99932	2286.00032527	2067.998	2264.00153468
B3687	1901	2355	1844	1282	1526	1659
B3688	412	404	370	245	265	209
B3689	124.9997	150	122	256.9997	270.9997	218.00041
B369	726	959	893	463	445	489
B3690	634	565	547	475	497	332
B3691	823	853	792	1210	974	860
B3692	262	259	252	214	239	237
B3693	1189	1201	937	872	868	793
B3694	100	37	106	34	56	52
B3695	3335	3874	1894	12106	9270	6078
B3696	130	171	167	122	106	155
B3697	1391	1450	1350	1193	1173	1305
B3698	1280.6	1904.52	1790.25	1047.85	1024.26	984.683
B3699	27	9	10	21	24	13
B37	77	90	101	35	37	55
B370	2816	2846	2820	1647	1877	1854
B3700	261	312	300	180	209	169
B3701	677	657	494	446	501	511
B3702	281	225	203	142	147	171
B3703	1136	1341.999	1188.9989	425.9999	574.9998	584.9997
B3704	474	398	354	387	300	338
B3705	3334	3790	2586	2747	2447	2385
B3706	555	614	689	319	350	419
B3707	701	695	624	506	571	449
B3708	582	525	647	455	456	398
B3709	269.99971	250	309	176	116	169
B371	1937.002	1993.9964	1861.00474	1691	1966.0043	1370
B3710	1093	1077	938.0000747527	1090	818	867.0004238
B3711	247	254	243	158	149	176
B3712	2704	3929.9	3715	1665	2307.43	1969
B3713	312	280	294	232	253	231
B3714	948	992	1069	460	534	558
B3715	696	848	583	1200	978	657
B3716	58	59	90	94	62	43
B3717	199	223	181	146	194	146
B3718	456	697	793	467	381	324
B3719	1687.82	2526.01	2401.52	1085	1480	1251
B372	16	7	17	2	0	5
B3720	6387.0063	7561.9997	3969.0019	14720.98959	10351.005807	7619.9932
B3721	10011	10222	7214	5865	6302	6192
B3722	2105	2035	1796	1555	1777	1720
B3723	7	6	0	0	0	0
B3724	1140	1423	1353	536	653	742
B3725	644	796	635	394	516	452
B3726	509	575	581	473	396	462
B3727	2786	3067	2575	1120	1360	1605
B3728	658	797	572	492	611	489
B3729	318	331	346	255	251	184
B373	1220	1188	1325	844	966	946
B3730	515	615	683	324	350	438
B3731	1125	1225	947	1666.99823	1452.000714522	1263
B3732	8588.000028	10350.00485	11963.96383	9836.00183	10453.008143	10458.9634200965
B3733	515	541	631	274	353	411
B3734	1037	885	812	544	594	565
B3735	302	266	270	236	189	223
B3736	1283	1271	1134	1310	1072	1078
B3737	660	631	588	317	311	360
B3738	10999.0104	9554.002	10664.995133963	8408.006	6862.00840230259	7754.006353524
B3739	31	56	32	94	96	33
B374	159	162	148	139	109	115
B3740	103	130	68	95	128	155
B3741	296	386	372	134	114	135
B3742	2938	2658	2896	729	893	1126
B3743	140	135	113	42	63	63
B3744	213.461	185.632	219.271	94	68	95
B3745	84	167	170	32	64	77
B3746	502	701	629	346	373	351
B3747	6277	6525	5385	4023	3703	3702
B3748	581	646	550	265	329	355.917
B3749	176	226	210	99	105	137
B375	557	550	633	447	349	379
B3750	772	924	695	560	717	630
B3751	163	162	129	148	136	125
B3752	133	153	132	116	89	106
B3753	69	32	36	9	12	24
B3754	186	180	174	184	209	177
B3755	87	106	87	41	38	36
B3756	1248.169	731.73	525.487	1535.115	1707.316	1523.819
B3757	3950.21	4821.12	4651.03	2759.05	3014.73	2662.57
B3758	4579.001	4676.999	4513	3859	3690.998	3372.003
B3759	535	537	407.9998	348	419.0002	466
B376	601	633	282	700	766	871
B3760	806	956	915	472	519	496
B3761	42	44	29	13	21	18
B3762	643	719	608	563	457.9995	514
B3763	4244.999	4309.005	2237.9971	8573.003	6888.996	4930.004
B3764	483	574	413	413	358	346
B3765	1333	1381	1372	964	784	771
B3766	1533.54	1716	1329	1287	1379	1191
B3767	50	83	56	15	23.99997	32
B3768	26810	28689.02	37129.99	16769.03	14965.98	17266.03
B3769	582	886	714	317	474.0003	395
B377	1	3	3	3	2	7
B3770	11400.00038	12111.0166	5860.99966	29266.9714	18421.018	12192.955
B3771	898	880.9997	1140.999777	922.0005	1093.9995	882
B3772	2099	2117	1783	1262	1409	1478
B3773	3429.44	3537.32	3075.45	2222.41	2339.26	2268.11
B3774	146	161	233	60	63	53
B3775	347	386	369	195	214	224
B3776	461	460	375	593	657	558
B3777	1331.997	1558.001	1343.997	1617.002	1441.003	1307.999
B3778	63	112	64	233	127	126
B3779	2819.995	2827.998	2829.999	1871.996	2020.997	2105.001
B378	5816	7001	6149	3183	3926	4696
B3780	331.99996	237	405.99992	175.00035002	127.00001	179.0001
B3781	436	403	494	277	217	335
B3782	157	94	127	84	97	96
B3783	522	418	396	338	366	347
B3784	287	273	341	72	121	103
B3785	2	0	0	0	0	0
B3786	78	107	234	79	83	76
B3787	125	190	208	126	156	109
B3788	648	637	471	379	357.0001	409
B3789	1243	1329	858	2297	1584	1274
B379	31	39	30	19.5743	18	38
B3790	629	658	629	787	643	692
B3791	5	2	6	21	12	6
B3792	2188	2524	2206	1446	1452	1662
B3793	16103.98604	19181	10179	44297.9843	30431	23567
B3794	890	774	584	1042	1123	843
B3795	124	147	120	88	112	85
B3796	7072	6529.0041	6146.004	6669.00300106507	10353.99508	10457.999251161
B3797	457.9998	557	649.0003	299.9996	310	303
B3798	2161.004	1797.002	1889	857	1057	1146
B3799	382	341	365	257	252	225
B38	1525	1645	1658	1189	1170	1046
B380	1881	1844	1573	956	1206	1432
B3800	128	149	134	55	67	79
B3801	103	141	126	44	37	54
B3802	301	217	304	114	180	218
B3803	2224	2265	1891.86	1957.92	1853	1544
B3804	93	100	85	35	40	54
B3805	4176	4107	4167	3202	3335	2869
B3806	4166	3792	2922	2531	2952	2665
B3807	7237.997	8997.999	8420.003	3629.001	5146.002	4734.998
B3808	1323.003	1442	1425	1178	995	1162
B3809	2105	1790	1763	1222	1694	1753
B381	195.004	169.0048	165	218	184.0049	193.0079
B3810	3	1	0	0	0	0
B3811	669	644	762	372	454	390
B3812	10	18	2	0	0	0
B3813	906	1532	1220	409	595	553
B3814	6	2	9	5	4	8
B3815	185	221	277	235	223	224
B3816	1383	1874	1905	839	1263	1329
B3817	542	433	451	543	666	561
B3818	457	449	497	111	178	250
B3819	33	48	70	28	44	34
B382	57	76	63	28	24	36
B3820	312	295	238	273	255.000000835129	228.0002
B3821	681	811	694	607	618	652
B3822	16568.661362	21909.200210174	21995.63	8028.5438257742	9943.43	10821.3346498
B3823	12165.9	16588.7	17661.8	6842.85	7364.45	8082.62
B3824	11034.5	13565.2	13593.6	7634.68	7849.67	7467.75
B3825	15609.018	19211.919	19587.0208	10702.9364	10838.4877	10155.2736
B3826	863	749	768	561	676	687
B3827	59	46	81	39	27	54
B3828	78	69	79	119	100	80
B3829	307.0002	268	226.9999	212.9997	207.99965	249.000113
B383	205	112	245	161	130	141
B3830	450	591	641	449	559	520
B3831	2811	1844.0005	1470.99638	1722.9965	1767.0011	1645.0013
B3832	86	114	54	151	130	107
B3833	236	311	286	113	150	134
B3834	920	1021	918	734	825	821
B3835	157	288	317	81	212	226
B3836	1247.9998	1282.00208	1253	687	850.00000002979	794
B3837	1429	1543	1624	771	826	793
B3838	397	432	431	350	291	304
B3839	47	48	11	37	48	34
B384	80	105	98	89	78	85
B3840	714	646	325	721	662	488
B3841	107	131	126	105	123	89
B3842	875	1057	1498	464	508	664
B3843	381	472	232	615	528	474
B3844	266.0003	198.9997	118	194.9996	207	247.0003
B3845	709	703	720	803	683	722
B3846	2481	2930	3071	1593	1804	1648
B3847	1062	1055	1139	593	712	693
B3848	533	464	459	126	199	148
B3849	7721.999	6837.999	7281.003	4526.00288	5465.002	4390
B385	407	508	682	238	268	276
B3850	48	38	46	26	26	33
B3851	1	1	0	0	0	1
B3852	1720	1516	2107	1920	1638	1397
B3853	4096	3998	3610	646	792	967
B3854	874	795	877	504	522	583
B3855	420	425	508	67	70	103
B3856	185.9997	244.9996	282.0004	241.0004	205.0001	213.9996
B3857	284	288	240	217	223	217
B3858	392	419	386	242	247	263
B3859	160	131	178	84	72	102
B386	380	428.9996	559	194	222.00000019434	317.0003
B3860	264	337	373	187	198	200
B3861	769	683	568	551	523	550
B3862	403	370	347	220	231	186
B3863	112	138	131	97	70	87
B3864	376	569	502	332	264	314
B3865	584	597	722	519	459	490
B3866	97	98	95	47	56	43
B3867	284.0004	391.0005	427.0004	215.00049	183.00049	258.9999
B3868	281	297	324	214	242	229
B3869	710.0004	592.9996	421.0001	891	723.999667107	544
B387	810	993	1015	354	470	495
B3870	911	674	547	506	663	427
B3871	252	219	275	121	151	220
B3872	218	175	189	161	180	166
B3873	166.99973	125.00018	117.99968	158.9996	144.00008	103
B3874	1515	1571	1785	966	902	841
B3875	85	82	107	88	87	78
B3876	650.201	765.79	655	307.911	375.9622	387.683
B3877	318	424	244	202	230	265
B3878	523	479	437	432	444	396
B3879	2102	1968	1578	1190	1145	1200
B388	1544	1551	1445	1249	1201	994
B3880	525	574	426	315	353	364
B3881	176	150.999816	170	106.99993586	117	116
B3882	441	373	367	271	273	254
B3883	49	84	54	94	93	58.99998
B3884	274.9995	285.000391	265.0003	200.0001	197	169
B3885	5	0	4	0	0	0
B3886	1035.99878	1120	1143.9968	825	785.0004	757
B3887	981.0007	939.99931	991.00073	862.99965	750.0004	763.0003
B3888	29	37	56	26	19	11
B3889	19180	19353	15705	19468	18922	17010
B389	744	1041	997	657	675	655
B3890	896	711	662	407	542	428
B3891	187	197	195	103	153	115
B3892	365	368	350	215	230	258
B3893	226	257	202	220	188	189
B3894	445	359	415	282	315.9996	321.0002
B3895	273	375	443	165	168	219
B3896	1205	1289	1176	594	686	622
B3897	232	279	146	342	227	160
B3898	856	724	565	855	711	620
B3899	146	112	162	151	126	111
B39	2686.002	2483.005	2021.004	3288	2476.002	2054
B390	1935	1939	2220	731	876	1017
B3900	498	520	615	446	368	443
B3901	144	142	113	116	149	97
B3902	348	371	475	215	227	224
B3903	200	222.0005	266	98	141.9998	188.9996
B3904	14320.0314	11222.003	14168.9640148	7721.002964	8027.0000202863	9396.00325
B3905	388.9999	368	484	186	179.0004	205.0001
B3906	82463.9738	88164.005152598	70670.08170491	126353.978	94254.0102	76116.0568
B3907	924	1175	1083	583	617	660
B3908	414	366	326	490	426	277
B3909	711.0004	669.0005	692	439.0000969203	435.000175171	566
B391	22	32	23	25	22	26
B3910	246	119	124	93	188	100
B3911	92	100	119	35	63	56
B3912	1414	1217	905	1378	1521	1262
B3913	120	121	149	96	88	82
B3914	3031	4002	3608	1960	2098	2020
B3915	365	400	494	244	305	266
B3916	126	107	170	103	103	60
B3917	138	179	147	89	85	108
B3918	283.000138	298.9996	303	262	237.9999	182
B3919	1776	1979	2246.36	936	910	1070
B392	20	53	49	3	11	8
B3920	2304	2216	3277	1960	2074	2335
B3921	49	44	53	34	70	66
B3922	2419	2028.996	1161	2637	2316	2500
B3923	114	166	148	44	52	88
B3924	76	78	85	17	26	56
B3925	84	65	57	75	51	41
B3926	212	150	184	102	142	108
B3927	131	193	152	126	59	82
B3928	46.0013	39.0011	55	64	57.0023	31.0025
B3929	24	18	33	21	10	12
B393	327	542	460	338	343	482
B3930	254	324	263	137	130	210
B3931	267	325.9997	341	258.9997	265	183.9999
B3932	281	339	408	172	207	143
B3933	975	1189	1065	422	505	633
B3934	459	530	531	271	355	334
B3935	344	323	274	184	172	219
B3936	384	399	436	371	314	275
B3937	630	651	735	281	388	413
B3938	400	436	492	246	214	238
B3939	1713	1676	1476	1101	923	1156
B394	647	658	470	862	764	699
B3940	147	325	281	17	52	102
B3941	360.0005	278.9999	396.9996	181.9999	191.9997	216.0096
B3942	1306	1351	1116	878	895	890
B3943	271	257	256	228	145	222
B3944	1072	909	917	365	499	596
B3945	52	51	64	37	81	61
B3946	1187	1114	1026	973	952	809
B3947	256	238	233	164	119	147
B3948	219	269	250	105	106	153
B3949	134	183	141	41	98	106
B395	900	825	771	577	721	663
B3950	81	74	92	14	24	36
B3951	254	351	272	115	179	191
B3952	3105.996	3235.997	3009	1752.998	1856.003	2004.004
B3953	511	560	395	347	467	357
B3954	3969	4694	4369	2054.002	2908	3114
B3955	870	789	948	532	456	584
B3956	1028.0004	936.9997	1130.005	635.9998	665.0004	716.9999
B3957	1040	1056	1157	987	1051	990
B3958	1217	1964	1571	375	641	689
B3959	33	57	37	7	0	2
B396	2506.9984	2041.0019	2268.9985	1678.0041	1185.0032	1433.4007
B3960	1650.998	1996.999	1544.999	1672.997	1556.004	1329.002
B3961	2208	1557	1455	1134	1304	1125
B3962	1308.88170061	1345.268	1147	765.250195647	813.0730297602	784.000000411133
B3963	879	992	770	547	615	653
B3964	921.702	875.6422	737.9995	455.9996	536.7484	407.9999
B3965	3891.9966	3441.99624	3552.0038	2093.0042	2031	2248
B3966	531	575	473	86	40	130
B3967	1566	1736	1607	1091	990	1089
B3968	279	329	306	128	147	214
B3969	189.1583	193.1019	247.6404	189.0004	143.0001	160.9995
B397	101	114	109	90	157	98
B3970	1324.998	1716.003	834	2260.001	1341	951
B3971	3176	3533	2356	6634	5361	5225
B3972	1014	838	1087	816	775	750
B3973	942	947	1052	706	502	580
B3974	213	244	242	99	152	101
B3975	254	261	282	132	142	116
B3976	164	138	195	86	103	85
B3977	578.9999	511	465.0003	855.0002	728.000000070859	555.9999
B3978	179	169	139	149	79	137
B3979	921	1378	842	519	535	635
B398	54	54	51	33	31	34
B3980	2980	3535	2784	1671	2201	2038
B3981	156	142	119	65	56	67
B3982	275	241.0002	334	100.000004	111	135
B3983	2011.00000200095	2369.00000033777	2510	852	1018	799
B3984	380	416	412	289	368	344
B3985	258	280	264	150	129	123
B3986	850	895	784	526	619	568
B3987	358	384	481	247	217	220
B3988	499	647	434	638	681	590
B3989	211	302	259	111	124	139
B399	630	645	526	398	463	417
B3990	465	464	449	268	298	319
B3991	729	720	779	434	419	493
B3992	942	931	710	454	518	441
B3993	49	81	47	16	25	30
B3994	615.015	721.695	800.757	427	385.0132	434.0292
B3995	3532	3871	2532	2336	2406	2905
B3996	33	20	20	8	13	4
B3997	2317	2510	2271.996	1044	1176	1147
B3998	272	217	171	196	139	143
B3999	78	58	67	57	73	35
B4	683	1034	1047	447	599	477
B40	153	103	196	101	136	109
B400	628	557	873	90	63	110
B4000	20541.0011034504	17723.9965741787	20230.012	14167.0026084473	16300.9957163401	17054.0000624888
B4001	129.00002	109	83	140.99955	129.9995	92
B4002	424.00031	417	495	260.9998	248	286.0001
B4003	683	615	646	389	451	406
B4004	2048	1813	1243	2857	2324	2020
B4005	348.0001	298.0002	350	405.0005	310	292.0005
B4006	667.9999	927.9996	610.001	1338	1203	832
B4007	1822	1779	1769.005	1876	1809.996	1668.002
B4008	221	201	179	137	130	139
B4009	621	689	531	634	577	436
B401	643	611	650	354	377	351
B4010	328	309	193	388.99983	267	271
B4011	193	169	196	174	145	153
B4012	452	406	387	158	202	149
B4013	248	261	445	51	38	55
B4014	1100.02	763.016	641.969	612	687.02	669.451
B4015	5	15	14	32	25	13
B4016	360	340	337	204	275	281
B4017	5212.996	7541.689	8508.906	3110.9976	3945.997	3564.996
B4018	931	828	927	504	625	518
B4019	243	292	248	113	170	175
B402	291	320	321	230	254	258
B4020	948	957	977	284	512	493
B4021	103.214	129.706	131	67.316	76.6238	57.3214
B4022	2020	2091	1976	974	1068	1047
B4023	273.9998	361	419.0005	262.0003	211	288.9999
B4024	540	596	511	207	194	234
B4025	27932	21765	15583.98	10770	14784	14192
B4026	1271	1687	1358	909	868	920
B4027	813	747	814	519	542	479
B4028	240	258	247	176	208	233
B4029	107	87	85	21	36	27
B403	445.9998	389.0004	387	329	323.0001	328.9998
B4030	18532	13453	12299	6532	10074	10186
B4031	738	644	549	740	755	596
B4032	1507.042	1248.324	1412.436	1060	971.015	1021.48
B4033	1521	1573	1435	992	1163	1080
B4034	1731	2131	2009	1292	1355	1492
B4035	2852.005	2843.998	2186.999	2708.002	2662.9961	2487
B4036	1556	1945	1040	2721	1931	1406
B4037	365	294	317	192	187	242
B4038	1388.99746	1147.9996	1584.999906	428.9997	327.00040104703	414.9999
B4039	489	510	469	470	390	307
B404	371	355	445	164	230	219
B4040	767	940.0003	974.9999	499.9999	589.9997	555
B4041	2660	2817	2708.997	1471	1656	1844.999
B4042	184	282	214	113	121	159
B4043	186	272	279	37	74	37
B4044	153	114	135	61	85	98
B4045	7112	6253	4729	13600	8611	5680
B4046	96	117	123	159.9997	152	106
B4047	3245	4244	1680	6873	6482	6726
B4048	241	260	291	198	178	198
B4049	371	403	541	49	58	93
B405	461	392	426	333	286	297
B4050	66	46	46	35	63	34
B4051	589	655	695	324	342	370
B4052	425	459	470	164	204	208
B4053	348	424	402	186	244	270
B4054	413	412	503	238	249	286
B4055	439.0003	396	309	418.9994	384.9995	312
B4056	192	206	196	241	172	197
B4057	1926	2025	2108	800	857	915
B4058	531	499	417	378	460	404
B4059	437	427	490	321	323	251
B406	210	183	250	96	112	84
B4060	470	669	616	344.0001	376	360.9998
B4061	492	634	453	666	575	455
B4062	1165	1041	1333	645	686	729
B4063	2342.9998	2117.0053	1298.002	1844.003	1908.005	1715.001
B4064	214	168	230	36	59	77
B4065	245	228	549.9999	3	4.999996	2
B4066	66	56	135	0	0	1
B4067	195.9997	135	208.0002	71	102.99996	97
B4068	1159	1118	718	1172	941	946
B4069	389	250.000128938	343.9999	142.00002	122	190.00002
B407	3896	3466	3423	1835	1994	2282
B4070	778	776	729	632	511	496
B4071	50	71	104	10	39	28
B4072	185	188	190	101	127	109
B4073	168	152	154	43	55	68
B4074	100	101	128	36	75	55
B4075	3976	3732	3268	2612	2413	2644
B4076	2388	2266	1744	1417	1457	1297
B4077	1154	1208	1085	524	616	542
B4078	1999.942	2125.19	1415.315	1963.058	1956.265	1954.31
B4079	408	464.00000166157	429	247.9996	265.0003	295.0004
B408	267	227	249	167	186	180
B4080	3191	3499	3003.99965	3359.99703	3322.995	3095.9954
B4081	7	0	0	3	6	0
B4082	640	819	849	263.9998	270.0002	344.9997
B4083	137	207	242	63	123	115
B4084	357	319	307	525	569	411
B4085	78	123	149	20	23	34
B4086	371	423	1073	142	144	253
B4087	1249.004	1518.999	1422.999	588	804	941
B4088	396	409	399	190	182	228
B4089	601	631	573	361	388	407
B409	174	235	151	184	140	189
B4090	372	338	263	305	285	308
B4091	86	169.99992	176.9998	53	41	44.99998
B4092	3267	3193	3131	2545	2597	2532
B4093	76	83	71	19	29	59
B4094	382.000000017995	426	471	217	182	254
B4095	871	670	667	398	445	503
B4096	944	1022	1035	1048	821	756
B4097	394	384	513	234	241	254
B4098	678	803	710	372	413	510
B4099	174	207	169	64	121	103
B41	159	133	163	179	184	137
B410	898	950	904	570	552.9995	540
B4100	527	570	479	494	356	391
B4101	719	705	655	781	876	815
B4102	849.746	834.681	883.38	585.405	590	590
B4103	384	322	281	191	179	231
B4104	400	534	278	391	408	283
B4105	558	597	542	381	334	292
B4106	2528	1635	1677	1362	1755	1691
B4107	306	221	166	307	263	257
B4108	729	676	508	537	565	524
B4109	166	154	226	130	85	135
B411	0	1	0	2	0	3
B4110	784	741	675.000000114988	512.9996	475	464.999699
B4111	2480.9979	2674.00000002659	2100.0001	2908.9987	3281.0039	2775.9993
B4112	2223	2132	1632	1184	1199	1289
B4113	435.00036	387.691	331.517	415.4377	277.801	240.697
B4114	219	171.309	306.483	66.5625	68.199	103.303
B4115	209	265	193	137	128	170
B4116	1114.9993	758.9996	909.0001	422.9997	423.0004	374.9998
B4117	854.0002	917	835	526.0003	634	618
B4118	27316.91118	22460.9405604302	22675.7361	42502.83161232	40432.775713363	36019.505718917
B4119	476	534	515	270	317	369
B412	4890	4648	4746	4623	4272	4174
B4120	993	968	952	352	494	507
B4121	719.567	672	359	472.397	587.433	683.09
B4122	1170.432	820	826.2161	1292.6055	1340.6016	1198.218
B4123	797.07	602.033	599.064	1268.14	1074.23	957.216
B4124	505.000000087264	415.0002	527.9994	170.000036	230.9995	233.99996643
B4125	76	100	165	25	36	34
B4126	833	803	863	365	387	471
B4127	553	525	440	374	317	355
B4128	2638	2523.002	3118	1908.996	1958.004	1918.003
B4129	714	670	501	460	406	373
B413	2491	2528.996	1382.0012	3954.003	3750.003	3192.0008
B4130	3004	2389	1857	1728	1896	1783
B4131	3932	3617	3437	2229	2630	2699
B4132	1625	1863.001	2454	577	959	973
B4133	406	457	409	231	318	267
B4134	528	655	595	463	430	435
B4135	760.9996	1230.004	552.9998	1739.995	1329.998	1047.9998
B4136	50	54	68	51	58	30
B4137	1856	1652.004	1713	1144	1188	1214
B4138	22	9	18	14	20.00004	21
B4139	1461	1735	1338	848	979	1111
B414	2324	2936	2398	2549.52	2479	2377
B4140	282	221.9998	146	285.0002	304.0003	210
B4141	220	146	178	241	288	163
B4142	30567.9906	31166.9679	23299.01	13322.0007	17220.98	18671.0444
B4143	1351	1178	1207	1131	1163	1092
B4144	90	93.99996	90	79	79	97.00001
B4145	377	360	303	501.0005	460.9998	390
B4146	134	94	150	102	89	126
B4147	1657	1305	1210	21	7	27
B4148	52	59.000000436257	99	80	78	72
B4149	579	854	627	682	789	737
B415	5222	5167	4505	2509	3236	3586
B4150	2169.996	2361.995	2263.004	1385.0032	1328.0024	1299.998
B4151	1984.001	1930.003	1318	1771.997	1982.005	1644.003
B4152	61	64	118	37	47	36
B4153	603	787	732	378	385	373
B4154	501	509	573	312	281	337
B4155	350	431	641	37	126	128.9999
B4156	340.0002	297	290.9998	158	210.0001	175.0004
B4157	2194	2011	2164	1802	1622	1628
B4158	1474	1577	1234	416	565	582
B4159	3811.31	5018.62	4556.49	2945.49	2626.12	2298.85
B416	598	619	603	264	338	263
B4160	346	303	322	277	260	194
B4161	351	350	352	304	371	331
B4162	640	605	519	428	445	452
B4163	696	691	639	552	613	599
B4164	11269.76	11676.05	6563.67	27967.31	21146.16	19748.96
B4165	13772	12735.9844	9651.99747	17516	17499	12888
B4166	3987.0028	4337	4208.0019	1259	1444	1466
B4167	1597	1532	1377	606.0002	593.9998	693
B4168	1480	1505	1397	1296	1158	1052
B4169	863	858	952	565	605	562
B417	2883	2553	2292	1711	2002	1755
B4170	34	33	53	22	25	35
B4171	230	216	175	185	187	146
B4172	648	556.999500082194	814.0005	473	467.9995	516.001
B4173	1964.591	2153.0092	2413.8017	1451.2212	1547.8586	1619.0005
B4174	126.803	131	224.537	58	58	43
B4175	398	415	344	148	235	141
B4176	417	476	476	355	293	257
B4177	18	32	41	16	18	42
B4178	1658	1610	1305	1032	1040	973
B4179	1181	1180	996.9999	1008.0003	813	729
B418	781.0004	746.9996	812.000000010045	572	607.0001	476.999
B4180	3202	3507	2442	3002	2704	2596
B4181	904	929	735	938	961	885
B4182	352	411	354	287	289	322
B4183	347	329	369	234	261	249
B4184	2320	1888	1744	2566	2167	2235
B4185	898.9995	904.0004	913.0001	928.0002	725.9997	706.9997
B4186	1265	1313	1231	673	683	782
B4187	443.064	590.839	488.569	278.066	389.654	395.609
B4188	5254	5176	4513	3382.996	3667.997	4005
B4189	184	127	238	95	94	127
B419	549	600	652	325	361	417
B4190	181	186	122	121	94	130
B4191	203	207	282	193	169	174
B4192	197	185	214	73	180	156
B4193	218	301	219.9996	186.0002	185.0004	184
B4194	4770	4689	5192	3647	3313	3114
B4195	281	220	213	184	172	162
B4196	1098	1244	1336	836	768	751
B4197	592	647	611	446	400	436
B4198	1400	1350	1284	691	640	685
B4199	366.9996	452	301.0003	330.9999	321.0005	274.0003
B42	858.772	756.933	722.971	779.385	568.915	566.808
B420	9360.00074	8136.00188	7796.00373	16803.97149	13419.0467300242	10613.99307
B4200	7003	7050	5217	6333	7225	6283
B4201	731	595	523	535	560	517
B4202	142	120	122	103	96	56
B4203	451	426	623	238	248	306
B4204	1785.004	1615.996	983	2105.004	2149.999	1557.003
B4205	1403.23	1396	1456	762.38	796.707	860
B4206	968	912	1077	533	540	554
B4207	287	360	293	326	306	214
B4208	389	314	322	262	203	256
B4209	5700.210805159	7193.66	6775.21000027184	2844.2500359257	3939.8417	4817.239
B421	108	154	178	60	64	79
B4210	236	274	281	148	153	157
B4211	310.0004	160.99979	237.0001	157	188.9998	121.9999745
B4212	274	344	297	223	172.0005	192
B4213	796	763	574	536	475	460
B4214	4546.004	4791.0049	5503.00013	6325	5604.99497	5089.999
B4215	118	161	143	70	50	57
B4216	258	326	273	305	246	277
B4217	479	492	411	288	274	230
B4218	1524.004	1757.998	1796.003	614	770	915
B4219	1722	1922	1384	1698	2380	2981
B422	639	666	784	597	481	524
B4220	231.9995	275.9998	363	233.0001	241	263.0003
B4221	9089	10935	9767	6457	6151	5820
B4222	159	131	121	5	22	16
B4223	40	51	61	30	25	43
B4224	803	804	782	382	440	479
B4225	373	434	434	334	281	211
B4226	582.0004	635.0003	675	301	430	319
B4227	1149	1226	948	808	727	733
B4228	7182.998747	8375.996494	7387.00047	3406.0001	4326.004	4992.00485423
B4229	287.99995	232.00046	223	181	242	148
B423	27	26	28	6	6	13
B4230	1168	1358	1503	690	834	824
B4231	158	178	226	103	109	126
B4232	316	322.0004	323.9996	327	286.0003	299
B4233	372	336.0001	423	350	338	218.9998
B4234	1909.08	2815.83	2900.1	865.831	1272.5	1213.54
B4235	1193.92	1534.165	1657.9	697.169	814.4975	827.4612
B4236	650	878	969	181	243	211
B4237	436	399	356	338	393	357
B4238	1987	2094	2028	1409	1310	1392
B4239	239	278	234	140	151	158
B424	296	200	152	95	137	134
B4240	656	751	741	453	539	483
B4241	42	55	35	24	25	7
B4242	2335.9964	2403.1547	2961.00462	1393	1349.0017	1419
B4243	5	12	4	2	1	2
B4244	1109	1404	1254	553	620	670
B4245	379	453	442	149	166	207
B4246	525	448	452.99992	347.000000303958	273	318
B4247	728	748	735	637	489	554
B4248	1965	2579	2792	749	717	663
B4249	1973	2087	2152	1233	1308	1473
B425	2061	2124	1737	998	1256	1543
B4250	124	135	132	35	52	39
B4251	894	741	807	153	355	387
B4252	72	76	121	22	11	43
B4253	330.0004	245	305	261.0003	319.0001	216
B4254	1446	1462	1188	848	996	1009
B4255	174	214	233	108	147	106
B4256	146	159	242	89	99	119
B4257	324	381	379	223	213	178
B4258	341	325	355	219	234	214
B4259	49	36	51	36	52	47
B426	942	891	810	559	554	644
B4260	630	1096	1766	361	584	701
B4261	121	131	141	75	51	81
B4262	2366.0002	2820.9953	3045.0044	2773.9959	2528.9978	2339.003
B4263	587	846	598	761	758	622
B4264	935	1029	1185	616	702	563
B4265	5086.004	5305.001	4235.996	7117.998	6741.001	5077.0024
B4266	132	183	130	69	93	110
B4267	4	8	0	0	4	0
B4268	944	944	1374.996	626	630	583
B4269	522	569	719	618	477	438
B427	13	12	20	5	1	7
B4270	245	338	280	264	296	280
B4271	1034	1060	1045	422	402	425
B4272	2223	2267	2100	1176	1698	1850
B4273	408	311	317	340	275	279
B4274	1405	1445	1323	721	732	912
B4275	536.0001	519	567	435.9998	409	542
B4276	502	604	459	394	379	335
B4277	582	479	610	394	309	445
B4278	16	22	29	2	0	0
B4279	0	0	0	0	0	0
B428	1380.9995	1010.9996	917.0004	742.00025	859.9997	802.0005
B4280	268	222	247	134	198	199
B4281	906	1140	1305	861	994	924
B4282	585	631	530	342	445	400
B4283	419	532	444	270	265	287
B4284	89	77	92	62	39	94
B4285	315	382	313	200	242	236
B4286	179	191	187	216	186	223
B4287	5	6	3	6	2	2
B4288	844	939	872	542	621	578
B4289	1210	1316	1434.998	657	684.9995	712
B429	271	283	233	226	251	191
B4290	70	73	41	70	88	40
B4291	3060	2729	2001	2410.003	2103.0026	2200.0046
B4292	719	811	647	393	462	454
B4293	270	264	392	218	207	208
B4294	536	625	369	760	566	497
B4295	44	57	84	33	20	42
B4296	520	535	585	335	345	355.9997
B4297	2074.9963	2160.997	1437	5865.998	4555.998	3330.9963
B4298	517	484	350	538	513	336
B4299	383	364	376	190	303	304
B43	1043	1190	1090	1019	1256	1297
B430	2087	2180	1771	1688	1729	1771
B4300	514	541	465	236	291	310
B4301	1344	1551	1220	1186	1211	1129
B4302	75	85	45	46	45	13
B4303	1242.71	1593	1536	769	786.03	663.971
B4304	2173.998	2323.004	2237.001	1086	1263	1366
B4305	97	83	92	47	46	58
B4306	526	520	441	311	423	328
B4307	975	948	799	688	834	723
B4308	1191	1388	969	790	789	913
B4309	187.0001	140.00022	186	144.9996	147.0003	127
B431	1289	1560	1358	901	922	1130
B4310	216	216	188	141	152	101
B4311	910	1014	1080	542.9997	652	558
B4312	403	369	345	166.00041	242	199.99988
B4313	352	448	339	281	251	333
B4314	13957	15434	10129.0000910671	28074.031	22903.0300007517	16787
B4315	1737.001	1594.001	1761.999	849	1033	966
B4316	120	198	152	73	92	71
B4317	374	387	550	231	270	253
B4318	677	722	744	453	474	521
B4319	71	80	89	36	46	83
B432	394	400	446	261	233	292
B4320	3434	3035.998	2935.002	4301.004	2777.004	2786.003
B4321	439	509.9999	494.0003	415.0005	480.99974	532.00037
B4322	209	291	291	305	257	275
B4323	296	196	271	153	133	163
B4324	1879	1699	1636	1418	1326	1363
B4325	2246	2126	2083	3195	2922	2214
B4326	927.295	981.815	669.008	1002.308	984.207	691.15
B4327	7966.51	10855	9556	8507	8356	8480
B4328	3025	2999.27	2139	2656	2925	2178
B4329	1488	1641	1440	815	754	1039
B433	430	369	419	225	248	285
B4330	806	1036	917	532	621	634
B4331	337	334	254	139	146	163
B4332	473	550	599	321	417	341
B4333	2264.004	1883.005	1545.002	1877.003	1830.0017	1615.9992
B4334	134	182	142	85	103	103
B4335	2331	2124	1974	2104	2046	1915
B4336	42	85	73	41	63	50
B4337	941.0006	1020.9999	799.9996	854.0001	860.999	867.0005
B4338	1709	1827	1669	712	802	815
B4339	1484	1809	1723	846	1000	894
B434	101	87	82	60	51	61
B4340	287	258	357	164	130	212
B4341	656	614	909	402	396	402
B4342	5428.003	4331.0033	3264.997	3373.997	4017.997	3761.997
B4343	357	338	305	265	288	273
B4344	364	498	321	771	731	414
B4345	1500	1426	1153	622	690	781
B4346	1922	2014	1591	1714	1702	1614
B4347	4498	4928	4365	3149	3633	3477
B4348	42434.96	41541.06	45203	39024.002	40074.06	35310.05
B4349	1607	1717	1180	574	657	785
B435	0	4	1	0	0	0
B4350	672	713	686	697	705	623
B4351	219	227	187	210	200	228
B4352	1313	1300	1012	759	1083	1275
B4353	239	364	308	97	161	115
B4354	2	0	0	0	0	0
B4355	625	751	876	410	415	490
B4356	505	532	533	266	235	306
B4357	239.227	251.906	277.498	235.929	197.204	204.656
B4358	4674.86	5386.24	5572.26	4777.87	4282.73	3724.21
B4359	1239	1286	1140	637	626	778
B436	185	170	158	48	99	62
B4360	219	167	158	52	78	82
B4361	232	217	195	125	182	172
B4362	1600	1854	1562	1303	1282	1325
B4363	318	318	297	88	124	139
B4364	31899	29037	20640	25233	28792	28031
B4365	1038	1175.0007	1123	811	582	557
B4366	1677.99783	1985.9969	1632.0042	1275.00151	1224.0018	1321.9955
B4367	1135	1505	1635	819	920	837
B4368	458.9997	407.0002	324.99994	632.9998	542.9995	443.0004
B4369	3	10	30	0	0	0
B437	274	296.0004	324.999835177	301	241.9998	178.9998
B4370	0	0	15	0	0	0
B4371	2417.9972	2357.0001	3686.9973	2651.004	2623.003991	2651.9959
B4372	295	376	350	168	159	180
B4373	1815	2397.06	2389	1139	1420	1245
B4374	473	564	597	370	391	341
B4375	372	396	460	199	304	251
B4376	939	943	939	666	588	683
B4377	2142	2067	2016	1120	1413	1356
B4378	408	437	377	269	287	266
B4379	3871.999	4709.907	5012.8926	2133.0038	2799	2572.9994
B438	2829.003	3048.002	2576.9967	2853.9976	2512.002	2203.002
B4380	79021.05431	69837.29202243	59339.9211000281	49459.85350192	56002.038	45154.91331
B4381	5215	4925	4839	3538	4085.99958	3708
B4382	39	42	25	35	49	15
B4383	1062	1726	1070	501	675	851
B4384	146	74	90	104	179	178
B4385	0	0	0	0	0	0
B4386	256	222	208	291	268	259
B4387	1052	1089	1126	887	807	663
B4388	2859.57	3110.90213	3815.63	3204.0897	2435.60182	2398.04
B4389	2077.432	2559.09	3271.365	1385.908	1454.396	1337.961
B439	690	841	753	454.0001	599	574
B4390	935	856	755	1021	808	627
B4391	66	76	98	62	26	27
B4392	693	715	677	685	719	548
B4393	9046.46	8325.17	8109.48	10097.2	9949.26	8875.84
B4394	3722	4029	4315.997	2986.997	3152.002	2842.002
B4395	448	399	380	376	366	349
B4396	1512	1915	2385	974	957	915
B4397	3803	4458	4704	2627	2567	2705
B4398	646	549	458	396	548	429
B4399	589	696	857	287	411	349
B44	107	77	106	47	58	54
B440	140	134	159	15	14	9
B4400	261.755	219.487	222.319	303.385	315.425	234.801
B4401	2545.9951	2301.002	2941.9996	1659.9993	1695.9977	1648.9987
B4402	249.0001	336	353	173	191.9997	161.9996
B4403	621.895	714.642	647.896	505.981	585.763	583.612
B4404	687.204	712.346	694.251	595.153	666.298	610.148
B4405	641.105	507.358	771.104	424.019	292.237	325.388
B4406	30.7958	57.6538	10.7495	45.8472	44.7016	31.8522
B4407	2177	2182	1977	1050	1097	1147
B4408	422	354	466	265.0003	213	288.0002
B4409	133	173	236	76	48	90
B441	9534	5537	4324	3500	4664	4824
B4410	174	212	236	122	95	96
B4411	568	579	562	389	338	377
B4412	856	847	887	376	391	484
B4413	596	531	632	380	428	444
B4414	3488	3285	3698	1878	2331	2724
B4415	2070	2241.996	1919	849	922	1032
B4416	1017	860	671	844	852	682
B4417	0	4	5	4	10	2
B4418	1153	1275.995	1085	904.000000032402	981	1025.9956
B4419	801	788	727	548	534	545
B442	1610	1682	1515	1457	1444	1365
B4420	792	892	834	267.356	363	437
B4421	0	0	0	0	2.0392	2.02218
B4422	680	749	748	252	347	322
B4423	28	43	18	7	15	14
B4424	745	831	899	598	637	546
B4425	115	84	158	73	66	72
B4426	1169	1183	1163	1205	1146	921
B4427	386	378	382	178	295	299
B4428	241	119	83	164	218	147
B4429	252	180	194	147	155	208
B443	294	404	272	108	105	116
B4430	82	97	119	76	90	78
B4431	299	298	411	245	189	236
B4432	398	364	380	244	213	260
B4433	699	751	854	353	494	565
B4434	1461.999	1467.9998	1525	860	770.0001	863.0004897
B4435	726	816	740	414	481	426
B4436	418	539.087	683	77	81	71
B4437	1413	1460.0007	1121.0001	829.0002	1095.9999	978
B4438	772	668	643	556	614	634
B4439	734	636	473	988	1025	752
B444	765	930	796.9998	617	546	623
B4440	313	487	537	250	222	213
B4441	124	170	137	117	125	77
B4442	626	549	708	193.0002	193	193.0001
B4443	852	1059	983	811	731.9999	747.9995
B4444	1785.999	1959.9988	2064.995	1341.0022	1297.9981	1445.004
B4445	494	576	334	493.999861	476	448.99964
B4446	747	929	680	878	967	946
B4447	897.0003	934.0004	528.99972	2588.0029	1622.003	1210
B4448	48	33	23	84	46	38
B4449	41	53	55	8	1	11
B445	510	448	455	792	837	699
B4450	7	3	11	0	5	2
B4451	35	33	31	7	15	14
B4452	1759.004	1667.001	1648.003	832	990	841
B4453	252	239	243	129	147	97
B4454	681	761	659	599	558	474
B4455	536	657	452	569	426	420
B4456	159	153	214	75	66	71
B4457	449	430	613	181	186	239
B4458	261	325	393	137	163	230
B4459	383	442	412	275	287	337
B446	1609	1735	1296	1337	1202	1439
B4460	1292.0002	1229.00044	1138	1653	1610	1580
B4461	1728	1695	995	3762	3077	2202
B4462	2988	2862	2851	2515	2634	2524
B4463	307	293	274	110	202	123
B4464	636	826	1005	544	435	538
B4465	729	893	892	504	408	468
B4466	986	1190	991	864	1143	917
B4467	237	206	144	245	231	167
B4468	663	684	636	282	302	433
B4469	1290	1799.005	1962.003	1043	1052	1098
B447	1056	1261.639	1138	803	812	763
B4470	6502.996	6681.006	5110.004	5692.006	6436.004	6301.9943
B4471	73	111	111	79	40	76
B4472	86	58	51	43	59	79
B4473	27	75	37	62	35	71
B4474	2653.003	2019.995	2329.004	1037	1257	1014
B4475	104	146	137	114	135	152
B4476	0	0	0	0	0	0
B4477	12059	14589	10696	9570	9476	8307
B4478	474	583	430	257	197	303
B4479	1855	2682	2667	1095	1122	1262
B448	427	447	522	234	217	266
B4480	1483	1332	944	1743	1582	1276
B4481	1020	1370	1372	726	652	764
B4482	9246	8804	9357	6632	7476	6800
B4483	739	717	818	520.9997	418	490
B4484	562	524	536	390	354	427
B4485	919	1255	1097	397	576	673
B4486	155	162	241	74	102	79
B4487	764	772.9996	778	469	394.9997	513
B4488	613	759	696	528	474	460
B4489	456	456	432	394.0002	317	314
B449	615	486	464	336	382	377
B4490	478	442	358	379	359	309
B4491	2722	2893	2778	2166	1913	1902
B4492	1962.002	2003.003	1809.999	1843.998	1584	1718
B4493	99.0015	90.0014	86	73	41.0009	51.0022
B4494	5	5	0	0	5	3
B4495	10	17	9	22	28	14
B4496	318	328	340	144	200	160
B4497	25	33	25	20	17	27
B4498	231	306	397	31	86	92
B4499	94	37	30	6	12	14
B45	253	252	193	169	210	178
B450	601	653	527	466	397	419
B4500	193.487	124	209.609	45	154.288	118.339
B4501	164.0001	236.9997	201.9998	184.0004	215	274
B4502	1719	2471	2815	329	329	403
B4503	565.726	638.962	744.976	304.577	355.36	317.988
B4504	2329.001	2821.995	3403.995	1473.997	1603.002	1481.0003
B4505	1698	1930	1803	1980	1692	1690
B4506	341	386	306	167	182	226
B4507	946	868.99985	832	511.00025	528.00042	507
B4508	458	530	337	183	203	222
B4509	706	654.0002	778.9996	838	680.0000182553	637.9997
B451	582.0001	612	465.0004	546	537	394.0003
B4510	1056.92	1041.97	1954	381.994	475	423.301
B4511	2384.08	2651.03	3247	768.006	986	978.699
B4512	76	38	56	2	12	22
B4513	1398	1430	1677	964	914	932
B4514	1377	1529	856	2048	2086	1362
B4515	113	265	251	45	91	90
B4516	2239	3436.2	3150.09	1445	1798.01	1650.49
B4517	576	573	791	565	601	506
B4518	401	552	564	219	191	223
B4519	298	508	436	132	187	160
B452	46	67	101	40	25	34
B4520	69	82	73	32	65	47
B4521	855	799	1007	263	372	417
B4522	543	595	864	289	424	350
B4523	224	264	350	92	132	125
B4524	129	174.9998	232.9998	32.99996	55	36
B4525	98	102	180	22	30	69
B4526	772	897	1006	490	543	452
B4527	5	10	6	5	7	11
B4528	1141	1261	1035	1333	1007	850
B4529	56	70	82	44	77	35
B453	1010	1021	777	1277	1181	1215
B4530	81	60	69	60	74.9999564282	73
B4531	1149	1130	811	769	976	853
B4532	3434.998	4028.999	4525.002	1820.998	1970.998	1964
B4533	983	994	944	576	575	549
B4534	1981	1666	1468	1008	1153	1115
B4535	791	794	658	827	690	625
B4536	208.028	254.961	262.123	70	96	57
B4537	115	122	116	70	64	76
B4538	944.999767	1010	858.00032	703	688	764.000000019759
B4539	135	133	145	82	90	103
B454	150	99	109	44	58	61
B4540	150	187	135	78	123	155
B4541	818.0001	774.0001	596	585.00008	590	603.9995
B4542	71	73	127	157	95	181.9998
B4543	420	452	447	256	240	298
B4544	2275.2	1968.4	2220.66	1906.5	1753.25	1906.37
B4545	4458.31	6002.72	6060.65	2968.6	3533.91	3000.503
B4546	2263.69	2995.28	3192.35	1140.39	1554.09	1244.5
B4547	160	154	123	92	100	136
B4548	1375	1472	1345	1236	1426	1133
B4549	2126	2447	2041	1726	1738	1764
B455	5042	5241	4627	5889	5970	4878
B4550	486	404	530	182	158	264
B4551	3984	5168	3251	4189	4570	4640
B4552	418	374	441	207	268	250
B4553	288373.14	304877.05	256180.92	239355.52	309626.02	349203.43
B4554	1157	1174	1060	640	732	816
B4555	2586	2264	2279	1786	1490	1698
B4556	1332.003	1195.003	1425.999	899	944	817
B4557	7411	7164	5637.998	7894	7729	7600
B4558	102	76	61	80	80	67
B4559	477	553	607	144	215	206
B456	486	543	662	125	180	196
B4560	1929	2122	1591	3248	3471	3773
B4561	11731.58	10830.31	8300.61	12574.75	12009.46	9411
B4562	1708.999	1745.998	1344	1262	1420.003	1580.996
B4563	168.9995	228	227.0004	79	151	146
B4564	910.000000047339	1042.0004	708	787.9998	872.0004	775.999614
B4565	926	854	786	590	524	483
B4566	542	562	561	420	343	327
B4567	655.9997	651.0001	859.99986	247.0003	277	287.9998
B4568	254	129	114	168	135	148
B4569	373	350	288	558	413	325
B457	0	0	0	0	0	0
B4570	2575.9999	3105.0024	4539.0024	1135.9953	1248.0038	1299.9952
B4571	2741	2728	3210	1866	1831	1949
B4572	1358	1333	1306	922	920	970
B4573	263	288	294	155	223	172
B4574	577	628	496	374	423	322
B4575	363	314	225	385	371	346
B4576	200	143	142	240	211	163
B4577	534	505	541	360	320	396
B4578	414	346	425	216	153	210
B4579	676	497	531	429	415	408
B458	174.9997	186	217.9997	115	128.9999	128.9997
B4580	321	297	221	215	227	186
B4581	2	0	0	0	0	0
B4582	404	1144	864	71	217	246
B4583	797	819	774	622	617	636
B4584	1379	1377	1253	815	972	977
B4585	148	156	250.0000390387	100	130	84
B4586	149	170	136	116	91	108
B4587	225.9996	255.9996	317	55	94	112
B4588	18	33	44	5	12	17
B4589	296	355	371	168	184	201
B459	1187	1274	1219	586	687	705
B4590	294	352	331	138	150	165
B4591	1198	1374.9998077	1165	805	675	842.000438989
B4592	902.9998	834.0005	657.00018	712.0003	904.9995	644
B4593	223	232	164	145	112	158
B4594	1320.01	1459.87	1459.43	760.034	850.185	1021.64
B4595	829	830	752	434	434	395
B4596	243	227	231	155	166	167
B4597	0	0	0	0	0	1
B4598	1189.000135608	1141	1221	971	915	889
B4599	378	436	410	319	315	316
B46	126	50	97	94	129	66
B460	334	355	351	245	334	269
B4600	623	599	595	374	424	459
B4601	212	180	186	205	177	176
B4602	299.0004	275.9997	271.9997	291	316.0003	281
B4603	230	203	193	152	156	100
B4604	794.9999	754.0004	819.0003	704.0001	749	706
B4605	178	160	118	175	179	135
B4606	197.0003	205.999506019	360	123	109	168.0004
B4607	5214	6907	7185	2828.996	3856.996	3428.997
B4608	2763	2935	2601	1885	1919	1670
B4609	4770	6170	6125	3174	3563	3240
B461	421	480	546	245	315	338
B4610	2609.004	2237	2647.001	1369	1354.997	1350
B4611	319	302	335	160	213	209
B4612	224.418	180.982	211.204	268.309	286.548	223.549
B4613	158	220	213	174	154	156
B4614	2127.14	2962.76	3074.74	1267.13	1607.27	1473.79
B4615	4	7	2	1	0	0
B4616	326	303	331	439	410	411
B4617	1150	1138	1292	464	531	563
B4618	1115	1182.0000925744	1236.0011443	785.00003156	1078	1091.0006
B4619	541	524	493	395	356	316
B462	651	599	575	334	427	423
B4620	402.99970365	433	477	201.0003	264	281.9999
B4621	2201.9995	2093.9948	2216.00187	2122.9999	1962.001	1876.9964
B4622	97	96	129	15	23	29
B4623	690	591	757	348.0000019074	345	482.00000187834
B4624	2597	2710.005	2942.995	1884.996	2114.996	2304.999
B4625	1446	1543	1464	590	776	696
B4626	715	746	580.0001059	473	434.9995	500.00007858
B4627	412	352	358	132	162	194
B4628	454	572.0001	589.0003	217.0003	233.0003	232.0002
B4629	300	164	82	120	126	155
B463	2569	2467	3251	778	968	1405
B4630	180	257	235	116	140	138
B4631	4331.00134	4850.6672	6360.0026	1953.0005000649	2604.99639006373	2435.9999
B4632	721	857	895	538	578	635
B4633	216	145	182	91	103	95
B4634	522	346	358	258	254	237
B4635	301	279	236	482	458	437
B4636	207	160	233	129	130	177
B4637	46	95	52	74	62	56
B4638	5559	5805.997	5370.997	5070.996	4152.9964	4434.997
B4639	359	419	352	215	220	253
B464	86	78	102	11	23	22
B4640	253	225	249	33	62	70
B4641	610	497.9995	501	454	481.298	438.0004
B4642	2449.4	3028.09	3075.8	1612.32	1895.53	1558.12
B4643	584.0003	544.0003	509.9997	321.00033	431.0003	329.0003
B4644	4704	4692	4508	2406	2081	2010
B4645	219	216	205	116	151	88
B4646	245	224	250	137	199	181
B4647	3322	3282	3179	1448	2054	2134
B4648	432	500	554	271	325	344
B4649	6	3	7	1	8	7
B465	254	277.284	237	207	171	189
B4650	116	112	141	25	66	60
B4651	202	127	157	115	121	173
B4652	167	255	284	113	150	141
B4653	1351.9989	1556.9979	1991.0016	660	819.9997	789
B4654	1193	1120	1051	589	824	898
B4655	1744.004	1813.998	2001.004	1802.998	2061.003	1826.005
B4656	6281	4851.97	4849.78	2578	3325	3181.89
B4657	147.9996	97.0246	136.2249	78	91	88.11
B4658	87	147	158	62	81	45
B4659	48	70	56	20	27	19
B466	6917	6512	6064	6202	5485	5427
B4660	173.0004	155.082	177	134	119.082	116.15337
B4661	3	0	0	3	0	0
B4662	1262	1619	1638	1314	1307	1336
B4663	122	118	153	48	35	46
B4664	17	27	27	2	4	7
B4665	309	343	350	170	156	236
B4666	212	234	188	155	150	181
B4667	491	618	549	455	300	310
B4668	1276	1119	1031	706	796	747
B4669	3440.4918	3611.6047	1264.0743	3670.2505	2858.699	2669.0985
B467	2201.002	2550.002	3002.999	1841.999	1895.997	1606.005
B4670	808.51021	497.397	2596.92709	660.749	565.298026	570.9029
B4671	1129	1189	990	929	898	814
B4672	144	193.696	177.653	114	103	95.1806
B4673	99	137.304	78.347	64	44	54.8194
B4674	2620	2487	1466	4765	3920	2707
B4675	104	109	253	79	70	92
B4676	1934	1632	1345	1117	1159	1140
B4677	278	251.202	308.303	223.177	196.123	161.134
B4678	314	360.9997	380	246.9997	207.9997	213
B4679	1010	639	652	444.9996	612	547
B468	1029	1223	1105	892	815	811
B4680	835	882	752	474	547	552
B4681	535.99972	393.99997	308	394	371.99968	391.9998
B4682	771	760	662	527	572	651
B4683	891	839	773	837	553	676
B4684	434	397	448	215	192	301
B4685	1	3	2	0	0	0
B4686	194	244	311	157	185	142
B4687	376	371	482	270	311	240
B4688	304	246	205	190	235	152
B4689	39	55	39	35	12	21
B469	475	564	454	290	297	318
B4690	236.99964	278.00047	374	90	77	123
B4691	396	432	339	96	73	113
B4692	1502.0033	1690.0031	1174.99924	1768.0009	1755.9984	1523.003
B4693	1804	1820	1745	1306	1375	1288
B4694	1232	1275	1058	703	758	953
B4695	400	509	378	254	270	262
B4696	330	381	458	196	194	182
B4697	416	499.437	691	158	278	248
B4698	1226	1213	1286	1014	832	822
B4699	373	317	366	309	302	312
B47	132	107	112	97	74	86
B470	5946	6663	4275	12068	9416	6564
B4700	1172	1140.99633	1301	965	810	818
B4701	2209	2673	2279	1634	1749	1875
B4702	140	140	120	56	88	105
B4703	930.651	1097	873	459	549	574
B4704	788	875	868	338	377	363
B4705	0	2	0	0	0	0
B4706	341	399	139	817	576	385
B4707	688	767	997	201	230	198
B4708	173	140	191	190	144	93
B4709	137	164	186	87	115	90
B471	290	451	419	189	236	216
B4710	2712.0015	2723.9963	1706.0048	2471.0001	1977.0047	1939.9969
B4711	1636	1688	1459	1214	1207	1287
B4712	640	610	652	180	196	201
B4713	194	217	218	136	105	124
B4714	20338	19124.7	19492	26383	19441	16791
B4715	528	349	381	301	292	416
B4716	867	739	835	502	698	521
B4717	0	14	24.6815	0	50	48.849
B4718	46	0	11.3185	39	0	11.151
B4719	2	1	9	3	2	2
B472	552	552	603	311	297	258
B4720	626	481	597	620	506	602
B4721	497	405	451	304	349	333
B4722	856	757	418	830	1084	988
B4723	148	163	187	104	114	122
B4724	338	436	472	169	292	279
B4725	877	1042	898	499	556	692
B4726	263	270	283	105	114	114
B4727	187.0001	230.9998	181	172.9999	243.0004	243
B4728	11965.01	10862.004	9688.004	6825.005	8155.996	7703.999
B4729	535	609	489	179	217	285
B473	242	382	275	229	153	178
B4730	641	708	713	387	383	473
B4731	1220	1752.997	1956.0014	1288.0006	1186.0002	1364.0003
B4732	1189	1282	1367	824	761	722
B4733	113	171	156	121	98	109
B4734	356	314	274	389	393	338
B4735	292	265	329	168	135	167
B4736	1011	936	747	731	804	726
B4737	103	80	131.9999	41.000000051147	71.99996	44
B4738	1292	1166	890	1904	1697	1202
B4739	421	475	240	713	461	335
B474	2067	2305.00042	2220	1488	1331	1489
B4740	135	184	153	194	217	174
B4741	1544	1658	1402	709	796	1031
B4742	111	152	172	93	95	107
B4743	107	234	188	21	34	68
B4744	463	1343	279	170	130	124
B4745	3605.002	4125.003	2537.0031	6167.999	4899.001	3736.998
B4746	292	272	217	247	185	175
B4747	324639.2438	312192.59935	329441.26256	412394.606100014	327724.24391	290409.91739
B4748	41	57	36	28	16	27
B4749	15	6	6	18	11	8
B475	179.0004	115	135.99976	182.0004	230.9996	146
B4750	244	239	300	104	148	145
B4751	647	663	648	378	375	443
B4752	1390.998	1511.002	1450	819	891	993
B4753	877	842	752	610	777	681
B4754	536	534	591	120	170	192
B4755	127	105	56	64	81	64
B4756	259	278	212	91	136	144
B4757	464.615	407.996	388.1005	321.9997	315.9997	279.0003
B4758	342	393.089	499.103	225	229	248
B4759	208	215	136	161	201	167
B476	701	746	517	561	556	601
B4760	218	193	225	116	113	159
B4761	112	156	137	142	141	92
B4762	640	814	688	376	426	459
B4763	1135	1241	1211	876	833	818
B4764	691	802	753	765	783	676
B4765	160	188	153	61	85	80
B4766	486	451	427	288	311	318
B4767	231	199.00003	262	205.0001	137	139.0003
B4768	613	744	627	430	535	441
B4769	417	447	346	435	437	373
B477	393	379	472	228	294	229
B4770	54655.0446	71048.9573	94897.1019	40289.9935	34241.04384	34371.40924
B4771	1681	1714	1610	1071	1172	1250
B4772	65	110	115	57	57	60
B4773	87	87	88	77	33	69
B4774	1341	1390	723	2937	2076	1687
B4775	234	223	250	122	140	106
B4776	796	896	861	538	706	641
B4777	496	638.59	605	341.127	470	342.547
B4778	116	144	197	51	58	66
B4779	1898.9985	1851.0002	1489.99693	1079.0023	1216	1255.9951
B478	155	184	123	109	137	109
B4780	1166	1426	1298	846	742	805
B4781	558	487	528	395	371	384
B4782	766	746	903.0003	465.0004	495.0005	431
B4783	1315.999	1430.996	1320.004	1278.997	1103	1183
B4784	89	85	149	81	57	76
B4785	336	370	333	189	186	234
B4786	56	60	86	66	75	60
B4787	439	476	477	267	355	307
B4788	83	87	82	77	57	44
B4789	113	96	159	48	67	49
B479	21	11	12	11	5	13
B4790	52	19	24	23	21	9
B4791	2065.99539	2163.9953	1994	1359	1348	1264.998
B4792	4091	3618	3294	2679	2871	2814
B4793	983	932	1090	654	689	515
B4794	2490	2034	1557	1262	1499	1465
B4795	369	329	402	182	287	278
B4796	763	969	1169	355	358	389
B4797	4	7	0	0	0	3
B4798	1089	1181	1241	1064	981	1074
B4799	458	363.0001	359	382	314	299
B48	21	12	19	22	7	17
B480	144	111	81	151	93	166
B4800	8908.93	10018	8354	7525	7633	7151
B4801	191	211	200	194	216	278
B4802	447	356	272	336	363	366
B4803	0	5	0	1	0	4
B4804	143	147	186	93	95	106
B4805	136	172	215	77	82	88
B4806	831	943	1097	546	521	564
B4807	53	107	87	42	46	27
B4808	2173.9965	1549.0035	1268.0016	1364.9967	1664	1383.0021
B4809	531	596	644	427	418	401
B481	183	146	135	110	69	90
B4810	46	24	19	47	26	30
B4811	11399	6277	5600	10995	9871	8694
B4812	123	76	55	139	143	119
B4813	43	140	34	74	45	29
B4814	3101	3995	4708	1097	1325	1758
B4815	199	243	225	99	135	102
B4816	126	158	202	77	69	67
B4817	14	34	15	18	11	9
B4818	459	386	428	255	201	249
B4819	1491.997	1647.995	1448.002	1145.996	1185.996	976
B482	120.0002	102	217.0004	39.00002	55	61.99996
B4820	1099	1172	1304	917	1055	1185
B4821	101	112	81	151	105	89
B4822	387	479	357	269	289	372
B4823	1335	1256	1337	885	1137	924
B4824	13	34	27	17	17	16
B4825	1088	922	931	645.999874539	649	782
B4826	1725.997	1737	1447	1393	1574	1404
B4827	40331	42030	39517	29531	32978	26585
B4828	1804	1980	2010	1664	1394	1257
B4829	105	84	84	36	22	25
B483	1616.999	1372.004	1869.004	666	844	1088
B4830	355.000263597	376	457	270	242.0001	229
B4831	396.9997	427.0004	391.0003	369.0004	309.0001	292.9999
B4832	628	635	710	533	553	607
B4833	114	150	119	85	150	99
B4834	398	375	369	210	264	286
B4835	633	786	700	1186	1189	857
B4836	139	136	131	187	174	113
B4837	429	446	406	403	426	325
B4838	114	113	127	101	71	70
B4839	165	142	135	103	104	112
B484	1636	1476	1310	1257	1317	1230
B4840	1113	1045	1007	787	1032	851
B4841	3077	2918	2758	1368	1695	1908
B4842	1347	1326	1372	775	845	826
B4843	358	367	302	169	202	216
B4844	368	339	326	180	204	221
B4845	1301.9999	1776.99721	1890.99716	577.00035	660.9995	787.00009
B4846	892	1002	1262	420	481	439
B4847	901.0004	750.0003	485.0004	772.0004	524.0004	547.9997
B4848	270	255	278	128	159	183
B4849	552	429	408	298	319	351
B485	1376	1268	1444	734	844	774
B4850	376	466	336	263	402	482
B4851	7361	7157	4965	4042	5911	5687
B4852	916	762	662	435	480	489
B4853	1672	1590.38	1811	895	1045.42	997
B4854	875	1003	916	728	665	571
B4855	1462	1031	897	766	763	797
B4856	360	463	369	165	196	199
B4857	793	768	726	445.99989	519.9997	415.0002
B4858	154	162	143	95	140	99
B4859	429	392	391	234	292	379
B486	107	59	113	101	76	80
B4860	247	251	346	229	235	240
B4861	266	272	285	162	146	190
B4862	794	764	737	722	820	677
B4863	3	6	4	1	6	2
B4864	28	27	23	28	10	21
B4865	425	441	386	303	260	323
B4866	424.9997	391	598	184.0001	171.0001	205
B4867	1142	815	818	541	652	514
B4868	5449	5792.999	5478.996	3219.996	3004.997	3232.004
B4869	804	829	686	407	374	485
B487	962	833.0005	741	535	661	622
B4870	309.9996	303.9999	387.9999	248.9996	305.000000123476	317.9999
B4871	774	786	781	304	461	502
B4872	64	80	88	32	48	37
B4873	1918.72	2484.76	2264.78	1179.88	1156.96	1298.88
B4874	565	569	687	430	418	378
B4875	111	107	165	83	113	75
B4876	1521	1719	1635	749	938	1016
B4877	128	97	107	79	122	93
B4878	401	373	454	216	212	278
B4879	771	910	725	504	527	474
B488	649	740	912	406	434	337
B4880	7034	8716	7825	3101	3710	3662
B4881	5255	5580	3732	8428	9056	7041
B4882	1843	2374	1744	1166	1577	1461
B4883	1005	1130	1070	273	311	382
B4884	2511	2662	2476	1383	1497	1582
B4885	158	135	154	89	91	95
B4886	846.773	836.094	867.502	809.071	800.796	759.344
B4887	416	381	342	273	264	299
B4888	358	379	347	233	327	193
B4889	1169	1303	1326	841	762	803
B489	973.534	943.945	730	564	556	585.048
B4890	1525	1688	1793	1114	1249	1301
B4891	157	125	178	134	115	91
B4892	2119.99858	2283.0015763	2070.99788836	1740.00041403761	1486.00073664	1508.0001753219
B4893	291	266	311	100	140	104
B4894	3430	3950	3832	1345	1476	1534
B4895	116	101	91	55	93	80
B4896	76	86	29	152	43	36
B4897	1560	1693	1433	1019	1090	1081
B4898	1350	1205	623	2302	1679	1242
B4899	218	246	141	127	88	115
B49	69	47	38	42	46	44
B490	597	624	639	549	561	529
B4900	2264	2322	2143	1889	1674	1715
B4901	2392	2252	1670	1664	1916	1756
B4902	352.786	221.294	320	135.684	157.376	112.679
B4903	173	223	151	159	137	147
B4904	1835	2354	2352	941	1251	1185
B4905	406.0001	336.9997	420.9996	270	280	270.0002
B4906	213	365	392	37	109.583	95.7653
B4907	389	480	444	264	247	297
B4908	405	409	387	462	457	492
B4909	1017	1187.00000071185	959.000000015403	631.999	700.00072	621.999868315
B491	202	195	201	157	220	200
B4910	331	752	498	1170	484	249
B4911	8023	8034	4719	18957.97	13776	9754
B4912	100	133	114	33	29	22
B4913	593	681	508	598	704	696
B4914	550	491	624	312	342	351
B4915	226	244	196	201	163	180
B4916	141	138	146	69	71	80
B4917	115	139	113	89	64	125
B4918	18934.54	22718.01	27596.0368	4671.502	5790.004	6945
B4919	1956.93	2343.28	1655.94	2082.47	2532.32	2297.44
B492	2783	3063	2780	1214	1371	1417.766
B4920	97.07466	96.71682	92.05855	95.52789	113.681	82.5625
B4921	109	192	174	60	83	94
B4922	984	1054	890	825	972	911
B4923	791.0001	864.000600032128	729.9999	616.0001313	817.999929	739.0001
B4924	245.0005	254.0004	376.9999	129.9996	106.99988	123
B4925	394	522	338	499	388	330
B4926	186.0003	168	176	378	266.0003	328.99951
B4927	410	429	428	146	218	286
B4928	594	502	499	313	348	377
B4929	328	281	314	245	221	170
B493	27	24	38	4	9	6
B4930	566	649	493	332	384	316
B4931	74	97	74	120	97	60
B4932	485	561	390	781	671	484
B4933	52	48	69	13	24	40
B4934	4	0	0	0	0	0
B4935	625.824	524.236	638.901	199.035	228.88	268.024
B4936	234.176	249.764	235.099	150.965	158.12	180.976
B4937	622	681	518	360	424	405
B4938	31	35	46	16	11	27
B4939	1897	2051	1774	1107	1099	1150
B494	1364.9	2113.45	1953.21	273.53	349.146	329.152
B4940	1904.999	1583.004	1749.997	1014	907	1128
B4941	76	30	21	13	10	31
B4942	360	382	490	335	277	303
B4943	729.986	551.717	601.366	456.035	467.746	433.023
B4944	1818.01	1672.28	1503.63	1251.97	1234.25	1229.98
B4945	105	64	109	58	43	39
B4946	1612	2191	1501	1014	1242	1488
B4947	851.661	991.192	422.883	905.768	1023.02	767.728
B4948	1039	1672	603	1109	956	800
B4949	192	255	281	216	176	197
B495	1318	1380	1613	863	909	853
B4950	269	300	295	186	231	215
B4951	1532.617	2410.999	2027.004	462.9999	769	782
B4952	1022	1133	956	516	651	632
B4953	855	1107	1305	466	557	519
B4954	1044	1144	798	690	721	724
B4955	4095	4369	4245	744	841	1183
B4956	166	178	222	87	90	146
B4957	244.0001	212.000000315222	231.0004	196.99991	202	230
B4958	698	635	519	270	366	392
B4959	772	617	548	553	621	462
B496	6579.99561	4679.99952	5629.99769002741	3267.00279	2759.00173	2848.0016
B4960	3508	3707.9972505	5053.0029	1765.0007	2053.003	2084.999
B4961	427	467	365	216	209	237
B4962	217	206	223	86	101	112
B4963	200	275	270	147	164	148
B4964	982	1134	861	1648	1279	1036
B4965	1214	1213	1033	733	665	731
B4966	409	573	601	346	354	316
B4967	5540	5769	5829	2440	2781	3013
B4968	0	0	0	0	0	0
B4969	429.0004	421.0002	538.99979	114	123.00035	162
B497	451	513	480	289	339	293
B4970	19	32	23	15	5	11
B4971	300	251	247	176	172	159
B4972	1044	1043	886	822	782	742
B4973	147	102.67461	115	88.09092824	152	93.99998
B4974	492	548	659	145	179	224
B4975	385	437	306	317	334	422
B4976	1617	1892	1771	918	1037	1035
B4977	358	400	536	152	156	215
B4978	515	481	409	666	452	488
B4979	3598.002	3975.996	4179.001	2308.9999	2803.002	2683.997
B498	60	63	38	54	37	56
B4980	53	63	59	32	35	28
B4981	2466.996	2559.001	2788.005	2837.997	2545.997	2781.998
B4982	1744	1830	1304	1104	1127	1142
B4983	1728.003	1817.997	1779	1333	1359	1127
B4984	1124	1044	913	468	629	680
B4985	455	412	422	223	279	304
B4986	1994	2598	2087	1424	1619	1593
B4987	1541	1254	818	1917	1949.54	1785.85
B4988	722	739	843	482	542	570
B4989	453	461.0004	547	316	328	286.0004
B499	242	322	407	160	213	163
B4990	387	452	427	212	304	262
B4991	5	6	2	0	6	7
B4992	3885	4701	4224	1958	2371	2646
B4993	959	1084	921	584	595	518
B4994	2603.998	2371.996	1409	6522	3681.004	2307.003
B4995	1577.0038	1654.9958	930.00037	2607.0022	2318.0004	1595
B4996	1569	1618	1993	707	795	1010
B4997	5047	4439.999	3301	7326	5721.001	4809.999
B4998	749	823	829	545	624	680
B4999	223	282	246	123	93	162
B5	1720	1798	1601	1204	1429	1276
B50	805	913	789	436	627	546
B500	184	154	183	68	111	94
B5000	485	466	323	593	478	404
B5001	417	600	514	162	226	183
B5002	2955.004276	3541.99945	2945.999	3032.002	3220.00400157871	2438.0003
B5003	4352.004	4184.003	3594.999	3943.003	3734.998	3685
B5004	9824	9275	10814	6593	7500	6245
B5005	4524	4532	4313	5163	4707	4314
B5006	378	394	335	296	239	272
B5007	910.0002	978.0003	898	692	651	561
B5008	2782	2776	2079	1784	1903	2149
B5009	494	509	618	324	407	320
B501	0	5	0	0	5	0
B5010	119	155	243	45	59	65
B5011	3050	3275	2876	1973	2306	1938
B5012	504	525	601	548	470	407
B5013	181	155	173	108	95	112
B5014	74	220	137	66	104	82
B5015	1540	1553	1270	1068	1156	1176
B5016	996.9997	1031	1348.00000003221	505.99967	659.001	627.0003
B5017	69	41	67	17	15	16
B5018	1068	1139	1522	551	542	716
B5019	568	648	594	191	249	267
B502	63	38	79	31	75	39
B5020	411	431	296	338	426	349
B5021	698	771	611	426	425	433
B5022	607	557	594	278	251	305
B5023	3735	5590	5402	2477	3150	2516
B5024	406	874	881	72	202	168
B5025	1772	1467	1648	1136	1079	1163
B5026	503	460	371	451	375	372
B5027	816	884	983	519	553	421
B5028	455.031	453.526	533.773	417.192	309.384	315.376
B5029	148.969	142.474	158.227	75.8083	85.6161	101.108
B503	2029.004	1753.005	2469.001	870	705.9998	1007
B5030	1423	1792	1674	532	602	598
B5031	36	26	43	12	18	23
B5032	35328.05	49463.02	38157.95	13012.994	19250.03	20892.02
B5033	1968	2152	2266	815	1048	1097
B5034	491	558	588	531	520	466
B5035	578	651	730	171	270	318
B5036	1023.01	1118.01	990.457	549	564.008	643.018
B5037	3350	3400	3377	2898	2846	2524
B5038	154	176	206.0002	148.0002	112	104.000378214
B5039	43.0009	32.0733	21.0032	11	19.0074	10.0035
B504	1543	1770	1543	1346	1052	1007
B5040	2358.0007	2430.0011	1943.99547	2819.9964	1997.9993	1971.0035
B5041	607	553	603	487	409	384
B5042	416	803	719	205	209	233
B5043	1262	1733	2250	480	554	655
B5044	1702	1870	1667	1810	1923.999	1599
B5045	200	164	209	235	240	163
B5046	3085	3589	4348	1364	1564	1869
B5047	335	306	267	307	337	292
B5048	1709	1392	1352	835	1035	992
B5049	4596	4360	4882	1650	1963	2244
B505	122	152	148	72	72	64
B5050	284.9996	245.0004	288.00003	87	124	84.99995
B5051	22	22	25	19	15	31
B5052	384	398	353	261	271	285
B5053	33	21	38	8	9	11
B5054	272.9999	345.0001	278.0000717067	320.0005	311.9999	222.0003
B5055	261	290	257	213	263	154
B5056	996	729	843	1058	994	1008
B5057	864	982	989.0002	599	596.0004	558.0004
B5058	434	412	492	331	416	413
B5059	176	147	156	101	106	129
B506	1256	1042	1201	573	692	670
B5060	532	392	443	486	476	394
B5061	290	254	350	151	185	157
B5062	738	774	706	455	435	528
B5063	366435.211	308403.4133	323537.401	183470.5468	218290.495	226793.5711
B5064	343	691	767	40	149	115
B5065	64	36	66	16	12	15
B5066	270	185	214	244	154	140
B5067	117	117	166	72	84	72
B5068	1004	1036	769	1131	970	837
B5069	2134	2360	1836	4306	3774	3280
B507	3355	2750	2518	3292	3683	3500
B5070	761	731	611	582	586	509
B5071	205	227	326	104	126	135
B5072	726	872	658	528	431	437
B5073	161	141	135	237	209	141
B5074	307.544	301.863	292.774	527.258	408.55	324.347
B5075	277	334	309	297.0003	300	280
B5076	657	879	763	335	403	302
B5077	1403	1445	1341	621	855	631
B5078	294	267	308	176	187	162
B5079	407	543	572	208	344	296
B508	244	214	205	205	200	220
B5080	1585	1343	1919	1315	1184	1330
B5081	1199	1126	1318	589	610	681
B5082	180	183	265	120	150	121
B5083	442	460	499	394	377	359
B5084	1007	1053	1003	1105	1028	852
B5085	2343	2586.00000183561	2066	1802.9995	1757.00000045739	1720.16
B5086	70	73	117	24	23	19
B5087	546	647	259	731	847	963
B5088	178	122	209	60	92	86
B5089	174	126	163	86	55	71
B509	576	566	624	916	694	505
B5090	843	805	805	724	820	849
B5091	1199	1113	1609	630	810	772
B5092	37	44	69	32	34	21
B5093	6669	5524	6399	2980	3301	3301
B5094	853	720	735	734	541	494
B5095	3280	3301	3769.44	1260.51	1236.94	1277.7
B5096	311.9998524	485.0003	381.0004	42.00002	43.99996	56
B5097	72	95	125	41	51	51
B5098	1046	1700	1631	537	741	647
B5099	456	519	720	123	219	195
B51	0	0	0	1	0	0
B510	977	1001	718	1309	1373	1007
B5100	1	0	6	10	0	8
B5101	237.0002	240.9999	193.0004	285.0001	269.9997	250.0003
B5102	544	495	522	399	396	332
B5103	716	682	602	270	395	355
B5104	409	269	295	176.0004	231.9997	182.0003
B5105	1090	1017	1089	625	724	680
B5106	523.0005	526	525.0001	275.0005	378	446
B5107	486	574	459	205	244	227
B5108	931	871	818	645	586	583
B5109	1008	1086	994	987	780	798
B511	1952	1671	1351	1337	1210	1415
B5110	84	54	81	43	41	50
B5111	70	89	95	38	55	97
B5112	768	785	599	515	519	568
B5113	264	183	176	189	162	175
B5114	1650	1263.0041	1231.995	1842.0024	1579.9973	1398
B5115	1073	1210	1026	800	899	783
B5116	2403.995	1858.995	2201.999	1883.847	1677.999	1924.005
B5117	539	685	559	341	381	307
B5118	1711	1601	1510	1186	1093	1202
B5119	228	282	205	305	236	153
B512	38	26	53	45	44	42
B5120	350	297	378	360	356	291
B5121	240	172	218	106	146	148
B5122	6302	7006.31	6434	5459	5866	5487
B5123	362.614	441.72	488.165	307.667	343.687	346.833
B5124	674	706	869	306	424	387
B5125	1151	1144	1115	731	625	879
B5126	650	856.259	836	142	179	256
B5127	590	595	637	339	423	370
B5128	350	334	285	213	256	255
B5129	444	307	367	192	254	191
B513	3110.81	2634	1661	2417.81	2967.84	2964
B5130	133	196	105	197	201	85
B5131	784	704	673	1159	707	550
B5132	6416.003	6871.002	5417	9247	5561	5496.999
B5133	1131.0006	1155.9998	1144.9996	753.4843	824.0005	834.9989
B5134	4993	5533.7	7049	3575	3317	3443
B5135	1464.004	1722.0018415	1815.9951	1131.0048	1157.002	1129
B5136	223	278	274	135	120	118
B5137	1323.998	1022	953	1198	1041	933
B5138	2189	2365	2680	1153	1317	1271
B5139	285	298	273	437	415	335
B514	68	80	88	34	45	55
B5140	2009.001	2180.999	1727.9972	1321.99700008767	1263.00070052504	1284.001
B5141	176973.7367	151375.052	139602.7471	168482.96	145065.83	126443.048
B5142	39	61	50	43	58	29
B5143	558.9999	636.9999	563	361.9996	415.9999	429.0001
B5144	142	100	46	118	98	92
B5145	29.116	30	25.4445	41.5105	47	34.134
B5146	22.884	26	31.5555	39.4895	30	25.866
B5147	456	435.9998	650	228	220	266
B5148	2598	3290	3766	2013	2133	2024
B5149	1493	1755	1145	1315	1334	1443
B515	223	277	283	104	122	88
B5150	3580	3325	4516	3562	2968	2920
B5151	310	269	170	372	266	188
B5152	236	231	254	76	104	113
B5153	922	1102	1015	596	616	712
B5154	649	627	589	516	492	380
B5155	966	924	1073	916	758.213	805
B5156	3880.002	3991.0000001603	2580.00000271981	6413	5807.001864	5077.9977
B5157	1053	1274	656	2739	2113	1420
B5158	60	61	44	62	49	81
B5159	2194	3112	3292	1246	1473	1541
B516	233	236	176	195	187	206
B5160	364	289	216	405	367	237
B5161	143	154	120	88	107	82
B5162	287	282	339	278	220	243
B5163	1110	937	948	711	611	716
B5164	581	648	593	467	547	431
B5165	276	238	218	215	209	169
B5166	13	6	2	5	6	7
B5167	1711	2198	2063	1252	1290	1237
B5168	1873.00208	1571.9994	1702.00184	1274.9996	1441	1476.00019
B5169	1070	1400	1349	858	856	776
B517	1266	1286.00223	1425.00249554	409	451	525.000091
B5170	213	321	325	227	199	204
B5171	1116	1322.0022	1603.003	692.9996	810.0001	829.0002
B5172	101	94	90	72	64	86
B5173	544.99956513	684.3902074998	895.000767379887	172.104829152131	177.0004	316.00000921838
B5174	1220	1450	1103	1057	1069	1014
B5175	386	370	506	148	177	238
B5176	1163	1383	1214	622	764	756
B5177	115	112	124	87	96	54
B5178	3019	3053	2539	1692	1813	1906
B5179	313.061	403.508	287.905	373.252	380.216	341.106
B518	655	603	680	339	341	323
B5180	990.568	716	668	780.563	887	905
B5181	516	510	401	826	789	701
B5182	802	883	731	629	622	602
B5183	1278.11667	1612.551	1791.614	240.22328	370.34991813	423.6393
B5184	535.884	816.449	566.385	383.777	461.65	404.36
B5185	898	973	909	650	588	786
B5186	4585	4585	4805	2643	2712	2837
B5187	315	250	272	366	345	307
B5188	2337	2419	1662	2549	2150	2089
B5189	92	154	130	150	176	113
B519	328	353	328	357	341	251
B5190	890	778	802	491	562	652
B5191	46925.98	29326.98	25363.04	36017.97	35113.03	28555.04
B5192	2035	2374	2198	1763	1618	1767
B5193	4466.997	5576.997	4688.003	1975.0006	2378.0046	2539.998
B5194	1209.9964	1179.9979	975.0002	537.0004	724.9999	639.0003
B5195	459	479	424	311	342	320
B5196	640.0009	626.9997	730.0003	535.999900411336	620.0006	594
B5197	786	776	1027	735	716	683
B5198	143	140	200	74	99	69
B5199	148.307	150.747	152.733	46.303	48.4499	69.1882
B52	2077	2091	2310	1217	1011	1251
B520	25	18	40	17	9	17
B5200	873	1034	972	415	479	477
B5201	11	16	10	3	5	2
B5202	597	441	425	668	641	485
B5203	58	139	179	16	11	32
B5204	3821.9974	4514	4873	2935.004	2821.002	2775.001
B5205	827	916.9996	585.9998	1115.99956	929.0002	962.999
B5206	3	9	2	2	0	0
B5207	1333	1557	1801	514	684	712
B5208	1478.0021	1867.998	1797.9952	2245.998	1865.9986	1667.0036
B5209	55	101	73	25	32	26
B521	284	292	298	167	229	219
B5210	649	718	720	486	429	451
B5211	2133	1740	1509	4871.43	2885	3865.21
B5212	123	150	191	105	82	105
B5213	996	1064	926.000402	805	787	798.000000083198
B5214	127	115	172	93	83	90
B5215	249	217	360	236	155	130
B5216	174	128	166	103	102	103
B5217	1809	1965	1820	1183	1246	1356
B5218	138	201	240	58	53	77
B5219	697	632	493	520	558	501
B522	3260.004	3110	3257.9956867	1753.003	1816	1597.003829
B5220	27	8	8	11	3	13
B5221	856	973	873	868	769	814
B5222	1439	1771.999	1583.004	1322	1359	1387
B5223	410	453	444	312	361	252
B5224	4459.001	4644.002	5670.003	2531.998	2427.997	2603.998
B5225	333	370	422	256	265	214
B5226	2501	2623	2404	2204	1981	1602
B5227	2707.0026	2709.9974	2162.0005	4638.003	3254.9955	2021.99870054016
B5228	6656	8545	7151	2163	2592	3006
B5229	143	150	215	59	95	72
B523	37.5988	18	25	45	17	15
B5230	697	543	643	80	121	140
B5231	816	744	891	721	632	603
B5232	2644	2820	2573	2331	2319	2243
B5233	525	600	535	381	344	406
B5234	34	30	42	55	25	24
B5235	864	957	1050	435	427	532
B5236	293	324	308	435	429	397
B5237	1304.999954	1515	1173	577.999218	763	725.9999
B5238	410	466	488	289	261	227
B5239	1786	1830	1118	2846	2566	2156
B524	13918	14500	10871	22069	19096	13871
B5240	479	479	620	151	107	152
B5241	251	357	486	113	160	187
B5242	1713	2210	3020	794	956	1066
B5243	44	52	39	58	27	30
B5244	572	598	732	343	352	342
B5245	188	139	238	144	142	121
B5246	2188.999	2319.9981	2648.0045	1229.00146	1343.0004	1142.0006
B5247	1771	1808	2122	564	878	914
B5248	861	1028	841	556	595	603
B5249	43	132	71	280	204	150
B525	164	196	134	320.0003	267.9998	203.9997
B5250	56	72	9	100	96	67
B5251	368	616	251	1110	887	697
B5252	2462	2736	2967	1514	2056	1550
B5253	609	572	532	360	416	341
B5254	1093	1224	1009	926	1029	992
B5255	2229.02000001772	2946	2730.00305764	1977.99500504824	1835.00200021357	1633.001
B5256	262.9995	165.9998	249.000000152526	135	110	148.000000887423
B5257	1100	1299	1475	698	792	800
B5258	724	871	551	571	539	417
B5259	1665	1955	1860	999	1282	1478
B526	239	204	317	91	116	124
B5260	34	58	45	31	32	31
B5261	356	381	277	569	565	449
B5262	8	6	11	20	12	11
B5263	831	936	893	986	975	900
B5264	580	586	475	450	529	469
B5265	390	407	501	302	272	324
B5266	182	214	314.00021	233.99994	219.99963	230.00015
B5267	914	912	1037	515	476	524
B5268	282	255	375	175	200	185
B5269	253.9997	240.9997	189.9998	109	95	145
B527	1029	1333	1378	610	789	715
B5270	419	432	496	323	369	320
B5271	266	313	279	130	162	192
B5272	270	220	228	110	190	137
B5273	492	432	547	171	198	171
B5274	289	323	309	187	196	144
B5275	1206	1206	1084	557	652	741
B5276	109	103	85	80	59	68
B5277	326	206	246	172	178	180
B5278	3553.003	4350.998	3591.003	3635.001	7637.99	6470.01
B5279	5397.9979899	4938.9916	4803.996308	3057.99500003511	3112.0010164382	3089.998
B528	644	566	580	423	528	529
B5280	357	295	378	291	202	228
B5281	704	629	659	1304	917	700
B5282	615	589	617	896	793	591
B5283	359	311	357	153	212	179
B5284	1296	1392	1342	594	786	782
B5285	1494.004	1339.002	1468.003	1194	919	968
B5286	68	106	86	99	74	65
B5287	67	97	128	38	55	79
B5288	210	180	148	100	106	62
B5289	353	476	206	1079	781	402
B529	265	164	207	77	99	106
B5290	267	258	367	107	134	109
B5291	623	658	574	353	397.9997	348
B5292	560	598	519	559	494	469
B5293	64	34	42	30	47	29
B5294	20	10	6	21	18	6
B5295	1	0	0	0	0	0
B5296	0	0	1	0	2	1
B5297	1392.998	1442.999	1128	2022.002	1899.002	1576.003
B5298	1014	1029	1059	934	717	616
B5299	919	948	1002	774	647	668
B53	260	290	247	199	266	206
B530	242	165	122.00037	175.0003	200.9999	187.0001
B5300	362	462	416	266	247	315
B5301	484	513	507	361	383	337
B5302	667	586	675	335	407	439
B5303	801	836	949	549	527	597
B5304	557	584	667	414	396	418
B5305	247	333	266	165	187	196
B5306	1539	1553	1297	842	846	1048
B5307	2017	2302	1643	1412	1604	1431
B5308	673	662	755	595	555	523
B5309	394	437	360	205	241	185
B531	1136	840	765	1062	1251.85	1195
B5310	653	663	618	562	453	519
B5311	452	545	603	241	335	385
B5312	238	462	401	467	827	635
B5313	643	722	650	642	683	580
B5314	1458	1525	1417	947	987	1152
B5315	622	644	497	332.0002	385	437
B5316	1614	1818	2195	671	726.9997	760
B5317	1829	1920	2311	721	908	958
B5318	1589	1971.004	2351.997	801.001	987	975
B5319	45	19	43	6	8	16
B532	108	123.999964	84.99999	204	124	66
B5320	568	551	571	329	491	442
B5321	1062	939	681	600	617	611
B5322	987.0004	1344.9962	1189	499	597.0002	615
B5323	165	116	158	33	37	47
B5324	474	455	411	331	339.037	382
B5325	25	21	16	16	10	29
B5326	286	298	271	65	110	84
B5327	215	159	194	116	146	87
B5328	287	223	289	153	193	213
B5329	3673	3204.996	3848	2556.003	2302	2324
B533	1062	880	995	876	1324	1162
B5330	7	3	5	5	0	1
B5331	665	593	672	695	542	519
B5332	370	342	325	211	204	278
B5333	330	453	466	213	175	212
B5334	904	976	1078	531	530	460
B5335	442.0002	384	364.000297	295	217.0000322208	306
B5336	128	113	86	48	66	46
B5337	3280	3172	2587	5090	3850	3007
B5338	564	503	618.477	409	449	386
B5339	369.9999	318.9998	441	239.0003	254.9997	258.0006
B534	80	46	94	12	12	16
B5340	1556.9982	1576.9964	1570.0018	1157.997	1074.9973	959.99991
B5341	215	183	219	111	132	157
B5342	1777.001	1776.001	1764.999	1588.001	1414.9987	1323.9997
B5343	5	4	3	4	4	2
B5344	1518	1948	1917	470	536	680
B5345	581	713	587	535	598	557
B5346	125	107	122	26	23	82
B5347	590.415	596.056	409.9603	662.406	448.9895	503.948
B5348	70.5851	14.9446	93.0392	20.5943	52.0107	2.05157
B5349	83	74	103	64	70	75
B535	1462	935	1036	654	943	927
B5350	380	425	302	344	275.0003	299
B5351	1440.03	1397.39	1383	824.932	985.024	923.261
B5352	26	40	28	9	22	22
B5353	88	88	54	86	86	90
B5354	986	879	800	1036	874	947
B5355	169	204	168	45	54	90
B5356	791	667	432	1066	560	494
B5357	603	566	493	283	354	334
B5358	260	288	437	180	172	216
B5359	479	567	535	164	197	230
B536	601	512	456	351	463	486
B5360	292	294	262	201	259	183
B5361	319	365	310	229	168	204
B5362	155	149	202	52	42	57
B5363	442	435	451	267	258	287
B5364	217	232	274	122	113	103
B5365	115	180	259	80	48	60
B5366	1	3	2	0	0	0
B5367	707	818	808	461	574	509
B5368	1165	1321	1266	664	628	663
B5369	402	412	436.9997	237	235.9999	248.9996
B537	640	532	575	428	386	434
B5370	2807	2902	2599	1825	1861	1824
B5371	214	190	317	86	83	81
B5372	753	787	768	431	541	544
B5373	733	680	775	349.9996	348.9997	349.0001
B5374	807	845	665	704	592	569
B5375	459	708	611	298.9999	323	422
B5376	202	222	196	88	59	80
B5377	180	182	184	62	119	63
B5378	191	181	136	144	192	123
B5379	724	656	699	346	390	416
B538	11	2	21	2	0	4
B5380	377	534	359	426	366	376
B5381	334.0002	422	389	231.0003	282	245.99965
B5382	236.00048	211	212	129	108	138
B5383	2123	1855	1903	744	794	855
B5384	241	290	293	198	140	167
B5385	463	475	646	233	287	277
B5386	434	482	498	332	367	340
B5387	1879	1853	1677	1378	1267.001	1317
B5388	342	345	336	261	279	254
B5389	4494	4438	3976	2878	3080	3184
B539	27.8551	36.1304	13.789	45.3266	31.4099	52.3621
B5390	126	102	51	78	94	47
B5391	513	590	448.0003	272.9996	276	282
B5392	144.0001413	206.000000023194	179.0002	80.99999957	64	40
B5393	510	545	597	254	340	285
B5394	1072	1101	913	666	708	757
B5395	493	343	653	281	283	349
B5396	299	142	203	20	32	52
B5397	1193	1158	1001	630	697	753
B5398	27	11	17	10	6	1
B5399	259	202	280	294	269	248
B54	300	160	258	80	90	80
B540	104.145	93.8696	107.211	114.673	111.59	74.6379
B5400	498	408	364	478	412	483
B5401	1096	1150	867	591	673	694
B5402	10	6	26	8	5	6
B5403	1743	1958	2321	1099	1003	1218
B5404	450	522	430	397	361	293
B5405	4178	5901	5793	3078	3791	3167
B5406	557	537	557	430	524	517
B5407	354	317	290	215	239	223
B5408	705	594	597	367	393	381
B5409	261	302	422	78	93	119
B541	518	484	443	307	259	321
B5410	184	159	172	76	56	90
B5411	2856	2844.996	2755.001	1781.005	2031.003	1852.998
B5412	1702	1731	1960	1195	1200	1327
B5413	44.6862	76.1612	75	17.1381	8	26.0542
B5414	0	0	0	0	0	0
B5415	554.9998	428	419	173.99983	215	278
B5416	547	453	546	395	404	265
B5417	894	851	747	521	452	562
B5418	2025.999	2387.001	2191.0035	1279.004	1289	1302.004
B5419	1373.005	1427.004	1603.995	674	744	690
B542	0	0	1	0	0	0
B5420	578	708	528	337	368	314
B5421	825	720	613	442	443	511
B5422	407	420	378	247	261	266
B5423	153	124	162	97	102	77
B5424	361	377	374	172	206	186
B5425	287	246	276	436	488	403
B5426	2182	2203	2292	1242	1398	1389
B5427	314	377	348	132	144	190
B5428	0	3	1	6	1	4
B5429	3259	2726.05	2596.997	6782	5772	7444
B543	1378.8049	1194.8697	1136.93042	604.2318	770.71388	673.4563
B5430	157.295	184.382	155.025	186.956	218.801	147.607
B5431	396	351	371	223	264	216
B5432	135	133	106	56	42	43
B5433	221	229	245	124	124	111
B5434	673	795	622	551	457	497
B5435	72	144.9998	132.0002	69	70	124
B5436	0	0	0	0	0	0
B5437	576	762	769	296	323	347
B5438	726	815	830	390	454	425
B5439	2257.51	1777.28	1322.69	2670.78	2022.26	1426.3
B544	975	1266	1151	905	1031	880.0000907
B5440	302.493	297.724	394.308	243.225	233.745	220.695
B5441	6007.93	7322.32	6765.26	3262.92	3397.47	3855.03
B5442	645	675	849	338	432	329
B5443	840	832	812	767	781	587
B5444	1207	1404	1513	556	629	673
B5445	5252	4698	4228	2680.9966	3110	3146
B5446	344.934	303.79	430.708	353.409	311.095	311.203
B5447	41	16	58	22	29	37
B5448	17	20	33	1	6	2
B5449	208	232	232	172	158	134
B545	1088	1318	1464	621	665	722
B5450	1883	1999	1589	1206	1371	1379
B5451	73	101	62	22	44	50
B5452	926	943	876	623	555	572
B5453	1639	1849	1636	2495	2366	1940
B5454	411	436	383	261	305	207
B5455	95	129	83	62	70	78
B5456	113	116	121	34	88	54
B5457	297	300	292	237	293	228
B5458	457	415	295	412	356	349
B5459	2286	1951	1843	1161	1270	1106
B546	1940	1669	1271	1844	1573	1473
B5460	499	466	457	280	253	290
B5461	19829.98	26128.95	16072	8116.999	12105.96	13533.95
B5462	42	30	29	26	29	26
B5463	1129	1175.001	1047.00214	657.000309789	756.000000643074	699.0005
B5464	664	586	622	449	431	458
B5465	68	73	76	37	46	61
B5466	163	209	290	21	38	59
B5467	70	79	62	81	34	55
B5468	1049	1277	921	1237	1068	924
B5469	748	743	582	315	314	384
B547	2022.004	2029.005	1542	2345	1881	1650
B5470	28	29	42	6	5	10
B5471	17	9	53	0	3	5
B5472	14966.007793	14547.0002129	13158.00132016	7174.0026002371	9853.993899	6901.007224629
B5473	18	4	20	3	1	0
B5474	548	586	609	314	424	395
B5475	208	242	252	421	427	343
B5476	52	30	29	38	17	22
B5477	818	891	777	691	681	693
B5478	207	134	197	34	48	57
B5479	105	120	166	48	13	25
B548	523	585	453	484	440	479
B5480	29	27	34	7	11	9
B5481	370	370	403	143	89	76
B5482	880	840	850	397	455	455
B5483	604	565	426	511	551	366
B5484	304	284	324	209	213	208
B5485	328	461	367	382	338.9999	330.9996
B5486	1100	1146	1089	873	897	979
B5487	3735	3502	3026	1754	2044	2403
B5488	148.506	149	119.192	146.898	151.257	83.1994
B5489	0	0	0	0	0	0
B549	2292	2472.999	1774.0008	2990.004158996	2783.000019282	2811
B5490	0	0	12	0	0	0
B5491	0	0	0	0	0	0
B5492	0	0	0	0	0	0
B5493	139	208.99967	166.0002	136.0003	129	128.00036
B5494	122	75	125	86	118	77
B5495	750.507	673.841	544.021	879.665	860.994	656.33
B5496	55	57	76	26	35	31
B5497	2239.9968	2187.9981	1672.9992	1709.004	1729.9986	1616.9955
B5498	297	291	358	195	190	229
B5499	30	53	59	23	28	23
B55	476.9995	453	392.0005	355	296	300
B550	951	1011	1064	449	582.9996	565
B5500	0	3	0	0	0	0
B5501	58	58	40	111	98	150
B5502	64	51	48	51	38	46
B5503	274.0004	254.0005	170	368.00012	227.99986	218.9997
B5504	2611.8	2269.6	2099.34	2123.5	1948.75	2093.63
B5505	31.8236	45.6543	46.0246	30.3511	22.4201	28.4757
B5506	84	78	46	46	39	64
B5507	188	211	165	158	146	128
B5508	373	371	345	148	122	168
B5509	240	190	253	216	208	188
B551	1731	1716	1342	1574	1397	1373
B5510	298	329	188	366	304	262
B5511	62	48.0847	310	10	14	23
B5512	320	347	325	318	287	299
B5513	3999.59	2727.97	1500.29	6594.36	7477.59	5824.77
B5514	208	256	259	30	37	90
B5515	0	0	2	6	1	0
B5516	275	275	456	362.9995	376.0009	437
B5517	997	1040.0004	1237	600.9999	696.0003	783.0005
B5518	286	280	232	195	171	215
B5519	296.9999	355.00000059847	324.9997	126	118	199.9995
B552	275.999865	202.000140021873	270.324875	74.2771	139.000000146418	97.0000341357
B5520	3147.00134338	3089.997	2595.0006	4122.0039	3940.001	3003.0033
B5521	269	374	302	72	138	148
B5522	462.9996	413	368.0004	513.9998	515.9995	461
B5523	4472.998	3358.0028	3894.003	5401.997	5167.004	4430.998
B5524	707	736	630	615	565	616
B5525	185.751	178	71	404.013	385.621	266.5
B5526	3138	3727	2178	4584	3893	3461
B5527	2677	2330	2560	1575	1663	1462
B5528	1548.001	2004.0042	1674.001	920	946.0001	1008.9997
B5529	493	573	569	280	353	298
B553	338.9999	341.9996	487.6749	167.72258	196.9998	154.9999
B5530	1299.356	1113.044	1176.777	721	784	701
B5531	382	341.544	509	144.646	228	203
B5532	0	2	0	0	1	0
B5533	156	144	107	98	117	123
B5534	121	85	123	122	97	71
B5535	206	218	318	174	157	173
B5536	790.995	706.67	714.32	739.904	865.672	623.579
B5537	334.0002	277.00037	317.9997	140	162	158.0001
B5538	245	186	209	153	123	119
B5539	3796	3454	3140	6240	4570	3721
B554	0	0	0	0	0	0
B5540	74.00005	78	82	73	67	48
B5541	1	1	8	0	0	0
B5542	382	396	394	274	268	314
B5543	370	376	413	204	173	194
B5544	1376	1445	1373	571	694	855
B5545	934	918	975	898	1006	768
B5546	310.0003	354.9996	334.0004	118.9997	235.0003	200
B5547	316	378	398	190	202	240
B5548	259	269	334	222	181	233
B5549	11	14	39	8	2	6
B555	10	10	17	0	0	0
B5550	215	187	206	177	181	174
B5551	413	427	332	251	297	268
B5552	0	0.0326832	0	0	5.30432	0
B5553	23.4247	35.3548	8.51414	12.2571	37.2425	19.7172
B5554	26	20	16	9	12	2
B5555	2	4	2	2	1	1
B5556	430	468	290	658	501	380
B5557	901	805	814	521	575	658
B5558	192	178	246	58	83	100
B5559	243	320.99995	249.9995	167.9997	147.00016	159.9997
B556	423	327	441	194	277	284
B5560	56	81	57	29	56	50
B5561	575	440	447	356	226	398
B5562	5	5	1	1	6	6
B5563	350.234	342.667	364.15	427.711	443.17	395.365
B5564	367	283	333	477	343	287
B5565	2232.0029	2408.003	1846.999	2204.99808	1842.00002572	1908.9990216299
B5566	1903	2170	2057	1646	1357	1446
B5567	604	632	655	295	402	385
B5568	1043	1412	985	673	664	742
B5569	886	1105	800	662	822	678
B557	145	154	156	124	100	110
B5570	18	66	3	10	13	4
B5571	0	0	2	0	0	0
B5572	0	15	0	0	4	0
B5573	879.194	839	957	639.189	652.162	553
B5574	1820	1782.996	1865.003	1087	970	1016
B5575	1042	1144	1250	836	843	773
B5576	857.9998	610.9995	714.9851	858	714.9895	799
B5577	19	28	9.0148	12	15	3
B5578	265	290	390	102	122	165
B5579	420	358	330	390	313	396
B558	1175	1143	817	359	449	509
B5580	389	333	348	338	332	233
B5581	1233	1386	1475	692	873	842
B5582	1156.00022	1192.99836	1024.00498	973.99984	929.00042	836.00018
B5583	628	655	989	165.9998	232.0001	231.9997
B5584	368	159.0003	476.000000451845	17.99999	98	61.000000165956
B5585	0	0	0	0	0	0
B5586	1290.12	1453	1443.42	908.596	984.071	883
B5587	61	74	91	72	77	49
B5588	451	604	421	287	367	316
B5589	16	41	0	10	8	11
B559	373.0004	283	504.0002	237.9997	183.9999	266
B5590	21	33	43	4	4	11
B5591	122	105	137	13	21	30
B5592	220	248	240	151	166	160
B5593	340	295	277	250	250	215
B5594	7420	9801	10073	5314	5889	5460
B5595	86	162	115	112	40	91
B5596	149	173.9995	205.0001	55.00001	47	104.00001
B5597	8627	8726.99887	6755	12503	12427	12905.9935
B5598	34	35	29	27	15	34
B5599	23	29	28	27	13	25
B56	3621.999	3906	3647.996	2351.9952	2556.997	2402.0044
B560	16155.0047	17062.0009	17255.0077907093	13705.0047	11181.9993002141	10613.0016
B5600	94	78	65	106	77	49
B5601	5	4	0	3	0	0
B5602	276	321	333	66	93	81
B5603	0	4.00765	4	0	0	6
B5604	457	515	413	169	218	286
B5605	369	357	426	305	265	236
B5606	158	127	238	91	94	105
B5607	887.9999	936.0002	647.0005	1382.9972	1191.0041	1182.0047
B5608	1026	1175	1210	849	746	608
B5609	118	145	102	88	40	77
B561	542.803	256	319.247	290.473	320.314	287.592
B5610	1482.55	1891.11	1849	851.66	1007.46	924.901
B5611	103	145	92	105	119	86
B5612	819	1089	909	453	512	506
B5613	1812	2350	2173	1149	1411	1415
B5614	888	1052	791	765	794	740
B5615	300.0005	328	349	302.9998	241.0002	241
B5616	47	51	17	12	24	31
B5617	276	267	295	154	171	104
B5618	77	70	102	64	37	62
B5619	140	83	89	138	121	118
B562	2290.201	2090.005	2928.753	733.527	605.686	731.241
B5620	3551	3546	4119	2105	1885	2214
B5621	225	295	307	453	570	384
B5622	855	924	793	1013	970	971
B5623	561	735	618	385	436	413
B5624	617	579	866	531	700	614
B5625	82	59	61	15	26	9
B5626	462	510	529	327	345	313
B5627	82	83	118	30	48	64
B5628	16	0	7	0	0	0
B5629	158	164	203	42	34	62
B563	49	126	124	30	32	34
B5630	350	329	313	288	289	346
B5631	872	1091	1404	186	293	417
B5632	2145	2291	1607	4274	3778	2675
B5633	84	41	44	45	43	51
B5634	472	508	724	192	287	254
B5635	0	0	0	0	0	0
B5636	1078	1076	756	579	719	677
B5637	222	187	180	208	173	145
B5638	320	214	266	200	241	214
B5639	129	173	206	95	111	95
B564	114	133	111	139	153	160
B5640	230.087	255.608	218	140.287	181	155
B5641	3488	3932	3625	1795	1810	2221
B5642	22426.973	20973	20636.021	17002.969	21322.99	22348.971
B5643	1670	1745	1371	1264	1318	1176
B5644	2289	2244	1792	3704	2892	2287
B5645	9914.999	10044.995	7909.001	15721.003	13380.00675	9857.997
B5646	54	42	74	16	31	16
B5647	1332	1429	1627	1166	1225	1093
B5648	316	505	211	540	468	277
B5649	621.95856	551.4121718	415.43729	262.8943843	503.963	375.1233327
B565	2646	3601	3457	1705	2086	1971
B5650	7	14	0	1	3	0
B5651	259	292	253	293	301	232
B5652	2622	2698.25	2646	2251	1884	1831
B5653	207	256	311	214	150	201
B5654	52	34	14	18	13	10
B5655	530	623	611	247	281	307
B5656	5620	5688	4622	3609	3503	3631.003
B5657	282	244	302.0004	254.0003	194	263.9998
B5658	542	571	244	670	728	520
B5659	1048	1201	1264	584	649	686
B566	341	367	320	137	166	172
B5660	1859	2072	1916	1554	1466	1427
B5661	1065	904	933	658	607	688
B5662	27.00003	50	50	28	42.99997	14.00004
B5663	1026.88	1305	1439.58	555.404	767.929	668
B5664	29	46	39.99998	13	23.00004	30.00001
B5665	33	36	92	19	10	33
B5666	935	1141	1037	457	505	529
B5667	383	356	403	182	183	214
B5668	9079	10094	8943	8386	9849	11503
B5669	390	358	207	283	262	272
B567	1544	1797.004	1710.999	1103	1070	1132
B5670	71	107	69	59	69	71
B5671	358	335	371	217	268	295
B5672	1176	1289	1026	1381	1200	1143
B5673	680	654.9996	820.0003	409.9996	501.0004	461.9999
B5674	1950	1914	1799	1283	1511	1841
B5675	2810.0026	2895.0013	2880.001	1673.00011	2360.0005	2337.9984
B5676	28642.9787	26512.9905	23750.0431	35344.0387	36156.0352	36147.0163
B5677	2277	2463	2046	2243	1850	1660
B5678	131	82	86	55	94	71
B5679	595	569.0004	566	458	387.0003	401
B568	1102	1087	590	2089.004	1510	1085
B5680	200	262	137	184	207	142
B5681	572	455	441	388	371	368
B5682	335	362	417	402	300	305
B5683	1467.9974	1494.996	1171	764	915	1001
B5684	196	176	374	51	62	86
B5685	150	214	175	66	132	83
B5686	254	376	424	54	119	113
B5687	1292	1323	1658	675	865	757
B5688	1414	1532	1643	633	919	845
B5689	4450	5566	4034	4326	3551	3649
B569	606	581	753	278	306	380
B5690	868	935	846	707	761	643
B5691	1790	1739	1375	1450	1497	1496
B5692	149	159	183	89	83	90
B5693	53	101	65	31	36	26
B5694	184	304	278	167	154	153
B5695	559	413	430	250	255	305
B5696	571	621	498	458	336	279
B5697	12	16	19	9	3	4
B5698	19	16	8	63	40	14
B5699	1128	1545	1386	693	830	731
B57	128	102	170	117	152	121
B570	1088	857	681	1145	1055	678
B5700	280	231	429	413	329	259
B5701	1904	2168	1934	1719	1491	1634
B5702	43	36	81	21	56	18
B5703	432	383	203	942	694	322
B5704	1016	1139	1710	545	731	706
B5705	134	157	204	82	102	65
B5706	511	433	506	283	356	309
B5707	375	383	379	233	313	342
B5708	167	149	154	67	90	112
B5709	151	172	186	81	83	92
B571	12	22	29	5	9	3
B5710	1475	1572	1678.0019	745	878.99963	809
B5711	8522.003	7357.0028	8590.0051	8145.0017	7705.9935	6554.0014
B5712	39	28	15	13	40	15
B5713	26	16	43	26	12	22
B5714	11	24.4282	10.0667	0	6.09047	0
B5715	1762	1726	1176	1361	1276	1232
B5716	2626	2863	2007	1804	1853	1794
B5717	118	84	127	32	50	88
B5718	941	856	987	172.0001	212.9998	348
B5719	2186	2073	2819	1069	1352	1551
B572	1169	1363	1557	750	674	891
B5720	274	224	245	49	69	82
B5721	265.0003	102	249.9995	160.99951	187.00030137781	184.9999
B5722	182.9998	162	224	77	74	83
B5723	847	743	932	600	647	473
B5724	93.2187	114.566	103.283	36.4714	42.8686	62.2475
B5725	404	453	490	335.0003	276	309
B5726	403	395	428	379	361	346
B5727	3771.83	4647	5070	1745	2167	2213
B5728	159	213	142	80	68	72
B5729	288	289	290	125	130	157
B573	1046	1259	1045	833	706	691
B5730	2631	3391	3467	1655	2123	1802
B5731	536	609	476	470	550	487
B5732	860	868	781	379	538	397
B5733	112	115	75	66	69	72
B5734	1105	1220	1118	703	768	647
B5735	598	666	666	339	457	363
B5736	923.935	986.56	844.481	765.67207	1059.472	961.091
B5737	351.065	372.439	361.519	237.328	238.528	190.908
B5738	402.835	422	413	269	256	300
B5739	763	859	863	354	363	298
B574	913	966	904	462.483	486	548
B5740	787	850	934	433	555	428
B5741	1318	1389	1473	711	936	693
B5742	578	566	498	464	489	596
B5743	733	822	644	388	296	396
B5744	444	490	442	452	387	324
B5745	5954	6776	3354	16348	11992	9111
B5746	583	658	741	234	210	292
B5747	48	40	58	30	12	17
B5748	211	224	229	201	142	107
B5749	425	439	337	453	404	435
B575	353	369.0003	387	431	430.0004	365.9997
B5750	1379.998	1365.0035	1457.996	1020.9984	870.9996	908.0002
B5751	507	553.999907644	594	409	449	454
B5752	906	742	728	563	507	463
B5753	690	679	624	390	440	456
B5754	3231.003	2863.00275	1980.001	2826.999	2604.999	2589.003
B5755	1836.001	2107.001	2083.997	1463.997	1425.004	1293.998
B5756	1504	1366	1350	1399	1241	1184
B5757	1844	1935	1804	1399	1431	1433
B5758	1634	1804	1968	1118	1064	1035
B5759	166	190	212	85	104	134
B576	718	744	619	492	450	516
B5760	421	460	370	273	300	276
B5761	381.0001	301.0002	269.9998	190.9999	188	221
B5762	1273	1304	1073	1646	1696	1943
B5763	409.9999	377	394	225.0001	215.9996	255.00003
B5764	57	38	55	38	75	31
B5765	1395	1290	1067	1051	953	972
B5766	130	99	90	44	34	32
B5767	917.00031	1054	1282.00000296	353.9991	454.000000276334	434.9998
B5768	1262	1286	1214	886	858	833
B5769	1712	1918	1810	939	1062	1137
B577	422	482	418	161	218	212
B5770	1423.9999	1470.0004	1427.0023348	1081.00067	977.9998463	1236.999
B5771	252	211	264	123	149	141
B5772	3960	3056	1973	5249	5604	7200
B5773	1104	1167	1140	1385	1248	1255
B5774	320	372	391	198	271	225
B5775	15	57	35	5	8	8
B5776	80	42	39	51	83	41
B5777	141	232	185	168	136	130
B5778	790	1060	1065	422	581	665
B5779	937	1279	1326.001	582	643	719
B578	863	888	948	374	386	408
B5780	234	221	124	144	199	100
B5781	145	131	181	82	54	63
B5782	485	413	380	305	342	356
B5783	252	293	304	89	121	123
B5784	4741	4392	3860.01	1787.999	2084	2332
B5785	200	201	206	178	127	134
B5786	8494	8399	9437	9052	6686	6269
B5787	833	721	838	512	576	547
B5788	219	228	172	170	142	124
B5789	277	291	306	176	184	149
B579	0	1	0	2	0	0
B5790	513	374	352	323	357	278
B5791	2105	1979	2553	1462	1494	1407
B5792	838	820	696	584	578	529
B5793	181	153	239	107	100	135
B5794	532	641	504.0001	331.9998	457.000204	421.0006
B5795	187	230	280	54	80	80
B5796	1049	1097	1099	526	650	583
B5797	1135	1216	1264	511	744	634
B5798	439.9995576	475.0002	514.00048	258	278.999636	289
B5799	804	821	747	412	492	521
B58	124	113	134	79	95	99
B580	41	47	36	33	33	51
B5800	554	591	829	198	230	294
B5801	16	11	27	8	14	12
B5802	1228.00055	1477.00254	2129.001	520	774.9998	704.00001
B5803	285	306	328	313	250	188
B5804	107	67	49	53	66	53
B5805	289	280	346	72	92	154
B5806	1027	1028	1337	559	503	617
B5807	5031	4664	5199	2198	2636	3155
B5808	403	533	536	294	353	402
B5809	257	461	518	47	105	82
B581	665	677	473	718	673	696
B5810	4	10	10	0	13	3.999999
B5811	1626.9969	1882.9952	2349.003	939.00029	1112.996	1218.9962
B5812	655	704	773	467	477	388
B5813	430	462	509	241	255	260
B5814	90	117	122	80	77	129
B5815	497	537	260	1292	1053	834
B5816	387	372	361	322	323	303
B5817	724.7048	857.185	992.9913	474.6929	644.793	513.8491
B5818	256	204	257.00022871	134.0002	167.0001	143
B5819	181	129	83	184	262	175
B582	70	74	114	33	50	22
B5820	135	101	150	66	51	85
B5821	3761.9964	5102.002	5700.997	1537.9957	2011.995	1993.003
B5822	60	79	65	36	63	24
B5823	60	48	39	51	55	47
B5824	1256	1404	1482	1048	933	860
B5825	197.0003	169.0003	233.0002	176.9998	185	191.0003
B5826	281	253	272	196.9995	273	252
B5827	40.0631	14	24	28	28	33
B5828	434	454	716	316	298	236
B5829	535	578	479	309	374	370
B583	194	221	231	104	141	178
B5830	1146	1196	1072	1343	1470	1280
B5831	29	46	38	4	26	19
B5832	2082	2587	2322	1352	1464	1426
B5833	1024	1057	1049	764	797	803
B5834	336	419	307	304	316	303
B5835	202	270	270	186	124	129
B5836	1111	1740	2091	118	165	235
B5837	153	196	124	118	129	142
B5838	321	346	332	211	220	244
B5839	1256.0043	1402	1215	723.9999769	789	835
B584	156.839	182.206	191.427	143.563	150.968	131.013
B5840	835	784	792	322	420	418
B5841	1549	1629	1188	888	1160	1139
B5842	7	5	14	2	1	4
B5843	39	41	60	19	14	28
B5844	995	1015	617	1662	1536	1062
B5845	1854.997	1642.002	1374.003	1442.002	1729.996	1606
B5846	222	228	233	66	110	120
B5847	533.329264	528.702	487.72900399426	559.5363	484.0002	494.99972
B5848	614	416	406	518	603	417
B5849	38.99995	47.99999	50	5	10	9
B585	29	21	53	10	15	20
B5850	1650	1616	1651	1705	1425	1347
B5851	11.24509	37	7.20913	8	7.28147	12.17487
B5852	812	767	1079	275	429	562
B5853	1	0	0	3	2	1
B5854	1184	1474	1412	1008	1009	806
B5855	634	669	634.582	374	548	375
B5856	152	136	312	20	24	21
B5857	309.0003	211	455.419	115.9996	95	147.0004
B5858	84	105	186	103	95	92
B5859	4079	3845	3445.99	2880	2943	2667
B586	136	109	138	52	68	57
B5860	14407	13303	12766	5616	6714	6843
B5861	1436	1303	1187	1292	1189	1105
B5862	652	850	572	1184	891	819
B5863	1032	967	1006	830	753	712
B5864	4589	4902	3784	4014	3932	4245
B5865	325	285	284	115	165	97
B5866	1309	1077	1087	860	1064	1075
B5867	221	298	290	195	168	154
B5868	5062	5122	6154	3979	3691	3954
B5869	586	650	712	498	474	476
B587	481	344	457	369	346	270
B5870	473	447	481	400	366	282
B5871	318	275	305	219	217	234
B5872	375	425	464	151	242	231
B5873	1146	1235	1222	589	653	771
B5874	421.9998	442.9997	278.9998	262.9996	349.0004	311.0001
B5875	473	487	660	379	336	288
B5876	500	433	296	729	597	478
B5877	219	174	151	109	130	123
B5878	5406	3214	2827	4063	4029	3679
B5879	39	13	36	50	13	13
B588	2219	2527	1943	1413	1379	1455
B5880	662	805	507	1140	959	716
B5881	966.0004	845.9997	1131.00472	506.99958	510.00001	637.99968
B5882	494	687	795	378	330	257
B5883	6535	9139	8874	3387	3834	4888
B5884	254.00007	250.00043	280.0002	151.00041	183.00019	171.9996
B5885	668	647	635	382	450	423
B5886	225.9998	270	324.0004	210.0001	222.0002	217.9998
B5887	801	924	872	566	531	508
B5888	1078	1030	1198	917	789	699
B5889	1163	1051	1001	830	695	765
B589	1844	2906	3160	1141	1501	1458
B5890	589	499	545	360	353	341
B5891	1768.999	1915.003	1752.002	948	818	940
B5892	249	367	348	171	120	167
B5893	252	104	135	104	199	122
B5894	2974	2831	2096	2784	2755	2538
B5895	3469.0011	4869.003	5304.00000014805	1110.0511	1304	1493
B5896	573	450	510	324	339	316
B5897	3493	3317	2643	5328	4705	3868
B5898	699	711	735	345	344	410
B5899	98	142	141	132	119	67
B59	3539	3035	2913	2600	2819	2457
B590	765	1814.798	511	1211	1362.715	697
B5900	2759	2957.995	2148.999	2485	2291.997	2396.002
B5901	74	53	76	35	44	56
B5902	256	214	262	72	135	89
B5903	140	135	123	107	120	130
B5904	647	753	832	574	486	626
B5905	604	510.0003	344.999786	299	361	472.0002643
B5906	144	133	155	85	67	63
B5907	180	177.9996	231.00006	79	61	87
B5908	477	452	361	158	231	271
B5909	221	184.0002	239	156	176.0001	227
B591	614	605	562.438	411	558	426
B5910	845	796	776	745	827	816
B5911	6267	6509	4894	2482	3409	4016
B5912	1423	1243	1301	604	726	655
B5913	247	171	171	233	249	176
B5914	271	274	194	198	193	185
B5915	3900.996	3364.9951	4797.9985	1680.0001	1895.0042	2094.9998
B5916	4213	4277	4323	2322	2471	2498
B5917	39	37	68	3	6	6
B5918	933	743	1503	358	68	102
B5919	4	8	15	12	1	5
B592	0	0	4	1	0	0
B5920	239	222	462	46	24	24
B5921	130	110	90	120	121	145
B5922	685	658	544	687	698	564
B5923	220	207	189	280	222	146
B5924	39	39	49	1	1	3
B5925	995.0002	892.00000626859	695.99954	840	829.0004	918
B5926	442	352	480	274	312	297
B5927	524	532	446	619	449	317
B5928	95	105	91	71.00004	64	54
B5929	408	525	482	307	408	327
B593	5056	5504	5033	2344	2842	2924
B5930	305	263	353	166	164	167
B5931	102	104	70	73	49	57
B5932	431	414	546	223	215	243
B5933	19395.032	18338	16580.958	20498.018	16907.048	15390.991
B5934	235	327	423	84	125	156
B5935	2669	2908	2518	1534	1716	1846
B5936	264.9998	301.0003	328.0003	139	158.9998	157.0003
B5937	0	0	0	2	1	0
B5938	6027	6410	5981.002	4609	4026.998	3697.005
B5939	2620	3435	3503	1406	1855	1598
B594	29	28	22	21	15	15
B5940	1582	1762	1451	1177	1071	1338
B5941	467	450	513	250	297	291
B5942	130	170	192	66	57	83
B5943	1526	1541	1308	774	731	833
B5944	839	1234	1391	556	760	653
B5945	942	830	895	748	710	602
B5946	1143	1223	981	688	1196	941
B5947	34	46	48	17	26	17
B5948	2806.996	2526.995	2418.998	2954.003	3375.999	2884.9952
B5949	311	365	400	116	190	190
B595	100	116	88	83	88	100
B5950	219	182	193	75	92	98
B5951	329	323	483	222	196	238
B5952	639	1052.99815	825	491	448	510
B5953	1387	1280	1075	874	860	746
B5954	6116	6955	6780	4226	4198	4049
B5955	1361	1486	1444	329	503	617
B5956	59	91	146	20	58	30
B5957	216	171	196	87	130	88
B5958	1342	749	698	827	988	925
B5959	118	63.99996	91.00001	59	39.00001	55
B596	183	213	163	125	113	138
B5960	80	67	90	60	90	59
B5961	447	584	519	352	403	451
B5962	1142	1236	1268	545	556	706
B5963	9619	8611	8051	7524	7566	6644
B5964	427	418	498	284	284	271
B5965	239	240	198.9996	124	164.9997	152.99952
B5966	3.59642	0	10.4608	7.24711	15.1143	8.4725
B5967	529.4030885	566	502.5390330757	389.7527	405.886	350.527
B5968	1420	1538	1541	838	953	1069
B5969	1006	975	960	1146	754	817
B597	732	837	668.0002	624	629	697
B5970	2744.9996	1939.001	1564.997	2489.997	2989.9975	2331.0012
B5971	203	216	196	244	255	231
B5972	22272.9915	21238.9756	16188.957	36113.9516	30677.954	22791.0196835
B5973	3228.997	3327.999	1922.9973	4584.003	4484.003	3665.002
B5974	821	778.0001	675	448.9998	539	437
B5975	702	579	477	493	450	464
B5976	285	344	203	361	390	384
B5977	178	162	198	99	134	145
B5978	278	295	282	134	117	152
B5979	1802.56	2291	2553	803	1096	969
B598	2446.002	2351.004	2135.998	1500.003	1333.996	1394
B5980	108	148	171	40	70	72
B5981	910	1251	1084	413	677	730
B5982	269	210	235	164	149	146
B5983	143	165	113	94	121	59
B5984	377	421	409	309	319	324
B5985	248	292	340	351	276	359
B5986	437	493	470	329	293	247
B5987	2180.42	2331.81	2531.72	563	594.106	848.509
B5988	219	160	152	100	132	114
B5989	83	96	99	168	145	138
B599	895	1065	571	498	560	763
B5990	397	318	309	221	301	215
B5991	328	393	403	273	251	235
B5992	500	461	439	396	436	290
B5993	350	292	304	186.0004	203	222.0003
B5994	75	100	101	41	71	59
B5995	162	220	154	290	265	173
B5996	1337	1272	1576	841	932	883
B5997	164	236	161	37	19	26
B5998	111	130	208	82	97	61
B5999	215	191	122	135	132	131
B6	99	110	183	78	46	67
B60	5262.0044	6837.0013	6410.99624	3005.0038	3182.001	3519.0053
B600	1639	1902	1363	1068	1258	1593
B6000	254	248	256	141	145	152
B6001	229	351	343	131	163	158
B6002	104.000223053	64	95	59	59.0000000164274	78
B6003	238	311	313	160	157	163
B6004	1874	1523	1248	1028	1070	1141
B6005	28256	22229	19257	23253	21576	18780
B6006	102	183	190	125	184	133
B6007	1154	1161	815	965	1102	945
B6008	131	120	87	98	86	88
B6009	471	618	550	303	398	338
B601	3116	3654	3027	2198	2894	3184
B6010	1254.004	1253.9977	1280.0011	1075.0012	1128	931.0003
B6011	469.9993	427.9992	421.999523	381.0003	353.00032	383.9996
B6012	718.395	663.18	738.828	524.444	417	426.186
B6013	52	32	50	49	35	29
B6014	79	89	71	46	40	45
B6015	369	409	406	263	274	255
B6016	528	481	636	226	336	295
B6017	204	283	287	258	231	265
B6018	317	465	464	286	298	299
B6019	725	852	900	543	659	728
B602	170	276	182	96	183	194
B6020	992	1008	996	933	1007	1069
B6021	498	544	536	144	219	210
B6022	1094	1065	867	862	993	767
B6023	375	362.9998	291.0001	361.9995	352.00050043408	343.9997
B6024	502	456	437	284	266	245
B6025	633	654	616	279	244	244
B6026	599	706	697	425	488	454
B6027	284	199.1868	262.234	62.1301	107	87
B6028	1056	877.814	1043.583	429.87	550	575
B6029	44	29	53.182	19	3	12
B603	537	647	132	298	291	545
B6030	772	900	665	582	735	744
B6031	1312	1264	1232	593	777	747
B6032	3255.9981	3074.995	4547.0005	1989.0001	1919.9991	2008.0029
B6033	124	86	131	53	65	70
B6034	894	907	818	574	664	641
B6035	171	166	120	124	168	153
B6036	109	112	154	57	59	71
B6037	1373	1229	1099	461	716	982
B6038	82	80	97	48.00003	32	75
B6039	87	61	56	61	50	37
B604	3404	3764	2498	1716	2984	3910
B6040	148	135	175	130	130	136
B6041	69	92	51	59	58	54
B6042	170	220	122	231	204	81
B6043	164	166	132	141	149	188
B6044	72	67	105	63	29	74
B6045	7895	7384	6793.00000002368	5233.00071	5758	5649.0014
B6046	683	1016	687	682	741	859
B6047	966	816	763	431	565	644
B6048	1445	1338	1719	294	611	465
B6049	646	629	531	489	399	396
B605	0	0	0	0	0	0
B6050	86	89	97	45	47	71
B6051	178	204	198	117	97	75
B6052	302	325	338	243	186	221
B6053	553	530	543	475	314	361
B6054	13	15	6	8	19	15
B6055	64	49	38	17	14	9
B6056	1594	1413	1372	554	715	762
B6057	339	443	278	775	526	463
B6058	352.468	382.1201	267.311	296.5342	223.0343	262.277
B6059	375	391	348	146	194	263
B606	189	189	144	234	129	141
B6060	390	359	355	222	150	138
B6061	480	544	569	332	365	377
B6062	1789	2136	1343	1559	1555	1471
B6063	1508	1469	1339	1115	1441	1193
B6064	960.0003	1090	1238.997933	760	977	895
B6065	332	390	333	173	217	230
B6066	430	332	274	246	296	208
B6067	276	237	268	73	156	106
B6068	321	419	385	146	208	235
B6069	383	312	390	224	256	264
B607	326	242	369	79.1247	67	73.5816
B6070	41	34	35	18	26	9
B6071	87	130	112	77	60	49
B6072	29	35	14	23	20	2
B6073	785	591	779	478	543	578
B6074	639	695	793	381	351	432
B6075	65026.962	61919.007	58997.9700000238	58660.965	59972.014	44539.967
B6076	43	43	79	56	44	45
B6077	3232.00372	3472.99218	3606.99777	1831.99985	2249.99652	1940.00337
B6078	428	356	354	208	257	229
B6079	242	182.0003	222	108	179.9997	152
B608	24	31	17	0	0	0
B6080	361	336	332	236	220	272
B6081	10080.003	9101.005	10019.998	8503.998	6822.998	7374.999
B6082	1	7	2	9	3	2
B6083	285	235	252	129	188	189
B6084	874	717	650	661	798	672
B6085	182	165	232	87	99	87
B6086	506	364	343	479	458	365
B6087	1518	1738	1517	1081	1036	1182
B6088	22	9	7	21	35	25
B6089	411	218	235	200	277	206
B609	101	125	98	44	61	66
B6090	1060	1010	1040	670	747	810
B6091	6049	5458	5434	8743	8108	6901
B6092	1504	1510	1422	1096	972	1055
B6093	0	2	0	0	0	0
B6094	1307	1128	950	1136	892	734
B6095	4332.001	4509.0031	3738.99995	4091.9992	3620.0048	3219.0013
B6096	71	97	70	110	17.3004	55
B6097	99	110	70	40	55	106
B6098	233	141.0001	342.000000485141	34	42.000008	45.99995
B6099	518	459	495	266	308	311
B61	212	260	239	37	88	100
B610	3017	3508	3702.9976	2425	2295	2208
B6100	66	72	112	34	27	33
B6101	107	138	105	92	143	98
B6102	11355.9699	9894.0005	12541.033	8187.998	7809.997	8495.004
B6103	994	988	954	532	543	579
B6104	318	328	463	121	176	188
B6105	230	245	337	190	194	155
B6106	269.0331	253.128	162	170.1475	163.449	158.0001
B6107	1400.97	954.872	764	1571.85	1290.55	1051
B6108	1052	856	883	643	685	554
B6109	423	210.00029668	165.0001	275.0001	225.9996	272.999866722
B611	678	745	553	690	647	598
B6110	1128	1160	983	822	988	836
B6111	158	156	175	46	64	136
B6112	428	254	227	148	211	166
B6113	720	705	718	536	542	533
B6114	463	529	483	361	397	391
B6115	120	121	138	80	112	64
B6116	420	361	325	278	198	251
B6117	2047	1848	1997	1816	1470	1409
B6118	20	52	74	21	25.6996	21
B6119	224	289	280	143	203	202
B612	487.584	570	618	378	350	342
B6120	4549.599	5564.911	4476.87	2447.0036	2556.9236	2658.75
B6121	3040	3181	2939	2167	1992	2078
B6122	355	377	344	225	227	227
B6123	102	159	103	84	102	109
B6124	103	57	92	82	61	59
B6125	27	28	23	35	41	35
B6126	921	859	1045	838	860	799
B6127	196	183	224	133	163	158
B6128	73	59	86	3	0	7
B6129	1205	1189	1557.001892	779	831	840
B613	138	143	74	214	241	176
B6130	1936	2555	2474	1120	1286	1315
B6131	184	190	250	95	125	171
B6132	123	196	141	161	150	164
B6133	196	135	168	190	111	141
B6134	8	21	3	9	22	10
B6135	11	10	15	6	3	8
B6136	1387	1343	915	1335	1230	1145
B6137	1002	1201	938	1370	1185	1009
B6138	549	739	797	274	326	297
B6139	215	224	391	231	200	222
B614	28	17	6	7	14	9
B6140	225.325	222.764	166.433	225.325	161.312	168.994
B6141	1353.68	1361.24	1865.57	1272.68	1042.69	1083.01
B6142	2184	3260	3958	1110	1488	1739
B6143	1447	1279	1195	1006	932	822
B6144	117	135	77	89	104	102
B6145	90	36	32	52	79	84
B6146	1328.9971	1231.999	1115	988.0006	1059.9993	1000.0001
B6147	673	770	489	919	723	686
B6148	616	515	605	333	452	338
B6149	791	646	856	759	529	637
B615	252	278	285	168	169	149
B6150	12	7	4	0	7	0
B6151	379.00000184042	304.0001	305.9996	281	257.9998	222.9999
B6152	29	55	69	13	14	26
B6153	299	363	342.9996	304	378.0003	317.0004362
B6154	100	87	126	105	97	131
B6155	29	25	47	4	3	2
B6156	174	152	140	195	159	142
B6157	1059	963	905	1399.999	1627.001	1395.0022
B6158	166	272	218	85	92	125
B6159	835	767	721	716	800	712
B616	313	389	254	403	299	423
B6160	1589	1230	1146	864	857	849
B6161	243.0002	221.99977	330.0001	87	111.9995	139.0003
B6162	104	71	52	70	76	70
B6163	124	173	162	107	83	109
B6164	1137	982	859	699	767	784
B6165	252	213	421	221	333	222
B6166	433	501	459	212	234	281
B6167	42.1391	49.007	27.9473	9.3356	16.9436	8.32784
B6168	1929	1661	1517	1032	1162	897
B6169	191	248	221	111	125	119
B617	74	73	72	45	39	69
B6170	184	238	234	137	182	147
B6171	167.0000370516	155	159	122	81	105
B6172	579	489	616	379	378	368
B6173	323	325	306	365	279	295
B6174	5	16	8	11	1	9
B6175	131	141	217	26	44	104
B6176	380	461	431	295	329	278
B6177	481	645	699	326	370	431
B6178	430	404	536	134	104	124
B6179	155	163	193	89	130	90
B618	379.9996	424	397.00034	335	421.00021	344
B6180	366	317	406	53	78	94
B6181	300	296	288	134	206	162
B6182	963	1023	1083	687	724	647
B6183	366	458	372	214	235	290
B6184	23186	23183	15689	54076	40917	27406
B6185	474	472	495	405	373	343
B6186	102	69	105	42	77	51
B6187	1034	927	689	2087	1500	978
B6188	1727	1097	1157	563	839	762
B6189	223	241	267	218	205	192
B619	112	97	90	136	126	114
B6190	505	465	326	195	232	192
B6191	257.9998	211.9999	237.0004	172.9999	203.9997	156.9996
B6192	732	748	721	760	642	620
B6193	1960	2187	2001	1285	1225	1414
B6194	5445	5356	6583	3959	4162	4455
B6195	1119	1689	1851	608	838	702
B6196	57	42	39	13	17	26
B6197	511	370	372	292	429	358
B6198	482	195	279	118	135	190
B6199	329	237	325	322	272	242
B62	529	460	509	486	391	356
B620	1534	1741	1295	816	957	1081
B6200	1844	2219	1981	712	904	1022
B6201	490.325	471.161	268.684	476.338	380	240.613
B6202	251	240	128.316	266	201	156.387
B6203	352	452	406	170	232	176
B6204	618	490	495	445	430	414
B6205	707	655	797	396	420	324
B6206	1310	1331	1326	618	778	778
B6207	531	445	592	342	275	329
B6208	166	170	198	178	109	158
B6209	357.0001	381	483	272.0001	271	309
B621	49	44	53	26	32	33
B6210	90	162	132	58	101	79
B6211	2364.997	2029.001	1765.001	1637.003	1766	1616.001
B6212	211	175	184	69	151	122
B6213	45	37	42	25	59	37
B6214	331	374	311	330	334	313
B6215	292	320	245	263	264	279
B6216	1291.9974	1204.9989	1030.0024	703.99977	899.0003	608.00012
B6217	346	442	391	187	244	269
B6218	365	326	435	298	210	259
B6219	0	0	1.00081	2	2	0
B622	114	110	96	121	79	94
B6220	302	340	347	239	267	299
B6221	1604	1258	1286	1204	1229	1011
B6222	3571	3915	2304.997	5222	5091	4500
B6223	2860.001	4399	3598	1735	2715	2326.004
B6224	475	575	686	311	475	438
B6225	1423	1346	1174	776	831	772
B6226	356	376	308	509	386	377
B6227	790	877	997	583	487	605
B6228	50	24	42	14	31	43
B6229	286	244	362	169	217	208
B623	320	341	360	191.00034	233	222
B6230	306	231	214	236	191	201
B6231	2508	2499	1584	4594	4088	2750
B6232	53	47	36	75	82	43
B6233	85	46	45	76	105.00003	81
B6234	1280	1679	1725	649	710	1025
B6235	2941	2900	2632	2369	1978	2101.995
B6236	672	784	753	482	416	489
B6237	2051	2057	2100	1745	1614	1681
B6238	213	193	215	169	117	162
B6239	1454	1411	1294.99976	1142.0002	1252.9994	1119.0004
B624	1480	1455	1440	890	925	960
B6240	362	318	356	202	270	245
B6241	924	860	675	701	656	564
B6242	263	283	271	138	135	128
B6243	5454.0008	6085	4387	9883.001675	8725.000982	6258.00000087309
B6244	1184	1244	1380	799	833	781
B6245	320	304	323	313	178	152
B6246	4835	5937	7619	4062	3619	3753
B6247	33	52	65	13	13	10
B6248	1380.0016	1477.003	1521.004	679.9996	759.9997	604.0003
B6249	397	450	400	340	287	351
B625	408	439	355	163	216	258
B6250	221	233	196	195	132	140
B6251	23	45	29	16	7	11
B6252	224	217	250	173	121	139
B6253	945	1068	1057	539	718	727
B6254	1368.691	2035.185	1972.688	888.682	886.928	865.4502
B6255	378	351	280	37	38	46
B6256	778.9996	716	536.0004	672.0004	690.9995	635.0003
B6257	630	626	669	354	359	367
B6258	29	50	37	20	14	12
B6259	2845	3091	2562	2563	2602	2257
B626	1235	1397	1359	945	828	864
B6260	2676.998	2864.998	2955.996	1039.9995	1204.999	1246.996
B6261	861	737	734	655	567	535
B6262	2360	2309	1534	2964	2816.99967	2068.0036
B6263	95	132	82	105	123	93
B6264	244	264	259	237	202	221
B6265	355	302	441	166	185	160
B6266	401	511	581	170	242	308
B6267	544	561	552	355	312	351
B6268	332	311	290	250	199	228
B6269	562	555	443	460	637	449
B627	1533	1639	1561	976	877	902
B6270	601	597	570	389	472	390
B6271	505.9999	572	650.0004	286.9998	371.0002	383.9998
B6272	605	586	580	397	324	363
B6273	2645	2810	2237	3146	3390	2407
B6274	842	802	771	371	499	452
B6275	390	481	293	487	506	387
B6276	734	927	727	623	606	645
B6277	796	775	617	453	504	505
B6278	229	403	443	113	134.034	124.017
B6279	1167	1213	1192	907	1107	1175
B628	18	19	18	76	13	49
B6280	2510	2259	2326	1333	1289	1280
B6281	606	610	593	384	291	404
B6282	1747	2452	2423	1239	1249	1390
B6283	447.513	437	468.391	151	200.712	225.661
B6284	112.844	81.3952	166.055	77.9142	103.626	77.3217
B6285	1103.16	1212.6	1176.94	543.086	551.374	662.678
B6286	5580.002	5634.002	4289.998	4458.005	4298	3954.997
B6287	308	384	305	139	143	158
B6288	2070	2280	2419	1566	1466	1300
B6289	435	563	471	285	351	357
B629	7139	7286	6036	3743	4209	4513
B6290	709	759	816	196	241	207
B6291	2366.996	1954.004	1826.998	1969.998	2256.002	1963.996
B6292	2145.003	1620.003	1572.005	1407.997	1384	1215
B6293	671	700	692	696	857	694
B6294	18	36	34	30	40	37
B6295	54	48	61	35	39	53
B6296	524	596	554	229	387	338
B6297	35.0000000165616	22.99998	26.00001	49	21.00001	38
B6298	659	541	645	434	396	396
B6299	1569.997	1546.004	1284	1034	887	928
B63	1992	2240	1615	1951	1950	1844
B630	0	0	0	0	0	0
B6300	321	338	346	230	181	226
B6301	438	553	588.00000179596	356.0005	372	325
B6302	143	120	162	132	149	171
B6303	717	815	665	408	395	440
B6304	195	172	182	142	107	128
B6305	537	477	464	343	269	325
B6306	2920.4797	3286.436	2857.5363	3037.9946	2735.429	2671.999
B6307	1270	1155	1098	883	827	848
B6308	663	631	660	366	341	373
B6309	93	114	61	54	55	44
B631	444	541	624	150	295	181
B6310	1710	1605	2064	1700	1733	1425
B6311	605	686	642	393	488	435
B6312	265	235	265	62	115	96
B6313	105	103	99	59	100	64
B6314	570	640	871	328	323	337
B6315	127	146.0004	171	31.00002	57	54
B6316	181	276	110	678	400	239
B6317	67	76	123	8	18	10
B6318	113	172	192	98	93	117
B6319	262	276	321	141	111	112
B632	540	481.9998	475.0005	616	603.9999	553.9999
B6320	494	477	524	453	484	341
B6321	273	236	315	104	154	129
B6322	420	376	355.444	72	104	110
B6323	252	273	218	48	88	66
B6324	386	408	379.556	210	300	195
B6325	402	217	300	235	172	140
B6326	204	151	141	28	47	32
B6327	910	1107	1133	575	627	595.999966
B6328	431	491	361	207	228	247
B6329	1149.0001	1039.0002	1269.0046	653.0005	536.9998	626.0005
B633	286	219	366	43	61	94
B6330	398	387	356	289	399	366
B6331	507	497	477	485	510	332
B6332	4	2	3	0	0	0
B6333	8	5	2	14	13	8
B6334	162	147	149	39	38	65
B6335	512.9996	410	590.00002	299.99969	286.9997	334.9998
B6336	58	93	91	45	80	59
B6337	3107	3574	2326	2087	2371	2183
B6338	408	341	402	388	307	281
B6339	884	796	887	381	446	434
B634	1627	1952	1802	709	741	920
B6340	1083	1129	1320	448	594	683
B6341	0	0	0	0	0	0
B6342	844	986	869	544	642	633
B6343	1297	1325	1147	835	804	771
B6344	318	389	405	169	187	169
B6345	1050	930	967	697	683	780
B6346	8	11	17	10	3	12
B6347	0	0	7	0	8	0
B6348	1009	1280	1174	570	589	680
B6349	153	174	88	242	153	219
B635	1758	1872	1856	610	921	885
B6350	1431	1640	1394	317	454	491
B6351	16356	14989	11096	6026	7124	8263
B6352	113	107	162	116	104	164
B6353	1711.999	1740.566	1682.127	1188.729	1130.196	1041.3037
B6354	0	0	0	0	0	3
B6355	977	1362	964	1120	1208	1013
B6356	2715	2622	2250	1382	1666	1589
B6357	344	310.99998	342.9999	318.0001	346.00031	311.2642
B6358	786	800	724	474	505	500
B6359	2	4	5	2	3	8
B636	285	315	299	237	195	203
B6360	499	477	453	471	505	363
B6361	209	278	216	106	88	94
B6362	7676.00375074	7999	6054.0002754	4514	4466.000658405	3801.000429783
B6363	379.99974	408	340.0003	343.000000051039	238.9997	295.9996
B6364	179	185	178	89	91	49
B6365	2727.997	2709.001	2499.001	1266.999	1619.001	1408.997
B6366	2677.999	3943.003	3451.001	1546.997	1492.001	1536.995
B6367	1017	1093	837	660	599	520
B6368	10	10	25	5	8	18
B6369	68.99999	72.00005	84	36.00005	58	51
B637	825	1168	940	588	622	551
B6370	1162.1935	1057.0737157651	1396.16714	690.07327	627.2466	720.1961
B6371	1474.9981	1293.00355	1212.00232697	584	692	711.9996
B6372	334	347	214	242	313	295
B6373	533	512	766	308	334	316
B6374	1036	941	986	534	616	583
B6375	1672	2568	2273	813	1100	1143
B6376	593	590	528	345	391	359
B6377	3746	4558	3444	1916	2151	2083
B6378	529	603	604	361	435	358
B6379	72	72	80	99	77	57
B638	1106	1027	963	876	828	953
B6380	1128	860	878	946	841	750
B6381	984	1070	908.00000277156	784.000368	744	758
B6382	16692	14237	16695	6709	7050	7796
B6383	72	113	122	29	40	65.1672
B6384	9	13	30	3	3	0
B6385	197.0003	162.0001	229.0005	80	96	130.0004
B6386	236.0002	275.9998	299	118	158.9999	209.9998
B6387	23	14	17	170	115	95
B6388	31	41	24	15	21	17
B6389	1976	2087	1610	1183	1379	1365
B639	844	873	791	548	444	534
B6390	242	261	313	238	254	182
B6391	224	166	182	146	149	122
B6392	457	409	510	320	417	321
B6393	13	5	14	0	5	1
B6394	453.0003	387.0003	636	244	238.0002	313.0001
B6395	68	112	52	148	177	46
B6396	610	634	613	431	458	533
B6397	774	824	651	846	597	601
B6398	860	855	735	476	650	553
B6399	2700	3107	3191	1761	1906	1950
B64	26	37	30	25	35	12
B640	497	465	441	299	335	261
B6400	3644	3062	2553	1394	1361	1746
B6401	943	819	1024	646	708	603
B6402	3579	4623	3468	2461	2716	2521
B6403	249	299	293	109	141	131
B6404	424	425	468	307	246	297
B6405	2127	2078	2172	1284	1366	1264
B6406	177.0001	164.999874	184	73	90	74
B6407	227	294	261	101	135	152
B6408	4	4	2	0	8	5
B6409	230	271	420	57	63	102
B641	816	799	816	649	579	600
B6410	406	475	352	278	323	309
B6411	684	670.0005	602	448.9996	456.0003	522.999
B6412	2697	2911	2248	1256	1159	1452
B6413	367	414	451	245	252	289
B6414	617	649	708	445	458	479
B6415	306	331	370	215	223	217
B6416	335	268	347	177	200	195
B6417	271	280	284	215	223	153
B6418	536	447	534	404	375	413
B6419	452.9996	472.00037	505	441.9999	383.9995	331
B642	868	1071	869	726	645	616
B6420	182	199	265	115	128	134
B6421	180	134	354	15	16	29
B6422	270.282	393.57	236.023	325.744	278.881	216.679
B6423	118.162	218.992	183.307	228.46	152.143	173.799
B6424	840.555	538.438	825.67	1037.796	825.976	801.522
B6425	0	0	0	0	0	0
B6426	297.0002	303.0003	258	231.00034	183	190.9998
B6427	407	464	638	293	310	418
B6428	1416	1467	1371	1629	1728	1540
B6429	18796.958	17554.028	23377.04	13851.023	13140.975	13170.949
B643	236	209	214	159	196	165
B6430	0	0	0	0	0	0
B6431	2	0	5	4	5	0
B6432	5779.99430007244	6706	6133.0007	6313.008	5870.9958	5807.003
B6433	250	244	169	271	174	195
B6434	301	363	211	314	270.9995	230
B6435	181	213	170	182	185	176
B6436	769	668	593	774	766	667
B6437	19	9	12	13	6	5
B6438	151	148	144	160	113	84
B6439	406	431	428	188	255	238
B644	364	387	349	181.9999	232.0003	202.0005
B6440	84	49	47	54	56	55
B6441	809	770	935	714	503	584
B6442	389	392	431	153	163	221
B6443	1464	1588	1352	1588	1401	1139
B6444	399	288	602	110	138	168
B6445	1864.00220381	2125.004	1825.99815	904	1073.995615	1142.99603
B6446	967.0003	932.0005	770.9999	573.0004	592.0004	613.0004
B6447	4281	3430	2579	3385	3123	2775
B6448	1174.9993	1174	1015.9999	690.9996	828.9997	763.9993
B6449	1519	1545	1593	1270	1125	1040
B645	481	424	802	42	28	69
B6450	2181	2112	1705	1726	1810	1635
B6451	776	746	649	494	496	576
B6452	1969	2084	1925	1473	1552	1547
B6453	129	163	133	104	99	118
B6454	570	508	417	362	382	383
B6455	219	137	191	117	113	137
B6456	618	746	683	646	699	584
B6457	1	2	1	7	1	1
B6458	2952	1998	1967	2551	2488	2189
B6459	31.5656	34.422	39.3619	19.3845	20	8
B646	118.999875	109	136	108	82.99998	98
B6460	243.0001	186.9997	148	145	134.7072	161
B6461	115	175	168	70	44	39
B6462	2092.338	2579.908	1867.842	2644.988	2400.180292476	2164.510486262
B6463	992	1135	1171	537	512	617
B6464	241	302	229	236	221	245
B6465	269	316	328	188	171	165
B6466	555	592	640	481	481	445
B6467	218	210	319	118	102	97
B6468	290	264	160.000000018402	191	150	108
B6469	372	438	360	253	258	281
B647	1112	1058	761	571	488	626
B6470	3466.99307	3161	2993	1827	1683.001	1551
B6471	277	296	214	185	163	128
B6472	408	289	397	194	220	194
B6473	451	601	791	259.99984	328	355
B6474	93	150	315	32	36	39
B6475	129	123	174	97	99	123
B6476	1567	1581	1706	1287	1190	1104
B6477	241	239	216	169	212	123
B6478	5929.999	5615	6504.001	5924.004	6367.998	4884.005
B6479	234	203	248	200	225	203
B648	22	43	28	39	44	18
B6480	598	543	611	475	426	369
B6481	1563	1134	963	1335	1458	1454
B6482	123	98	128	71	81	84
B6483	1143.9991	1255.00395	1196.3757	244.9998	451.0001	486.0005
B6484	793	873	1058	241	329	428
B6485	0	4	0	0	2	1
B6486	899	825	945	766	736	703
B6487	1300	1351	969	1164	1207	1104
B6488	1687.66	1792.09	1917.16	1091.02	1278.82	1235.49
B6489	139	132	167	33	50	54
B649	211	205	161	149	153	159
B6490	601	604	549	187	289	289
B6491	140	202	147	72	92	117
B6492	787	785	605	303	369	358
B6493	856	992	901	737	721	742
B6494	60	70	110	64	110	72
B6495	7117.99400247686	7644.007	8990.9946	3264.999	3312.99793	3283.9995
B6496	1225	1710	1328	570	642	873
B6497	539	460	487	375	412	364
B6498	589	693	635	341	457	427
B6499	140	132	141	111	114	143
B65	50	76	72	91	116	113
B650	827	683	799	590	659	559
B6500	593	729	898	243	254	284
B6501	42	36	77	30	16	22
B6502	596	730	719	315	393	411
B6503	1824.005	1612.9982666	1300.00000001112	1652.003	1641.997	1256.00100208996
B6504	330	364	472	35	45	79
B6505	1631	1635	1431	866	1015	1114
B6506	525	727	574	745	771	625
B6507	899	982	927	632	608	612
B6508	218	206	306	122	162	148
B6509	316	297	298	403	340	353
B651	1073.784	1035.759	892.313	1170.96	1147.412	811.078
B6510	425	387	370	204	238	206
B6511	1179.0047	1134.9982	1250	578.9999	648.00035	616
B6512	311	287	499	79	116	170
B6513	190	269	299	149	181	126
B6514	147	169	369	72	86	111
B6515	31	50	32	17	9	18
B6516	57	81	71	33	55	28
B6517	746	941	931	147	250	282
B6518	302.902	281.868	342.756	88.3198	129.391	118.143
B6519	419.0004	449.000148323	447	377	337	290.0003536
B652	354.9995	511	474	488	511.9994	362
B6520	1062	727	1262	535	360	798
B6521	2	2	0	0	1	2
B6522	395	443	409	228	274	295
B6523	185	205	192	115	157	116
B6524	129	101	114	49	45	38
B6525	671	659	421	923	805	726
B6526	1085	1030.0004	1177.0035	651.9997	689	760
B6527	354	445	474	123	201	182
B6528	414.0118	392	510.999622	207.0183	213.99987152	240
B6529	377	312	445	286	271	267
B653	2027	2169	1554	1078	1345	1350
B6530	585	472	423	547	424	344
B6531	94	112.99951579	130	73	69	93
B6532	296	306	312	187	224	134
B6533	394	339	373	232	247	222
B6534	510	428	536	323	312	331
B6535	425	573	573	725	596	510
B6536	989	1057	1003	745	750	644
B6537	1422	1494	1444	1055	943	1009
B6538	214	169	167	209	165	150
B6539	2700	3005	2203	1562	1607	1694
B654	298	298	286	275	292	285
B6540	1145	1378	1315	906	858	753
B6541	1177	1140	1059	985	848	686
B6542	112	117	129.99985	71	74	75
B6543	127	118	162	79	108	106
B6544	56	36	58	42	91	52
B6545	2438	1510	1290	1905	2391	2167
B6546	6399	5231	4262	4168	4635	4697
B6547	1284	988	864	987	1140	1018
B6548	744	719	697	550	665	503
B6549	1093	1372	1612	656	918	837
B655	381	426	380	249	249	229
B6550	1539	1860	1986	965	1127	899
B6551	562.999	410	437.9995	305.0002	371.9997	318
B6552	596	506	542	305	290	386
B6553	353.014	386.015	412	252.378	261.014	283.031
B6554	1359	1333	1206	1475	1323	1343
B6555	131	200	110	58	137	120
B6556	637	884	915	496	566	480
B6557	1043	830	666	771	844	722
B6558	219	208	117	15	38	63
B6559	249	332	355	104	111	88
B656	3944.69300099878	3571.514	2680.999	4800.479	4489.386	3378.001
B6560	464	596	455	252	364	365
B6561	250	274	286	154	156	142
B6562	1010.931	821.021	856.2512	865.071	1080.262	972.668
B6563	34	69	46	55	44	48
B6564	531	499	658	417	368	410
B6565	384	392	479	327	255	348
B6566	423.00028	423.9999	453	286.9997	220	275.99993
B6567	106	89	78	42	56	82
B6568	2328	2499	2676	1078	1109	1184
B6569	1438	1760.004	1261	874	840	883
B657	78	125	92	42	83	70
B6570	617.0001	583.0004	647.9995	494.0002	448.9999	420.0001
B6571	434	422	343	447	358	325
B6572	2550	1980	1658	1270	1378	1562
B6573	335	305	441	213	295	211
B6574	2731	2601	2892	1604	1759	1679
B6575	184	257	237	131	185	150
B6576	248	193	283	246	164	220
B6577	237	199	285	89	124	102
B6578	319	409	414	180	200	257
B6579	1022	1047	810	852	1015	762
B658	534	566	623	616	415	483
B6580	780	630	660	613	554	542
B6581	526	494.9999	354	319.9998	281.0003	355.0001
B6582	11970.014	12130.976	13046.041	5103	6755.999	5917.004
B6583	21220.04	21229	23079.96	11062.01	13187	12987.01
B6584	181	168	157	84	114	127
B6585	1707.998	1647.999	1787.997	1214.996	940.0003	1023
B6586	36	68.0186	69.1262	43	62.0803	23
B6587	385	411	425	352	295	268
B6588	45	64	32	29	11	39
B6589	1706	1785	1820	1286	1076	1231
B659	12003.2	10560.7366	9336.3178	5986.7228	8079.02	8494.57
B6590	2939.004	2853.003	3334.001	885.9996	1203.0006	1004.0003
B6591	2831.00209362	2897.000852585	3091	2076	2103	2063
B6592	441	238	299	69	98	101
B6593	264	265	285	127	195	170
B6594	175	164	249	94	109	113
B6595	260	254	239	183	265	239
B6596	1984	2190.00200447373	2478.999	971	1276.99500023554	1061.00000231469
B6597	6650	6599	7385	3607	3950	4474
B6598	122	105	126	80	67	72
B6599	680	633	686	336	386	435
B66	477	552	477	286	338	338
B660	674	651	597	437.0001	592	528.0004
B6600	686	863.000000019025	686	662	581	610
B6601	169	149	224	62	85	82
B6602	251	386	264	438	406	270
B6603	135	203	118	381	343	272
B6604	1132	1222	882	1480	1521	1001
B6605	4201.0015	4241.0025	5043.9992	3805.9999	3880.999	3411.9984
B6606	1130	1506.995	1397	1005	950	773
B6607	120	181	103	313	141	102
B6608	1118	1410	974	883	818	786
B6609	61	47	52	41	55	56
B661	542	615	550	416	447	400
B6610	1968	1987	2222	1444	1512	1546
B6611	267.9996	224.0002	175	190	164	186.9998
B6612	211	221	290	121	155	136
B6613	652	626	650	285	344	302
B6614	352	337	335	203	190	227
B6615	1713	1776	1308	2320	2372	2093
B6616	1769	1496	1493	1717.0005	1697	1387
B6617	946	948.819	1066	569	638	588
B6618	136	77	109	32	31	53
B6619	497	659	768	126	195	147
B662	2436.003986	2417.000583024	2062.9950104424	2239.99700173074	2151.9977	2206
B6620	886	849	802	703.9998	556	547
B6621	444	436	452	297	230	266
B6622	2999	3211	2309	1587	1886	2287
B6623	2026	2146.001	2332.997	1967.995	2001.996	1729.996
B6624	297	385	406	156	140	201
B6625	277	196	289	115	123	138
B6626	285	462	471	217	241	222
B6627	3747	3543	3419	2622	2470	2645
B6628	104	150	108	104	77	49
B6629	293	93	184	29	38	28
B663	471	437	375	304	314	244
B6630	151	104	112	50	30	54
B6631	1202	985	1200	1030	939	934
B6632	1620	1621	1444	1847	1725	1548
B6633	2645.61	2593.24	2091.56	2745.84	1918.91	1744.4
B6634	977	1103	968	561	650	612
B6635	960	1122	1176	584	621	627
B6636	152	185	136	122	124	147
B6637	22	11	28	18	18	23
B6638	1064.9965934	1203	811.99997	902	926.000165	1079
B6639	143	187	118	270	298	245
B664	624	480	586	402	398	460
B6640	367	268	277	156	143	157
B6641	66	49	67	35	38.1564	35
B6642	130	70	86	33	48.8436	40
B6643	174	180	134	128	147	141
B6644	1	4	6	0	1	2
B6645	124	118	285	0	11	8
B6646	54.6835	27	54	30	31	23
B6647	9.31654	4	0	0	0	0
B6648	992	1054	765	1621	1593	1412
B6649	709	824	813	807	680	710
B665	252	292	253	106	172	167
B6650	203	223	265	106	113	106
B6651	692	729	685	638	523	609
B6652	1250	1209	1262	1113	1040	906
B6653	684	739	733	582	580	559
B6654	191	298	284	40	71	79
B6655	33100.97	33868.21531	36069.2871	13747.17442	14528	16056.7325
B6656	0	0	0	0	0	0
B6657	13	20	21	0	0	0
B6658	1172.15	1383.74	1607.55	657.346	674.11	643.997
B6659	147.8493	215.2577	130.4452	52.65405	78.8904	75.0031
B666	213.0003	270.9998	273.0002	152	139.0004	166.0005
B6660	41	32	48	30	52	40
B6661	533.9997	680.9998	692.0003	215	267.0001	332.0003
B6662	164	170	210	64	80	69
B6663	1635	1665	1830	2202	1696	1566
B6664	6597	6174	5951	4694	4331	4773
B6665	23	10	6	0	11	4
B6666	1	0	1	0	4	1
B6667	2043	2311	1745	2956	2850	2462
B6668	3	2	3	0	0	0
B6669	1261	1321	1356	875	934	909
B667	597	561	455	474	487	468
B6670	32977.991	31747.023	20897.994	76917.04478	52068.00828	37959.03821
B6671	49	33	42	31	47	20
B6672	0	4	0	4	10	3
B6673	970	1132	1003	594	628	718
B6674	1747	1593	1644	621	561	574
B6675	999	1034	934	1232	1288	1083
B6676	1056	1222	1143	677	674	824
B6677	1251	1400	1113	882	940	910
B6678	439	421	498	505	338	419
B6679	399	428	381	303	330	371
B668	3799.9967	3791.0028	6021.00139	2459.00096	2552.99932	2896
B6680	1272	1540	1368	578	638	673
B6681	689	806	612	817	844	865
B6682	1366	1545.997	1628	823	766	795
B6683	179	206	187	110	94	131
B6684	124	165	203	56	69	69
B6685	307	248	409	166	230	224
B6686	864	741	784	549	634	718
B6687	38	27	32	19	22	12
B6688	0	0	0	0	0	0
B6689	282	222	281	96	50	87
B669	638	679	639	407	391	515
B6690	6050	6258	5883	4430	4120	4427
B6691	2749.003	3020.005	3207.003	1683.002	1955.002	1823.001
B6692	583	649	677	439	436	429
B6693	2596	2597	2157	2332	2123	2013
B6694	329	315	285	268	253	257
B6695	1201	1307	1106	1375	1013	1063
B6696	398.0005	442.0003	680	187.9995	206.9995	240.0002
B6697	993	1228	1133	544	581	708
B6698	2142.9985	2479.9952	1092.002	7261.0035	6067.0038	3823.00025
B6699	5042.9955	4700.99567	4361.9971	4843.0007	4961.9987	4455.9987
B67	14	18	29	8	12	8
B670	31.1969	15	29.4626	3	6.02734	5.00442
B6700	6843	5517	5235	4265	4613	5282
B6701	66	78	138	19	43	24
B6702	61	80	57	35	55	77
B6703	348	425	302	142	191	227
B6704	189	244	242	137	108	151
B6705	750	705	716	501	507	508
B6706	1960	2067	2088	974	998	1071
B6707	825.0003	919	770	826.0004	688	787.9998782
B6708	245.00009	262	301.99958	173.00024	155.99997	165.9997
B6709	3426	4715	4717	2283	2824	2362
B671	53.999991	55	60.9999555	62	49	60
B6710	665	647	575	625	590	478
B6711	295	316	231	151	227	230
B6712	12127	14210	11217	11736	14954.02	14951.05
B6713	337	342	346	281	322	355
B6714	2289	2258	2555	996	1072	1097
B6715	4168	4907.85	3869	3325	4356	4833
B6716	2522	2636	2098	1555	1645	1692
B6717	2706	5664	5389	638	1148	1356
B6718	964	1007	1241	517	655	732
B6719	1151.0025	1092	1231.9964	918	942.0005	821
B672	1723	1846	1845	1752	1507	1566
B6720	275	332	267	219	215	183
B6721	269.02	308.018	297.74	180.324	172.79	225.285
B6722	1227.98	1422.98	1379.26	858.676	921.21	1029.71
B6723	36	22	56	8	3	3
B6724	3931	3950	2829	2344	2689	2877
B6725	594.9995	795.0003	893.0002	222.9996	354.0001	439.0001
B6726	364	418	330.99970377408	375.9998	279.0000851321	225
B6727	214	345	230	130	140	147
B6728	175	197	209	89	98	110
B6729	751	728	777	597	634	578
B673	196	179	255	186	150	128
B6730	2822.57	3434.27	3774.79	1618.09	2123.75	1796.13
B6731	174	160	276	86	82	123
B6732	555	502	533	405	330	374
B6733	194	169	196	119	122	151
B6734	488.0002	599	538	366	426.9997	401
B6735	61	22	27	0	0	10
B6736	1681	1666	1406	945	1051	1032
B6737	0	0	0	0	0	0
B6738	1409	1566	1563	860	935	935
B6739	417	534	554	243	280	274
B674	106	174	147	107	101	97
B6740	1657.999	1667	1756.001	1458	1290.326	1339.331
B6741	243	306	354	4	3	4
B6742	1042	1114	872	802	785	638
B6743	1896	1753	1838	1752	1791	1513
B6744	711	543	517	431	414	463
B6745	234	256	346	281	176	186
B6746	630	692	716	329	431	464
B6747	513	651	450	351	489	439
B6748	656	690	719	312	335	374
B6749	667.999766	615	690.9998	223.0005	232.9999	274.999511
B675	132	83	162	114	176	150
B6750	822	733	684	414	391	541
B6751	1161	1293	1382	832	809	876
B6752	8050	8618	8460	6502	6365	5534
B6753	11	20	14	1	6	12
B6754	1246	1149	1040	954	1031	1136
B6755	97	61	89	88	66	65
B6756	200	166	194	132	159	141
B6757	3887	4421	3613	4757	5293	3746
B6758	1718	1403	1402	2058	1938	1399
B6759	1711	1398	1078	1076	1195	1165
B676	363	394	409	215	226	182
B6760	214	344	282.814	191	191	163
B6761	5023	5790	4658	1455	1826	2279
B6762	194.0002	277	283.0003	137.0002	193.9998	141
B6763	767	798	886	1096	1078	865
B6764	210	208	214	206	229	203
B6765	434	468	520	312	246	292
B6766	54	78	64	142	99	59
B6767	25	17	67	4	4	11
B6768	497	524	475	233	244	265
B6769	135	119	101	62	81	90
B677	989	1029	1011	779	776	846
B6770	736	1001	919	795	807	792
B6771	533	494	491	321	310	352
B6772	8	41	50	22	71	15
B6773	174	251	210	77	101	87
B6774	854	807	803	756	801	726
B6775	852	954	571	691	609	658
B6776	420	432	466	221.9996	316.9999	209.0002
B6777	7	5	3	4	0	2
B6778	704	828	925	565	651	555
B6779	248	192	200	121	122	126
B678	551	575	477	915	802	739
B6780	263	295	268	212	193	165
B6781	2141.995	2138.004	2043.0001	1449	1597.001	1466.002
B6782	771	780	610	1029	842	528
B6783	2199	1919	1995	1362	1652	1530
B6784	797	1126	907	345	507	527
B6785	299	281	397	181	254	254
B6786	228.00038	170	213.0003	104	152	94.00004
B6787	920	971	766	469	615	600
B6788	534	612	580.0001	490	451	428.99954
B6789	379	359	337	165	194	244
B679	404	400	327.9996	181.9998	204.0003	200.0002
B6790	129	126.9997	215.99953	83.99996	84	67
B6791	376	428	344	197	165	191
B6792	1852	1957	1875	1149	1067	1216
B6793	355	438	383	309	371	219
B6794	1646	1872	1853	1367	1788	2029
B6795	418	454	739	246	306	296
B6796	351	321	394	284	336	318
B6797	143	156	182	86	114.292	118
B6798	9	27	22	0	0	0
B6799	9	9	24	0	0	0
B68	14	13	14	2	20	29
B680	1641	1777	1356	1758	1797	1520
B6800	190	164	193	55	93	90
B6801	345	398	378	213	268	277
B6802	168.563	145.832	159.433	180.876	146.962	157.516
B6803	1903	1750	1123	3571	2893	2227.99575
B6804	106	72	100	54	80	87
B6805	651	554	778	425	425	492
B6806	177	170	241	142	145	151
B6807	902.0007	876	740	563.9991	606.0001	578
B6808	71	69	68	34	79	57
B6809	32	38	23.99999	11	39	20.99999
B681	564	640	585	444	447	418
B6810	688	578	573	509	548	528
B6811	622	508	482	805	634	489
B6812	248	291	295	200	218	163
B6813	4	23	1	3	7	1
B6814	1934	1959	1291	1924	2106	2182
B6815	122	136	132	101	125	122
B6816	5386.001	3498.001	7651.001	845.4258	1064.0009	1081
B6817	0	0	0	0	0	0
B6818	609.9997	614.0001	815	208.0002	228	295
B6819	234	224	254	131.9998	114.00000149186	170.0003
B682	1832	1826	1780	946	1205	1195
B6820	517	628	629	216	364	366
B6821	375	477	411	225	224	232
B6822	14	37	35	10	5	3
B6823	1488	2074.29	1883	846.417	1160.95	1006
B6824	3405.001	3759.997	3733.005	1557.9979	1823.997	1572.999
B6825	59	91	25	68	61	77
B6826	172	162	182	210	174	137
B6827	836	800	678.0001107	456	551	527.0001
B6828	154	122	126	101	93	77
B6829	747	783	816	377	671	496
B683	97.0000088	102	153.9999	85	82	66
B6830	56	49	81	11	30	16
B6831	86	50	47	48	46	45
B6832	411	445	438	364	297	306
B6833	361.9996	383.0003	321.0003	257.0004	210.9999	189.9996
B6834	1281.99869	1095	1344.997622	827	926	929.99952
B6835	156	237	197	57	102	106
B6836	311	239	306	244	223	245
B6837	518	458	508	969	941	658
B6838	308	239	247	174	211	210
B6839	196	242	213	118	161	148
B684	1360	1387	1387	447	607	707
B6840	338	367	426	63	66	53
B6841	1340	1573	961	2433	3494	3152
B6842	1333	1512	1464	523	661	639
B6843	151	221	195	110	119	133
B6844	100.999903	163.00043	87	117	168.9998917	154
B6845	1172.54	1053.83	919.52	1649.84	1453.74	1178.16
B6846	571	495	590	401	454	373
B6847	1537.0035	1448.0007	1379.0013	1109.0008	1276.9976	1233.0024
B6848	127	191	269	111	166	139
B6849	1135	1656.003	1446.9982	1170.997	1345.9993	1202
B685	2441	2428	1893	3288	3348	2512
B6850	20	12	29	15	0	0
B6851	13220.9976	8613.99845	11969.9944	2802.00000140396	2631.0001	2702.003
B6852	1946	2475	2180	1176	1318	1343
B6853	338	370	375	184	198	304
B6854	482	510	388	201	294	242
B6855	1895	2131	1750	952	1092	1168
B6856	1327	1435	1949	522	467	621
B6857	1287.0001	1514.99985	1141.00040022311	645	712	854.00068
B6858	153	178	190	106	127	92
B6859	53	41	81	23	25	37
B686	469	666	534	341	320	357
B6860	891	852	972	467	540	482
B6861	125	87	108	67	69	61
B6862	1736	1706	1842	1041	1191	1325
B6863	1060.36	1413.23	1350.19	563.64	689.172	616.558
B6864	851	945	882	599	785	577
B6865	47	74	69	68	53	26
B6866	184	214	214	74	107	131
B6867	513	579	511	234	240	284
B6868	100	52	107	40	35	32
B6869	1197.964	1171.71	1058.555	1847.678	1604.302	1267.175
B687	700.12	718.736	632	411.749	457.927	399
B6870	908	955	1133	443	532	508
B6871	281	262	228	249	184	167
B6872	11318.998139	7769.0005501135	10884.00298	10540.00876	13325.0046636	6987.00011111
B6873	11181.0013	9238.0034	7862.0005	20894.9704	20340	12456.9634
B6874	502	456	496	318	336	335
B6875	1613.001	1787	1927.9990868	994	1083.999477	1038
B6876	862	1196.75	950	536	608	650
B6877	70	127	204	58	59	50
B6878	159	120	151	80	115	48
B6879	830.0002	849	615.99981	694.0002	764.0003	615.9996
B688	869	949	838	597	573	686
B6880	231	189	203	158	161	103
B6881	7979	6234	7184	5985	6035	6725
B6882	773	696	879	773	730	677
B6883	1281	1295	1349	730	770	932
B6884	260	205	205	153	125	161
B6885	101	164	170	35	39	57
B6886	182	170	275	114	143	105
B6887	357	238	226	131	124	134
B6888	134	196	177	39	86	103
B6889	786	676	565	505	586	505
B689	1759.0017	1875.99901	1388	2353.9978	1938.9952	1534.99508
B6890	980.595	1254.91	1371.2	480.678	729.472	612.882
B6891	33	23	33	35	36	47
B6892	257	235	216	145	148	200
B6893	34	85	78	38	36	10
B6894	3464	3024	2294	2744	2973	3054
B6895	494	559	627.523	122	197	180
B6896	0	0	0	0	0	0
B6897	629.986	571.623	415.327	953.231	816.234	588.317
B6898	0	0	0	0	0	0
B6899	318	345	321	271	238	174
B69	14	16	40	5	9	9
B690	268	328	318	181	151	154
B6900	1647	1935	1576	1211	1144	1320
B6901	230	340	313	150	156	162
B6902	864	835	778	618	642	558
B6903	232	178	228	150	137	111
B6904	271	286	317	229	220	199
B6905	18	8	18	11	4	5
B6906	142	83	91	55	82	67
B6907	3182	4026	3515	970	1049	1369
B6908	1365	1527	1871	770	976	940
B6909	1842	1589	1245	1896	1954	1328
B691	603	782	885	426	348	492
B6910	671	450	702	885	814	659
B6911	785.332	794.814	749	606.951	541.433	530.392
B6912	1067	1233.996	1300	506.9997	596	568.9997
B6913	1156	1198	1240	750	697	724
B6914	526	617	543	335	358	351
B6915	561	576	445	475	506	447
B6916	1165	1200	976	869	892	834
B6917	1015	1377	1461	495	569	741
B6918	1147	1404	1524	408	615	580
B6919	477	551	601	327	344	360
B692	803	859	1194	686	616	644
B6920	1071	1247	1268	580	699	725
B6921	369	344	352	242	270	265
B6922	571	605	377.9996	357	407	445
B6923	3575	3935	4167	2358	2479	2591
B6924	3513	4813	4100	2956	3358	3278
B6925	370	376	467	283	292	257
B6926	1862.79	1868	1665.78	1313	1591.86	1412
B6927	1400	2088	2117	433	728	938
B6928	42	99	37	53	69	55
B6929	731	850	784	478	490	554
B693	1223	1076	832	699	709	717
B6930	1240	1158	1066	762	854	775
B6931	231.278	256.991	256.224	143.606	176.253	162.497
B6932	7685	7541	7287	5066	4763	4550
B6933	676	632	653	342	416	375
B6934	1142.26	1279.57	955.976	434.579	482.808	576.515
B6935	1634.74	1703.43	1947.02	533.421	724.192	1002.48
B6936	944	830	774	680	546	585
B6937	179	254	203	379	285	292
B6938	0	12	2	0	0	3
B6939	32	12	20	9	20	13
B694	0	0	0	0	0	0
B6940	809	743	1003	442	390	419
B6941	734	984	1055	504	636	540
B6942	2280.1506	4190.985	1627.3036	5173.425	2598.935	2636.698
B6943	157	183	149	160	130	122
B6944	56	70	94	32	45	40
B6945	3669.000756	3360.75610839	2475.9703	4229.19900001575	3799.60400509037	2755.49700001458
B6946	380	433	467	293	260	295
B6947	1122	1153	1064	844	843	876
B6948	1038	1035	874.9999	790.9997	701	712.0001
B6949	597.9996	652	598	408	346.00018434	445.0002
B695	1028	1093.9994	973	1187.998	911	1022
B6950	388	396	313	445	391	285
B6951	3501.16	3772	3119	2431	2859.13	2741.08
B6952	211	184	251	149	146	127
B6953	147	147	193	139	136	94
B6954	9	2	4	0	0	0
B6955	6002	6133	5075	4619	4449	3796
B6956	38	42	71	15	12	10
B6957	271.4064	276.9998	218.0001	417	538	548.794
B6958	1518	1460	1183	1044	1044	934
B6959	3707	4002	3680	3274	3264	2880
B696	322	277	309	186.9998	229	188.0004
B6960	34	30	52	28	31	28
B6961	2541	3171	2764	1076	2045	2536
B6962	208918	137208	121431	285830	291334	304483
B6963	39380	26974.7	26464.8	56683.8	63896.9	62254.4
B6964	105610.147	73151.66	62176.854	153915.148	166992.525	163186.048
B6965	60020.3	42855.1	36649.9	100121	100846	101835
B6966	21962.9	13818.7	14110.5	43569.7	43271.6	39720.2
B6967	59871.7	41695.1	37932.1	87385.9	90565	87771.2
B6968	21214.938	15583.8005	13980.9481	36016.57	37806.624	34806.343
B6969	324	406	408	186	157	168
B697	3	0	0	2	0	6
B6970	688.698	651.43	647.472	327.149	361.467	439.926
B6971	1000.689	848.770588	740.084748576	618.094500018876	561.16429421	588.8767
B6972	769.267	904.666	477.1611	430.7127	437.4505	422.9581
B6973	1140.53	1037.69	1092.52	808.694	768.889	801.506
B6974	1381.44	1289.28	1363.78	566.929	846.234	821.531
B6975	49	53	69	30	24	63
B6976	313	339	320	236	257	301
B6977	484.9999	390.9998	332	210.0001	307.0001	238.0002
B6978	0	3	0	0	2	0
B6979	791	768	558	819	837	598.9995
B698	3045	2719	1894	3093	3096	2866
B6980	173.999755	139	208	60.99999	103	119
B6981	3539	3679	4618	5287	5148	3893
B6982	644	578	720	524	647	475
B6983	125	151	138	113	86	83
B6984	386	414	522	215	272	231
B6985	1597	1619	1416	1351	1256	1344
B6986	1289	1301	1386	893	986	886
B6987	2960.9991	4351.004	3902.9991	2044.00152	2538.9952	2268.00152
B6988	746	950	1063	308.0005	446	451
B6989	715	681	620	543	506	435
B699	1156	1414.002	1208	825	846	925
B6990	377	466	476	279	289	292
B6991	1645	2143	2049	823	1005	1331
B6992	2893.996	2918.996	2854	2771.001	2298.002	2314.998
B6993	516	377	499	127	171	161
B6994	54840	55507.0299	35708.0462	104508.8065	89363.983	61629.0147
B6995	1941	2758.005	2352.0035	1166	1258.000209514	1162
B6996	2628.997	2609.001	2440.997	2156.003	1912.002	1815.995
B6997	1009	915	857	844	701	718
B6998	349.123	351.466	375.264	144.303	152.515	229.91
B6999	463	435	507	337	347	404
B7	761	714	719	393	452	536
B70	8	3	5	0	6	4
B700	76	92	101	51	52.6497	46
B7000	908	1122	1206	386	515	481
B7001	553	636	518	412	400	396
B7002	586	521	531	354	346	334
B7003	98	145	162	60	87	45
B7004	429	398	820	231	332	358
B7005	682	907	878	482	508	501
B7006	488	796	976	287	283	470
B7007	294	351	307	179	195	186
B7008	445	470	459	358	494	353
B7009	1293.0000176569	1432.996	1452.9986	956.000000012351	1128	1029.951172
B701	138	122	181	174	141	144
B7010	104	94	103	59	61	96
B7011	530	472	511	489	468	383
B7012	208	213	156	137	190	127
B7013	1264.004	1322.998	1046.0004	856.9997	786.9999	739.9995
B7014	397.372	370.5	415.94	269.405	268.572	261.345
B7015	926.628	740.5	887.06	478.595	575.428	462.655
B7016	3	5	0	0	0	0
B7017	1364.001	1448.001	1523.998	840	864	809
B7018	997	1136	661	1239	1116	777
B7019	862	814	540.0003	1396.999	1174.004	921
B702	422	547	386	751	697	794
B7020	0	0	1	3	3	2
B7021	440	446	448	361	394	276
B7022	1873.00464	1839.00000027169	1664.996	1672.99884	1432.0049	1333.001
B7023	100	69	138	22	49	44
B7024	186	112	175	185	154	118
B7025	476	527	390	331	344	318
B7026	525	607	529	715	638	788
B7027	189	155	207	149	165	102
B7028	152	137	162	96	103	99
B7029	201	131	128	78	81	110
B703	44	68	105	23	37	23
B7030	3133.001	2447	2532.003	1893.9959	2204.9986	1961.996
B7031	3151.004	4550.003	5206.001	1198.9999	1603.005	1698
B7032	105	172	177	73	123	108
B7033	67	14	49	0	13	7
B7034	2236	2189.0002	1986	2824	2182.9996	1862
B7035	618	880	885	206	418	363
B7036	74	64	142	53	50	55
B7037	2580	2673	2485	1386	1641.001	1747
B7038	143	119	66	175	115	106
B7039	960	1102.3631	1080	845	792	699
B704	117	72	146	21	70	85
B7040	394	419	490	275	258	308
B7041	154.009	166.009	172	98.2724	77.0059	130.312
B7042	1307	1260	1124	1038	1084	1049
B7043	520	588.0004	614.9998	342	338.0005	379
B7044	1	11	13	10	0	1
B7045	7.000003	15	0	11	6.000001	2
B7046	468	468	408	398	363	328
B7047	1183	1068	1334	431	556	595
B7048	1989	2306	2233	1048	1398	1316
B7049	3538	3773	1636	6540	4656	3567
B705	356	340	291	309	231	250
B7050	171	164	132	115	104	140
B7051	379	375	435	324	331	283
B7052	1129	1575	959	1721	2055	1829
B7053	78	58	67	25	27	45
B7054	139.736	91.1105	149.282	74.5286	54.1168	77.2728
B7055	1089	1142	1139	861	799	709
B7056	621	592	582	393	403	363
B7057	77	87	126	32	35	45
B7058	627	547	366	751	652	513
B7059	11337.042	11987.96549	5841.995	24633.0018	23626.978	17789.996
B706	443.9998	564	527	284.9996	347.9996	337.9997
B7060	122	181	143	183	204	134
B7061	1979	1552	1347	1569	1670	1680
B7062	35	11	42	6	9	7
B7063	47	26	102	31	18	22
B7064	343	307	329	321	294	285
B7065	304	262	300	186	164	165
B7066	130	136	129	200	218.9997	216.999768
B7067	139	112	86	83	92	68
B7068	2	2	4	1	18	4
B7069	285	327	386	217	192	188
B707	1082	1198	1078	1246	921	975
B7070	1327	1562	1355	452	533	663
B7071	846	728	684	638	614	573
B7072	10	12	12	9	7	6
B7073	678	553	594	485	403	466
B7074	498	549	529	195	339	281
B7075	459	446	541	258	247	251
B7076	654	540	488	553	504	586
B7077	574	487	476	343	400	372
B7078	399	421	312	278	271	233
B7079	274	404	417	45	38	60
B708	441	424	495	299	269	341
B7080	683	714	736	376	450	388
B7081	46	44	68	77	90	67
B7082	558.00005	626	573	634.00045363	485	423.0003
B7083	864	859	755	334	373	347
B7084	408	347	342	336	312	244
B7085	734	790	712	712	812	703
B7086	177	178	137	183	159	150
B7087	365	436	394	308	261	297
B7088	1010	1128	856	1152	890	753
B7089	285	261	242	160	142	159
B709	2648	2614.0029	2268	1897.99916	1766.00047	1675.99711
B7090	113	208	188	133	160	96
B7091	381.9997	243	300.0003	222.9998	200.0002	214.000294951
B7092	1898	2417	1879	933	1003	1217
B7093	128	138	153	83	46	66
B7094	500	520	467	250	344	214
B7095	291	373	464.9999	253.0002	193.0004	177
B7096	208	232	209	155	167	145
B7097	603	606	446	514	432	436
B7098	200.9997	245.9999	195.0004	315.9996	214.00035	228.9995
B7099	1231	1186	1085	784	864	708
B71	159	172	98	133	128.0002	93
B710	241	233	177	227	168	171
B7100	864	790.392	732	396	419	353
B7101	1318	1342.61	1414	1116	1119	989
B7102	416	1229	410	613	374.953	352
B7103	458	401	326	381	448.047	313
B7104	7	4	0	2	0	5
B7105	20	21	68	1	0	0
B7106	1184	1469	1457	885	890	882
B7107	172	260	164	131	103	108
B7108	704	754	746	518	607	506
B7109	411	462	453	275	310	245
B711	279	309	402	201	223	202
B7110	217	235	264	110	90	118
B7111	258	292	260	109	128	169
B7112	44	49	52	35	40	35
B7113	1075	1097	1232	725	654	669
B7114	1826.9955	1842.9952	1981.004	976	1117.9973	1151.9988
B7115	1333	1979	1886	429	548.037	479
B7116	1346	1373	1084	795	815	905
B7117	153	150	182	57	110	111
B7118	430	428	520	468	424	381
B7119	81	70	99	24	58	41
B712	1084	1084	877	625	647	781
B7120	223	121	161	79	121	156
B7121	251	230	289	132	139	129
B7122	1410	1627	1430	426	797	890
B7123	27986.388	56686.6395	44737.432	8802.24545	13172.578	12990.950765
B7124	210	98	113	188	184	172
B7125	70.4626	40	41	58.6051	57.5292	43
B7126	255.537	293	288	147.395	142.471	141
B7127	2062	1952	1312	1491	1550	1554
B7128	517	444	398	425	410	385
B7129	50	43	67	4	3	13
B713	2079	2234	2265	1542	1451	1349
B7130	250	350	322	182.9995	192.0001	222.9998
B7131	604	436	406	411	447	400
B7132	878	846	824	959	1002	803
B7133	531	489	534	442.0001	405	403.0004
B7134	661.9995	603.9997	604.9995	507.0004	486.99985	346.0002
B7135	341	372	407	163	223	207
B7136	999	1225	1072	679	768	742
B7137	36	19	62	13	8	4
B7138	4106.9996	3515	4370.00051	2839.9955	2867.0003	2870.0067
B7139	210	285	280	38	70	44
B714	334	464	471	295	309	354
B7140	980	1020	1175	872	705	818
B7141	102.002	120.002	126	69	56.0016	76.0131
B7142	13572.05	14321.97	15534.99	10835	10585	10808
B7143	447	434	483	259.9997	340	230
B7144	266.543	335.954	422.745	133.247	140.442	141.063
B7145	459	528	472	321	307	304
B7146	1037	1086	1010	1006	1111	874
B7147	332	286	286	205	183	160
B7148	261	227	203	79	115	78
B7149	3843	4089.004	4193.997	2200.0016	3011.997	3562.004
B715	317	354	444	260	312	212
B7150	656	731	761	209	229	283
B7151	382	347	399	270	213	230
B7152	336.00035	286	230	243	211.0003	228.0004
B7153	117	81	104	78	63	54
B7154	1816	3455	2867	593	987	845
B7155	24	11	17	35	24	11
B7156	2870.21	3012	2336.22	2081	2138.14	1712
B7157	107	81	62	95	76	77
B7158	137	147	139	112	122	106
B7159	1060	1325	1342	728	701	761
B716	24	26.8729	13	10	9	5
B7160	756	1026	952	149	172	259
B7161	534	543	442	319	353	341
B7162	690	624	726	738	717	724
B7163	408	392	448	297	257	258
B7164	2051.0044	2220.0044	1987.0047	1509.999585	1559.9971	1582.0027
B7165	1785	2099	1354	3348	2514	1892
B7166	524	483	545	329	322	370
B7167	359	414	360	240	198	230
B7168	61	39	56	18	10	14
B7169	178	194	214	286	217	219
B717	1596	1421	1097	1264	1294	1315
B7170	1798	1713	1567	3447	2668	2385
B7171	133	252	90	202.0002	166	128
B7172	3478	3540	3014	1575	1788	1813
B7173	387	416	319	480	444	394
B7174	833	799	585	591	533	576
B7175	1543	1752	1250	513	658	731
B7176	0	0	0	0	0	0
B7177	25.1359	29	65.4521	16	22	27
B7178	11	13.4838	50.0295	5	11	14
B7179	576	598	459	660	627	526
B718	1576	1804	1191	1466	1374	1187
B7180	1240	1410	1469	595	623	581
B7181	212.9997	203.9999	308	106	92	105
B7182	1687	1781	1562	941	1069	1068
B7183	166.569	151.707	238.167	73.9014	74.7861	73.131
B7184	1296	1447	1299	806	808	885
B7185	120	179	164	55	66	83
B7186	150	169	178	118	93	98
B7187	434	423	399	299	302	258
B7188	35018	23776	27425	25478	30236	25314
B7189	2105.0022	2243.0017	2159.001	1487.9989	1404.9999	1462.9953
B719	319	431	270	389	345	296
B7190	156	132	126	72	67	83
B7191	153	124	91	86	103	65
B7192	4491	3118	3487	4222	4162	3634
B7193	198	180	153	189	152	192
B7194	205	252	303	114	157	96
B7195	1631	1415.0028	1454.9947	831.567	999	983.999
B7196	109.206	97.9045	68.299	158.044	88.6653	92.5324
B7197	626	541	562	276	280	254
B7198	1204	1256	964	965	969	915
B7199	223	243	221	170	176	223
B72	51227.9337	49639.03804	42963.0119	36376.98709	41122.0321	30591.0346
B720	175	233	231	159	123	192
B7200	362	244	253	567	354	269
B7201	834	929.343	642.498	1244.8	1071.87	914.843
B7202	71	44	68	27	11	34
B7203	835	1053	1311	980	1501	1201
B7204	25841.0240002145	31516.7077	28727.9554	17974.00478827	19945.9887	19348.0132
B7205	192	141	236	71	86	115
B7206	232	231	301	144	131	187
B7207	1787	1820	1899	1028	1177	1121
B7208	449	431	455	213	221	253
B7209	73	54	127	26	53	57
B721	14947.885	17409.0461	19731.027	7560.9978	8916.868	9622.912
B7210	700	688	606	436	391	488
B7211	84	57	107	36	19	18
B7212	593	681	673	281	277	352
B7213	177.000000257044	193	143.9997	92.000007593	67	99
B7214	378.0001	273	460	87	103	148
B7215	830	697	785	317	396	386
B7216	25	53	47	32	78	74
B7217	3333.001	4179.004	4108.997	2159.996	2552.998	2390.001
B7218	716	739	741	544	501	506
B7219	576	597	574	492	434	420
B722	1394	1635	1397	709	997	1089
B7220	150	119	19	63	63	80
B7221	646	712	545	456	518	475
B7222	759	788.0000907548	649.000000086363	704	857	821.0005
B7223	254.9998	197.0004	288.9999	176.0002	194.9997	189.0001
B7224	992	1014	917	725	692	755
B7225	790	784	659	1052	782	655
B7226	1913	1812.995	2081.005	1323	1230	1378
B7227	179	274	308	113	110	126
B7228	490	440	500	213	237	221
B7229	906	1098	1104	892	852	613
B723	149	164	164	108	133	89
B7230	114	134	140	60	91	73
B7231	373	407	563	195	229	254
B7232	817	638	611	593	743	713
B7233	124	132	83	92	132	103
B7234	789	721	603	375	438	462
B7235	434	430	451	559	493	487
B7236	1713	2297	2201	1621	1801	1725
B7237	657	535	948	732	710	633
B7238	513	327	361	230	246	232
B7239	385	450	473	311	260	267
B724	1173	1483	1647.997	657	729	738
B7240	2425	2520	2103	1598	1757	1970
B7241	1133.65	992	964	628.963	731.312	729.178
B7242	225	247	270	171	147	196
B7243	859	880	947	440	601	686
B7244	411	327	382	136	149	117
B7245	831	817	619	522	597	509
B7246	264	273	265	300	315	321
B7247	53.0801	92	77	148.1952	136	150.1311
B7248	904	832	788	1136	886	679
B7249	111	78	88	55	88	90
B725	522	591	568	331	260	302.324
B7250	896	912	984	938	988.999534	1029
B7251	1919	2066.004	1661.999	1275	1150	1233.001
B7252	151	130	122	51	78	79
B7253	2815	3684	4142	2019	2481	2095
B7254	4522.868	5394.325	4932.769	5894.299	5102.523	5209.004
B7255	3519	4060	5273	1906	2294	2115
B7256	175	122	137	92	176	134
B7257	189	169	223	98	97	143
B7258	1552	973	725	1124	1515	1399
B7259	456	483.0005	420.9998	226	215.99978	275.9999
B726	1992	2147	2137	1113	1056	1046
B7260	1511	1571	1750	557	656	731
B7261	2898.0001	2648.999	3126.0012	2201.0017	2206.6397	2057.3981
B7262	144.447	176.861	78.8811	625.985	297.347	170.936
B7263	98	126	152	72	78	85
B7264	0	3	17	0	6	0
B7265	4	1	12	5	0	0
B7266	1349	1361	1368	956	1037	930
B7267	1010	1068	1124	892	893	900
B7268	1137	1157	1071	1032	1049	1027
B7269	14	3	5	0	2	1
B727	2122	1982	1776	1227	1078	1127
B7270	66	66	34	109	79	73
B7271	412.622	424.977	449.568	293.182	296.138	316.509
B7272	232	307	298	140	260	197
B7273	298	379	294	138	161	137
B7274	779	812	765	354	345	484
B7275	146	141	168	90	79	103
B7276	386	316	370	329	275	210
B7277	5095.0044	5812.0018	3386.0003	10280.0009	10242.9991	7180.00316
B7278	1606.996	1804	1555.996	1530.001	1358.004	1271
B7279	48	71	41	68	77	40
B728	5558.998	4505	3889.9887	2733.00008	2626.0037	2896.95365
B7280	399	483	502	333	319	369
B7281	989	1071	855	557	634	582
B7282	751	794	743.9997	480	569	394
B7283	32971	30438	20248	52392	49569	35282
B7284	1261	1010	832	1333	1307	981
B7285	1428	1477	1561	1022	903	787
B7286	54	38	58	33	14	21
B7287	29	34	36	1	7	0
B7288	566	542	280	881	789	532
B7289	3152.999	2543.999	2816.997	949	1680.998	1932.998
B729	3802	3635	3929	1691	1830	1936
B7290	2727.9994	3703.002	3807.9968	1774.9984	2075.0003	1896
B7291	625	775	665	186.5224	365	324.4295
B7292	4873.002	4864.00207	5847.00074	2406.00173	3041.00219	2563.99889
B7293	332	367	388	203	180	187
B7294	10	21	20	11	13	2
B7295	1541	1376	1649	322	356	402
B7296	389	330	253	310	257	259
B7297	937	1018	1126	559	599	587
B7298	1555	1958	1946	647	708	796
B7299	267	292	218	75	81	102
B73	8078	10550.994	7732.001	12555.012	11453.973	8317
B730	298	326	294	178	184	241
B7300	316	352	261	183	198	149
B7301	32	63	48	22	26	23
B7302	317	427	404	284	190	217
B7303	1140	1461	1394	667	871	938
B7304	152	28	58	27	113	79
B7305	419	399	350	331	421	376
B7306	153.6681	159.3876	142.0004	134.4587	159	116
B7307	164	142	140	249	171	160
B7308	307.9998	270.9997	301.0004	165	246	199.0004
B7309	132	169	172	92	114	73
B731	172	180	231	107	101	127
B7310	452	465	313	477	397	317
B7311	19090.951	18376.024	23376.98	14448.98	13109.049	13389.99
B7312	412	568	452	256	211	303
B7313	1603	2075	1983	922	1178	1044
B7314	643	636	580	422	556	551
B7315	624	568	691	342	360	365
B7316	175	184	95	38	56	87
B7317	3535	4003	3169	2501	2708	3157
B7318	460	462	512	226	257	227
B7319	74	95	104	48	62	58
B732	1282	1670	1368	691	937	940
B7320	60	69	68	20	34	23
B7321	3795	4105	4960	2406	2568	2438
B7322	443	433	580	319	346	316
B7323	739	669	742	413	413	470
B7324	4	3	6	2	0	3
B7325	2892.996	2767.002	2711.998	1616	1635	1760.995
B7326	681	803	806	715	746	785
B7327	2182.0024	1820.9951	2069.9998	1668.0039	1738.9987	1532.9995
B7328	2468	2519.36	2081	1503	1507	1381
B7329	1562	1740	1497	1157	976	1264
B733	993	1072	1186	1169	1260	1224
B7330	321	325	434	357	370	293
B7331	101	107	98	84	109	101
B7332	275	202	204	84	88	138
B7333	5480	4600	3823	4053	4182	4771
B7334	224	276	133	393	283	189
B7335	782	1104	737	1353	1401	1070
B7336	1592	1618	1926	704	725	1016
B7337	27	42.00001	41.00001	31	29	32.99998
B7338	581.999800107185	720.99987	563	518.00042542	573.00006017	515.0003
B7339	166	182	152	106	108	116
B734	6305	5926	5719	4617	4715	4346
B7340	940	821	696	494	459	494
B7341	82	53	39	59	71	42
B7342	4158.9992	3719.004	3741.0012	2825.005	3289	2839.999
B7343	4491	3912	4324	3846	3585	3309
B7344	381	374	281	303	278	343
B7345	211806	181668	170903	223681	261759	247882
B7346	504	492	637	334	260	268
B7347	426	487	466	294	283	246
B7348	21	23	48	17	11	10
B7349	6092	6034	6478.004	2701.002	3995.996	3417.004
B735	830	920	929	523	532	481
B7350	411	561	470	57	54	61
B7351	536	607	579	520	464	401
B7352	223	200	246	191	239	127
B7353	938	1058	973	537	602	583
B7354	2301	2740	2483	1348	1485	1458
B7355	26	122	67	6	6	4
B7356	6	0	11	0	0	0
B7357	4356.13	3549.37	3619.1	2225.95	2584.91	2500
B7358	524	538	522	959	801	898
B7359	173	134	136	85	44	59
B736	523	601	482	423	407	434
B7360	842	699	775	653	652	660
B7361	249	194	228	47	86	85
B7362	2306.001	2122.995	2276.002	1816.004	1835.003	1567.005
B7363	1636	1530	1655	1139	1316	1152
B7364	446	433	458	386	332	323
B7365	139	87	135	32	50	55
B7366	1641	1914	2075	916	998	989
B7367	58	92	86	33	35	46
B7368	948	1099	1077	609	597	620
B7369	115	175	136	67	93	73
B737	79	121	86	154	96	74
B7370	225	203	187	365	218	201
B7371	711	794	536	546	587	580
B7372	384	419	374	296	266	259
B7373	1150.0001	1169.0001	1024	1045.9998	895.0001	794.9996
B7374	712	673	615	478	677	456
B7375	758	847	854	543	619	668
B7376	1180	1260	994	801	700	687
B7377	144	226	214	48	76	104
B7378	67	80	70	19	39	31
B7379	105	155	129	28	46	53
B738	837.99975	877.9999	992	729	707.000000174031	665.0000209817
B7380	264	386	330	127	216	207
B7381	261	330	253	279	308	235
B7382	2037.0032	2508.0033	2463.003	1552.0016	1505.9984	1313.00000001489
B7383	638	564	574	376	439	405
B7384	946	867	864	692	742	743
B7385	418	400	358	262	289	299
B7386	1645	2028	1992	900	926	847
B7387	979	1057.000853615	572	2424.002	1455.9988	1076
B7388	3206	2993	3048	4104	3305	2905
B7389	1720	1450	1243	974	944	1023
B739	88	149	77	57	116	98
B7390	1435.0007	1383.001	1561.0002	642.0002	727.0004	990.9999
B7391	5	20	21	14	15	4
B7392	92	136	160	88	85	88
B7393	3024.0026647	3499.00268	3177.004440956	2606.00130855	2952.00249276	2503.0028
B7394	38	106.946	66	10	17.9795	21
B7395	1338	1363	1101	770	858	1076
B7396	1734	2065	2563	649	991	1177
B7397	143	135	223	134	122	156
B7398	118	106	96	165	192	151
B7399	1284.998	1193.0005	1338	588	476.0004	504
B74	188	174	207	72	117	89
B740	20	25	15	11	10	19
B7400	19	14	40.00002	6	22	16
B7401	184	218	187	154	131	116
B7402	679.9996	681.9996	535.0003	311.9997	320	406.9996
B7403	98	89	123	132	94	116
B7404	1368	1494	1342	827	725	855
B7405	8066.005	8347.998	6566	12964.953	10893	10521
B7406	1028.00000038331	1068	1061	473.9995116	596	589
B7407	210	234	171	170	164	117
B7408	5	0	0	1	0	1
B7409	178	162	172	124	109	178
B741	1504.997	1444.002	1432.9977	1251.996	1070.0004	1104
B7410	521	517	437	767	495	503
B7411	700	646	673	360	398	492
B7412	527	553	565	249	215	180
B7413	1033	1239.996	982	1381.999	1399.002	1108
B7414	527.303	393.71	329.615	361.149	342	322.224
B7415	1370	1367	1012	1080	1015	938
B7416	3631.995	3586.003	2264.001	4531.003	4667.996	3370.997
B7417	227	273	338	228	197	184
B7418	489	618	552	167	249	220
B7419	25	45	49	33	15	15
B742	41	61	63	19	22	15
B7420	274	290	286	176	141	191
B7421	142.896	112.228	95.5621	132	121	87
B7422	1880.843	1371	1037.0004	2227.929	2373.81	2178.472
B7423	276	289	346	163	210	215
B7424	291	374	301	163	196	164
B7425	1359	1230	786	1887	1443	1252
B7426	325	382	307	318	267	254
B7427	408	506	475	383	335	379
B7428	176	223	206	155	239	204
B7429	490	499	354	664	618	509
B743	271	304	271	185	171	178
B7430	1334	1434	1208	1145	1057	1082
B7431	1732	1894.0032	1552.9978	1086	1104	1137
B7432	57	56	89	27	24	40
B7433	44	93	72	99	92	65
B7434	594	712	619	144	220	254
B7435	228	308	274	134	148	156
B7436	3006	3856	4261	1954	2171	1941
B7437	253	265.645	333.744	333.864	321.266	323
B7438	1307.0001	1243.0003	1153	1224.99934	1003.0002	852.0002
B7439	136	166	155.18	64	112	58
B744	224	182	280	441	478	458
B7440	564	539	559	561	543	516
B7441	88	133	92	46	62	68
B7442	457	461	374	404	441	377
B7443	226	267	357	111	191	133
B7444	1011	1177	1367	325	369	473
B7445	1265	1375	1329	643	651	723
B7446	1545	1663	1547	1145	1258	1257
B7447	76	45	74.99997	102	83	78
B7448	184	232	132	153	166	172
B7449	2166	2713	2220	1158	1423	1727
B745	344	423	292	285	200	273
B7450	2800	3068	3827	1418	1606	1794
B7451	287.9999	351.0003	353	79	114	102
B7452	333.0001	310	345	200.9996	194	179.0005
B7453	600	764	746	399	391	385
B7454	494	547	589	237	253	347
B7455	367	276	347	419	316	269
B7456	602	896	617	679	604	611
B7457	298	351	253	297	232.99994	271
B7458	1027	1205	981	836	795	832
B7459	821	914	940.9999	627	571.9996	487
B746	897	858	732	712	667	592
B7460	213	255	305	240	230	201
B7461	89	242	180	15	10	18
B7462	1210	1763	1859.5	671	789	758.448
B7463	579	625.263	620	289	306	324
B7464	631.637	508.428	383.969	281.754	383.262	402.371
B7465	1041.363	1216.572	722.0318	1941.242	1556.74	1042.628
B7466	116	77	57	24	46	42
B7467	26327.04	29866.997	18697.01217	52805.991	44601.972	33491.958
B7468	976.9999	1038.9996	925	903.0001	827	743
B7469	138	192	234	89	97	78
B747	88	125	160	22	13	14
B7470	166	140	297	70	94	129
B7471	0	0	0	0	0	0
B7472	1582	1699	1802	947	1007	1030
B7473	318	373	409	230	211	174
B7474	598	677	592	275	296	243
B7475	1179	1235	1274	769	887	775
B7476	141	164	201	114	92	85
B7477	2171.0009	2117.9991	1947	1945.0045	1871.0012	1739
B7478	49	62	53	95	78	54
B7479	427	240	213	395	412	341
B748	114	62	141	24	16	48
B7480	1512	1626.998	1915.999	782	974	826
B7481	890	842	952	751	658	604
B7482	315	347	323	216	260	249
B7483	2465.043	2635.37154	2024.997	2066.004	1977.05229681	2018.11008
B7484	1228	1285.002	1271.995	1006	962	938.0000126
B7485	1200	1411	1780	473	690	770
B7486	78	65	76	44	38	47
B7487	53	32	33	11	5	19
B7488	172	249	184	94	116	180
B7489	222	434	239	334	259	221
B749	10973	10233.00458	9772.0102	5980	6256.002	5798
B7490	369	393	324	344	387	465
B7491	445	398	335	315	318	383
B7492	96	89	124	46	53	38
B7493	455	372	291	604	419	307
B7494	609	690	542	435	455	478
B7495	31	16	15	68	55	40
B7496	4294	5438	5173	2361	2482	2884
B7497	1633	1443	1603	881	907	988
B7498	366	404	275	304	372	318
B7499	432	509	576	311	348	341
B75	1567.9993	1591.9993	1286.0031	947.9998	1012	1121.9989
B750	296	329	306	175	209	172
B7500	210.99987	214	174.00019	157.0003	186.99983	171.99993
B7501	89	49	82	33	42	37
B7502	1163.36	1616	1562.9	641.874	1020.19	923.744
B7503	880	872	711	660	745	659
B7504	1896	1971	1983	777	800	948
B7505	155	187	267	12	26	12
B7506	2707.998	3348.999	3495.998	1322.001	1868.001	2128.997
B7507	369	550	541	148	205	174
B7508	170	179	422	101	86	131
B7509	1094.644	1545.002	1558.105	786.126	1001.812	874.256
B751	1236	1380	1114	727	787	703
B7510	1145	1634	1761	737	1007	869
B7511	192.0000312709	318.9999	291.0003	347.00000661641	339.0000864	319
B7512	3092.999	3391	2878.002	3616.001	3309.999	2988.997
B7513	49	61	96	29	39	44
B7514	505	650	582	333	420	385
B7515	2588.996	3044.003	2524.999	1599.003	1586	1869
B7516	1231	1005	923	809	623	565
B7517	1387	1713	727	3433	2986	2017
B7518	1783.998	2109.524	1901.866	878.532	1027.687	1072.458
B7519	964.328	958.586	728.469	536.785	550.133	646.862
B752	1650.34	1684.44	1457.95	1039.83	1049.39	1137.28
B7520	1182	1522.996	1415.999	560	760	733.0003
B7521	781	820	754	591	612	495
B7522	1600	1364	1274	754	964	898
B7523	1659	1181	1378	1098	1423	1203
B7524	1061	1117	1089	459	595	599
B7525	880.0005	954.00044	1190.0036	546.0005	660	584
B7526	2	2	0	5	2	0
B7527	658	1021	603	980	975	882
B7528	474	723	642	300	407.9998	392.0004
B7529	44	40	43	13	44	18
B753	973.665	1045.56	859.046	771.171	837.607	776.718
B7530	1265	1178	1180	1355	1211	929
B7531	1954	1344	1168	1395	1213	1223
B7532	4539	3836	4130	7922	5197	4347
B7533	1404	1739	1645	1910	1645	1358
B7534	1979	2004	1771	1436	1355	1377
B7535	319	276	156	509	504	391
B7536	4	11	3	3	5	9
B7537	778	1226	1238	34	28	60
B7538	188	162	164	209	192	126
B7539	3535	3901	3594.996	3225	3154	2911
B754	1836	1968	1694	1551	1259	1217
B7540	251	273	217	117	84	109
B7541	518	427	477	609	564	427
B7542	2077	3024.74	2764.06	1207.49	1577	1505
B7543	300	333	390	180	194	149
B7544	1431.48	1519	1239	723	904	920
B7545	1922	2529	2354	1070	1142	1141
B7546	246	238	265	172	245	144
B7547	5310.999	6059.9926	5157.991	3653.999	4855.0055	4992.995
B7548	1185	1374	1282	1075	1039	1161
B7549	14954	14410	15501.0000156647	9583.0000000412	10012	10367
B755	1331	1577	1162	710	917	1036
B7550	122	82	171	36	44	63
B7551	1898.13	2084.29	1959	1776	1313.12	1549
B7552	158	205	266	9	32	15
B7553	339	290	322	131	170	204
B7554	1391	1377	1266	731.615	842	778
B7555	2517.998	2333.003	1261.0023	5053.0002	3917.9997	2849.9991
B7556	4	5	5	7	0	0
B7557	57	70	50	14	8	9
B7558	8	1	7	9	2	6
B7559	318	310	312	246	246	276
B756	311	325	381	219	257	231
B7560	159	196	206	100	140	126
B7561	1087.9984	1120.9979	912.9996	968.9999	931.0005	896
B7562	2968	3038	2465	1702	2446	2502
B7563	18619	18980	13891	41842.96999	30681	20138.9793
B7564	541	473	527	250	254	275
B7565	199.0001	175.0003	143	108	132.9998	159.9999
B7566	619	559	448	421	543	505
B7567	38	124	52.00001	195	227	136
B7568	621	568.9997	272.0003	1322	925	644
B7569	120.9998877	160	187.99985	82.0000475	86	117
B757	187.6123	163.2717	212.5087	75.0675	92.1747	124.1982
B7570	1105.9995	1246.99812333	1031.9996	660.0004	738.0000213176	829.9996
B7571	4265	5772	6801	2294	2786	3159
B7572	96	114	95	42	74	105
B7573	114.834	110.093	132.293	48.85	57.0553	55.3878
B7574	2133	2914.64	2951	816.428	1008	1005
B7575	10377	11474	11378	6077	6696	6612
B7576	134.99961	141	185.9999	106	89	134
B7577	98	58	78	70	32	49
B7578	2239	3044	3036	1071	1384	1900
B7579	1207	1340	1073	721	849	913
B758	1060.272	1276.15	1487.734	938.0461	975.729	740.8092
B7580	411	311	415	249	216	274
B7581	209	153	152	111	82	64
B7582	1586	1852	1662	2265	2084	1641
B7583	26	25	16	15	23	13
B7584	664	644	620	560	632	690
B7585	414	474	304	372	375	418
B7586	543.9999	667.0002	573.0001	439.9999	496	479.9999
B7587	43.4011	60	39	64	48.2028	37
B7588	1957	1877	1733	1098	1442	1355
B7589	388	461	391	203	231	284
B759	38	71	55	11	5	4
B7590	39	56	86	6	4	4
B7591	40	58	72	19	31	43
B7592	9673.9961	10148	7277	11457	9863	8965
B7593	703.99999	470.99994686	540	341.9997318	354	398.9997
B7594	1519	1396	1169	1256	984	1087
B7595	43	56	54	17	17	28
B7596	3	0	3	2	0	1
B7597	300	318	248	162	170	209
B7598	703	501.9998	437	214.9998	211.9999	307.13
B7599	700	605	537	315	270	323
B76	28	23	78	8	8	36
B760	28	41	30	34	36	30
B7600	161	177	149	480	263	138
B7601	366	352	437	147	154	170
B7602	41	64	51	53	30	31
B7603	248	326	292	111	141	119
B7604	4	3	3	6	10	9
B7605	1987	2219	2041	3375	2917	2291
B7606	90	85	136	84	100	78
B7607	3369	3900	3122	842	947	1174
B7608	143	153	64	242	165	113
B7609	932	1000	827	991	916	819
B761	659.177	611.857	689.213	249.83	316.2369	390.993
B7610	1719.9965	1993.001	1804.001	1552	1330	1329.0001
B7611	1100	901	1101	362	487	546
B7612	951	696	761	667	622	615
B7613	1419.4	1174.53	1229.7	1298.18	1509.85	1233.91
B7614	590	635	625	713	747	488
B7615	1014	1016	1093	693	624	842
B7616	244	289	206	183	187	206
B7617	0	0	0	0	0	1
B7618	289	358	245	213	217	266.643
B7619	1446	1607	1502	815	904	1102
B762	121	123	155	67	47	77
B7620	151	140	285	51	41	152
B7621	54	53	110	29	53	81
B7622	3570	4089	4891	2833	2639	2617
B7623	39	22	39	50	38	48
B7624	522	396	366	473	483	429
B7625	484	496	630	237	331	310
B7626	661	739	790	501	480.9998	463.9996
B7627	1272	1421	1474	1110	1121	937
B7628	1208	1140	1155	900	823	829
B7629	2386	2684	2309	1551	1637	1698
B763	424	385	461	265	191	224
B7630	669	802	897	577	576	542
B7631	267	352	252	216	211	201
B7632	189	164	166	127	158	140
B7633	1242	1166	1126	814	873	913
B7634	286	368	382	70	86	87
B7635	1893.999	1999.004	2123	1065	1073.9982	1242.003
B7636	112	115	154	43	85	60
B7637	1363.0022597444	1323	1246	718.9996	769.00046	698.999737845
B7638	1500	1321	838	1579	1519	1486
B7639	947	1099	1123	440	483	531
B764	373	275	246	279	231	231
B7640	1279	1347	1516	1120	1041	968
B7641	7	0	0	12.99996	0	4
B7642	4359	3656	2018	9564	7827	6929
B7643	828.0004	922.9996	889	324.9998	395.0001	505.0004
B7644	14.0631	15.0774	0	4.00213	12.4702	75.3725
B7645	1676.932	1778.921	1508.9958	1246.9981	1286.526	1197.628
B7646	319	335	256	142	201	244
B7647	0	12	0	3	1	0
B7648	309	314	318	208	233	204.000247252
B7649	172	179	183	138	148	152
B765	268	238	251	270	333	256
B7650	1950	2690	2820	957	1198	1136
B7651	1155	1245.0004	1244.0044	572.0005	612	801
B7652	0	0	0	0	0	0
B7653	0	0	0	0	0	0
B7654	1234.002	1358.005	1150	532	625.0001	785
B7655	35	56	63	42	40	41
B7656	763	883	605	862	895	732
B7657	1739	1725	1996	876	1014	1203
B7658	346	329.0004	284	253	296.0003	219.0004
B7659	555	500	508	388	402	404
B766	4020	3601	3651	2904	3227	3138
B7660	518	531	371	340	379	312
B7661	6	1	2	2	0	8
B7662	145.000000115732	103	109	151	110	116
B7663	1035	1073	1019.00184	1117	1153.000527854	1012.0001
B7664	345	383	382	214	261	249
B7665	2166	2194	1968	1369	1524	1316
B7666	388.9995	547	543.000172	192	218.9997	236
B7667	533	447	496	341	227	260
B7668	143	165	133	79	105	85
B7669	1241	1461	1638	670	889	818
B767	1165	1357	1442	568	710	677
B7670	579	697	567	567	437	437
B7671	571	456	493	400	369	327
B7672	2645	2735	2131	1947	1862	1784
B7673	203	279	265	187	195	134
B7674	2164	2443	2365	1466	1642	1577
B7675	495	541	631	148	234	247
B7676	536	509	587	330	397	378
B7677	7	5	3	0	7	0
B7678	50	104	94	23	17	38
B7679	483	455	603	167	160.0003	232
B768	126	181	150	264	188	167
B7680	30	23	33	47	46	37
B7681	183	194	222	88	78	83
B7682	676	825	524	1213	1186	1071
B7683	4034	4690.009	5626.0019	1824.001	2734	2901
B7684	1806	1612	803	5763	4523	3168
B7685	99	130	133	91	83	78
B7686	3208.9987	3316	3232	1724	1752	1576
B7687	249	352	322	264	283	241
B7688	1079	1117	1006	524	650	620
B7689	54	62	55	37	8.999999546	32
B769	792	866	687	491	488	452
B7690	116	126	128	39	65	65
B7691	504	547	511	322	408	378
B7692	1029	921	936	689	730	577
B7693	2775	2899	2921	2242	2055	1847
B7694	141	130	132	78	61	114
B7695	1193	954	1181.9976	428.9999	471	525
B7696	6955	8705	7499	5845	6656	6748
B7697	182	213	188	334	240	219
B7698	2352.9957	2109.0008	2033.0045	1833.997	2185.995	1775.9966
B7699	211	302	242	159	174	209
B77	589	890	866	270	318	359
B770	130	216	229	93	134	103
B7700	533	661	627	251	291	295
B7701	265	341	278	44	89	113
B7702	977	830	826	551	532	526
B7703	1666	1568	1073	2563	2095	1417
B7704	217	197	215	94	124	97
B7705	1445	1760	1972	934	904	908
B7706	1992	2033	2234	1484	1602	1608
B7707	4709	4494.996	4046.004	3206	2935.004	3098.996
B7708	920.9997	878	905	819.0004	791.9998	760.9997
B7709	175	144	128	95	77	75
B771	659	682	359	1149	873	634
B7710	576	797	722	371	401	352
B7711	1199	1369	988	1678	1645	1783
B7712	123	164	103	53	64	70
B7713	150	140	148	78	117	111
B7714	427.025	390.051	283.331	586.053	435.048	401.045
B7715	20	5	15	0	13	4
B7716	20.8261	22.8917	10.7034	11.9282	3	10.1501
B7717	0	0	0	0	0	0
B7718	1167	1316	1428	766	844	742
B7719	385	401	504	195	250	233
B772	132	154	98	125	91	69
B7720	1298.862	1226	804.659	954.582	991.182	809.533
B7721	156	163	207	46	82	99
B7722	2557	2888	2631.003	1735.0000912966	1613	1813
B7723	30	10	13	8	19	15
B7724	1840	1807	1623	1351	1457	1440
B7725	630	691	889	422	419	486
B7726	1271	1536.003	1295	923	1073	1123.002
B7727	1943.14	1635.0000118447	1838.34	761.419	770.818	788.466575
B7728	10	25	1	13	4	6
B7729	1479.003	1383.995	1449.003	779.0002	819.9996	850.9996
B773	710	925	756	388	515	595
B7730	403	375	349	343	286	310
B7731	52	12	86	17	7	15
B7732	480	399	523	211	367	337
B7733	1636	1510	1494	1517	1348	1545
B7734	272	284	443	155	135	193
B7735	1964	1785	2328	475	534	673
B7736	652	634	590	652	531	538
B7737	261	277	237	179	173	154
B7738	923	934	848	533	565	656
B7739	282	293	241	323	406	275
B774	705.229	932.895	681.542	640	566	507.228
B7740	271	327	441	261	225	194
B7741	3947.00075	3645.99522	5078.00099	4836.00048	4274.0003	3702.00419
B7742	5294.995	5037.996	5033.005	4714.996	4712.004	4482.957
B7743	336	380	286	320	349	280
B7744	1927.003	2408.004	2111.995	1128	1325	1179
B7745	4	5	19	0	7	3
B7746	878	962	950	365	446	480
B7747	95	96	117	25	43	47
B7748	237355.862	220531.514	195467.608	141672.709	177984.947	169792.69
B7749	129	159	159	107	122	164
B775	2559.77	2371.1	1983.46	1972	1725	1853.77
B7750	5	5	1	18	25	6
B7751	50	107	53	187	114	96
B7752	206	249	194	448	316	238
B7753	3742	4028	3981	1516	1751	1951
B7754	3119	3411	2895	2064	1985	2075
B7755	1371.999	2365.998	2265.998	728	1136	1038
B7756	335	338	436	251	229	224
B7757	1605	1773	970	2573	2133	1875
B7758	3058.997	2952	2148	5054	4386.997	3873
B7759	85	81	76	52	64	46
B776	346	397	469	314	304	291
B7760	589	554	545	646	585	545
B7761	539	530	518	379	433	393
B7762	366	378	230	386	367	315
B7763	295	257	275	162	197	221
B7764	369	293	381	121	60	120
B7765	556.0002	473	522	307	318	360
B7766	337	342	389	241	281	216
B7767	790	819	682	653	751	642
B7768	224	210	237	145	182	163
B7769	253	248	250	134	104	117
B777	8275	8098	6867	4450	5158.998	5681
B7770	646	637	734	404	447	563
B7771	777	771	737	641	564	499
B7772	43	72	95	57	28	42
B7773	610	584	575	360	425	412
B7774	99	79	81	44	60.2809	72
B7775	969	1049	1013	1269	1193	972
B7776	2582	1310	969	2716	2693	2527
B7777	507	544.419	606	396	448	348
B7778	506	463	403	342	329	262
B7779	125	165	69	74	77	87
B778	1489	1252	1222	768	890	827
B7780	62	119	58	85	100	82
B7781	538	418	331	142	234	237
B7782	26	22	53	16	27	31
B7783	3518	3933	3490	1242	2066	2322
B7784	398	271	284	207	176	181
B7785	225	221	199	104	149	153
B7786	1004	1038	1234	589	634	608
B7787	984	1068	925	446	528	593
B7788	1092	824	880	390	512	344
B7789	205	209	219	40	54	28
B779	127	134	152	88	83	103
B7790	113	119	112	23	30	17
B7791	246.4323	210.0002	181	115.4367	126	152
B7792	1076	1045	925	861	809	875
B7793	121	187	214	77	84	82
B7794	127	165	146	78	82	94
B7795	1344	1416	1613	916	948	1143
B7796	486.0003	420	401.0002	249.9998	276.0001	308.9996
B7797	594	567	803	160.0003	254.9997	246
B7798	888	966	924	396	359	366
B7799	793	846	781	479	562	584
B78	306	249	308	175	258	201
B780	202	230	205	84	128	131
B7800	1552	1246	1307	1029	1096	1250
B7801	0	0	0	0	0	0
B7802	553	454	454	251	267	310
B7803	98	74	116	68	56	61
B7804	1	0	0	0	0	3
B7805	426	475	370	222	229	249
B7806	0	0	0	0	0	0
B7807	65	75	62	27	36	32
B7808	264.9996	271.9996	293	189.9998	165	217.0002
B7809	577	629	549	599	627	535
B781	84	92	135	32	38	37
B7810	22	44	20	17	31	27.00002
B7811	18	24	27	24	55	28
B7812	115.256	146.784	222.4233	199.9412	190.1567	205.4476
B7813	166.7436	115.2158	95.5772	188.0586	155.8434	177.552
B7814	347.813	393.037	463.715	276.884	203.733	271.002
B7815	1652.995	1613.996	1982.998	891	1067	979
B7816	453	462	441	262	290	248
B7817	79	69	89	50	64	75
B7818	471	839.9995	987.9999	128	151.99996	138
B7819	235	274	290	143	113	144
B782	469	524	502	200	244	260
B7820	2153	2740	2481	1186	1030	1334
B7821	335	361	429	254	294	176
B7822	553	479	514	371	301	346
B7823	0	2	0	0	0	0
B7824	527	580	609	424	495	397
B7825	13	5	7	4	4	5
B7826	976	1264	1142	601	865	1161
B7827	122.486	100.963	157.164	40.8482	44.2828	89.054
B7828	813	728	878	346	414	442
B7829	3869	3943	4216	1932	2112	2011
B783	246	262	293	113	150	132
B7830	684	677	664	529	497	437
B7831	176	214	189	117	109	127
B7832	80	70	76	24	11	47
B7833	186	163	161	153	146	180
B7834	3198	3484	3358	2077.996	2357.998	2157.997
B7835	531	591	539	294	346	349
B7836	1609	1563.0038383	1309.9960756	1715.64000040391	1639	1578.78
B7837	89	72	44	63	97	49
B7838	799.0003	914	644	454.9996	520	461
B7839	183	199	250	119	124	130
B784	3254	3142	2612	2331.998	2752	3002
B7840	1059	820	767	868	926	791
B7841	406	369	489	122	171	159
B7842	616	416	409	286	383	361
B7843	42	52	46	6	1	9
B7844	2907.003	5769	6750	551	1026	1301
B7845	2709	2661	2646	1318	1587	1398
B7846	255	222	230	30	67	77
B7847	474	452	445	437	332	260
B7848	341	394	399	277	272	267
B7849	48	70	98	41	18	48
B785	54	88	116	22	12	31
B7850	33	69.0095	89	23	26.3264	11
B7851	3465	2362	2435	489	511	586
B7852	368	292	392	185	212	247
B7853	34114.98	32217.99	28383.95	11638	13244	15266
B7854	267	306	363	151	157	165
B7855	292.198	234.473	274.5	121.067	147.054	121.122
B7856	980.0000418456	1028.000111172	1095	573.99987	563	572
B7857	1186	1108	1093	612	653	611
B7858	385	434	517	220	336	246
B7859	92	90	573	18	14	17
B786	1742	1746.999	1376.9964	1473.0034	1449.999	1340.9996
B7860	1647	1755	1904	455	604	590
B7861	1102.9959	928.9996	717.9998	368.00007	587	564.9996
B7862	50	26	12	12	15	16
B7863	2900.0063	2945.0016	2163.0027	6593.00336	4374	3417
B7864	936	854	790	618	638	607
B7865	4257	4325	3270	3753	3098.67	3222.67
B7866	1030	1078.85	848	1499	1154.83	1080
B7867	1066.69	1150.91	1194.95	752.25	728.399	723.571
B7868	269	362	226	205	221	208
B7869	14688.997332	14626.00236	15645.008153	10485.003197	11832.9951010632	10801.9936555791
B787	108	85	169	55	97	58
B7870	2638	2475	2304	2465	2146	2139
B7871	5634.003	4806.003	4302.997	5133.997	5692.003	5229.004
B7872	204	174	207	63	85	122
B7873	1656	2023	2170	1246	1473	1201
B7874	731	1169	880	1109	1500	1376
B7875	931	1118	1020	573	686	660
B7876	250.99954	187.99967	197.99978	191.99967	207.00016	150.9996
B7877	343	428	495	172	199	200
B7878	1665	1428	1313	869	1056	1164
B7879	1731	1487	1395	887	823	811
B788	44	34	13	30	12	16
B7880	218	283	288	129	136	145
B7881	1234	1353	1204	865	991	885
B7882	213.307	237.092	297.049	171.75	136.601	133.429
B7883	715	819	987	295	383	396
B7884	162	151	74	249	147	90
B7885	380	348	367	105	106	128
B7886	42	40	51	17	5	17
B7887	330	240	276	502	409	341
B7888	3492	3558	3182	2112	1950	1850
B7889	758	628	497	590	559	645
B789	945	857	823	675	759	819
B7890	412	435	375	172.9996	229.0004	268
B7891	395	440	303	211	217	237
B7892	304	315	547	132	185	152
B7893	942	1153	1083	1329	1124	885
B7894	783	1000.07	956	483	620.451	526
B7895	46	79	80	33	28	28
B7896	324	355	388	344	303	289
B7897	443	423	429	411	324	303
B7898	215	196	218	134	123	151
B7899	5300	5112	4146	4171	3911	3890
B79	52	27	29	23	22	43
B790	2515	2058	1605	2475	2278	2171
B7900	587	700	641	462	454	560
B7901	150	124	137	69	54	76
B7902	2258	2227	2818	1246	1235	1316
B7903	37	45	37	41	20	22
B7904	493	507	567	522	518	432
B7905	0	1	0	0	2	0
B7906	455	353	389	222	246	282
B7907	771	735	790	230	273	341
B7908	276	389	364	93	127	176
B7909	1992	2030	1749	1453	1508	1495
B791	2321	2803	2008	2040	1861	2033
B7910	500	533	635	370	313	299
B7911	1164	1603	1382	1186	1081	1115
B7912	770	678	636	538	453	501
B7913	448	410	346	526	445	384
B7914	72	81	96	53	31	31
B7915	473.0001	468	441.9996	273	332	285
B7916	53	35	48	11.0867	10	3
B7917	2012.0031	2243.002	2101.996	1722.005	1549.0003	1470.995
B7918	131	199	157	180	156	135
B7919	869	848	664.0007	477.0001	452.9996	508
B792	2	9	16	5	1	5
B7920	1839	1742	1849	1551	1483	1451
B7921	3272	3153	2424	1901	2368	2445
B7922	7593	7465	6965	5338	5989	5116
B7923	9815.997	12381	12250	1891	2423	2883.992
B7924	1066	1225	827	1009	930	1042
B7925	601	680	703	981	966	880
B7926	3484.1	3387.57	3192.82	2946.75	2383.64	2570.94
B7927	159	143	133	137	105	110
B7928	517	432	543	375	374	343
B7929	1904	2112	2194	1270	1563	1605
B793	3788	5398	4484	2884	3617	3735
B7930	291	395	289	198.9997	228	270.0002
B7931	196	220	202	211	187	153
B7932	299	257	252	159	198	193
B7933	1703.9954	1652.9999	1565.0038	808.5159	890.9997	991.9997
B7934	3103.003	2738.002	2628.003	2374.997	2530.998	2427.997
B7935	923	1055	856	1142	1300.005	1037
B7936	270	258	221	126	141	175
B7937	18	21	22	17	6	23
B7938	3	10	10	3	2	1
B7939	0	1	0	0	0	0
B794	376	370	347	261	319	336
B7940	602.383	567	395	467	433	448.00000647721
B7941	956	921	1040	537	589	570
B7942	191	141	143	120	68	95
B7943	2428	2491	2085	1435	1593	1571
B7944	218	220	228	244	190	188
B7945	362.0005	352	403.9995	135.99951	150	174.00017
B7946	1259	1284	1018	605	681	605
B7947	203	186	155	390	391	300
B7948	3587	3447	2938	2920	2706	2767
B7949	4642.0007	4265.9972	3530.0032	3324.0029	4059.00371	4109.0031
B795	83	76	48	87	107	61
B7950	449	614	708	238	251	384
B7951	3662	4595	3085	2136	2041	2501
B7952	2005	1815	1774	1096	1467	1162
B7953	1759	2303	2103	701	1081	1260
B7954	963.000000014407	808.000057666	858	470	505	533
B7955	718	728	813	255.0002	321	323
B7956	808	908	886	764	811	748
B7957	1931	1953	1765	2791	2615	1905
B7958	97	113	125	23	25	57
B7959	5	6	3	3	2	6
B796	2342	2249	1637	1349	1636	1580
B7960	557	538	545	383	406	305
B7961	345.0004	312.9998	278.0001	222.00027	174.9995	196.0004
B7962	282	446	424	210	269	248
B7963	384	571	446	113	98	137
B7964	601.9996	684.9998	673	417.9996	456.9999	377.00016
B7965	250	275	226	173	128	205
B7966	71	73	88	191.9997	106	107.99967681
B7967	1019.0004	1062.9998	1116.0012	807.9997	766.9996	764.0003
B7968	688	788	715	355	445	434
B7969	92	99	136	19	36	20
B797	1992	2022	1660	1303	1305	1533
B7970	337.344	286.071	188.598	158.455	301.087	298.671
B7971	345.656	265.929	235.402	296.545	244.913	184.329
B7972	75	44	69	46	29	37
B7973	461	655	578	482	394	395
B7974	45	52	75	19	22	30.00005
B7975	1284	1288	845	732	862	958
B7976	972	1090	975	667	643	761
B7977	156	172	121	161	85	68
B7978	1798	1881	2173	206	150	315
B7979	448.0003	659	560.0003	564.0005	493	449.0001
B798	1882	1880	1814	1989	1618	1531
B7980	251	283	423	216	141	191
B7981	550	498	595	318	342	271
B7982	258	163	186	78	88	72
B7983	1170	693	913	930	995	766
B7984	263	220	300	171	164	192
B7985	1000	1075	1240	963	804	893
B7986	734	857	995	386	356	344
B7987	5480	5262	4374	12220	9153	6819
B7988	0	0	0	0	0	0
B7989	493	479	476.999532	274	254	238.99987
B799	2305	1998	2033	1245.9971	1490.997506	1468
B7990	171	200	177	128	136	84
B7991	457	460	336	523	550	355
B7992	572	678	892	344.9996	344.00000399181	379
B7993	533	549	644	469	438	476
B7994	255	255	197	255	253	203
B7995	568	579	588	325	370	383
B7996	83	76	112	22	25	33
B7997	521.99966	366.99999	335.00018638	327.99948	296	302.00037
B7998	657	648	503	388	458	516
B7999	6478	7146	6490	2380	2767	2984
B8	189	170	223	149	194	108
B80	839	749	680	560	739	496
B800	489	499	617	186	281	278
B8000	39	78	44	51	43	46
B8001	10	0	4	4	14	7
B8002	1515	1818	1584	1460	1520	1452
B8003	3246	3408	3619	3471	2545.996	2483.996
B8004	323	264	409	175	176	229
B8005	550.0005	497.0005	494.9997	395.9999	550.9998	465.0001
B8006	185	111	128	84	77	120
B8007	2763.998	2948.003	3054.998	1672	2155.999	1912.996
B8008	957	1216	876	699	801	773
B8009	413.907	357.237	436.852	83	65.7141	71.654
B801	1016	978	930	837	1025	906
B8010	334	347	371	189	285	216
B8011	251	209	179	228	190	180
B8012	274	347	427	214.0001	197.9997	210.9998
B8013	77	56	47	36	63	52
B8014	317	304	445	220	212	193
B8015	393	459	479	232	266	280
B8016	545	472	471	329	378	338
B8017	159	175	159	135	95	100
B8018	211	239	213	123	134	168
B8019	194.00021	180.0003	222.00011	142.0001	118.99956	103
B802	806	802	796	659	541	532
B8020	145	126	147	120	92	104
B8021	778	350	453	157	269	192.000165437
B8022	1413.9993815455	1081.00038702927	1349.999983082	258.999970649257	508.000154632492	331.99986720801
B8023	452	440	478	316	383	346
B8024	744	837	830	417	384	379
B8025	5608	7200	10114	1719	1976	2779
B8026	1548	1767	1095	3031	2273	1806
B8027	792.845	792.788	634.932	354	476.961	370.978
B8028	2828	3559	3780	1163	1343	1257
B8029	1810	1790	1673	1126	1106	1195
B803	335	364	330	372.9999	362	305
B8030	104	69	48	116	70	42
B8031	53	79	78	116	62	48
B8032	61	82	107	22	27	30
B8033	745	799	694	1036	784	572
B8034	302	203	391	272	271	310
B8035	1738.9998	1487	1315.9971	638.99985	723.00048	766.00028
B8036	1302	1100	990	993	1326	968
B8037	178	152	130	134	174	123
B8038	340	322	286	306	353	295
B8039	283.99991	436.99951	49	175.00044	101.99997	210.0003
B804	204	138	259	120	122	104
B8040	633	903	146	476	276.0003	515
B8041	5644	5789	4373	4873	4371	4682
B8042	92	154	118	67	154	128
B8043	287	285.194	107	147	155	161
B8044	1963	1756	1852	1252	1439	1333
B8045	185	168	140	112	103	115
B8046	622	728	600	557	551	478
B8047	1447	1577	1276	1085	1101	1177.84
B8048	370	457	483	190	215	222
B8049	302	244	323	116	114	127
B805	827	961	790	568	532	666
B8050	270	381	258	328	283	189
B8051	2486	2767	2727	1648	1861	2024
B8052	661	616	566	420	464	422
B8053	689	678	524	632	559	485
B8054	153	188	197	62	54	72
B8055	37	36	9	153	135	72
B8056	3126	3158	2901	2080	2093	2007
B8057	1033.64	976.557	1019.87	1291.02	947.977	797.96
B8058	117.3633	97.4426	80.1266	112.975	149.023	94.0402
B8059	13	45	7	13	31	45
B806	1266	1299	1277	869	861	899
B8060	679	584	936	336	400	403
B8061	1952	2565	2865	448	781	1086
B8062	251	222	143	302	190	218
B8063	235.9999	265	322	19.00003	24.00004	50.99995
B8064	286	293	305	160	159	182
B8065	302	332	280	279	242	271
B8066	318	313	260	192	232	214
B8067	269	330	382	310	290	247
B8068	24	37.7336	31.3168	20	7	21.347
B8069	10003.9994	10390.9985	10614.98202	6961.9999	6672.99856	6724.99817
B807	213	228	243	78	92	126
B8070	822	803	890	524	483	502
B8071	198	224	284	117	108	142
B8072	445	599	546	324	298	332
B8073	273	226	118	370	418	311
B8074	84	64	108	66	88	50
B8075	563	452	447	287	386	313
B8076	240	189	234	70	56	122
B8077	307.00019	252.9999	223.0003	121.00016	116	133
B8078	6129	7507	7731	4177	5357	6318
B8079	89.2088	82	70	26.99997	30	28
B808	197	189	219	109	107	143
B8080	240	225	284	58	80	118
B8081	39	24	24	40	23	17
B8082	1961	2183	1654	1211	1137	1469
B8083	1006	1162	1567	265	335	407
B8084	6	4	5	0	5	5
B8085	157.068	163.914	190.241	103.942	147.569	98
B8086	142.932	181.086	107.759	237.058	140.431	109
B8087	293	194	136	1091	866	827.901
B8088	8	29	17	3	8	12
B8089	485	447	457	304	341	336
B809	1367.00045871	1518.9970356337	1328	781.0001	899.00047	894
B8090	509	586	523	704	557	575
B8091	1339	1269	1144	1059	1087	1140
B8092	533.0002	606.9997	677.9995	431.9997	473	471.0005
B8093	4876	5198	3429	3604	3914	4259
B8094	723	715	773	494	524	462
B8095	301	411	473	186	206	227
B8096	533.142	500.342	599.143	521.518	564.684	459.182
B8097	221	233	188	214	192	179
B8098	194	226	496	77	99	210
B8099	230	250	196	184	192	186
B81	359	387	248	218	279	206
B810	9	16	30	41	19	31
B8100	1524	1777	1635	1019	921	893
B8101	837	864	669	744	651	662
B8102	453	429	383	342	266	344
B8103	261	249	243	188	198	204
B8104	414	519	349	187	282	262
B8105	191	139	200	222	207	143
B8106	31	62	69	28	12	24
B8107	1950	1785	1690	1123	1164	1394
B8108	0	0	1	0	0	0
B8109	944	1161	1036	671	786	731
B811	429	484	452	319	421	348.055
B8110	76	49	91	47.000036	41	47
B8111	26	38	60	161	121	152
B8112	136	198.0002	334	284.0002	217.9998	310.0003
B8113	608	459	454	541	529	482
B8114	463	545	434	537	531	470
B8115	2340	2086	1666	2305	2093	1809
B8116	817	922	632	677	731	712
B8117	1327.029	1356.562	1025.11	1127.644	1174.884	1121.087
B8118	5182	4239	3981	3426	3642	3141
B8119	16	37	15	7	2	2
B812	628	606	612	507	334	330
B8120	480	443	564	296	405	384
B8121	544	768.9999	619	319	356	391
B8122	849.9998	819.99985	1020.0003	748	758.99998	656.00008
B8123	1367	1533	1203.001	996	941	1075.999
B8124	3256.0046	3159.00173272	4527.99890277975	1492.001663	1667.999	1804.0007
B8125	1081	1114	751	1259	1081	957
B8126	4	2	1	0	12	3
B8127	0	2	0	0	0	1
B8128	663.386	653.28	821.835000016121	568.333	458.3132	485.167
B8129	36	51	59	39.99999	52	21.00003
B813	44	65	51	19	16	35
B8130	2551	3098	1740	2053	3687	3965
B8131	7265.004	6720.001	5206.998	12791.037	12063.035	8003.004
B8132	579	547	451.9999	311	339.9996	383
B8133	78	60	81	48	75	85
B8134	4451.004	3948.997	3189.00075	1612.997139	2314.00069193805	2867.9991
B8135	4322	4588	3706	4685	4350	3465
B8136	329	294	270	172	177	177
B8137	55	44	70	14	22	40
B8138	126	142	133	145	149	112
B8139	281.0002	312.0002	339.0005	200.9998	198.0003	156.0001
B814	19	37	16	81	60	43
B8140	302	279	329	218	297	283
B8141	14	22	16	6	10	12
B8142	1027	969	802	654	536	640
B8143	27	32	18	16	33	20
B8144	980	922	1025	597	677	684
B8145	509	396	493	452	287	396
B8146	3870	2760	2569	2692	3270	2838
B8147	472	616	474	403	386	357
B8148	7115	8115	4677	7723	9514	9492
B8149	1404	1674	2094	2403	3649	3776
B815	484.0003	397.0005	454.9999	250.000400063505	286.0004	298.99981
B8150	3300.998	3155.002	2436.002	3653	2964.005	2853.998
B8151	472	533	631	223	265	224
B8152	0	8.4459	0	0	0	1.23533
B8153	3668	3633	3983	2278	2376	2900
B8154	890	1031	827	745	790	617
B8155	205	182	217	164	146	160
B8156	192	226	195	100	155	118
B8157	2	5	11	0	0	0
B8158	273	233	258	109	136	153
B8159	190	175	146	171	153	142
B816	2410.002	1442	1064	1607	1769.999	1659
B8160	155.9995	180.9997	75	170.00039	153	175.9997
B8161	830	734	600	876	670	703
B8162	685	783	746	456	470	424
B8163	5979	7712	8165	4394	5028	5134
B8164	1704	1577	1151	1104	1248	1134
B8165	1337.00000796419	1334.997	1314.998	662	755	828.0002967
B8166	177	174	199	107	123	129
B8167	146	122	133	97	123	117
B8168	278.9996	274.9996	314.0003	218.9997	198.99954	212.343
B8169	562	519.0003	346	379.9998	385	371.9995
B817	207	238	296	67	90	119
B8170	598.878	611.14	448.659	423.19	460.513	493.615
B8171	884.302	967.952	1057.47	567.178	527.451	504.268
B8172	556.9996	413.9999	409.9997	510.00019	515	448.0003
B8173	802	856	561	1282	1168	881
B8174	460	490	525	391	401	358
B8175	0	0	0	0	0	0
B8176	6774.9973	5821.996	4541.99771444	13524.9849	10013.003637	7111.994
B8177	418	606	588	413	354	343
B8178	186	282	194	100	75	70
B8179	319.99961	285.0004	351.00043	175.00004	179.0002	195.0001
B818	950	983	830	627	638	821
B8180	5	0	10	0	5	0
B8181	56	66	60	25	39	35
B8182	387	329	329	211.0001	197	182
B8183	34	10	26	8	23	18
B8184	1080.9998	1077.9997	844.9999	780.9999	796.9994	826.9999
B8185	271	314	382	148	182	169
B8186	13	11	54	3	3	4
B8187	400.944	345.237	263.58	434.663	396.673	248.034
B8188	26.5715	81.0896	37.6284	11.4206	17	7.55128
B8189	327.704	297.794	205.465	254.881	316	296.494
B819	231	302	213	337	318	138
B8190	20.7067	40.0998	44.9678	21.1507	19.5486	9.41259
B8191	28.9095	21.8525	25.5575	1.12313e-07	9.8445	4.9057
B8192	2	12.5986	4	3.67301	9	11.3398
B8193	345	287.9677	435	181.00003	180.6954	217.000000099523
B8194	4	5	3	4	3	8
B8195	309.446	288.892	311.029	164.806	156.029	252.835
B8196	24	30	60	14	18	26
B8197	22.6092	0	0	132.587	0	1.34558e-08
B8198	72	52	57	36	44	39
B8199	241	262	168	112	94	137
B82	135	196	174	177	104	91
B820	1065	1068	1240.002	1165	1073	1018
B8200	66	55	31	27	12	21
B8201	151	178	142	183	189	164
B8202	1597.92	1461.05	1044.23	1197.14	1066.34	1081.93
B8203	21	25	65	33.1865	44.3839	26
B8204	443	605	370	423	333	356
B8205	1712.998	1798.997	1046	1173	1291	1111
B8206	2092	2058	1648	1659	1682	1475
B8207	516	472	556.9999	364	364	376
B8208	412	305	383	328	280	221
B8209	223	152	125	364	328	265
B821	256	235	235	186	175	142
B8210	77	72	109	34	74	94
B8211	3195	3105	3133	2945	2627	2759
B8212	95	132	116	90	81	96
B8213	129	189	148	91	107	131
B8214	750	801	685	672	473	531
B8215	797	663	645	567	533	488
B8216	5272.51	5810.74	5170.79	4604.84	4681.8	3929
B8217	360.0001	532	638	294.9999	306	315.9999
B8218	4455	4735	2347	14503	7803	5194
B8219	7977	8346	7185	6436	6238	6521
B822	1001	1180	1207	309	395	465
B8220	4263.997	3835.995	3436.997	4844.001	4462.001	3338.004
B8221	866	1110	1096	584.99980105	555	722
B8222	1380	1923	2210	1431	1690	1769
B8223	485	651	748	805	975	1155
B8224	690	807	945	389	432	425
B8225	417	384	489	112	167	177
B8226	589	562	782	516	515	567
B8227	171	187	268	71	82	93
B8228	1271	1320	1122	816	871	885
B8229	9978	10127.995	8596	12999.015	11536	9788
B823	1953	1863	2207	1840	1694	1339
B8230	336	401	345	258	237	282
B8231	349.00015	372.0004	370	163.0005	212	316.00026
B8232	30	36	52	32	36	25
B8233	11357.989	11714.037	8522.003	10942.007	12009.968	11916.023
B8234	2099.012	1451.999	959.9998	3270.002	3653.017	3447.997
B8235	355975	279283	277883	292293	321035	302677
B8236	987.248	924	703	858	874	940
B8237	507	759	842	239	329	455
B8238	4554.38	4951.67	5271.57	496.941	1293.18	1296.95
B8239	138.886	928.989	668.432	0	102.424	81.9392
B824	716	950	903.82	349	371	442
B8240	11	21.99997	65	11	3	6
B8241	53	68	59	65	57	50
B8242	2419	2534	2414	997	1367	1412
B8243	198	136	137	23	37	36
B8244	218.064	162.03	187.164	76.22	73	132
B8245	2294	2218	1816	1775	2060	1814
B8246	293	277	269	266	299	228
B8247	1624.07	1671.21	1386.29	1063.59	1212.91	1186.8
B8248	768	827	782	1036	790	869
B8249	795	719	542	395	486	483
B825	528	517	600	288	253	247
B8250	4933.002	4254.004	3674.997	3107.001	3866.005	3507.999
B8251	2502	2508	1948	2836	2539	2127
B8252	204	191	277	66	165	147
B8253	272	225	281	118	107	122
B8254	672	592.0006	663	329	403	345
B8255	254.0004	284.0003	225.0001	145	168.999581	146
B8256	2064	2239	1495	3742	3049	2236
B8257	594	674.9996	782	281	447.0002	322
B8258	72.7834	138.298	95.9833	113.521	102.23	106.259
B8259	2475	2560	2333	1384	1434	1957
B826	833	656	727	471	536	592
B8260	602	535	662	355	348	393
B8261	1446	1616	1533	1269	1164	1180
B8262	353	337	328	271	217	249
B8263	60	72	63	40	56	46
B8264	117	173	201	70	57	100
B8265	1155	1124	1220	706	778	619
B8266	1877	2094	2006	1730	1493	1611
B8267	3	3	14	1	6	0
B8268	213	215	199.025	207	161	157
B8269	1224	1247	1451	873	925	853
B827	341	326	272	312	239	263
B8270	0	0	0	0	0	0
B8271	372	297	315	214	225	214
B8272	61	83	33	24	34	23
B8273	1253	1325	1127	701	744	807
B8274	769	1052	801	343	508.0004	473.0000375339
B8275	553	807.34	843	355	474	416
B8276	2014	2197	2055	1659.99	1543	1560
B8277	276.99956	303.9998	216.0003	196.0003	192	273
B8278	302.0003	281.0001	242.9997	236.00034	241.99965	224.99997
B8279	6	7	4	0	3	2
B828	2738.82923	3572.82177	6203.13768	1296.362128	1747.83	1782.234804
B8280	190	225	188	269.364	269	276
B8281	1429	1707.004	2845	229	323	377.778
B8282	10	8	9	7	2	9
B8283	52	76	71	13	12	13
B8284	19.99997	28	21	20	32	21
B8285	351	363	394	104	140	183
B8286	1255	1476	1341.41	895	884	813
B8287	329	424.0002	450.9997	378	325.0004	286.9999
B8288	390	514	582	209	180	298
B8289	5	0	0	0	0	0
B829	240.06	182	307	198.868	190	224
B8290	28	35	34	27	16	10
B8291	7923	8130	7740	5175	4665	5429
B8292	161	138	307	121	182	135
B8293	1936	2749	2131	686	1061	1229
B8294	1576	1975	2530	2017	2409	2126
B8295	1296	1177	963	789	813	845
B8296	2391	2914	2618	1270	1362	1349
B8297	430	352	441	214	245	231
B8298	1632	1790	1388	812	992	942
B8299	31	34	71	28	36	20
B83	2514.005	3114.9959	2931	1544.002	1790	1711
B830	227.94	232	273	158.132	84	157
B8300	183	155	201	112	124	122
B8301	56	61	35	31	42	45
B8302	141	138	123	101	152	163
B8303	316	368	349	268	297	311
B8304	901	965	715	774	798	750
B8305	362	342	388	151	133	143
B8306	1476	1670	1393	933	989	984
B8307	261	444	178	634	490	416
B8308	681	819	743	501	510	434
B8309	2522	2947	2506	797	932	964
B831	159	144	207	55	55	85
B8310	35	23	32	34	36	10
B8311	1938.001	2138.997	2083.999	1035	1167.9984	1234.0006
B8312	5528	5424	4845	4466	4070	4227
B8313	132	150	141	60	28	41
B8314	642	809	528	321	159	185
B8315	282	324	395	93	193	156
B8316	320	295	347	286	335	274
B8317	354	308	366	239	193	181
B8318	2781	4101	4311	1313	1798	1663
B8319	184	173	247	216	170	144
B832	1248	1862	1977	890	1057	1046
B8320	5220	4752	6050	1822	2339	2341
B8321	950	851	717	727	848	744
B8322	1053	1042	921	976	713	824
B8323	112	169	148	106	97	96
B8324	37	85	64	32	38	32
B8325	213	228.0001	199	74	121.9999	161
B8326	3575.99595	3276.99439	3696.0005	2360.00154	2502.0075	2460.0011
B8327	1325	1293	1592	1799	1552	1406
B8328	555	459	380	291	397.0003	307
B8329	212	206	183	160	154	187
B833	75	78	75	152	95	108
B8330	365	209	447	53	64	104
B8331	89	103	140	45	62	63
B8332	2824.337	3055.719	3278	2134.884	2184.883	2247.002
B8333	0	0	0	0	0	0
B8334	6	5	11	4	4	8
B8335	647	704	733	493	418	475
B8336	2828	2016	1754	1479	1804	2058
B8337	395	577	587	106	165	207
B8338	963	954	767	841	745	622
B8339	6	8	10	6	6	2
B834	211	222	325	188	167	182
B8340	153	82	86	53	63	43
B8341	752	739	828	244.0001	290.0002	318.999904
B8342	2112	2446	2744	1902	2224	1862
B8343	1578	1854	1183	1082	1629	2169
B8344	179	125	291	67	80	108
B8345	656	726	793	389	365	422
B8346	365	382	374	533	550	423
B8347	1168	966	958	427	406	466
B8348	751	793	712	602	532	513
B8349	171	203	213	156	145	176
B835	71	80	74	91	63	88
B8350	328	386	352	201	233	203
B8351	2410	2639	2574	1665	1643	1693
B8352	726	778	683	370	431	366
B8353	390	232	225	250	322	298
B8354	124	110	167.9996	114	95	72
B8355	428	472	525	242	197	254
B8356	98	110.56506	131.2648	52.000000239141	72.000018	102.99996
B8357	66	39.99996	72	5	10	26
B8358	1398	1769	1643	879	1009	1256
B8359	295	318	338	143	164	147
B836	357.0001	408.0002	341	243	284	243.9996
B8360	638	720	825	395	476	365
B8361	1049	1058	1246	995	873	883
B8362	2907.998	2207.001	1884.999	2463.004	2481.998	2228.998
B8363	3040	2666.995	2017.001	2819.004	2880.997	2501.003
B8364	848	754	632	259	367	313
B8365	124	143	126	42	34	55
B8366	1	0	3	0	0	1
B8367	13	7	12	6	0	2
B8368	188	200	176	145	209	128
B8369	471	701	706	175	284	357
B837	218	286	354	97	113	129.357
B8370	956	1114	1019	1038	815	787
B8371	1448.002	1274.0038	1215.00359	1248	1168.0038	1176
B8372	1375	1272	1595	552	619	691
B8373	625	660	518	445	399	435
B8374	506	355	315	318	376	358
B8375	243.00005	215.99966	301	94	149	118
B8376	245	269	252	99	75	128
B8377	729	740	751	542	490	482
B8378	1051	1203	1106	643	729	794
B8379	203	241	128	122	131	117
B838	152	189	193	86	123	117
B8380	706.9995409	838.0000126407	1160.99991808703	353.999800579902	531.9998188277	630.99965
B8381	2179	2010.082	1976.999	1515.996	1795.996	1667.996
B8382	350.9997	354.0004	401.9998	242	263.9996	294
B8383	372	420	465	276	287	313
B8384	622	672	594	328	362	319
B8385	0	4	6	5	0	2
B8386	1647.78	1473.78	1550.16	466.552	622.002	815.235
B8387	607	630	677	487	420	464
B8388	0	1	5	2	0	0
B8389	29053.979	28478.001	35902.0154	22975.9722	21071.9717	21743.0271
B839	687	854	882	366	445	480
B8390	1295	1475	1994	575	510	749
B8391	975	1012	670	1854	1611	1361
B8392	321	290	405	251	270	251
B8393	333	303.9999	331.0003	294	248.9997	226.0001
B8394	428	463	478	277	273	262
B8395	442.0004	408.0004	392	220.9998	200	189.9997
B8396	1313	1374	1446	853	838	1113
B8397	975	845	833	851	780	683
B8398	15	30	19	25	19	11
B8399	387.9997	456	434	281.0001	291.0003	293.0003
B84	421	389	319	211	178	195
B840	298	225.289	238	289.296	308	272
B8400	348	364	331	413	355	367
B8401	867	746	743	661	711	619
B8402	856.99978	835.0005	741.9997	896.9999461	828.99967	598.000000072661
B8403	16072	15086	10257	5781	7816	8388
B8404	2065.0004	2206.003	1813.0001	2534.998	2041.004	1971.005
B8405	1179	1300	1260	565	660	660
B8406	304.216	254.615	221.416	274.653	234.833	249.636
B8407	87	140	88	100	115	77
B8408	507	526	416	307	339	394
B8409	14	20	16	13	5	5
B841	429	543.711	442	676.704	652	509
B8410	393.027	417.028	395	140	180.017	185.035
B8411	13315.05	12612.97	12263.03	8934.001	9259.003	9902.004
B8412	619	638.0001	570.0004	523	425	418.0003
B8413	1323	1335	1481	1341	1207	961
B8414	282	250	253	267	264	216
B8415	0	3	0	0	0	0
B8416	611	612	574	488	549	493
B8417	279.999559	286	275	213.000425	258	269.0001
B8418	253.9996	226	263	140	160	102.99998
B8419	305	218	247	215	197	219
B842	33	58	44	36	44	45
B8420	4619.997	4223.996	3646.996	3790.002	3264	3470.996
B8421	3225	3232	3323	2208	2082	1919
B8422	4945.00162	6148.0021	5452.9986	2796.999	3263.002669551	3414.0002
B8423	777	840	672	555	656	715
B8424	795	807	883	447	474.9999	452
B8425	2513.996	2288.005	2379.997	1887.0051	1938.999	1624.002
B8426	62	55	129	5	5	20
B8427	611	625	641	380	367	414
B8428	1883	1814	1399	1657	1708	1675
B8429	2928	2952.999	2395.995	1852.996	1972.005	2023.999
B843	70	62	111	39	50	30
B8430	2842.99893	2566.9996	3136.9998	1905.00033	1953.995	1990
B8431	3182.0019	3351.001	3928.0021	1455.00046	1536	1615.99523
B8432	815	1040	1097	391.9998	453	530.9997
B8433	852	1026	1231	380	471	536
B8434	517.9997	490.9999	412.9997	273.0002	251.0005	296.9996
B8435	2903	3223	3303	1542	1864	1724
B8436	659	449.0002	575	359	412	290.9998
B8437	541	529	481	385	420	431
B8438	82	110	151	47	69	53
B8439	196	206	295	38	51	89
B844	610	521	390	946	641	505
B8440	300	305	268	489	269	357
B8441	1132.98	855.354	706.042	1328.99	1071.87	820.057
B8442	150.02	120.646	117.958	129.01	132.135	79.9431
B8443	3	2	5	4	17	1
B8444	575	411	565	345	450	373
B8445	209	212	136	72	79	62
B8446	229	191.101	254	98	113	128
B8447	4229	3688	2927	6379	6227	4346
B8448	173	191	144	376	378	299
B8449	142	165	164	158	153	95
B845	367	352.00023	349.0003	247.99953	343.9999	303.0002
B8450	399	454	519	168	181	174
B8451	1820	1975	1478	3288	3002	2351
B8452	730	788	813	457	644	571
B8453	795	832	736	518	454	566
B8454	111	156	97	81	107	80
B8455	11	12	13	31	36	18
B8456	420	409.9996	445	333	340.9996	244.0002
B8457	1175	1531	1354	656	626	657
B8458	406	502	495	289	377	333
B8459	688	813	983	263	301	361
B846	6502	7012.98	5228.87	4145	4417.92	4711
B8460	131	173	166	117	160	88
B8461	1324.9976	1076.99985	1555.9976	1560.004	1373.995	1242.9961
B8462	0	1	3	0	0	0
B8463	158	264	310	101	97	154
B8464	1036	1187	934	691	608	583
B8465	1663.002	1916.002	1756	1123	1347	1092.9963
B8466	2061.07	2093	1747	830	921	968
B8467	39	52	22	52	39	36
B8468	652	721	814	283	371	342
B8469	859.0004	1076	851	665.9997	791	760
B847	744	835	538	552	472	423
B8470	620	619	517	342	545	466
B8471	104	95	78	154	98	87
B8472	1101	795	701	834	999	918
B8473	382.0004	375	402.0002	493.0002	522.0005	400.9997
B8474	872	784	665	687.0002	700	637
B8475	382.0005	279	215.9997	331.0005	240	306.00022
B8476	102	127	98	73	71	68
B8477	3659	3563.999	3237.996	2255.002	2372.002	2227.003
B8478	772	936	1064	479	785	759
B8479	0	3	0	0	0	0
B848	798	824	825	552	567	556
B8480	697	634	633	381	504	472
B8481	1205.997950672	1075	1113.00040955666	832.000000583206	792.000000219131	652.00040102151
B8482	61	145	122	89	84	62
B8483	196.9996	222.0002	286.0004	129	105.00002	142
B8484	556	620	647	331	398	398
B8485	779.889	737.43	745.673	343.257	360.608	419.548
B8486	46	59	36	18	27	9
B8487	1432	1478	1319	493	440	444
B8488	865	993	909	565	507	567
B8489	522.0005	597	567	274	281	344.9999
B849	522	508	458	307	317	338
B8490	6370	6876.003	7940	3612.997	3546.998	3843.998
B8491	198	207	258	109	80	107
B8492	610	680	591	335	422	392
B8493	460	433	451	246.0003	321.0005	317
B8494	283	357	366	171	185	195
B8495	9082.005	10246.998	8140.005	8075.999	8233.999	8135.002
B8496	4943	4658	4417	2860	2930	3195
B8497	1022	960	719	1568	1308	1085
B8498	838	677	980	673	556	477
B8499	1180	846	592	904	745	709
B85	1788.005	1814.003	1551.002	1578	1731.004	1600
B850	874	920	781	502	604	501
B8500	98	86	117	56	53	53
B8501	15	133	40	4	4	13
B8502	4924.5	5446.19	6018.96	1992.94	2101.03	2359.59
B8503	589.000172581	545	555	750	710	542
B8504	1249	1247	1334	1256	1110	1152
B8505	170	195	224	207	177	205
B8506	394	381	436	190	260	248
B8507	2	1	3	0	0	0
B8508	681	679	643	597	607	527
B8509	163	172	131	58	71	89
B851	851.0005	961	840	421.9998	459.9997	508.9998
B8510	32408	20618.96	22942.03	18805	18298.05	20664.95
B8511	799	750	712	376	362	379
B8512	14	11	13	7	12	7
B8513	939	882	705	823	975	856
B8514	345	338	454	227	223	271
B8515	491	569.9999	526	301	321.0001	376
B8516	1112	1302.002	888	971	989	924
B8517	25.554	51.1079	15.9712	3.19424	15.9712	19.1655
B8518	350	327	320	285	293	244
B8519	1	0	8	1	1	1
B852	1038	1001	883	665	629	689
B8520	0	0	0	0	0	0
B8521	96	118	81	77	56	65
B8522	0	0	0	0	0	0
B8523	1171	1084	773	629	753	781
B8524	146	145	134	100	134	139
B8525	206	231	248	77	95	90
B8526	196	245	226	189	120	166
B8527	948.9997	1297.9985	581.0001	3814.001	2510.995	1775.9985
B8528	179	154	148	219	136	104
B8529	29028.62	30736.3	30511.33	20427.46	19522.62	18231.94
B853	380	351	305	232	259	189
B8530	142.968	212.136	193.8892	5.07618	32.2693	21.1402
B8531	595	625	612	318	357	378
B8532	371	384	317	140	210	204
B8533	3883.996	4120.9988	3247.9965	5668.002	6114.996	5509.998
B8534	54	81	62	154	101	61
B8535	271	224	267	106	130	105
B8536	1368	1474	976	1789	1676	1662
B8537	338	277	220	621	531	346
B8538	321	323	233	82	75	89
B8539	368	368	296	312	248	300
B854	2220.00190001094	1991.004	2015.99841	930.9994	1010.0003	1065.9999
B8540	0	0	0	0	0	0
B8541	438	328	274	532	393	426
B8542	578	661	522	519	436	480
B8543	455	466	451	380	428	340
B8544	211	257	515	80	71	175
B8545	6643.0026	6675.99545	7714.0008	4518.9999	4751.9979	4505.99824
B8546	33	43	29	47	69	78
B8547	470	513	392	292	368	304
B8548	227	335	406	144	147	138
B8549	1212	1254	1405	703	812	653
B855	1364	1624	1330	1254	1361	1405
B8550	997	1042	947.0005	634	618	665.99991115
B8551	2867.001	3423.998	2912.9998	1679.999	1755	1683
B8552	8076	7685	7297	7269	6499	6560
B8553	538	419	1298	26	17	58
B8554	273	285	195	239	205	219
B8555	1306	1198	831	782	932	985
B8556	213	195	202	212	162	180
B8557	243	296.0004	302	84	100	113
B8558	45	14	54	29	44	34
B8559	45	40	85	9	17	16
B856	768	771.0005	878.00039	384.9999388	395.9998	379.0005
B8560	25	38	26	36	9	14
B8561	716	637	700	556	516	504
B8562	605	501	463	350	491	459
B8563	2837.996	3338	3010.996	2207.998	1895.003	2221.995
B8564	46	77	57	24.00001	37	60
B8565	140	94	185	65	81	62
B8566	438	410.9998	443.9993	323	279.000200232402	305.000350797825
B8567	362.779	310.691	337.229	212.227	192.121	144.671
B8568	352	395	377	485	401	295
B8569	215	194	238	181	230	180
B857	1182	1411	1412	621	766	591.0002
B8570	234.000000015947	328.99957248	273.0000440586	90.999953422	109	100
B8571	17	41	50	28	9	36
B8572	991.00068	789	950.99986	601.9996	675.00036	631.0006
B8573	390	397.793	155	1158	664	483
B8574	544	549	746	341	293	333
B8575	368	282	439	197	173	140
B8576	5482.002	6052.999	3414.996	12778.04	9962	7224.001
B8577	107	98	84	83	91	68
B8578	5680.76	6489.64	5909.42	4936.99	5008.62	4869.97
B8579	1141	1020	1027	1113	1204	1091
B858	163	207	205	28	33	40
B8580	188	221	309	114	138	191
B8581	228	204	179	171	211	214
B8582	460	507	474	328	317	352
B8583	319	258	302	144	173	162
B8584	1666	1636	1682	1448	1380	1333
B8585	41	62	85	18	10	37
B8586	1051	861	1010	469	467	465
B8587	2509.98	2376.53	1993.54	2065.11	1610	1703.88
B8588	792	960	841	452	495	466
B8589	3027.001	3389.999	2416.996	4167.997	3186.997	2651.002
B859	1400	1554.001205849	1284	829	919.00000217452	1099.9998
B8590	39	50	19	24	15	16
B8591	8385	8740	8541	5747	5201	5572
B8592	678	753	643	431	425	377
B8593	1174	1444	1570	803.572	964	887
B8594	5	2.12712	2	0	0	1
B8595	59	76	59	32	25	43
B8596	390	442	342	206	193	222
B8597	289.0005	278.9995	316	132	140.9999	152
B8598	2	2	6	1	0	9
B8599	560	791	494	674	772	705
B86	140	206	211	99	154	101
B860	530	539	606	443	311	311
B8600	86	55	99	22	42	43
B8601	429	377	358	317	323	373
B8602	1481	1499	1197	1025	1004	1141
B8603	1528.997	1676.9971	1540.997	1037.9999	1038	1122.9968
B8604	386	470	331	348	345	366
B8605	254	238	254	111	136	126
B8606	166	225	252	65	85	108
B8607	263	202	142	154	174	183
B8608	182	194	214	114	96	121
B8609	1185	1231	1173	1084	872	750
B861	191	269	226	132	144	122
B8610	284	313	342	62	92	98
B8611	346	235	284	78	203	278
B8612	1521.003	1629.004	1518.996	1089	1168	1091
B8613	571	605	540	438	395	353
B8614	6	4	8	16	8	5
B8615	4630	6356	8173	2284	2707	3033
B8616	3376	3766	4778	2696	2522	2250
B8617	830	820	649	668	690	691
B8618	815	823.0004926	674.000000846514	546	554.999614949	518
B8619	1277	1147	1128	1063	929	897
B862	329	307	313	272	282	298
B8620	414.00038	435.0004	474	403.00008	292.00002	256.00014
B8621	225	427	176	535	513	380
B8622	514	474	494	392	380	386
B8623	2470.9954	2645.0028	2796.0015	2045.0039	2063.9987	1924
B8624	162	157	373	68	58	92
B8625	346	323	355	341	285	283
B8626	967	975	955	884	817	731.99999
B8627	1509	1594	1322	926	942	1009
B8628	1265	1337	1158	335	364	536
B8629	1277	1027	1116	783	635	652
B863	322	323	374	263	227	227
B8630	121	128	157	175	149	111
B8631	14	20	19	30	17	18
B8632	140	113	120	120	117	156
B8633	80	366	176	67	68	92
B8634	639	607	537	421	478	361
B8635	861	1033	1050	616	691	540
B8636	571	679	585	571	508	464
B8637	708	683	691	715	652	592
B8638	1709	1824	1542	1894	1590	1828
B8639	97	107	92	102	98	85.99997
B864	5	3	18	0	4	1
B8640	133	116	139	27	11	33
B8641	204	174	269	159	121	160
B8642	420	396	286	297	338	319
B8643	56	66	96	28	37	66
B8644	1264	1460.003	1212	689	801	968
B8645	4240.99847	6337.9964	5963	2509	3173	3421
B8646	428	521	427	254	339	242
B8647	677	724	528	548	559	424
B8648	196	159	247	379	412	273
B8649	5357.004	6609.002	5077.005	4431.001	5707.004	6800.003
B865	137	176	136	96	135	116
B8650	745	884	806	506	566	566
B8651	932	937	821	1433	1121	935
B8652	149	164	285	103	111	84
B8653	209	146	186	96	127	139
B8654	652	606	611	306	438	389
B8655	2621.0018	2558.002	2222.001	1524.001495234	1653.997	1840.9995
B8656	136	121	142	55	41	37
B8657	26	27	21	18	24	43
B8658	45	27	58	33	32	17
B8659	144.594	168.802	159.946	89.813	109.937	80.2919
B866	189	242	226	159	232	217
B8660	1148.41	1146.2	1187.05	648.187	668.063	653.708
B8661	213	213	198	262	202	190
B8662	314	364	346	175	199.000012774	227.000000669638
B8663	621	424	502	545	552	507
B8664	445	510	423	340	342	332
B8665	1208	1403	1297	966	939	945
B8666	338	364	444	143	137.0001	163.9999
B8667	214	222.181	264	117	146	133
B8668	3705	3572	3167	2486	2450	2383
B8669	3530	4886	1062	3704	2191	1878
B867	541	581	684	397	378	355
B8670	118228.12	132993.58	91389	67188.03	97782	101095.02
B8671	515	470	388	374	341	460
B8672	6956	6859	6339	6334	6201	5573
B8673	59	32	76	26	17	38
B8674	9726	9809	12853.05	4565.996	4570.998	4541.002
B8675	718	787	791	394.9999	427.0002	388.0004
B8676	849	779	693	430	490	507
B8677	1548	1310	1259	1422	1378	1397
B8678	252	250	238	222	149	212
B8679	952	717	904	273	281	406
B868	2257	2285	1601	1600	1656	1646
B8680	477	394	424	305	243	311
B8681	92	67	72	65	66	60
B8682	336	221	168	158	134	181
B8683	4	13	9	4	5	5
B8684	1362	1106	965	1124	1076	853
B8685	367	318	433	196	233	114
B8686	801.0003	763	929	549	482	589
B8687	0	0	0	0	0	0
B8688	316	396	345	178	194	211
B8689	92	121	103	62	58	77
B869	293	855	141	421	461	252
B8690	226	302	319	174	117	154
B8691	1607	1555	1457	744	773	818
B8692	466	536	594	154	110	175
B8693	819.351	906.612	868.196	541.281	511.928	582
B8694	559	450	509	274	302	327
B8695	910.00004	846.00019	776.00051	552.00021	527.0007	558.00004
B8696	65.3492	42	53	17	27	24
B8697	277	249	232	115	229	145
B8698	601	527	598	430	455	348
B8699	392	448	452	147	153	213
B87	2154.9958	2007.9973	2165.003	1672.9956	1785.996	1642.9989
B870	239	656	132	647	670	386
B8700	54	47	46	15	19	30
B8701	317	302	289	131	138	172
B8702	1165	1182	1153	1028	1111	895
B8703	5	0	0	1	3	0
B8704	198	139	154	78	75	104
B8705	16	4	12	34	1	15
B8706	86	66	84	39	23	28
B8707	703	606	524	441	426	398
B8708	880	812	580	1287	1183	736
B8709	1715.003	1656.998	1779	835	836	905
B871	960	986	1018	823	772	651
B8710	23	7	9	3	5	2
B8711	74	134	110	3	13	0
B8712	610	748	765	213	222	270
B8713	546	607	469	418	463	463
B8714	1161.003	1144.003	1319.996	486	505.0002	660
B8715	200	140	205	110	102	142
B8716	1111	1119	1047	682	749	562
B8717	10	13	23	0	0	7
B8718	1118	1626	1488	571	831	759
B8719	394	487	557	304	279.607	307
B872	561	596	689	245.0004	260	258
B8720	146	172.0002	196.0003	99	115	118
B8721	434	588	562	258	290	315
B8722	907.897	1091.43	1042.18	583.25	638.359	623.064
B8723	251	191	176	385	290	232
B8724	92	82	80	25	61	62
B8725	736	602	563	524	505	527
B8726	527	534	636	278	290	392
B8727	7043.996	7075.005	7626.001	5205.0007	5338.0031	5219
B8728	576	661	645	427	538	484
B8729	284	354	334	211	239	198
B873	1403	1342	1228	867	842	941
B8730	248	288	318	183	218	205
B8731	1354	1270	1162	1160	915	947
B8732	230	557	484	64	121	73
B8733	704	773	992	488	554	498
B8734	199	176	180	95	149	140
B8735	1360	1332	921	952	892	848
B8736	4485.005	4393.9993	4639.0039	2591.995	2999.9966	2658.0013
B8737	1577	1664	1619	784	882	959
B8738	6	0	7	8	5	9
B8739	25.00005	45	49	47	33.00001	42
B874	903	797	859	485	621	542
B8740	30	43	39	12	1	17
B8741	30	34	23	10	7	7
B8742	189.0002	280.9996	221.0000912799	254.0004	195	201
B8743	394	420	322	369	336	307
B8744	733	649	727	524	507	530
B8745	10	19	18	1	0	6
B8746	38.8636	52.1668	29.7584	47.397	59	28.7041
B8747	12.5449	26.7459	14.7296	5.60304	8	4.29589
B8748	106	106	116	96	90	38
B8749	132.591	189.087	96.512	83	92	101
B875	669	676	725	433	429	376
B8750	272	267	218	170	167	248
B8751	75	44	21	21	10	32
B8752	130	111	102	72	87	64
B8753	100	81	69	32	56	91
B8754	552	557	717	355	336	382
B8755	303	296	360	190	205	185
B8756	981	1029	909	489	582	610
B8757	543	441	604	358	346.672	402.008
B8758	411	524	486	274	367	234
B8759	1928	2319.44	1728	1193	1314	1395
B876	1635	1750	1794	896	1098	1088
B8760	395	550	441	346	404	359
B8761	76	42	158	43	29	38
B8762	2	1	0	0	0	0
B8763	147	167	158	112	106	89
B8764	88	119	87	67	73	55
B8765	6	12	27	1	0	6
B8766	63	56	65	27	36	14
B8767	27	17	14	13	15	8
B8768	106.917	99	137	38	70.5334	62
B8769	23	20	46	9	13	16
B877	1231	1283	1114	801	893	871
B8770	530	476	503	115	141	196
B8771	101	91	70	45	44	53
B8772	2513	2269.998	3075.996	696.9999	860	1011
B8773	597	810	773	186	240	370
B8774	170.243	123.267	131	129.176	75.2664	70.1711
B8775	3731.76	4007.73	3757	2321.82	2133.73	2220.83
B8776	95	84	61	171	98	101
B8777	287	387	420	261	255	259
B8778	840	1096	597	523	487	756
B8779	817	940	1146	576	788	753
B878	284	205	340	146	156	146
B8780	714.00018	779.0002	686	462	538.000435	524.0003
B8781	463	534	397	599	491	523
B8782	129	128	78	186.9998	132	126
B8783	2026.0034	2121.0011	2119.9956	1401.9993	1307	1314.9998
B8784	494	705	814	363	543	364
B8785	2482.9995	2578.9982	3504.001	1422.0012	1583.0008	1621.9995
B8786	38.8521	33	36	40.9396	35.3038	25
B8787	358	389	457	126	178	177
B8788	454.99954	308.00027	323.9996	352.00025	361.000300433939	463.0002659
B8789	236	183	152	117	117	141
B879	34	60	38	49	36	41
B8790	85	58	53	56	65	55
B8791	4559.9994	4831.0022	9427.0046	1819	2526.9999	2691
B8792	51	19	49	51	48	51
B8793	1074	1218	1089	742	930	860
B8794	54	18	14	17	2	25
B8795	840	819.9998	1263.00393	396.99957	605.00023	567
B8796	884	1023	788	1072	920	823
B8797	1643	1905	1808	1105	1191	977
B8798	1654.002	1595.998	1459.999	1004	1092	1094
B8799	849	937	905	803	773	727
B88	5012	5867.00000016778	5885.995	4416	4030	5011
B880	1085	1043	1325	529.0003	507	574
B8800	1	1	1	0	0	0
B8801	242	195	224	162	159	113
B8802	56	51	44	20	32	49
B8803	880	995	989	899	962	876
B8804	2451	2605	2454	1817	1822	1847
B8805	602	731	1032	356.149	448	457
B8806	264	219	266	216	206	218
B8807	1912	1897	1608	1314	1541	1380
B8808	437	503	540	163	215	254
B8809	561	538	771	606	461	425
B881	264	222	237	171	130	164
B8810	1423	1307	1176	822	846	860
B8811	47	54	63	36	51	31
B8812	317	344	406	257	291	211
B8813	122	129	135	46	63	60
B8814	853	846	823	867	952	904
B8815	341	327	411	222	192	181
B8816	892.999968109	692	901.000062	552.9999905	632.999743	464
B8817	1798	1596	1877	1736	1568	1554
B8818	1267	1374	2264	396	572	575
B8819	229	203	276	158	209	103
B882	699	721	475	479	501	584
B8820	217	184	183	127	87	140
B8821	223	249	227	143	184	201
B8822	4689.997	4057.741	4118.998	1126.996	1212.004	1525.002
B8823	0	4	1	0	0	4
B8824	1671	1539	1632	1141	1140	1178
B8825	112	78	90	80	35	48.999986
B8826	158	192	286	195	147	194
B8827	1119	757	548	632	771	596
B8828	124	170	163	126	110	78
B8829	83	104	31	95	122	90
B883	2	3	8	11	5	0
B8830	23.99996	29	52	4	10	10
B8831	669	674	557	416	440	404
B8832	2768	2660	1912	1529	1659	1618
B8833	188	228	249	164	113	154
B8834	1155	1260.0046	1335.002	368.0002	434.99957	415.0003
B8835	276	256	264	116	138	110
B8836	376	409	433	337.75	290	318
B8837	12637	10785	9344	18330	17296	13219
B8838	2176	2116	1599	947	1013	1116
B8839	2290.107	2368.182	2818.769	1467	1909.126	1557.967
B884	540	626	525	374	470	399
B8840	1092	1158	1077	665	602	724
B8841	1158.9954	1316	1059	1333	1147	995
B8842	2	6	4	1	0	4
B8843	71	75	123	6	27	15
B8844	318	309	285	270	246	177
B8845	4280.998	3437.996	3049.997	3774.002	4418.999	3812.003
B8846	956	1141	1054	932	992	820
B8847	70	95	100	47	60	57
B8848	309	249	376	290	342	242
B8849	1294	1553	1704	969	1503	1291
B885	618	717	699	263	339	416
B8850	317	348	373	150	201	192
B8851	1843	2648.002	2360.003	890	1062	1089.9995
B8852	393	407	410	244	267	267
B8853	287	314	220	276	343	267
B8854	2087	2143	1820	1224	1336	1509
B8855	719	641	647	387	349	456
B8856	479	407	479	297	337.9996	294.9999
B8857	51	51	32	47	39	32
B8858	251	195.0002	266.9998	184.9999	180.0005	180.9999
B8859	1801.002	1809.0016	2174.998	981.0001	997.0004	1215
B886	574	518	490	502	452	392
B8860	1328	1874	1818	731	886	874
B8861	83	63	146	46	39	46
B8862	153	187	159	40	34	38
B8863	490	560	491	273	323	388
B8864	329	376	450	156	203	199
B8865	22.0000179565	31	40.99999	6	10	31.99999
B8866	622	755	560	563	453.0004	364
B8867	1637	1290	1192	1189	1186	1068
B8868	1248.00165	1106.0026	1110.0002	581.9998	671.00020139	593.999900762062
B8869	693	688	684	227	411	449
B887	0	3	25.99995	1	0	2
B8870	898	835	915	760	665.457	613.148
B8871	781	849	643	449	459	579
B8872	305	319	299	220	246	250
B8873	4856.99652	3480.99957	4772.00396	2046.0004	1643.00007	2337.59548
B8874	900	966	983	647	528	602
B8875	39	18	33	39	32	29
B8876	227	232	196	202	161	172
B8877	290	179.9998	368.0002	83	126	211.9995
B8878	222	201	256.9999	49	93	133
B8879	275	176	325	133	161	137
B888	823	1012	1117	617	598	655
B8880	3246	4822	4330.64	2490.001	2672	2181
B8881	983	1409	1414	495	469	428
B8882	715.99956	675.0003	692	385.0005	413.9997	470
B8883	1286	1475	1063	1163	1075	907
B8884	764	693	715	637	568	529
B8885	95	130	141	88	79	61
B8886	1624.0008	2230	2397	1076.9953	1249	1107.0043
B8887	192	179	175	112	142	133
B8888	1975	1773	2161.9965	759	971.0005	1057
B8889	70	69	89	31	39	37
B889	3884	3536	3006.996	1322	1372	1679.002
B8890	1781	1642	1976	1740	1552	1703
B8891	402	374	465	282	357	345
B8892	822	945	1015	425	564	561
B8893	387	386	357	203	194	310
B8894	2875	2836	2938	1580	2043	1623
B8895	9972	10337	9577	11250	11421	10076
B8896	711	651	737.9998	526	609.0001	538.0002
B8897	1199	1656	1272	731	976	1041
B8898	1703.999	1877.002	1689.003	1590.995	1503	1523.002
B8899	576	576	519	241	307	363
B89	322	530	524	168	240	260
B890	221	191	166	187	250	224
B8900	547	461	534	437	478	468
B8901	1466.000237	1455.61000533306	1651.99828	927.895	780	802.999946758
B8902	154	103	172	19	40	40
B8903	65	66	52	20	37	26
B8904	658	721	548	919	915	652
B8905	3855	5210	5906	1709	2499	2373
B8906	142	134	123	15	12	35
B8907	55	50	110	63	50	52
B8908	644	597	347	454	439	400
B8909	750	866	1059	328	397	380
B891	471	510	457	343	335	292
B8910	9249.994	7795	7745.006	3958.999	3306.998	4088.996
B8911	18	26	11	6	2	11
B8912	40.00004	28	56	15	39	29.00004
B8913	1108	1264	1010	973	962	877
B8914	1578	1282	1495	760	676	596
B8915	287	315	378	193	205	193
B8916	1660	1770	1705	1084	1249	1308
B8917	2151	2319	2720	1202	1289	1409
B8918	282	314	452	100	103	80
B8919	39	60	77	19	12	6
B892	2741.24	2680	2594	2271.81	2066.25	2291.81
B8920	1049	894	1023	606	693	562
B8921	465.00004	467.9998	519	211.9996	209	273
B8922	103	102	122	59	60	86
B8923	1118	1885	1891	771	673	564
B8924	791.0001	836	956	584	719.9996	558
B8925	592	585	678	339	411	391
B8926	478	386	404	183	277	349
B8927	1826	2023	1729	652	764	722
B8928	3004	3457	3117	1553	1849	1785
B8929	506	403	548.9996	211.9996	241.9997	219.9995
B893	172.000498	194	227.999669313	95	96	96
B8930	754	848	713	641	539	567
B8931	200	193	136	49	119	80
B8932	99	147	129	33	40	29
B8933	337	304	351	111	217	141
B8934	1016	983	1024	554	672	684
B8935	79	64	53	65	56	57
B8936	809	771	683	689	904	814
B8937	274	205	209	170	156	179
B8938	959327.2106	701928.3968	650515.1932	813363.6143	984868.1116	965557.0903
B8939	1837.0719	1899.32	2246.152	1045.0004	881.0001	977.0541
B894	683	803	752	226.9998	249	291.0004
B8940	874.99960195	783.99999	880	570.000000011674	622.0001	621.00036
B8941	1068	1589	1333	529	867	754
B8942	548	458	569	249	343	363
B8943	1903	2520	2638	1153	1480	1179
B8944	3535	4006	3755	858	1097	1310
B8945	1432	1534	1475.998	653	743	745.000484497
B8946	5299	5357	5533	19638.6	10055	16076.8
B8947	188	206	173	126	190	164
B8948	180.124	163.664	131.098	168.054	126.365	170.857
B8949	125.876	144.336	109.902	134.946	133.635	62.1432
B895	963	804	760	955	665	622
B8950	318	381	395	233	262	232
B8951	27	19	34	15	16	25
B8952	598	587	735	360	357	294
B8953	604	667	581	271	351	345
B8954	704	800	817	552	548	518
B8955	98	122	99	39	54	83
B8956	5754	6251	4847.004	2011.004	3303.003	3524.006
B8957	576	740	345	514	316	483
B8958	1505	1440.003	1360.004	1338	1290.00000706796	1295
B8959	423	478	376	512	587	405
B896	669	475	470	251	263	181
B8960	28257	18303	19124	20038	24924	20823
B8961	102473	79413	94960	57370	78344	68358
B8962	43301.66151	26238.1	30937.5	37456.08954	43159.9	36708.49139
B8963	211585.0406	150415.9118	165664.8925	170288.3443	207627.8747	172536.2762
B8964	86145.8	64437.8	65929.9	64073.3	82425.7	64173.2
B8965	745	734	867	403	530	490
B8966	128832.6872	129092.4504	143011.0333	84035.6349	112799.2392	95925.888
B8967	58728.1441	38140.9548	37819.1783	51642.5026	56215.0164	50893.6272
B8968	48162.82	35667.05	37804.906	38543.456	43983	39419.356
B8969	60.99995	138	71	60	47	52.00001
B897	2429	3176	2966	1114	1528	1663
B8970	5440	4158	5045	4552	5271	4736
B8971	378	314	201	271	512	429
B8972	2226	2570	2380	1586	1451	1500
B8973	270	234	222	152	159	126
B8974	494	544	678	409	368	350
B8975	1399.88	1487.75	1671	937.581	807.495	850.525
B8976	1379.12	1476.25	1324	522.419	637.505	596.475
B8977	308	334	245	186	199	232
B8978	731	1260	1082	441	588	528
B8979	192	227	296	119	119	172
B898	1927.999	1933.999	1844	730	977	983
B8980	233	204	238	73	93	106
B8981	429	436	479	262	247	249
B8982	1018	1157	1030	792	791	771
B8983	32	22	40	28	15	19
B8984	2467	3304	3235	1657	1935	1668
B8985	292	301	340	237	189	197
B8986	16	14	18	18	13	3
B8987	600	609	545	320	417	394
B8988	905	901	767	1238	887	887
B8989	793	796	806	713	681	616
B899	4336	4651	4042	3396	3562	3801
B8990	146	180	165	135	123	114
B8991	323	333	305	288	348	276
B8992	746.204	775.985	635.886	497.6778	581.514	507.2290465893
B8993	707	873	1048	210	265	296
B8994	891	1016	1328	496	621	532
B8995	10	17	0	4	2	5
B8996	216.0003	216	148.0004	165	118	140
B8997	38	29	26	48	47	47
B8998	1706.9973	2056.997	2400.003	1227.0028	1292.003	1285
B8999	162	139	160	71	116	118
B9	145	117	110	280	174	179
B90	726	848	101	225.9999	290.0003	217.0005
B900	8046	5994	5029	2698	3604	3869
B9000	6	2	4	14	7	13
B9001	1396	1562	1375	782	960	1101
B9002	265	250	271	198	201	137
B9003	674	771.9998	733.9997	408.0002	496.0001	536.9998
B9004	87	89	153	86	98	78
B9005	175	242	221	76	147	126
B9006	175	148	180	64	80	138
B9007	2550	2587	1448	2147	2879	2167
B9008	6887	7786	8100	3724.002	4457	4849
B9009	711	855	744.368	355.262	493	474
B901	2014	1840	1624	1186	1149	1271
B9010	302	286	223	224	207	217
B9011	0	0	0	0	2	0
B9012	192	169	184	102	136	106
B9013	200	263	388	67	143	82
B9014	63	63	55	41	35	40
B9015	506	558	757	366	469	384
B9016	1472	1817	1685	991	1082	1091
B9017	388	313	308	216	306	250
B9018	409	430	468	286	272	279
B9019	684	1069	911	168	271	349
B902	620	609	673	415	419	405
B9020	39	30	39	8	27	30
B9021	5	10	7	9	1	4
B9022	308	239	291	274	163	207
B9023	313	188	204	178	248	204
B9024	18	4	25	0	0	0
B9025	455	398	477	168	299	314
B9026	0	10	0	0	0	1
B9027	614.276	664	654	269	326.137	379
B9028	1288	1542	1527	1228	1154	990
B9029	1403.18	1495.686	1190.773	1575.662	2183.807	1412.056
B903	966	992	912	480	568	547
B9030	362	486	419	106	204	193
B9031	165	214	283	131	110	140
B9032	17	45	27	38	22	38
B9033	158	163	191	191	212	264
B9034	495	589	491	271	260	284
B9035	911	837	585	619	781	719
B9036	499	471	441	414	365	420
B9037	255	180	207	122	133	166
B9038	0	0	0	0	0	0
B9039	909	678	618	676	548	477
B904	577.0004	587.9998	575.9997	583	501	413.9996
B9040	14	43	29	5	11	4
B9041	436	375	483	321	329	360
B9042	0	0	0	0	0	0
B9043	94	97	120	3	5	9
B9044	528	508	602	267	297	297
B9045	220	178	264	147	137	164
B9046	20	6	29	11	11	9
B9047	374	467	430	192	226	215
B9048	528.221	296.419	203	765.643	734.399	721.57
B9049	21.4269	58.2846	16.2838	42.5829	6.64741	27.8927
B905	1366	1326	1059	1072	1070	867
B9050	6.71679	18.1252	2.2072	13.3088	7.0112	6
B9051	625	772	641	402	401	473
B9052	170	130	131	146	161	116
B9053	901	733	540	580	512	517
B9054	466	747	567	115	225	243
B9055	5226	4821	4481	4462	4379	3612
B9056	231.9995	247.9997	197.0001	106.000000122914	148.999763	143
B9057	252	307	251	156	167	170
B9058	1613	2156	1783	815	1015	1142
B9059	79	100	114	37	72	66
B906	44	105	23	51	57	23
B9060	849	860	650	558	562	598
B9061	2906.521	2490.66	2206.492	2979.58	3176.14	2345.983
B9062	1721.73	1648	1287.24	1233.86	1325.11	1257.69
B9063	516	614	625	274	310	300
B9064	1350	1264	1363	761	733	698
B9065	1945	2006	2210	920	1038	1221
B9066	505	548	529	303	332	413
B9067	553	489	628	247	294	277
B9068	1565	1517	1346	810	826	978
B9069	61	81	121	91	34	58
B907	39	8	30	5	13	27
B9070	671.9996	649	700.000000120911	212.99969	212.9999	401
B9071	395	485	598	225	272	270
B9072	50	38	44	12	28	29
B9073	212	208	205	186	153	108
B9074	314	310	349	203	220	242
B9075	442	445	505	265	242	223
B9076	85	171	336	12	16	26
B9077	395	369	419	292	269	283
B9078	94	98	124	99	93	115
B9079	678	612	955	572	521	472
B908	309	298	352	145	170	131
B9080	148	86	108	74	60	37
B9081	2295.001	2166.999	1744	1397	1479.0002	1667.0011
B9082	323	310	412	408	269	298
B9083	1451	1832	2176	814	1008	1200
B9084	108	132	185	97	100	78
B9085	203	137	192	108	75	162
B9086	14291	14096.007	10093.997	27271.005	22784.026	17060.041
B9087	5088	5332	3979	2102	2332	2644
B9088	297	372	235	568	491	373
B9089	1089	1139.0034	1200	627.0004	720	637
B909	379	536	398	328	309	283
B9090	973.000000031004	961.00055	1447.0005	546.000100034867	712.0001	650.99930099818
B9091	1335	1581	1344	800	922	898
B9092	446	530	375	232	298	248
B9093	297	375	329	283	223	239
B9094	1249	1196	1228	801	787	741
B9095	388.025	294.644	331	110.649	106.009	262.047
B9096	1114	1236	947	781	907	855
B9097	45	45	68	36	17	21
B9098	1900	1901	1525	1814	1667	1559
B9099	126.059	110.136	115.944	78.1819	107.383	112.667
B91	86	71	78	76	70	64
B910	782	604	519	402.0005	484	458
B9100	179	190	108	214	174	114
B9101	206	194	196	200	205	156
B9102	1085	1096	817	1150	975	901
B9103	563	504	599	147	194	209
B9104	0	0	0	0	0	0
B9105	967	1021	1106	677	705	602
B9106	194	235	242	117	110	74
B9107	1674.995	1953.996	1938.002	957	1092	1189.001
B9108	549	557	684	250	241.9995	342
B9109	247	239	279	44	68	94
B911	4096	3266	2656	2934	3096	3089
B9110	54	63.0065	43	6	5	15.0022
B9111	13077.03880234	13163.9863	13964.040754601	7324.99817359	8963	9433
B9112	294	372	366	122	176	178
B9113	190.9996	234	271	86	145	112
B9114	664	706.9995	826	763	810	710
B9115	499	427	472	257	280	279
B9116	379	426	373	486	397	373
B9117	280.514	247.037	271.836	183.152	190.717	168.946
B9118	717	898	635	811	656	575
B9119	365	339	396	225	219	245
B912	80	44	80	51	43	59
B9120	1475	1578	1541	873	1038	997
B9121	32	53	46	25	28	31
B9122	120	134	115	71	85	69
B9123	229.0001	237.9999	207.0001	141	222.0001	186
B9124	1001	1265	1075	775	745	741
B9125	1775.39	1747.76	1464.44	1714.16	1462.09	1196.6
B9126	885	1040	1071	128	141	210.0002
B9127	418	408	395	390	304	293
B9128	982	1187	1210	775	796	692
B9129	1283	1162	1209	773	853	784
B913	690	595	470	254	337	363
B9130	262	213	246	210	248	209
B9131	613	649	446	340	361	320
B9132	0	0	0	0	0	6
B9133	1555	1477	1472	850	1031	1065
B9134	225	287	222	202	182	184
B9135	582	497	466	365	325	377
B9136	949	910	821	593	826	684
B9137	1925	1667	1254	1056	1115	1215
B9138	175	171	229	77	108	81
B9139	81	109	109	54	72	78
B914	8	16	16	2	8	4
B9140	120	123	158	79	115	93
B9141	51	47	33	19	21	32
B9142	1276	1086	1007	827	880	894
B9143	453.854	447.025	460.221	441.529	402.186	328.041
B9144	97	78	62	75	39	70
B9145	315	256	186	132	139	124
B9146	503.495	433.4856	417.00000554574	446.9996	404	379.741
B9147	59	91	135	31	19	29
B9148	82	142	233	34	24	59
B9149	556	711	546	427	515	417
B915	340	329	297	119	178	202
B9150	1177	1214	1109	635	675	724
B9151	717	781	849	354	427	470
B9152	415	339	501	147	130	189.9999
B9153	1513	1516	1486	900	879	893
B9154	26	64	59	25	52	32
B9155	608	553.0002	531.0001	382.9997	427.9997	320.00045
B9156	1060	1200	980	420	608	603
B9157	1198	1182	1159	576	676	671
B9158	456	584	514	233	277	289
B9159	437.0004	533.9996	470.00000264062	326.9999	335.9999	311.0002
B916	806	661	838	512	436	542
B9160	43	95	109	8	7	4
B9161	22441.99851	21419.00802	15008.97	52823.074	35226	24440.98
B9162	0	0	0	0	0	0
B9163	1249.2495	1192.2229	1069.1644	688.0076	719.141	688.0738
B9164	0	0	0	0	0	0
B9165	1332	1471	1310	1166	1066	1280
B9166	806	938	910	631	628	619
B9167	0	0	0	0	0	0
B9168	272	380	420	204	237	215
B9169	1046	1082	702	1047	977	930
B917	49232.95	49389.96	40502.97	20353	28318	27924.03
B9170	335	285	259	163	112	212
B9171	209	191.9999	148	104	109	106
B9172	2029	1932	2052	2169	2138	1557
B9173	703	812	759	430	580	492
B9174	1	8	1	12	11	10
B9175	1509	1413	1121	1250	1212	1059
B9176	80	71	79	70	20	57
B9177	4217.005	5218.002	5066.999	2055.0007	2385.002	2468.005
B9178	10	6	14	2	3	0
B9179	973	821	695	742	711	792
B918	2335	2326	2358	1516	1473	1431
B9180	827	962	1267	341	438	500
B9181	1852.004	2120.998	1980.004	1371	1427.00479	1318.0000041678
B9182	1000	1168	1205	600	740	601
B9183	3259	3269	2667	2628	2494	2456
B9184	1560	1646	1774	682	749	749
B9185	975.286	871.015	828.083	410	402.009	430.348
B9186	760	734	596	480	443	537
B9187	438	390	447	313	344	322
B9188	2431	2332	1749	1593	1383	1490
B9189	263	282	83	192	123	182
B919	2	0	2	2	0	0
B9190	923	1124	853	574	554	594
B9191	713	778	965	473	544	580
B9192	693	847	950	361	457	365
B9193	666	758	845	421	527	438
B9194	516	531	829	164	201	226
B9195	1628	1523	1344	1002	1029	984
B9196	962	1002.0002	908.0004	942	783	805.000141972
B9197	267	297	353.681	231	219.466	189.485
B9198	166.76	181.623	143.588	70.5803	88.6164	81.5621
B9199	891	843	705	646	589	752
B92	703	969	810	613	633	782
B920	936	1177	607	1512	1397	933
B9200	674	813	748	178	221	226
B9201	764	957	855	464	653	525
B9202	1038.998506	1133.996	885	632.0001	785	830.9997
B9203	727	865	765	476	486	469
B9204	2444.9953	2509.002	2536.999	1833.997	1950.00399721	2079.99600014354
B9205	1254	1636	1233	932	815	838
B9206	763	760	878	693	608	603
B9207	467	347	389	182	220	206
B9208	165	119	79	107	95	149
B9209	279	260	250	253	238	238
B921	75	90	193	10	11	37
B9210	1473	1731	1280	1770	1511	1323
B9211	383	421	447	191	238	220
B9212	197	226	262	112	105	88
B9213	165.508	174.229	152.913	103	73.6449	60.6081
B9214	2	1	4	0	1	0
B9215	3984	3932	4315	2974	3228	2965
B9216	697	625.0004	871	271.0001	270	282
B9217	141	193	197	111	90	118
B9218	1551.001	1854.9962	1591.9984	830.9997	954.9996	913.0001
B9219	285.9999	324	331	192	170	171
B922	54	51	66	15	19	19
B9220	1055	1314.001	1608.002	760.9996	881	781
B9221	361.089	324.34	371	298	311	259.18
B9222	1077	1233	1134	772	758	723
B9223	106	77.99996	131	40	35	43.99999
B9224	307	303	255.9999	194.0001	248.0003	186.0004
B9225	326	273	502	112	126	94
B9226	6	19	8	8	6	6
B9227	135.007	187.605	163	55	71.0047	64.0086
B9228	70	86	83	51	54	76
B9229	899	895	1077	497	575	604
B923	24	29	18	20	13	32
B9230	46	47	27	40	31	38
B9231	34	50	65	15	26	23
B9232	1525	2277	1635	737	632	708
B9233	883	626	543	758	773	721
B9234	2016.9	3382.58	3158.61	1021.26	1786.7	1743.97
B9235	1174.15	963.006	882.16	779.486	684.732	514.998
B9236	831	962	776	473	514	559
B9237	976	823	934	191	256	287
B9238	224.0005	260.9999	221	68.99997	94	142.99971
B9239	1244	1515	505	3358	2948	1619
B924	0	0	0	0	0	0
B9240	1077.9966	1195.0002	1523.0031478224	979.9996	435.9996	567.00041
B9241	64	65	92	62	58	49
B9242	41114.997	37699.989	44784.999	51515.991	38167.012	33776.972
B9243	318.0006741	323	253	415.9998721	288.9999	274
B9244	810	1085	1745	469	478	501
B9245	727	595	313	1068	767	584
B9246	173	193	201	97	105	91
B9247	759	736	835	454	576	637
B9248	8	7	14	6	3	2
B9249	345	425	449	437	426	371
B925	0	0	0	0	0	0
B9250	91.0196	107.282	73.014	122.458	80	52.0055
B9251	31	13	35	8	9	16
B9252	304.9999	339	312.0003	199.9996	239	215.0003
B9253	61	56	67	16	36	15
B9254	262	330	273	244	298	305
B9255	167	257	282	188	149	172
B9256	1502	1563	1614	1095	1063	1030
B9257	0	0	3	3	3	5
B9258	955	1018.00247	1459	678.9999	792.0005	810.0001
B9259	392	417	501	231	236	207
B926	158	149	82	291	196	145
B9260	552	660	727	520	456	416
B9261	3009.0025	3021.9975	2824.9954	2623.9989	2613.9966	2400.9956
B9262	998	888	734	522	636	607
B9263	67	64	109	41	57	46
B9264	1103	1018	1410.005	695	637	923
B9265	907.0001987	1032	903	805.0000613	654.000000105973	587
B9266	10	1	27	4	4	7
B9267	1414.54	1849	2067.31	767	1091	981
B9268	881	975	1289	512	394	505
B9269	2054	2178	2184	2019	1970	1940
B927	416	403	449	220	220	282
B9270	234	275	209	243	229	171
B9271	1507	1373	1412	850	978	1041
B9272	172	202	195	211	172	126
B9273	46.3449	49.0018	67.2315	28.7509	25.8175	20.9929
B9274	553	593	565	375	292	320
B9275	621	784	803	875.0003	850.9998	585.0004
B9276	26	16	13	2	3	8
B9277	24	63	38	25	23	15
B9278	327	390	327	147	75	122
B9279	562	862	929	257	332	418
B928	148	94	167	115	111	114
B9280	329	399	320	278	371	274
B9281	89	100	92	60	43	33
B9282	2374	2500	3089	1248	1684	1923
B9283	1334	1586	494	677	464	851
B9284	4679	5014	4003	2619	2676	3173
B9285	1742.999	1378.9978	1896.001599	936.0000612409	890	1231.0023
B9286	1795	1882	1637	545	938	993
B9287	5161.995	4349.005	3640.9998	2643.005	3591.998	3646.998
B9288	703	790	846	259	438	419
B9289	903	1009	993	466	668	505
B929	8511.43034498536	14224.468542885	13566.54911523	10864.97827	6540.91460025904	7473.05839032865
B9290	441	428	344	188	163	210
B9291	11	18	9	0	1	4
B9292	2637.9953	2563.9962	3433.0022	1328.99976	1787.0002	1685.00289
B9293	672	544	674	481	599	581
B9294	660	686	668	382	423	417
B9295	698	713	562	580	437	431
B9296	226.9996	321.0001	304.0001	414.0001	425.0004	347.0001
B9297	40	29	32	10	12	22
B9298	188	162	227	142	99	178
B9299	2236.00090046555	2374.36340319	3187.99615	1050.99982	1420.00065	1402.0000186221
B93	4142	4544	3984	2351	3043	2875
B930	4.64674	10.6562	10.1312	7.39373	5.42083	5
B9300	1957	1915	1505	1084	975	1362
B9301	197	251	281	201	196	150
B9302	1296	1418	1178	809	818	822
B9303	977	1065	874.9998	1200.9971	1014.000404201	782.0002
B9304	5285.99522	4846.0054	4476.994805	4028.99763448	3713.002	3573.9997126
B9305	979.4921	932.771	983.407	658	709.8889	730.907
B9306	736	727	748	264	327	326
B9307	2347	2292	1745	1197	1202	1292
B9308	0	0	0	0	36.3284	0
B9309	1027.3	1867.82	1531.31	674.318	1070.74	1004.55
B931	1793.085	1874.93	2404.63	1030.194	1125.114	1447.905
B9310	181	195	197	76	84	111
B9311	88	132	71	11	0	21
B9312	61	90	76	25	34	54
B9313	55	61	52	54	42	66
B9314	634	701	668	375	303	374
B9315	687	751	618	337	305	353
B9316	448	536	428	349	312	369
B9317	371	380	312	223	246	227
B9318	335	307	237	229	263	226
B9319	684	612	635	460	465	389
B932	3733.2244	4149.349	4863.866	1940.1623	2215.153	2794.883
B9320	670.9999	732.0002	699.9999	1299.9955	1093.0002	1080.0004984778
B9321	34	24	33	10	33	9
B9322	674	710	486	610	538	500
B9323	190	234	204	286	198	260
B9324	213.9999	147.9996	263.9995	66	55	102
B9325	718	616	650	338	409	476
B9326	152	147	152	141	141	121
B9327	2303	2201	1952	1038	1188	1277
B9328	564	563	499	301	319	277
B9329	5448	9383	9266	2590	3951	4507
B933	15.0011	0	5.84736	5.39771	0.868196	0
B9330	25	50	52	18	26	25
B9331	429.9999	338.9997	382.99967	261.9997	215.00004	219.99986
B9332	6054.0004	6097.0048	4939.9968	3329.00129	3239.99656	3674.993
B9333	3939.003	2598	1549.9965	3776	4198.995	3536.0013
B9334	69	91	79	35	57	57
B9335	1031	1020	1122	745	603	605
B9336	476	603	537	507	308	365
B9337	741	693	773	539	594	559
B9338	940.3775	1200.627	1122.005	587	607.365	697.5479
B9339	1549	1613	1460	1262	1225	1222
B934	2386.395	2645.997	2742.999	1302.4085	1440.9985	1907.996
B9340	236	228	278	128	151	160
B9341	259	356	312	147	113	229
B9342	2203	1996	1639	1306	1393	1287
B9343	2481	2667	2704	1315	1245	1021
B9344	2371	2777	3252	826	984	948
B9345	77	70	112	18	21	18
B9346	138.9995	158.0002	117	107	109.00009	87
B9347	413	356	462	176	203	287
B9348	331	383	401	275	292	287
B9349	2671.9956929	2737.0036	3777.0004006	1540.99994	1868.9997319093	1868.0009
B935	4301.697	4969.956	5672.063	2719.215	2602.789	2923.52
B9350	1644	1856	1835	871	955	915
B9351	211	172	191	176	225	126
B9352	372	461	316	345	290	356
B9353	138	143	164	82	94	63
B9354	67	53	46	63	73	60
B9355	397.0004	479	490	221	278.9997	165
B9356	934	761	840	377	393	405
B9357	1638	1956	1189	3661	2574	2227
B9358	690.201	691.685	714	789	618	540
B9359	179.118	116.004	434	95	178.009	174.121
B936	0	0	0	0	0	0
B9360	567.00009	517.0005	892.9998	263.0001	236	208.0002
B9361	886	1043	1185.9982	412.0005	428.0002	412.0004
B9362	6	23	10	13	21	12
B9363	1549	1924	2127	1166	1174	1166
B9364	276	367	258	228	287	282
B9365	0	0	0	0	0	0
B9366	814	966	1219	349	379	419
B9367	892.0004	954	806	473	531	554
B9368	835	962	769	335	437	409
B9369	192	210	167	251	280	183
B937	758.993	854.134	1053.57	473.966	562.815	557.362
B9370	1347	1114	1084	570	830	795
B9371	1934	1737	1761	969	1049.0007	1161
B9372	484	492	615	496	426	382
B9373	3557.005	3454.999	2985.9960155372	2715.999	3106.999	2992.001
B9374	2197	2219	2194	1403	1443	1366
B9375	3148	3265	2372	2854	2927	2282
B9376	877	881	888	606	638	595
B9377	445	564	601	315	382	444.9999
B9378	94	89	122	76	78	34
B9379	918	1034	909	495	601	703
B938	180.599	187	217	161	197.797	120
B9380	1	22	12	3	7	7
B9381	55	106	75	11	27	28
B9382	367	411	399	179	228	204
B9383	3229.0019	3545.999	3474	1704.9969	1659	1990.0027
B9384	170	139	181	79	119	88
B9385	2591	2284	1761	2177	1878	1491
B9386	269	267	356	237	218	241
B9387	1364	1367	1412	1108	1102	1086
B9388	90	104	84	79	119	116
B9389	3	23	41	9	5	24
B939	735	385	384	394	351	316
B9390	356	383	251	153	233	257
B9391	278	368	443	278	273	244
B9392	409	399.9995	286	552.00026	618	409
B9393	733	792	645	714	546	508
B9394	2555	2312.002	3803.997	1084	1322.998	1355.996
B9395	28	23	43	25	14	6
B9396	522	552.000000072455	535	518	515	489
B9397	122	126	158	107	85	100
B9398	310	330	271	187	300	341
B9399	3975.9983	4451.9981	4656.00065	1923.998	2584.9963	2247.9969
B94	498	564	606	224	251	212
B940	654	726	759	323	448.00027	351
B9400	1225	1187	1282	1065	989	827
B9401	494.0003	500.9998	702	127	78	121
B9402	143.9998	142.9995	204.9997	72	78	73
B9403	531	506	543	265	233	295
B9404	94	129	121	85	62	84
B9405	965	1047	929	806	747	780
B9406	141	113	98	195	191	198
B9407	36799.97035	28935.0456	32610.02651	23477.01685	22757.98174	18843.0367
B9408	287	299	271	265	277	235
B9409	225	121	125	261	292	218
B941	262	315	244	178	215	187
B9410	79	86	75	102	97	85
B9411	78	42	33	23	36	49
B9412	3340	3469	2618	4131	3624	2961
B9413	951	1208	1173	650	730	804
B9414	553	665	481	419	470	365
B9415	261	271	162	452	376	342
B9416	1235	1405	1545	1000	976	1024
B9417	558	694	710	337	442	408
B9418	90	119	102	50	50	40
B9419	320.111	329.528	343.095	143.36	183.064	171.341
B942	273	328	305	135	234	240
B9420	110	116	107	53	73	101
B9421	1147	1142	1319	701	909	859
B9422	2039	1454	5477	126	283	368
B9423	2233	1542	1342	1031	1101	1142
B9424	1689.005	1748.999	1661.002	1776.002	1343	1359
B9425	310	384	490	41	74	61
B9426	193	240	304	148	143	155
B9427	291	205	401	57	105	90
B9428	85	78	95	77	54	66
B9429	56	52	45	26	27	22
B943	1492	1134	2121	525	616	547
B9430	642	856	864	307	408	379
B9431	70	53	130	54	35	47
B9432	2187.996	1701	1542.9999	1563.997	1572	1701
B9433	34	22.1459	19	28	29.1737	18
B9434	1789.9996	1942.00063	2341.0039	1454.9971	1449.9976	1566.9971
B9435	221	212	267	110	133	137
B9436	1431	1253	1105	713	832	769
B9437	714.000000144173	686	688	365.9997	408	478
B9438	285	330	333	128	97	127
B9439	1992	2468	2212	1031	1198	1217
B944	165	239	169	266	238	156
B9440	2122	2722	2935	1337	1715	1643
B9441	626	588	570	327	444	431
B9442	3666.03	4810.56	3942.808	2028.901	2774.818	2188.216
B9443	654.9682	753.44099	665.187	476.103	482.183	481.783
B9444	1019	884	914	723	759	712
B9445	753	972	694	560	650	541
B9446	789	966.286	871	706	657	558
B9447	818	757	627	615	560	530
B9448	323.9997	309	208.0003	421	442	317
B9449	288.9703	324.597200270255	326.0005	225.5517	184.846954826	189.587612582
B945	1731	2026	1672	1583	1620	1366
B9450	70.917	38.2048	74.8618	59.4064	30.3763	32.8481
B9451	435.1129	443.1979	545.1388	322.0424	263.7773	285.5641
B9452	9503	11855	14038	5618.99912	6618	6444
B9453	112	90	131	73	113	110
B9454	248.9995	128.0001	192.0003	38	55	55
B9455	1353	1230	1333	432	543	387
B9456	1078	1158	1080	1063	1341	1260
B9457	2182.005	3712	3889	1619	2581	2419
B9458	658	918	935	449	589	446
B9459	432	583	542	118	148	140
B946	3765	3892	1830	11982	11978	7160
B9460	747.9999	816.9996	1063.0001	169	169	238.0001
B9461	1224	1634	1449	668	839	872
B9462	2807	7414	5868	520	825	962
B9463	1647	1454	1470	1356.9967	1496.9962	1310
B9464	72	78	79	41	37	43
B9465	72	87	108	30	21	25
B9466	1192	1442	1232	634	676	627
B9467	274	319	197	210	152	157
B9468	1032	1036	1159	747	522	669
B9469	264	269	242	216	267	179
B947	69	70	105	51	55	53
B9470	762	773	1003	440	528	494
B9471	123	164.0002	226.0002	32	61	37
B9472	3	2	1	0	1	5
B9473	251	218	243	120	139	138
B9474	461	387	396	291	359	345
B9475	936	855	692	451	520	472
B9476	467	415	472	223	257	243
B9477	279	268	269	204	293	153
B9478	450	429	491	167.9997	206	210.9999
B9479	71	65	57	49	56	63
B948	1482	1572	1418	1151	1054	1097
B9480	654	800	405	1013	933	745
B9481	1561.9983	1392.0053	1506.0038	690.9995	680.0004	661.0003
B9482	708	812	751	593	571	589
B9483	5059.0032	6888.9981	8420.997	2874.997	3400.004	3281.0021
B9484	8656.997	9293.002	7772.995	4160.0036	4809.996	4987.995
B9485	521	367	238	615	644	446
B9486	290	401	374	253	270	191
B9487	407	494	562	445	400	316
B9488	2348	2509	2071	1629	1616	1598
B9489	171.0004	238	244	173	155.00035	177.0003
B949	662	492	496	266	275	261
B9490	1285	1229	1078	1204	1217	1099
B9491	919	1062	903	613	670	585
B9492	975	1302	821	959.814	1046.616	978
B9493	626	573.834	617	162	254	274
B9494	79	145	88	94	93	52
B9495	233	274	223	274	269	208
B9496	317	299	339	190	194	177
B9497	700	500	523	395	450	470
B9498	338	325	368	194	235	248
B9499	706	683	681	551	509	547
B95	36	38	28	42	22	22
B950	1119	1082	891	884	681	808
B9500	1055	1138	867	1131	1025	899
B9501	194	167	161	191	163	121
B9502	224	227	220	77	101	122
B9503	205	224	51	724	473	250
B9504	225	196	170	164	126	199
B9505	1080	1212	1096	831	922	1037
B9506	146	151	217	70	62	61
B9507	419	410	323	222	278	281
B9508	0	0	0	0	0	0
B9509	50	69	101	7	13	16
B951	5	7	0	1	1	0
B9510	431	380	387	471	426	347
B9511	16	3	19	8	16	8
B9512	91.00000232	83	137	31.000000946542	50	69
B9513	905	929	850	606	663	708
B9514	3267	2904	3565	2518	2460	2301
B9515	653	854	1022	354	381	370
B9516	322	305	336	284	292	278
B9517	53	45	76	25	13	26
B9518	717	837.0007	957.0006	262.0002	283.0004	345.9999
B9519	7	11	22	0	5	0
B952	64	53	97	35	41	49
B9520	1460	1574	1449	864	798	910
B9521	597	675	728	566	544	551
B9522	613	592	696	455	465	516
B9523	2204.001	2482	1849.0012	3836.999	3413.004	2958.999
B9524	297	339	277	203	229	224
B9525	2383	2361	2170	1274	1430	1540
B9526	356	362	548	255	246	241
B9527	105	46	38	156	105	79
B9528	261	280	305	118	137	174
B9529	5462	5454	4304	2838	3525	3465
B953	280	328	305	293	270	228
B9530	935	1110	987	493	614	603
B9531	91.3907	92.3741	78.8128	35.6669	47.8975	48.8476
B9532	142.609	154.626	115.187	71.3331	53.1025	78.1524
B9533	294	284	251	283	307	278
B9534	378	395	474	300	329	351
B9535	495	625	900	323	367	291
B9536	736	608	599	438	447	519
B9537	340	455	533	133	158	172
B9538	842.003	593.0734	331.0003	487	667.004	607.012
B9539	196	172	196	166	155	126
B954	573	570	541	363	369	389
B9540	1126.00003	1176.0007	1215.99977	1593.0002	1555.0003	1250.00008
B9541	301	289	321	124	121	124
B9542	1251	1917	1119	3485	2110	1868
B9543	32360.033	33189.95998	27350.978	54885.021	49554.01229	35981.97822
B9544	2291.001	2143.996	2094.997	1452.85	1737.001	1575.001
B9545	1295	1334	1244	1018	1030	816
B9546	450	531	454	223	266	275
B9547	678	681	879	281	371	413
B9548	575	497	552	239	264	312
B9549	421	463	519	367	528	367
B955	2033	2431	2588	1033	1326	1134
B9550	888	1237.003	1290.0037	692	842	991
B9551	506	663	553	368	503	466
B9552	1326.27	1317.04	1524.02	910.423	835.64	785.012
B9553	4139	4377	3457	2017	2607	2792
B9554	133	190	110	239	272	152
B9555	298	257.9998	232.00027288	119.9997	139.0004	148.0001
B9556	89	58.000000224346	37.00004	49.00004	73	75
B9557	594	599	631	556	592	471
B9558	1630	1742	1451	1505	1693	1639
B9559	1072	1178	1239	970	790	714
B956	280	271	272	166	168	222
B9560	908	955	795	824	865	794
B9561	142	102	145	61	49	109
B9562	663.707	688.061	590.381	349	352.997	382.311
B9563	1039	1036	1239	402	610	500
B9564	3227	3120	2900	2087	2135	2443
B9565	2779	2942	2707	1521	1678	1584
B9566	932	893	748	877	836	766
B9567	583.293	538.939	602.619	305	273.0025	275.6887
B9568	725	798	941	320	459	408
B9569	655	585	593	455	450	441
B957	113	91	113	55	58	43
B9570	263	318.0003	306	227.0004	224.9995	245.00049
B9571	1165	1210	1209	937	901	881
B9572	109	120	183	152	183	154
B9573	3556.99518	3280	3076.9985026	2479.0000110091	2572.0000215281	2497.0000780135
B9574	660.0004	951.00025993	785.000000729804	385.00047552	349.999784	391
B9575	198	234	223	177	189	231
B9576	636	561	494	472	511	529
B9577	299	323	281	218	246	315
B9578	216.00021	168.0001	184.00023	124	153.0005	183.9999
B9579	2685	2821	1950.995	4646	4007	2927
B958	86	111	96	50	69	47
B9580	5281	5415	4293	3426	3453	3531
B9581	353	356	370	267	289	250
B9582	400	410	353	266	268	255
B9583	281	254	214	159	210	132
B9584	685	1002	904	434	638	557
B9585	3042	2856	2782	2076	2006	1903
B9586	59	61	3	38	22	35
B9587	48	69	94	30	21	26
B9588	656	662	625	478	432	398
B9589	210	240	223	212	175	175
B959	45	42	106	8	21	33
B9590	62	113	52	110	148	93
B9591	425	346	309	462	299	346
B9592	511	311	320	398	356	387
B9593	2057.002	2382	1788.998	1325	1474	1595.998
B9594	174	146	209	154	123	138
B9595	1084	952	976	321.0003	409.0004	350.0004
B9596	525	525	442	345	387	429
B9597	1328	1407	1401	895	900	964
B9598	1188.00190395082	1260.0013	1492.00050124648	400.99983	583.9999	525.9997
B9599	2375	3093	2005	1171	1629	1709
B96	63	56	64	16	16	22
B960	221	290.0004	343	180.9997	241.0000126749	195.9997
B9600	458	503	442	477	492	370
B9601	59	71	125	32	65	55
B9602	3806.99816	4600.0028632	4802.995	1784.998	2199.998	2408
B9603	844	1076	1007	768	760	632
B9604	91	89	77	49	59	63
B9605	2287.9986	2326.9999	1400.99677	1924.9981	1665.9993	1699.0043
B9606	992.37275	1193.254	1334.548	504.304000727526	659.999	710.46239
B9607	952	894	742	379	554	562
B9608	46	66	68	29	39	37
B9609	134.632	108.592	320	23	5	15.0529
B961	10105	9241	11374	10605	8571	7811
B9610	308.188	260.3338	197.5453	194.9939	413.9915	273.841
B9611	16.1793	18.0741	30.4546	1.00601	1.00838	5.10616
B9612	8332.998	7990.9958	6720.0021	11324.03992	9355.0027	7448.998
B9613	1869.004	1833.995	1610.998	934	1031.9995	1026
B9614	247	287	244	148	173	171
B9615	184	185	255	109	158	135
B9616	182	166	153	166	161	117
B9617	739	692.9998	648.0001	729.0001	815.9999	828
B9618	709	629	638	486	651	542
B9619	527	574	642	272	286	299
B962	399	545	679	254	300	380
B9620	3998.37	5128.7	4341.78	2147.879	3257.03	3432.12
B9621	138	164	159	54	117	123
B9622	594	695	385	873	821	744
B9623	180	174	175	137	88	122
B9624	4212	3944	3816	3799	3946	3544
B9625	395.00019	409.99986	435.9995	300.9998	389.9997	378.99988
B9626	1473	1268	1444	1038	969	926
B9627	249	257	86	153	139	167
B9628	298	405	362	143	171	183
B9629	1075.0014	1077.0002	880.0002	731.0001	704.9998	731.9997
B963	790	774	929	393	354	374
B9630	14479.98787	16197.95227	17376.00871	17865.9683	17131.9573	15265.031
B9631	3893	3972	3263	2337	2846	2755
B9632	236	205	73	959	592	417
B9633	3979.999	4535.001	4591.002	2863.003	2994.999	3063.999
B9634	1028	904	533	1036	1154	978
B9635	229	303	294	111	129	95
B9636	1591	1612	1613	1030	1207	1082
B9637	668	611	930	404	445	375
B9638	1285	1413	1011	1815	1694	1136
B9639	1328	1167	992	353	558	603
B964	774	753	710	613	658	566
B9640	1351	1785.94	1701	1003	1000	908
B9641	462	561	591	345	371	340
B9642	1815	1756	1631	1369	1385	1260
B9643	24	26	30	22	12	16
B9644	1495	1617	962	3156	2539	1670
B9645	3	1	5	0	0	0
B9646	29	29	7	11	19	0
B9647	314	404	694	95	95	187
B9648	17	21	20	17	31	12
B9649	1057	906	1063	591	483	412
B965	536	545	460	271	281	305
B9650	2541.99834	2305.00359	1895	1852.99995	1701	1468
B9651	986	1057	746	1091	1305	1174
B9652	528	440	411	310	370	430
B9653	1004	1047	786	1011	918	913
B9654	625	733	719	445	380	419
B9655	752	766	928	399	544	531
B9656	696	778.0003	909	365.9997	433	489
B9657	211	198	155	86	69	87
B9658	72.00001	79.00002	143	5	15	18
B9659	1496	2011	1370	1927	1780	1838
B966	7478	7679	3836	17768	13786	9625
B9660	1254	1452	1296	802	841	894
B9661	444	434	418	224	239	282
B9662	140.9996	157.0160848543	102	105.99985	201.0004	101
B9663	1119.9963	1501.9991	1332	1239.005	757.0001	942
B9664	7109.4949	9675.0017	11521	3139.003	3647.99598	4495.004
B9665	1642.9986	1059.0003	1469.0005	1079.9996	1112.9994	1273.9997
B9666	266	266	466	218	354	233
B9667	573	649	473	457	615	506
B9668	72	87	78	97	101	103
B9669	324	341	282	194	248	267
B967	6938	6821	6327	4569	4454	3894
B9670	118	91	92	43	50	44
B9671	1	1	0	0	0	7
B9672	471	487	514	398	412	476
B9673	1507	1859	1162	2279	2141	1589
B9674	8	3	15	10	21	2
B9675	1360.2955	1467.9982	1329.0045	464.9996	601.97009	572.02909
B9676	288	298	161	188	192	190
B9677	1259.0011	1329.001	1324.9998	1187	1178.9998	1360
B9678	232	316	492	115	77	181
B9679	1060	1136	1112	702	612	695
B968	1736	1723	1362	844	926	915
B9680	504.9996	504.9995	475.00015	298.99977	377.00022	346.99965
B9681	975.0004	1167.002	997.0001	420	453.0004	537
B9682	6	9	3	0	0	0
B9683	1044	1220	1221	406	552	552
B9684	113	94	76	77	96	94
B9685	416	361	433	325	350	313
B9686	524	649	1028	622	1206	1061
B9687	2228.9955888	2476.00405716	2504.998275998	1132.00073	1268.00054	1314.99950665785
B9688	157	164	194	63	73	126
B9689	3629	3976	3035	2942	2886	2948
B969	991	1298	772	1220	1267	1062
B9690	306.964	309	317.272	198.438	173	169
B9691	664	663	492	285	311	315
B9692	110	111	88	41	66	47
B9693	2129	1751.68	2176	1451	1305	1452
B9694	453	533	448	352	364	308
B9695	219	215	234	141	161	115
B9696	8644.99789	8662.99844	8171.997	5787.0014	6549.0025	5848.999
B9697	328	293	300	171	160	205
B9698	896	795	905	575	649	653
B9699	386	492	287	811	583	561
B97	511	778	380	908	844	516
B970	235	293	276	110	129	135
B9700	59	97	66	66	35	42
B9701	1309	1296	1274	1093	905	859
B9702	181	181	246	82	114	88
B9703	812	765	991	529	582	553
B9704	408.915	409.501	538.914	223.0956	318.509	295.7466
B9705	319	327	416	121	131	189
B9706	26.99997	12	34	7	10	15.0028
B9707	42	33	25	19	0	13
B9708	1429	1552	1082	1569	1442	1350
B9709	892.0002	960.0002	968.9997	468	467.0003	530
B971	3	0	0	0	0	2
B9710	159	170	170	75	67	83
B9711	610.677	557.772	592	611.683	448	394
B9712	164.3228	94.2283	114	66.3174	74	74
B9713	734	841	637	904.0004	913.0003	823.9995
B9714	1385	1283	1124	1138	1014	1053
B9715	24259.958	20701.95899	12155	57495.0266	41572.9618	28841.9899
B9716	2241	2033	2443	1253	1499	1674
B9717	1209	595	541	625	712	636
B9718	657	603	430	672	552	499
B9719	152	176	163	161	191	134
B972	2142	2212	2782	1124	1223	1213
B9720	988	895	489	1462	1164	1021
B9721	813	607	504	755	743	605
B9722	293	360	283	327	346	243
B9723	603	594	511	387	403	430
B9724	916.0004	965.9997	756.0002	971.0004	785.9998	773.9997
B9725	989	1031	999	894	865	883
B9726	398	495	557	275	243	281
B9727	77	47	89	48	40	45
B9728	1420	1175	902	771	966	886
B9729	907	974	1284	435	574	504
B973	572.0004	470.9996	472.9999	381.0004	375.9997	397
B9730	3608	3011	2043	1510	1878	2133
B9731	85	84	114	39	39	78
B9732	575.081	644.946	487.774	451.857	459.659	572.071
B9733	1316.998	1291.997	1333	1030	1057	941
B9734	541	562	575	402	370	334
B9735	230	284	343	228	172	194
B9736	366	323	319	356	261	206
B9737	648	670	593	430	462	459
B9738	3097.27	2971	1814.76	2420.14	2458.89	2609.31
B9739	3488.698	3322.85	2972.916	4139.93	3349.81	3027
B974	694	847	606	932	740	631
B9740	312	355	252	541	424	277
B9741	746	699	730	693	579	578
B9742	37	64	78	35	15	38
B9743	1911	1757	1992	1053	1133	1136
B9744	81	110	79	84	103	110
B9745	1558.005	2088	2269	290	321	411
B9746	15	16	28	6	2	5
B9747	149	167	173	129	89	128
B9748	289.0001	194.999563	256.0001	141.9999	140	198.00022
B9749	1040	854	590	956	666	590
B975	825	1040	609	1198	1180	1120
B9750	4	3	0	0	4	0
B9751	1404	1428	1470	1195	1171	1093
B9752	3810	5173	5214	2825	3147	2597
B9753	429	539	471	179	256	222
B9754	71	40	33	35	36	27
B9755	1150	1480.03	1531.06	721	787.852	721.408
B9756	1636	2139.972	1949.943	1001	1154.149	1048.592
B9757	830	813	771	351	407	404
B9758	795	851	689	1166	1107	978
B9759	93	89	76	63	76	55
B976	3057	2958	3085	1804	2082	1901
B9760	462	547	537	244.0002	211.00039948	319.9996
B9761	713	773	712	514	465	463
B9762	790.0002	909.0002	1108.0043	478.99977	566.0002	554.99964
B9763	1285	1266.00485	1368	730	589	708.999948061
B9764	2575	2826	3364	1947	2134	1943
B9765	54	46	83	37	28	44
B9766	57	55	64	40	51	65
B9767	913	1068	969	619	635	591
B9768	0	0	2	0	0	0
B9769	4	2	4	5	1	3
B977	273	161	619	28	58	48
B9770	26933.95	28536.99	27602.04	22112.924	21011.98	21158.9569
B9771	1203.7981	1205.951	1166.265	655.332	761.9998	534.0558
B9772	2033	2377	1824	1894	1603	1661
B9773	82	98	123	36	37	33
B9774	1046	1142	1030	704	706	681
B9775	2959	3046	3098	2573	2506	2369
B9776	1170	1260	963	830	1510	1418
B9777	469	356	278	580	544	459
B9778	846.019	1021.59	927.829	645.399	627.123	620.482
B9779	1263.005	1433.997	1784.998	814.00013	735	715.9999
B978	1069	1122	878	441	455	449
B9780	342	391	310	248	288	297
B9781	712	797	575	415	389	432
B9782	7096	8342	9189	6904	6743	5716
B9783	41	27	49	31	16	24
B9784	9	2	9	1	8	0
B9785	4855	6079.86	5672	3617	3591	3420.82
B9786	894	914	1095	529	450	628
B9787	543	516	417	202	393	277
B9788	570	699.73	490	697	612.298	559
B9789	73	86	53	29	33	49
B979	179	288	371	62	87	102
B9790	783	780	736	444	405	500
B9791	174	145.27	195	86	93.702	139
B9792	240	296	354	129	155	185
B9793	177	193	187	76	86	87
B9794	1018.9997	1054.00332	1229.9964	872.9999	912.9999	1205.998
B9795	294	317	308	212	218	205
B9796	4326.997	5163	3587.9993	4816.998	4074.004	3448.996
B9797	1038	770	665	682	653	604
B9798	856.913	813.392	869	483.713	513	441
B9799	122	114	113	55	57	48
B98	1203.004	1275.0036	1290.001	721	742	741.0003
B980	389	389	330	390	307	272.9998
B9800	12	18	23	6	10	2
B9801	846	751	778	424	565	551
B9802	97	52	44	77.99995	111	95
B9803	953	816	989	761	703	659
B9804	531	537	578	216	282	270
B9805	618	842	993	42	86	103
B9806	0	0	0	0	0	0
B9807	173.303	245.135	145.23	263.041	176.602	109.545
B9808	275.697	335.865	170.77	221.959	170.398	112.455
B9809	1119	927	966	811	743	629
B981	360	398	365	136	191	231
B9810	398.9999	519	248	615.0003	423	470.0000907
B9811	0	1	10	5	3	4
B9812	629	759	746	315	323	341
B9813	337	423	315	463	465	444
B9814	2419	2164	2023	1618	1993	2058
B9815	15	17	11	4	3	10
B9816	10	12	11	15	4.02966	6
B9817	750	884	703	800	917	935
B9818	337	275	244	242	261	255
B9819	425	443	499	177	262	339
B982	236	240	282	110	167	180
B9820	735	737	630	535	548	359
B9821	662.727	798	571.493	354	433	453
B9822	451	373	368	371	339	334
B9823	510	615	588	304	428	372
B9824	775.9996	694.9999	533.9997	512.9996	485.9998	495.9997
B9825	567	487	616	293	350	347
B9826	1382	1134.47	894	964	1198.58	1247
B9827	320	284	230	219	300	263
B9828	3035.09	2409.07	2201	1580	1967.08	2231.17
B9829	126	106	128	42	69	65
B983	3658	4039	2674	4070	4484	3833
B9830	33	26	32	9	20	11
B9831	1121	1413.9992	1517.9988	489.9998	559.000000021198	491
B9832	7221	7073	5063	4264	4593	5267
B9833	879	1110	1142	569	665	601
B9834	324	289	271	330	232.9999	216
B9835	506	497	482	221	319	291
B9836	754.9927	660.3046	822.8986	348.3949	332.1259	362.2903
B9837	146.008	130.696	108.101	144.605	75.8742	144.71
B9838	161	267	265	144	153	148
B9839	136.5112	179.458	89.8227	115.6718	133.6021	120.1922
B984	615	519	499	834	857	548
B9840	35.4888	49.5416	21.1773	29.3282	22.3979	18.8078
B9841	58	65	51	41	42	32
B9842	3077	2774	2114	1249	1642	1327
B9843	541	615	542	240	276	309
B9844	1443	2121	1841	933	1320	945
B9845	226	221	186	160	151	172
B9846	201	202	275	118	156.248	154
B9847	11220.999	12686.959	13311.01	3930.00198	4701	4792.998
B9848	4255	3859	3093	4733	4253	4374
B9849	3523	3296	2910	2437	2407	2345
B985	247	254	316	209	155	126
B9850	125	57	92	5	16	26
B9851	185	219	258	242	281	221
B9852	198	241	164	122	74	118
B9853	264	244	197	276	197	205
B9854	2179.003	1872.996	1804.005	1859.997	2081.004	1809
B9855	1091	895	1050	479	519	593
B9856	1913	2935	2655	1190	1210	1356
B9857	903	1058	734	614	546	626
B9858	666	646	787	445	430	485
B9859	1402	1489	1207	217	312	339
B986	2840	2707	2900	3168	2951	2575
B9860	1266	2150	1996	491	799	906
B9861	530	578	636	324	328	373
B9862	5	7	7	1	5	1
B9863	816	753	806	510	547	612
B9864	4922	5390	3887	2956	3349	3469
B9865	601	715	803	363	480	444
B9866	263	254	297	91	105	114
B9867	695	854	962	158	299	231
B9868	367	337	365	203	174	204
B9869	132	146	199	148	120	168
B987	58	72	55	52	30	70
B9870	37	36	34	19	17	27
B9871	72	23	58	23	31	44
B9872	451	442	509	241	285	317
B9873	343	363	322	251	302	186
B9874	43	44	38	55	44	58
B9875	116	151	54	705	448	179
B9876	291	291	232	482	347	330
B9877	1482	1643	1382	1074	1139	1100
B9878	523	457	454	486	597	373
B9879	455	474	520.9996	295	311	315.0003
B988	11879	16940.9749	13668.9844	6026.9948	8396.99802	10035.0047
B9880	57	64	47	6	23	14
B9881	28	31	80	12	11	8
B9882	1	0	2	0	2	0
B9883	537	602.0005	576	320	337	402
B9884	2	7	11	5	0	9
B9885	310	254	288	248	228	200
B9886	213	214	194	186	114	127
B9887	1084	1096	1091	609	665	677
B9888	117	170	93	81	125	112
B9889	1494	1496	1306	1022	1024	1089
B989	577	629	666	214.9999	351	275
B9890	1056	1119	909	922	869	824
B9891	378	294	357	242	253	245
B9892	1167	1014	933	1002	832	702
B9893	404	438	317	315	321	248
B9894	1154	1166	1600	707	827	759
B9895	271	301	264	153	167	180
B9896	1179	1380	1224	840	735	949
B9897	516	555	486	409	351	437
B9898	58	79	106	10	44	61
B9899	2350	2037	2119	1756	1871	1776
B99	484.953	320.554	244.562	456.623	330.135	552.506
B990	1476	1384	1345	1506	1181	1261
B9900	18	20	11	29	20	30
B9901	846	798	724	538	747	617
B9902	300	265	261	148	174	201
B9903	0	0	0	0	0	0
B9904	93	91	147	45	82	78
B9905	234.0004	196.0002	182.00040659624	288.000148963	268.0004	238.0005220235
B9906	180	214	206	72	141	97
B9907	127	122	172	105	96	87
B9908	280	264	349	196	124	186
B9909	17098	16473	14039	7016	9331	10760
B991	505	605	362	607	547	458
B9910	123462	125864	126654	62158	79438	72108
B9911	40	58	57	26	38	25
B9912	1533	1937.003	1741.996	797	1013	1056
B9913	823	857	926	664	655	664
B9914	564	507	451	276	330	279
B9915	19828.03781	22141.9601363	17524.9800124126	16781.010253659	17186.9900250746	16296.9644609
B9916	10	4	2	2	12	3
B9917	17377	16413	13510	6318	8942	9883
B9918	3035	2707	2414	2440	2620	2155
B9919	38504.024	38190.964	38264.971	29078.03	29852.957	25915.0197
B992	1096	903	706	375	491	662
B9920	426	448	580	176	240	291
B9921	16	9	24	13	1	11
B9922	2204	2080	1801	1144	1258	1330
B9923	1837	2498	2608	969	875	866
B9924	1832	1611	2269	1235	1502	1164
B9925	49	44	100	22	22	42
B9926	510	455	554	458	442	457
B9927	535	685	787	525	671	625
B9928	255	164	217	100	127	175
B9929	149	150	183	131	162.00004	134
B993	1120	1337.004	1262.003	973	925	927
B9930	151	171	192	57	63	53
B9931	2274	2696	2394	1383	1512	1571
B9932	61	36	21	23	13	16
B9933	5559.003	4718.00272	6731.9971	3824.00459	4202.00006	4500.00495
B9934	781.348	990.146	987.294	368.74	497.305	449.802
B9935	65	92	169	76	78	66
B9936	420	468	447	214	241	281
B9937	880	924	968	661	570	570
B9938	1583	1671	1424	1338	1456	1185
B9939	442.9999	673.0001	256.00028	1506.997	1326.0044	968.9997
B994	1703.5205	1747.996	1295	948.9995	1160.0005	1136.9967
B9940	1220	1704	1923	732	1100	1267
B9941	1295	1362	1232	816	787.9999	816
B9942	621	566	626	441	578	547
B9943	593	709	662	331	340	341
B9944	681	814	729	380	488	452
B9945	529	651	287	1018	752	604
B9946	338	446	399	243	195	318
B9947	145	125	55	58	63	98
B9948	94	99	135	93	79	55
B9949	399.112	458.466	432.393	191.842	218.051	210.021
B995	1269	1389	1107	1211	1129	1102
B9950	0	1	1	0	0	0
B9951	0	0	0	1	0	0
B9952	0	0	0	0	0	0
B9953	568.888	515.534	436.607	283.158	279.949	337.979
B9954	713.0302	849.2902	573.517	1074.721	1070.826	859.9713
B9955	3665	3847	3085	4587	4001	3602
B9956	1804	1882	1657	1074	1001	1196
B9957	1920	2325	2042	1250	1258	1320
B9958	478.215	547.943	403.081	310.9	277.708	324.945
B9959	256	397	382	130	100	117
B996	173	124	136	101	133	131
B9960	20	17	12	30	33	8
B9961	934.408	842.306	865.797	762.37	859.7313	756.387
B9962	427.787	458.241	251	255	304	225.701
B9963	262	258	189	168	178	175
B9964	292	333	367	163	176	198
B9965	14	24	35	14	13	12
B9966	113	129	98	72	89	62
B9967	69	75	89	57	60	40
B9968	88	87	121	75	85	80
B9969	768	798.999899	816	503	606.000000658806	571.0000305864
B997	134	121	75	95	84	55
B9970	2119	1817	1737	833	1066	1329
B9971	465	599	551	274	301	335
B9972	2038.377	2021.220554	1769.442	3414.448	2904.23	2091.0578
B9973	418.0002	422.9999	412.0001	302.9996	323.9995	302.00021
B9974	3187.996	4330.996	3960	2161.005	2330	2212
B9975	218	165	201	175	116	160
B9976	33	47	44	12	25	25
B9977	1339.9997845	1264.000367	1316.99909067	592	580.0002	690.000000053691
B9978	357.283	305.182	353.822	329.048	427.285	296.62
B9979	268	240	278	101	99	101
B998	160.0001	164	248.0004	120	132.9995209	151.999715
B9980	31	22	29	4	12	8
B9981	785.0008	674.0002	703.0001	693.9996	888	680.9998
B9982	945	985	937	447	554	611
B9983	125	137	112	139	140	75
B9984	1033	1343	1329	639	743	763
B9985	120	113	117	99	99	107
B9986	577	572	588	358	347	472
B9987	202	168	163	146	167	169
B9988	2245	2140	1556	1334	1399	1429
B9989	167	220	166	66	79	103
B999	422	435	390	393	293	258
B9990	272	286	299	189	132	149
B9991	246	293	316	165	149	203
B9992	135	188	159	94	64	74
B9993	977	1028	1180	368	469	540
B9994	304.9995	312.00048	295.0003	143.99982	136.00024	105
B9995	754	912	918	482	537	542
B9996	567	529	469	615	559	484
B9997	226	181	163	83	122	86
B9998	157	93	145	41	83	108
B9999	151	152	119	132	114	126
PB.1	290	359	214	294	180	133
PB.10	1	2	1	282	912.00043	20
PB.11	135	180	90	135	272	80
PB.12	39	34	34	54	47	40
PB.13	0	0	0	0	0	0
PB.2	46.99999	79	71.99999	33	47	39
PB.3	317	248	265	194	237	217
PB.4	1465.995	1425.0004	1419.999	1050.9998	953.2991	1070.9996
PB.5	47	28	29	40	20.00004	39
PB.6	1068.9	868.9	1077.04	845.11	963.562	866.603
PB.7	2361.1029	2047.0962	2006.964	1824.887	1529.1406	1699.3975
PB.8	54	64	120	13	18	38
PB.9	101	26	139	21	70	53
transcript/13619	2	0	0	0	6	0
transcript/14733	21	10	6	7	11	9
transcript/17394	1	2	2	3	4	14
transcript/17793	52	37	33	33	63	18
transcript/18299	11	24	4	51	145	14
transcript/1886	1	2	7	8	0	0
transcript/18935	87	167	124	149	118	60
transcript/20147	505	237	398	155	219	250
transcript/20180	56	72	15	37	20	34
transcript/20678	460	535	227	353	317	226
transcript/20815	52	31	15	65	30	20
transcript/21189	2	0	0	0	0	0
transcript/2121	1	11	0	0	1	5
transcript/21872	11	11	9	14	16	2
transcript/22146	4	14	17	23	18	4
transcript/22561	54	8	525	92	55	37
transcript/23497	72	36	53	75	76	57
transcript/23717	2	3	3	5	2	9
transcript/24200	17	11	2	24	11	7
transcript/24516	36	19	44	14	14	7
transcript/24584	4	17	3	17	3	3
transcript/24658	5	9	16	103	171	13
transcript/25189	25	10	1	8	0	5
transcript/25262	25	15	13	14	14	16
transcript/26263	147	100	74	81	52	47
transcript/2638	173	164	120	183	93	70
transcript/27920	35	61	49	77	79	27
transcript/28199	28	173	40	2	7	2
transcript/28222	23	22	17	14	19	19
transcript/28302	0	0	0	0	0	0
transcript/28460	29	30	4	15	3	22
transcript/29069	26	69	29	47	58	13
transcript/29721	15	68	7	5	37	10
transcript/31225	46	60	40	42	28	26
transcript/32184	36	34	31	70	89	72
transcript/32750	17	32	6	46	53	6
transcript/34313	5	3	5	3	7	3
transcript/34455	18	15	14	21	15	7
transcript/35815	20	49	20	69	45	3
transcript/36021	25	63	55	91	61	27
transcript/37084	2	12	0	6	3	5
transcript/37500	17	12	12	29	19	4
transcript/3928	0	3	0	13	1	2
transcript/39337	13	16	51	71	30	19
transcript/39605	6	9	7	11	8	2
transcript/40172	14	27	4	37	12	14
transcript/40199	13	167	26	16	33	10
transcript/40886	17	19	8	24	7	8
transcript/41484	3	0	3	12	2	0
transcript/41764	29	23	3	19	22	14
transcript/42108	32	40	145	90	50	25
transcript/43005	115	93	74	96	63	64
transcript/43354	0	0	0	2	57	0
transcript/44094	110	124	43	104	65	72
transcript/44137	30	13	12	35	23	10
transcript/44656	2	1	19	3	40	39
transcript/45308	3	0	0	4	6	13
transcript/45931	0	0	0	66	138	5
transcript/46473	0	0	0	0	0	0
transcript/46721	0	0	0	1	0	2
transcript/46834	3	0	2	125	8	5
transcript/47332	6	0	5	11	1	0
transcript/47458	10	23	0	10	9	2
transcript/47817	35	16	7	25	11	4
transcript/48097	2	0	0	24	15	3
transcript/48520	114	110	60	72	71	36
transcript/48865	27	30	19	27	25	27
transcript/49320	4	108	1	16	1	11
transcript/49622	7	25	23	14	52	7
transcript/50296	18	3	3	22	41	17
transcript/50631	0	0	11.05	11.3755	11.05	6.82532
transcript/51230	45	40	14	27	19	15
transcript/51666	0	0	0	0	0	0
transcript/5249	36	20	14	28	29	5
transcript/52621	0	0	1	1	8	2
transcript/52779	0	1	1	2	6	0
transcript/53318	6	4	0	2	4	11
transcript/53617	0	3.85038	0.94999	0	2.9342	0
transcript/54485	0	6	0	0	0	0
transcript/55592	5	10	0	6	1	3
transcript/55921	0	0	1	0	0	0
transcript/55990	17	25.1496	0	12.6245	2.01579	9.17468
transcript/56077	499.988	526	450	395.982	469	524
transcript/56329	0	0	0	0	0	0
transcript/56368	0	0	0	0	0	0
transcript/56383	0	0	0	0	0	0
transcript/56388	0	0	0	0	0	0
transcript/56389	0	0	0	0	0	0
transcript/56390	0	0	0	0	0	0
transcript/56392	0	0	0	0	0	0
transcript/56393	0	0	0	0	0	0
transcript/56394	0	0	0	0	0	0
transcript/56395	0	0	0	0	0	0
transcript/56396	0	0	0	0	0	0
transcript/56397	0	0	0	0	0	0
transcript/56398	0	0	0	0	0	0
transcript/56400	0	0	0	0	0	0
transcript/5650	15	18	8	4	5	2
transcript/5822	1	0	1	0	5	5
transcript/6618	9	11	9	112	6	6
transcript/7421	0	0	0	0	0	0
transcript/7454	1010	475	661	921	660	447
transcript/8276	17	32	28	50	24	8
transcript/9539	9	7	17	3	7	0
transcript/9660	39	36	16	28	4	22
