Gene_ID,Gini_Importance_Score
ENSBTAG00000027477,0.012344975605470154
ENSBTAG00000032183,0.010783647175395112
ENSBTAG00000010948,0.010451708686411215
ENSBTAG00000007666,0.010431561770297824
ENSBTAG00000002580,0.009960991348429678
ENSBTAG00000008950,0.009274470588235294
ENSBTAG00000005404,0.008923452679619942
ENSBTAG00000011810,0.007951453370594736
ENSBTAG00000054324,0.007631339089912281
ENSBTAG00000007888,0.0075080434502827025
ENSBTAG00000009752,0.007504612068965517
ENSBTAG00000015297,0.0074422843048209085
ENSBTAG00000048135,0.007386568787414172
ENSBTAG00000006907,0.007169667849172969
ENSBTAG00000047632,0.007044527552400271
ENSBTAG00000011037,0.006949417735407387
ENSBTAG00000021993,0.0069239104533859
ENSBTAG00000001735,0.006796861959425312
ENSBTAG00000014042,0.006647014908631226
ENSBTAG00000000855,0.006588684665664778
ENSBTAG00000052677,0.006534181654499352
ENSBTAG00000004023,0.00626627336458318
ENSBTAG00000003826,0.0060370248069991535
ENSBTAG00000002299,0.005948584406067802
ENSBTAG00000001303,0.005638316761363637
ENSBTAG00000055240,0.005630110880110881
ENSBTAG00000014199,0.005616352075344011
ENSBTAG00000026919,0.0055323523060790145
ENSBTAG00000051681,0.005514917355371901
ENSBTAG00000038048,0.0054879777996783
ENSBTAG00000025405,0.005249683813695254
ENSBTAG00000046076,0.005189049432323157
ENSBTAG00000015298,0.005173780959752322
ENSBTAG00000010652,0.005066916621416864
ENSBTAG00000017958,0.005062421387226847
ENSBTAG00000014602,0.004978802541544478
ENSBTAG00000014375,0.004935310762792325
ENSBTAG00000013801,0.004837520161290322
ENSBTAG00000047700,0.004831213112857132
ENSBTAG00000003601,0.004742051920997154
ENSBTAG00000004580,0.0047336231762582495
ENSBTAG00000031582,0.004587410190615836
ENSBTAG00000019552,0.004572981105556462
ENSBTAG00000015708,0.004534077079107505
ENSBTAG00000039292,0.004455714151556147
ENSBTAG00000000782,0.0043823136818687426
ENSBTAG00000024044,0.004332343048656413
ENSBTAG00000006357,0.004273404015339499
ENSBTAG00000050392,0.004271379209679935
ENSBTAG00000017683,0.004207445914962203
ENSBTAG00000036154,0.004141013932240415
ENSBTAG00000019437,0.004041552176583397
ENSBTAG00000026111,0.004022595126896203
ENSBTAG00000003794,0.0039788627157524
ENSBTAG00000014523,0.003960660023590483
ENSBTAG00000015655,0.0039479750880396505
ENSBTAG00000019406,0.0038764705882352946
ENSBTAG00000003434,0.0038663838812301164
ENSBTAG00000026489,0.003851144024088321
ENSBTAG00000019524,0.0037523326572008113
ENSBTAG00000023028,0.003722923666018132
ENSBTAG00000043953,0.003647217573465038
ENSBTAG00000051134,0.003637834224598931
ENSBTAG00000044063,0.0036372257053291536
ENSBTAG00000030575,0.0036265483708774154
ENSBTAG00000017685,0.0036253531638147027
ENSBTAG00000017242,0.003599346469627174
ENSBTAG00000009994,0.0035346130281417856
ENSBTAG00000050723,0.003528083491461101
ENSBTAG00000011586,0.0035212074303405567
ENSBTAG00000030423,0.003427272727272727
ENSBTAG00000050485,0.0034057235144663526
ENSBTAG00000001710,0.0033985813782991202
ENSBTAG00000008576,0.0033868870523415984
ENSBTAG00000016124,0.0033784112599559253
ENSBTAG00000054236,0.0033665209353120206
ENSBTAG00000046584,0.003304353005865103
ENSBTAG00000003675,0.003304186432637571
ENSBTAG00000000964,0.003289156698173253
ENSBTAG00000047707,0.003287414120264346
ENSBTAG00000008852,0.003278587642851927
ENSBTAG00000015177,0.003276125173246567
ENSBTAG00000008366,0.003275464385055631
ENSBTAG00000021358,0.0032662756182472324
ENSBTAG00000007388,0.0032585660282258067
ENSBTAG00000030792,0.003192649727767695
ENSBTAG00000011424,0.003179279279279279
ENSBTAG00000006017,0.003177387461978708
ENSBTAG00000044204,0.0031647202797202797
ENSBTAG00000050573,0.0031631276014568157
ENSBTAG00000020315,0.003122670582418332
ENSBTAG00000019961,0.003095810039764941
ENSBTAG00000032122,0.0030865422806828293
ENSBTAG00000022155,0.0030774893543275895
ENSBTAG00000019347,0.003068992562542258
ENSBTAG00000016446,0.003062404850705577
ENSBTAG00000009742,0.0030562205576286235
ENSBTAG00000050105,0.003041304347826087
ENSBTAG00000054572,0.003032058594762769
ENSBTAG00000024809,0.0029772646316726862
ENSBTAG00000019948,0.0029448183290405857
ENSBTAG00000016442,0.002932806133219992
ENSBTAG00000019979,0.002919992254966503
ENSBTAG00000014666,0.0029120881233741774
ENSBTAG00000014597,0.002874888582342954
ENSBTAG00000013702,0.0028575431034482753
ENSBTAG00000009786,0.002818653664674426
ENSBTAG00000021777,0.0027868761075477916
ENSBTAG00000007693,0.002750365152402012
ENSBTAG00000009663,0.0027405346853388666
ENSBTAG00000026676,0.0027256646764337927
ENSBTAG00000037508,0.0027253832246037033
ENSBTAG00000000357,0.0026878589338209503
ENSBTAG00000013631,0.002682045454545455
ENSBTAG00000018043,0.0026229469147005446
ENSBTAG00000020080,0.0025828267197884705
ENSBTAG00000016590,0.002555362257390655
ENSBTAG00000019229,0.002542263344300204
ENSBTAG00000004046,0.0024628787878787878
ENSBTAG00000051039,0.0023791150740502965
ENSBTAG00000024115,0.0023660669975186103
ENSBTAG00000000042,0.0023585084492285303
ENSBTAG00000009156,0.0023424613206593182
ENSBTAG00000003544,0.0023323502722323052
ENSBTAG00000040088,0.00229974412588101
ENSBTAG00000054330,0.0022958341286505065
ENSBTAG00000018464,0.002275099037917374
ENSBTAG00000019036,0.0022576064627624886
ENSBTAG00000006490,0.0022258739414836976
ENSBTAG00000005501,0.002210045185772602
ENSBTAG00000013274,0.0022055333439948825
ENSBTAG00000038141,0.002196978021978022
ENSBTAG00000018342,0.002191669626657595
ENSBTAG00000001101,0.0021220822281167112
ENSBTAG00000020957,0.0020867728849047963
ENSBTAG00000015707,0.002081943454716023
ENSBTAG00000000052,0.0020397860962566845
ENSBTAG00000005250,0.002
ENSBTAG00000051879,0.0019981076989619376
ENSBTAG00000011059,0.0019695311695962915
ENSBTAG00000031631,0.001961053328919241
ENSBTAG00000026497,0.001958218281750965
ENSBTAG00000008279,0.0019579430698903055
ENSBTAG00000032132,0.001913014364015905
ENSBTAG00000026340,0.001903938167096062
ENSBTAG00000053735,0.0018912098930481283
ENSBTAG00000018004,0.0018758620689655172
ENSBTAG00000014486,0.001873873873873874
ENSBTAG00000016229,0.001873627968985147
ENSBTAG00000008365,0.001872391659503156
ENSBTAG00000050871,0.001870769230769231
ENSBTAG00000005378,0.0018397232843504771
ENSBTAG00000030520,0.001809622582727094
ENSBTAG00000004297,0.0017988694058902787
ENSBTAG00000003915,0.0017609108159392791
ENSBTAG00000051412,0.0017609108159392791
ENSBTAG00000003449,0.0017599999999999998
ENSBTAG00000013869,0.0017599999999999998
ENSBTAG00000030190,0.0017586206896551726
ENSBTAG00000001032,0.0017543859649122807
ENSBTAG00000020598,0.0017525869269159717
ENSBTAG00000018164,0.0017525869269159717
ENSBTAG00000018965,0.0017514792899408285
ENSBTAG00000008816,0.0017514792899408285
ENSBTAG00000012182,0.0017514792899408285
ENSBTAG00000011824,0.001746623242465238
ENSBTAG00000048030,0.001746623242465238
ENSBTAG00000038397,0.001741178281089183
ENSBTAG00000002036,0.0016549110889247807
ENSBTAG00000004674,0.0016525735294117647
ENSBTAG00000000793,0.0016525735294117645
ENSBTAG00000008654,0.0016516129032258064
ENSBTAG00000020203,0.0016516129032258064
ENSBTAG00000015197,0.00165
ENSBTAG00000026748,0.0016391582713492139
ENSBTAG00000018527,0.00163892592351717
ENSBTAG00000009494,0.001637543794947446
ENSBTAG00000012498,0.001637543794947446
ENSBTAG00000052511,0.0016333333333333332
ENSBTAG00000010128,0.0015701091373505167
ENSBTAG00000010978,0.0015652567938045307
ENSBTAG00000054686,0.001550802139037433
ENSBTAG00000019385,0.00155
ENSBTAG00000051760,0.0015483870967741935
ENSBTAG00000022360,0.0015473559844756599
ENSBTAG00000010661,0.0015308101173020527
ENSBTAG00000040103,0.0015308101173020527
ENSBTAG00000013614,0.0015299372668978605
ENSBTAG00000003986,0.001528181818181818
ENSBTAG00000053924,0.001524201677939646
ENSBTAG00000045806,0.0015233057851239671
ENSBTAG00000019707,0.0015219334719334717
ENSBTAG00000043973,0.0015104014937694773
ENSBTAG00000011871,0.0015050823798627001
ENSBTAG00000052022,0.001490909090909091
ENSBTAG00000019839,0.001487432002581597
ENSBTAG00000000078,0.0014604454833622613
ENSBTAG00000000462,0.0014545454545454545
ENSBTAG00000000393,0.0014545454545454545
ENSBTAG00000013099,0.0014473684210526314
ENSBTAG00000020736,0.0014308943089430895
ENSBTAG00000020892,0.0014308943089430895
ENSBTAG00000009602,0.0014275201612903225
ENSBTAG00000048664,0.0014275201612903225
ENSBTAG00000017871,0.0014275201612903225
ENSBTAG00000049724,0.0014249158249158252
ENSBTAG00000039015,0.001423076923076923
ENSBTAG00000035998,0.0014212298583495338
ENSBTAG00000006282,0.0014170318190686786
ENSBTAG00000048268,0.0014164956011730205
ENSBTAG00000000828,0.001416421052631579
ENSBTAG00000027201,0.0014148810621427254
ENSBTAG00000014983,0.0014148810621427254
ENSBTAG00000013761,0.0014139534883720931
ENSBTAG00000007173,0.0014033264033264034
ENSBTAG00000001197,0.0014024420677361854
ENSBTAG00000005574,0.0013806229096989967
ENSBTAG00000047595,0.001364918842182279
ENSBTAG00000026097,0.0013614864864864866
ENSBTAG00000048669,0.001359700399961807
ENSBTAG00000022032,0.001358234295415959
ENSBTAG00000021202,0.0013582342954159589
ENSBTAG00000009863,0.0013441860465116277
ENSBTAG00000015513,0.001333333333333333
ENSBTAG00000001008,0.0013308131720430108
ENSBTAG00000020649,0.0013257990770490773
ENSBTAG00000004511,0.001323792486583184
ENSBTAG00000038844,0.0013224490231664354
ENSBTAG00000020839,0.0013164222873900296
ENSBTAG00000020602,0.001316346153846154
ENSBTAG00000026963,0.0013163461538461538
ENSBTAG00000021978,0.001315194987895047
ENSBTAG00000003806,0.0013105021624609781
ENSBTAG00000050953,0.0013092561983471074
ENSBTAG00000021609,0.001308876811594203
ENSBTAG00000000397,0.001306750902081473
ENSBTAG00000016045,0.001303950103950104
ENSBTAG00000016534,0.0013029591836734695
ENSBTAG00000001136,0.001299954824345068
ENSBTAG00000017943,0.0012978395061728396
ENSBTAG00000000983,0.001297543859649123
ENSBTAG00000009151,0.0012833706371191134
ENSBTAG00000009826,0.001280329519450801
ENSBTAG00000038337,0.0012794117647058824
ENSBTAG00000021377,0.001274671052631579
ENSBTAG00000023407,0.0012704714640198512
ENSBTAG00000008605,0.001265
ENSBTAG00000021287,0.001264216705393176
ENSBTAG00000012263,0.0012445454545454548
ENSBTAG00000020704,0.0012445454545454548
ENSBTAG00000022777,0.0012445454545454548
ENSBTAG00000011195,0.0012426075268817205
ENSBTAG00000050136,0.0012347559808612441
ENSBTAG00000025035,0.001221800775371328
ENSBTAG00000015032,0.001221304347826087
ENSBTAG00000002392,0.001221304347826087
ENSBTAG00000019455,0.001221304347826087
ENSBTAG00000011882,0.001219758064516129
ENSBTAG00000003835,0.0012163299663299665
ENSBTAG00000008817,0.0012163299663299665
ENSBTAG00000018280,0.0012149926165393268
ENSBTAG00000015278,0.0012123059866962303
ENSBTAG00000050757,0.0012112708116545263
ENSBTAG00000017746,0.001210575513196481
ENSBTAG00000003436,0.0012000000000000001
ENSBTAG00000008868,0.0012
ENSBTAG00000017367,0.0011972934472934474
ENSBTAG00000002224,0.0011961722488038275
ENSBTAG00000017659,0.0011935204435204435
ENSBTAG00000007093,0.0011870967741935486
ENSBTAG00000053546,0.0011854601159864318
ENSBTAG00000049113,0.0011611561866125763
ENSBTAG00000034609,0.0011507784633182298
ENSBTAG00000012261,0.0011448646401390303
ENSBTAG00000020852,0.001129704301075269
ENSBTAG00000048794,0.0011191971815949608
ENSBTAG00000045529,0.001118200146627566
ENSBTAG00000015644,0.0011166839789308383
ENSBTAG00000054222,0.0011148000803148654
ENSBTAG00000024539,0.0011129357440166495
ENSBTAG00000002687,0.001112935744016649
ENSBTAG00000051269,0.0011077891424075533
ENSBTAG00000004952,0.0011077891424075533
ENSBTAG00000008828,0.001100388063157153
ENSBTAG00000019456,0.0010973936899862824
ENSBTAG00000010382,0.0010617894736842106
ENSBTAG00000019734,0.0010509090909090913
ENSBTAG00000017830,0.001050909090909091
ENSBTAG00000010718,0.0010497737556561086
ENSBTAG00000015100,0.0010390239234449761
ENSBTAG00000006343,0.0010322580645161293
ENSBTAG00000001235,0.0010322580645161293
ENSBTAG00000004855,0.0010283266129032258
ENSBTAG00000038974,0.0010183477779826663
ENSBTAG00000016738,0.001015625
ENSBTAG00000038945,0.0010141987829614604
ENSBTAG00000046750,0.0010109473684210525
ENSBTAG00000002809,0.0010067788962312293
ENSBTAG00000051008,0.0009855072463768114
ENSBTAG00000021901,0.000975980861244019
ENSBTAG00000016072,0.00096875
ENSBTAG00000017661,0.0009677419354838709
ENSBTAG00000016944,0.0009505061216620068
ENSBTAG00000016345,0.0009450604838709681
ENSBTAG00000038412,0.0009309090909090912
ENSBTAG00000019227,0.0009019830958883886
ENSBTAG00000001785,0.0009011627906976747
ENSBTAG00000050116,0.0008935734072022159
ENSBTAG00000002348,0.000861183722718632
ENSBTAG00000007271,0.0008601722488038276
ENSBTAG00000016362,0.0008448650475312325
ENSBTAG00000040253,0.0008140039338619458
ENSBTAG00000040304,0.0008065305859957814
ENSBTAG00000004750,0.0008038277511961723
ENSBTAG00000050654,0.0007978359097310711
ENSBTAG00000020992,0.0007793406593406594
ENSBTAG00000016496,0.0007788461538461537
ENSBTAG00000009150,0.0007778963414634144
ENSBTAG00000010395,0.0007488810077045371
ENSBTAG00000008585,0.0007424465622463399
ENSBTAG00000011921,0.000731002331002331
ENSBTAG00000008006,0.0007268988054992113
ENSBTAG00000053557,0.0007258672699849172
ENSBTAG00000010328,0.0007199999999999998
ENSBTAG00000014798,0.0007127272727272724
ENSBTAG00000015911,0.0006931054829339143
ENSBTAG00000048561,0.0006764348554671133
ENSBTAG00000005203,0.0006744019138755981
ENSBTAG00000030932,0.0006430622009569376
ENSBTAG00000030578,0.0006385135135135133
ENSBTAG00000015632,0.0006319444444444444
ENSBTAG00000050380,0.0006311688311688311
ENSBTAG00000009586,0.0006280451941740607
ENSBTAG00000011482,0.0006221198156682029
ENSBTAG00000017684,0.0006151630434782608
ENSBTAG00000013465,0.0006087728194726164
ENSBTAG00000052472,0.0006050907258064513
ENSBTAG00000015251,0.0006044665012406949
ENSBTAG00000002298,0.0006022820723684211
ENSBTAG00000023907,0.0005977985829959513
ENSBTAG00000013578,0.0005949283346926026
ENSBTAG00000008132,0.000589264767490574
ENSBTAG00000008555,0.000586046511627907
ENSBTAG00000031279,0.0005750050912349298
ENSBTAG00000049163,0.0005671296296296297
ENSBTAG00000002046,0.0005621826760346683
ENSBTAG00000000454,0.0005552282933087889
ENSBTAG00000017027,0.0005549585218702865
ENSBTAG00000025644,0.0005528455284552845
ENSBTAG00000025814,0.0005492589363557106
ENSBTAG00000031573,0.0005492589363557105
ENSBTAG00000013663,0.0005486771490443464
ENSBTAG00000004650,0.0005454545454545454
ENSBTAG00000044010,0.0005454545454545454
ENSBTAG00000003832,0.0005436081242532855
ENSBTAG00000020689,0.0005435606060606061
ENSBTAG00000019399,0.0005421906693711966
ENSBTAG00000048435,0.0005401234567901235
ENSBTAG00000008468,0.0005388563049853372
ENSBTAG00000004403,0.0005388563049853372
ENSBTAG00000051838,0.000537941787941788
ENSBTAG00000051012,0.000535457050458906
ENSBTAG00000019048,0.0005308163265306122
ENSBTAG00000016546,0.000530282507739938
ENSBTAG00000030285,0.0005096969696969697
ENSBTAG00000046573,0.0005096969696969697
ENSBTAG00000014284,0.0005067567567567569
ENSBTAG00000021263,0.0004964447317388494
ENSBTAG00000018316,0.0004949999999999998
ENSBTAG00000047491,0.0004904393519194278
ENSBTAG00000054698,0.0004900419488916256
ENSBTAG00000052465,0.00048438954529180097
ENSBTAG00000032557,0.0004799999999999998
ENSBTAG00000012450,0.0004774736842105264
ENSBTAG00000016061,0.00047279549718574107
ENSBTAG00000019427,0.00047222222222222245
ENSBTAG00000018181,0.0004697030791788857
ENSBTAG00000019338,0.00046876025823394235
ENSBTAG00000055220,0.0004661107038123167
ENSBTAG00000008772,0.0004653371320037986
ENSBTAG00000048916,0.0004610809996988859
ENSBTAG00000017086,0.0004601503759398495
ENSBTAG00000025213,0.00045729022556390984
ENSBTAG00000019627,0.0004571428571428571
ENSBTAG00000020467,0.0004555102040816327
ENSBTAG00000038268,0.00045252525252525245
ENSBTAG00000011471,0.00045161290322580643
ENSBTAG00000027841,0.00045161290322580643
ENSBTAG00000054491,0.00045161290322580643
ENSBTAG00000008513,0.00045161290322580643
ENSBTAG00000020699,0.00045161290322580643
ENSBTAG00000013072,0.00045
ENSBTAG00000048452,0.00045
ENSBTAG00000005016,0.00044999999999999993
ENSBTAG00000005110,0.0004491978609625668
ENSBTAG00000011935,0.0004491978609625667
ENSBTAG00000017825,0.0004491978609625667
ENSBTAG00000046509,0.0004482922201138519
ENSBTAG00000006731,0.0004482922201138519
ENSBTAG00000005650,0.0004482922201138519
ENSBTAG00000009568,0.0004482922201138519
ENSBTAG00000011940,0.0004465709728867624
ENSBTAG00000038978,0.00044629244629244635
ENSBTAG00000031453,0.0004454545454545454
ENSBTAG00000014695,0.00044455645161290325
ENSBTAG00000035868,0.000443412162162162
ENSBTAG00000021501,0.00044340175953079173
ENSBTAG00000009349,0.000443002028397566
ENSBTAG00000005263,0.0004429795649307843
ENSBTAG00000049823,0.0004425078043704474
ENSBTAG00000007245,0.0004417009602194788
ENSBTAG00000008098,0.0004410282258064514
ENSBTAG00000010235,0.00044081632653061235
ENSBTAG00000037757,0.0004380952380952382
ENSBTAG00000002690,0.0004367201426024954
ENSBTAG00000005915,0.000435897435897436
ENSBTAG00000015592,0.00043202764976958517
ENSBTAG00000012918,0.00042901785714285703
ENSBTAG00000020542,0.00042868463152438815
ENSBTAG00000021190,0.0004214532871972318
ENSBTAG00000054986,0.0004213166144200628
ENSBTAG00000007728,0.0004189041745730549
ENSBTAG00000012504,0.0004154795821462488
ENSBTAG00000002082,0.00040660013181433025
ENSBTAG00000004318,0.0003977810559960662
ENSBTAG00000039962,0.00039460410557184744
ENSBTAG00000014878,0.0003882834344949873
ENSBTAG00000007635,0.00037674418604651173
ENSBTAG00000031814,0.0003738947368421053
ENSBTAG00000050726,0.00037272727272727273
ENSBTAG00000017369,0.00037270530283060454
ENSBTAG00000021968,0.0003716795885959263
ENSBTAG00000018114,0.0003677551020408164
ENSBTAG00000008787,0.00036395000050939085
ENSBTAG00000003191,0.0003637894736842105
ENSBTAG00000001474,0.00036363636363636367
ENSBTAG00000011224,0.0003634615384615385
ENSBTAG00000006324,0.00036270590116743945
ENSBTAG00000038387,0.00036261859582542675
ENSBTAG00000015155,0.000361672557073264
ENSBTAG00000054128,0.0003615652173913044
ENSBTAG00000048470,0.0003614350400557296
ENSBTAG00000010904,0.0003595108695652173
ENSBTAG00000000317,0.0003592515592515592
ENSBTAG00000020661,0.00035710144927536243
ENSBTAG00000022004,0.00035648148148148144
ENSBTAG00000017427,0.0003557013574660633
ENSBTAG00000031249,0.0003555555555555555
ENSBTAG00000010164,0.00035265306122448975
ENSBTAG00000017574,0.0003522833178005592
ENSBTAG00000009578,0.0003522833178005592
ENSBTAG00000020944,0.00035228331780055914
ENSBTAG00000038428,0.00035198380566801624
ENSBTAG00000001294,0.00035168067226890764
ENSBTAG00000055051,0.000351419878296146
ENSBTAG00000013203,0.00035070707070707064
ENSBTAG00000048075,0.0003501473684210527
ENSBTAG00000050716,0.0003500000000000001
ENSBTAG00000013236,0.00035
ENSBTAG00000053442,0.00035
ENSBTAG00000018669,0.00034983129277933094
ENSBTAG00000010717,0.00034927234927234924
ENSBTAG00000014172,0.00034927234927234924
ENSBTAG00000040413,0.00034909090909090903
ENSBTAG00000012449,0.0003486590038314177
ENSBTAG00000010819,0.00034851558178130193
ENSBTAG00000005534,0.0003483870967741936
ENSBTAG00000002390,0.0003483870967741935
ENSBTAG00000009337,0.0003483870967741935
ENSBTAG00000054233,0.0003483870967741935
ENSBTAG00000006209,0.0003483870967741935
ENSBTAG00000016267,0.0003483870967741935
ENSBTAG00000004965,0.00034815789473684205
ENSBTAG00000010247,0.0003481283422459893
ENSBTAG00000052523,0.00034742647058823533
ENSBTAG00000016988,0.00034742647058823533
ENSBTAG00000009978,0.00034742647058823533
ENSBTAG00000020611,0.0003474264705882353
ENSBTAG00000047449,0.0003474264705882353
ENSBTAG00000031188,0.0003474264705882353
ENSBTAG00000001770,0.0003474264705882353
ENSBTAG00000031905,0.000347165991902834
ENSBTAG00000014014,0.00034714285714285717
ENSBTAG00000001083,0.00034714285714285717
ENSBTAG00000054946,0.00034714285714285717
ENSBTAG00000002606,0.00034710743801652895
ENSBTAG00000008956,0.0003464076246334311
ENSBTAG00000012251,0.0003464076246334311
ENSBTAG00000015293,0.0003464076246334311
ENSBTAG00000001146,0.0003464076246334311
ENSBTAG00000006732,0.00034626709415690643
ENSBTAG00000005592,0.0003453251008064516
ENSBTAG00000014076,0.0003453251008064516
ENSBTAG00000002554,0.0003453251008064516
ENSBTAG00000050868,0.00034503042596348895
ENSBTAG00000051351,0.0003448680351906158
ENSBTAG00000004000,0.0003441727367325703
ENSBTAG00000021160,0.00034417273673257025
ENSBTAG00000018009,0.00034417273673257025
ENSBTAG00000004588,0.0003437084703084564
ENSBTAG00000053682,0.0003437084703084564
ENSBTAG00000031906,0.00034363636363636367
ENSBTAG00000022902,0.00034294354838709687
ENSBTAG00000021435,0.0003428571428571428
ENSBTAG00000001412,0.0003423197492163009
ENSBTAG00000006672,0.00033870967741935474
ENSBTAG00000039466,0.0003375
ENSBTAG00000014522,0.0003370812655086849
ENSBTAG00000005681,0.00033653846153846147
ENSBTAG00000002219,0.0003352524167561761
ENSBTAG00000003516,0.0003352038907594464
ENSBTAG00000050969,0.00033186551304914286
ENSBTAG00000010924,0.00033186551304914286
ENSBTAG00000054283,0.00033115366279993635
ENSBTAG00000005193,0.000326953125
ENSBTAG00000019883,0.00032695312499999993
ENSBTAG00000038366,0.00032603070553734686
ENSBTAG00000001614,0.00032435261707988976
ENSBTAG00000008840,0.00032435261707988976
ENSBTAG00000014874,0.0003225705329153606
ENSBTAG00000014521,0.0003223548482169172
ENSBTAG00000014540,0.00032002796566077
ENSBTAG00000003061,0.0003200000000000002
ENSBTAG00000001229,0.0003175824175824174
ENSBTAG00000047468,0.00031173218673218663
ENSBTAG00000014207,0.0003068181818181819
ENSBTAG00000006626,0.00030404335251270126
ENSBTAG00000050055,0.00028225806451612906
ENSBTAG00000011879,0.0002769550342130986
ENSBTAG00000018186,0.0002765432098765432
ENSBTAG00000000088,0.00026191796008869184
ENSBTAG00000047691,0.0002608695652173913
ENSBTAG00000018539,0.00025521080552840967
ENSBTAG00000046772,0.00025463252780303557
ENSBTAG00000053471,0.0002540504695677109
ENSBTAG00000018242,0.00025363636363636354
ENSBTAG00000050212,0.0002527777777777779
ENSBTAG00000032598,0.00025216437381404177
ENSBTAG00000049618,0.0002519585253456222
ENSBTAG00000053703,0.0002516250437623996
ENSBTAG00000021481,0.0002515846855983773
ENSBTAG00000001578,0.0002515846855983773
ENSBTAG00000013113,0.00025092460881934566
ENSBTAG00000001805,0.0002505681818181818
ENSBTAG00000017582,0.0002505681818181818
ENSBTAG00000012808,0.000250094517958412
ENSBTAG00000049658,0.00025006300403225806
ENSBTAG00000007020,0.00024918660287081337
ENSBTAG00000050691,0.0002485207100591715
ENSBTAG00000004257,0.0002485207100591715
ENSBTAG00000010777,0.0002485207100591715
ENSBTAG00000007103,0.0002485207100591715
ENSBTAG00000054332,0.0002477945721188964
ENSBTAG00000051567,0.00024769230769230765
ENSBTAG00000051154,0.0002476814516129033
ENSBTAG00000051949,0.00024763626251390425
ENSBTAG00000015683,0.0002474012474012474
ENSBTAG00000013725,0.0002474012474012474
ENSBTAG00000012239,0.0002470567655818291
ENSBTAG00000016024,0.00024683397476697207
ENSBTAG00000013922,0.0002466965671899257
ENSBTAG00000008389,0.00024669656718992564
ENSBTAG00000007881,0.0002456140350877193
ENSBTAG00000048246,0.0002456140350877193
ENSBTAG00000011805,0.0002456140350877193
ENSBTAG00000000965,0.00024524524524524523
ENSBTAG00000017147,0.00024354657687991014
ENSBTAG00000005607,0.00024354657687991014
ENSBTAG00000008778,0.00024324324324324328
ENSBTAG00000019622,0.00024324324324324328
ENSBTAG00000020285,0.00024324324324324323
ENSBTAG00000005990,0.0002428571428571429
ENSBTAG00000039121,0.0002428571428571429
ENSBTAG00000054127,0.00024255024255024252
ENSBTAG00000010065,0.00024244897959183664
ENSBTAG00000022461,0.00024244897959183664
ENSBTAG00000054640,0.0002421967963386727
ENSBTAG00000052492,0.00024201680672268915
ENSBTAG00000018299,0.00024180393411162628
ENSBTAG00000023947,0.00024137931034482762
ENSBTAG00000021180,0.00024137931034482745
ENSBTAG00000008977,0.00024137931034482745
ENSBTAG00000004565,0.00024107142857142855
ENSBTAG00000012525,0.0002409736308316429
ENSBTAG00000044190,0.0002407407407407408
ENSBTAG00000021687,0.00024054408781768293
ENSBTAG00000025788,0.0002400885118937857
ENSBTAG00000002997,0.0002400000000000001
ENSBTAG00000020580,0.00024000000000000003
ENSBTAG00000009091,0.00024000000000000003
ENSBTAG00000003332,0.00024000000000000003
ENSBTAG00000053599,0.00024000000000000003
ENSBTAG00000021969,0.00024000000000000003
ENSBTAG00000016497,0.00024000000000000003
ENSBTAG00000018483,0.00024000000000000003
ENSBTAG00000055301,0.00023999999999999987
ENSBTAG00000002956,0.00023999999999999987
ENSBTAG00000032544,0.00023999999999999987
ENSBTAG00000050727,0.00023999999999999987
ENSBTAG00000012885,0.00023999999999999987
ENSBTAG00000006593,0.00023957219251336903
ENSBTAG00000047531,0.00023940886699507378
ENSBTAG00000012760,0.00023940886699507378
ENSBTAG00000047659,0.00023940886699507375
ENSBTAG00000051238,0.00023908918406072112
ENSBTAG00000039237,0.00023908918406072112
ENSBTAG00000008428,0.00023908918406072098
ENSBTAG00000020517,0.00023908918406072098
ENSBTAG00000018548,0.00023908918406072098
ENSBTAG00000027562,0.00023908918406072098
ENSBTAG00000050658,0.00023908918406072098
ENSBTAG00000012446,0.00023891135734072043
ENSBTAG00000007844,0.00023877551020408166
ENSBTAG00000049371,0.0002386363636363636
ENSBTAG00000016127,0.0002386363636363636
ENSBTAG00000037649,0.00023863636363636356
ENSBTAG00000052306,0.00023863636363636356
ENSBTAG00000004448,0.00023863636363636356
ENSBTAG00000007835,0.00023863636363636356
ENSBTAG00000005892,0.00023863636363636356
ENSBTAG00000051796,0.00023863636363636356
ENSBTAG00000002788,0.00023853955375253557
ENSBTAG00000013047,0.00023853955375253557
ENSBTAG00000019369,0.00023853955375253557
ENSBTAG00000016890,0.00023853955375253557
ENSBTAG00000032031,0.00023853955375253554
ENSBTAG00000032353,0.00023851851851851852
ENSBTAG00000017251,0.00023815524193548384
ENSBTAG00000022278,0.00023815524193548384
ENSBTAG00000008839,0.00023815524193548384
ENSBTAG00000043949,0.00023815524193548384
ENSBTAG00000046379,0.00023815524193548384
ENSBTAG00000046724,0.0002381552419354838
ENSBTAG00000020633,0.0002381552419354838
ENSBTAG00000000797,0.00023812316715542513
ENSBTAG00000020536,0.00023812316715542513
ENSBTAG00000000593,0.00023812316715542513
ENSBTAG00000001600,0.00023812316715542513
ENSBTAG00000002974,0.00023812316715542513
ENSBTAG00000013025,0.0002379520179058543
ENSBTAG00000007636,0.00023765432098765436
ENSBTAG00000008039,0.00023764308012486985
ENSBTAG00000054613,0.00023764308012486985
ENSBTAG00000003403,0.00023764308012486985
ENSBTAG00000008940,0.00023764308012486985
ENSBTAG00000031551,0.00023764308012486985
ENSBTAG00000053667,0.00023764308012486985
ENSBTAG00000019517,0.00023757575757575765
ENSBTAG00000021832,0.00023736263736263727
ENSBTAG00000053223,0.00023709677419354842
ENSBTAG00000032255,0.00023699059561128517
ENSBTAG00000016504,0.00023699059561128517
ENSBTAG00000014194,0.00023699059561128517
ENSBTAG00000011075,0.00023651279199110112
ENSBTAG00000007796,0.0002365127919911011
ENSBTAG00000046637,0.0002365127919911011
ENSBTAG00000018310,0.00023649633431085037
ENSBTAG00000008219,0.00023593117408906902
ENSBTAG00000010721,0.0002358870967741936
ENSBTAG00000031476,0.00023521505376344085
ENSBTAG00000053766,0.00023513184584178496
ENSBTAG00000011458,0.0002322115384615384
ENSBTAG00000006762,0.00023026315789473697
ENSBTAG00000001002,0.00023026315789473697
ENSBTAG00000035882,0.0002302478652751423
ENSBTAG00000018775,0.00022814538676607643
ENSBTAG00000016209,0.0002275181040157998
ENSBTAG00000047121,0.0002257449886648372
ENSBTAG00000050732,0.0002257449886648372
ENSBTAG00000002176,0.0002252678571428572
ENSBTAG00000001773,0.00022521994134897368
ENSBTAG00000009514,0.00022521994134897368
ENSBTAG00000048689,0.0002248328877005348
ENSBTAG00000008703,0.00022437959558823536
ENSBTAG00000047262,0.00022435897435897436
ENSBTAG00000014059,0.0002242491657397109
ENSBTAG00000010068,0.00022394028259130908
ENSBTAG00000001420,0.00022389705882352952
ENSBTAG00000031777,0.0002234887900860847
ENSBTAG00000015983,0.00022254284274193556
ENSBTAG00000003193,0.00022076138147566712
ENSBTAG00000020233,0.0002204081632653061
ENSBTAG00000016603,0.00021774193548387103
ENSBTAG00000012462,0.0002153846153846153
ENSBTAG00000018868,0.00021054281795022527
ENSBTAG00000009686,0.0002032258064516128
ENSBTAG00000049400,0.00018947368421052632
ENSBTAG00000021091,0.0001818181818181818
ENSBTAG00000005326,0.00017038539553752534
ENSBTAG00000005219,0.0001693548387096774
ENSBTAG00000001917,0.00016240601503759417
ENSBTAG00000020036,0.00016120262274108422
ENSBTAG00000000758,0.00016120262274108422
ENSBTAG00000015596,0.00015877712031558177
ENSBTAG00000011936,0.0001575889615105302
ENSBTAG00000002107,0.00015719298245614035
ENSBTAG00000033319,0.00015515151515151505
ENSBTAG00000002356,0.00015428571428571436
ENSBTAG00000014250,0.00015428571428571436
ENSBTAG00000050785,0.00015426997245179054
ENSBTAG00000050996,0.00015395894428152487
ENSBTAG00000008227,0.00015395894428152487
ENSBTAG00000039601,0.0001538964862919583
ENSBTAG00000009842,0.00015363511659807958
ENSBTAG00000008307,0.0001515151515151516
ENSBTAG00000000946,0.00014526374859708197
ENSBTAG00000012564,0.00014302325581395345
ENSBTAG00000001398,0.0001363636363636364
ENSBTAG00000017122,0.0001362825158185064
ENSBTAG00000003261,0.00013610779464437995
ENSBTAG00000005089,0.00013601353716886442
ENSBTAG00000050114,0.00013591418469467264
ENSBTAG00000019591,0.00013361611876988342
ENSBTAG00000006158,0.00013361611876988342
ENSBTAG00000001666,0.00013353260869565205
ENSBTAG00000009682,0.00013335240274599527
ENSBTAG00000052586,0.00013233749562376016
ENSBTAG00000003966,0.00013125000000000007
ENSBTAG00000010865,0.00013124999999999988
ENSBTAG00000006410,0.00013124999999999988
ENSBTAG00000007519,0.0001311637080867849
ENSBTAG00000014707,0.00013116370808678488
ENSBTAG00000008498,0.000131072874493927
ENSBTAG00000002988,0.00012923076923076915
ENSBTAG00000004129,0.00012923076923076912
ENSBTAG00000045828,0.00012914127423822706
ENSBTAG00000032007,0.00012914127423822703
ENSBTAG00000002661,0.00012900641025641034
ENSBTAG00000017647,0.00012900641025641034
ENSBTAG00000018103,0.00012894736842105267
ENSBTAG00000055290,0.00012753036437246972
ENSBTAG00000020538,0.00012753036437246972
ENSBTAG00000053551,0.0001275303643724695
ENSBTAG00000051636,0.0001275303643724695
ENSBTAG00000015899,0.0001275303643724695
ENSBTAG00000046044,0.0001275303643724695
ENSBTAG00000008794,0.0001274372085182897
ENSBTAG00000008520,0.0001274372085182897
ENSBTAG00000030472,0.0001274372085182897
ENSBTAG00000021580,0.00012733887733887736
ENSBTAG00000002345,0.00012732631578947365
ENSBTAG00000048273,0.00012686498855835244
ENSBTAG00000000546,0.000126460678184816
ENSBTAG00000014797,0.00012612612612612623
ENSBTAG00000016720,0.00012612612612612623
ENSBTAG00000003511,0.00012612612612612607
ENSBTAG00000006484,0.00012612612612612607
ENSBTAG00000050861,0.00012612612612612607
ENSBTAG00000050041,0.0001260288065843622
ENSBTAG00000000428,0.0001260288065843622
ENSBTAG00000053791,0.0001260288065843622
ENSBTAG00000008421,0.0001260288065843622
ENSBTAG00000014267,0.00012593954901647217
ENSBTAG00000022635,0.00012593954901647217
ENSBTAG00000020178,0.00012593954901647217
ENSBTAG00000019058,0.00012592592592592595
ENSBTAG00000012330,0.00012592592592592595
ENSBTAG00000048655,0.00012581699346405226
ENSBTAG00000000569,0.0001257380457380457
ENSBTAG00000011300,0.0001257014590347923
ENSBTAG00000054773,0.0001255787037037037
ENSBTAG00000013573,0.00012544802867383504
ENSBTAG00000001302,0.00012515964240102163
ENSBTAG00000055307,0.00012502362502362507
ENSBTAG00000013187,0.00012500000000000006
ENSBTAG00000016240,0.00012500000000000006
ENSBTAG00000017440,0.00012500000000000006
ENSBTAG00000007329,0.00012500000000000006
ENSBTAG00000039461,0.00012500000000000006
ENSBTAG00000000231,0.00012500000000000003
ENSBTAG00000013085,0.00012499999999999998
ENSBTAG00000052520,0.00012499999999999998
ENSBTAG00000027723,0.00012499999999999998
ENSBTAG00000002982,0.0001248979591836735
ENSBTAG00000039571,0.0001248979591836735
ENSBTAG00000003800,0.0001248979591836735
ENSBTAG00000006920,0.0001248979591836735
ENSBTAG00000008084,0.00012489795918367347
ENSBTAG00000050333,0.00012489795918367347
ENSBTAG00000000552,0.0001248285322359396
ENSBTAG00000007683,0.0001248285322359396
ENSBTAG00000023144,0.00012478991596638652
ENSBTAG00000016650,0.00012478991596638652
ENSBTAG00000013784,0.00012478991596638652
ENSBTAG00000050944,0.00012478991596638652
ENSBTAG00000004601,0.00012478991596638652
ENSBTAG00000002610,0.00012478991596638652
ENSBTAG00000021515,0.0001246753246753246
ENSBTAG00000009371,0.0001246753246753246
ENSBTAG00000017956,0.0001246753246753246
ENSBTAG00000000638,0.00012464387464387473
ENSBTAG00000003329,0.00012464387464387473
ENSBTAG00000018227,0.00012464387464387473
ENSBTAG00000051692,0.00012464387464387473
ENSBTAG00000012319,0.0001246438746438747
ENSBTAG00000017950,0.00012455357142857144
ENSBTAG00000012566,0.0001245535714285714
ENSBTAG00000020225,0.0001245535714285714
ENSBTAG00000002599,0.0001245535714285714
ENSBTAG00000004736,0.00012428571428571423
ENSBTAG00000034435,0.00012428571428571423
ENSBTAG00000006069,0.00012422839506172847
ENSBTAG00000004048,0.00012413793103448277
ENSBTAG00000027197,0.00012413793103448277
ENSBTAG00000049381,0.00012413793103448269
ENSBTAG00000019018,0.00012413793103448269
ENSBTAG00000048861,0.00012413793103448269
ENSBTAG00000005228,0.00012413793103448269
ENSBTAG00000011545,0.00012413793103448269
ENSBTAG00000050476,0.00012413793103448269
ENSBTAG00000031238,0.00012413793103448269
ENSBTAG00000049748,0.00012413793103448266
ENSBTAG00000002883,0.00012403054528099268
ENSBTAG00000013105,0.00012403054528099268
ENSBTAG00000008384,0.00012403054528099268
ENSBTAG00000001310,0.00012403054528099268
ENSBTAG00000002564,0.00012403054528099268
ENSBTAG00000039620,0.00012403054528099268
ENSBTAG00000052126,0.00012403054528099268
ENSBTAG00000050340,0.0001239935587761675
ENSBTAG00000050058,0.00012397959183673468
ENSBTAG00000006963,0.00012397959183673468
ENSBTAG00000003942,0.00012397959183673468
ENSBTAG00000005104,0.00012391665130001835
ENSBTAG00000005796,0.00012391665130001835
ENSBTAG00000009871,0.00012391665130001835
ENSBTAG00000037800,0.00012391665130001835
ENSBTAG00000012397,0.00012391665130001835
ENSBTAG00000007685,0.00012391665130001835
ENSBTAG00000030646,0.00012380952380952376
ENSBTAG00000049271,0.00012380952380952376
ENSBTAG00000018069,0.00012380952380952376
ENSBTAG00000052023,0.00012380952380952376
ENSBTAG00000052998,0.00012379563894523326
ENSBTAG00000008446,0.00012379563894523326
ENSBTAG00000054302,0.00012379563894523326
ENSBTAG00000023289,0.0001237373737373738
ENSBTAG00000018432,0.0001236263736263737
ENSBTAG00000015994,0.00012352941176470584
ENSBTAG00000053628,0.00012352941176470584
ENSBTAG00000049279,0.00012352941176470584
ENSBTAG00000026704,0.00012352941176470584
ENSBTAG00000008028,0.00012352941176470584
ENSBTAG00000033445,0.00012352941176470584
ENSBTAG00000021635,0.00012352941176470584
ENSBTAG00000018819,0.00012352941176470584
ENSBTAG00000049340,0.00012352941176470584
ENSBTAG00000024869,0.00012352941176470584
ENSBTAG00000051383,0.00012352941176470584
ENSBTAG00000055197,0.0001234285714285714
ENSBTAG00000016532,0.00012342857142857137
ENSBTAG00000040356,0.00012342857142857137
ENSBTAG00000050618,0.00012341597796143244
ENSBTAG00000018161,0.00012341597796143244
ENSBTAG00000015635,0.0001234159779614324
ENSBTAG00000049954,0.00012338252780303552
ENSBTAG00000020958,0.00012338252780303552
ENSBTAG00000010111,0.00012338252780303552
ENSBTAG00000015965,0.00012338252780303552
ENSBTAG00000019504,0.00012329545454545452
ENSBTAG00000006578,0.00012329545454545452
ENSBTAG00000053525,0.00012329545454545452
ENSBTAG00000020445,0.00012322515212981742
ENSBTAG00000034700,0.00012322515212981742
ENSBTAG00000053346,0.00012322515212981742
ENSBTAG00000010492,0.0001232142857142858
ENSBTAG00000009391,0.0001232142857142858
ENSBTAG00000048527,0.00012316715542521985
ENSBTAG00000014675,0.00012316715542521985
ENSBTAG00000014079,0.00012316715542521985
ENSBTAG00000021790,0.00012316715542521985
ENSBTAG00000049035,0.00012316715542521985
ENSBTAG00000021191,0.00012316715542521985
ENSBTAG00000045596,0.00012316715542521985
ENSBTAG00000011268,0.00012316715542521985
ENSBTAG00000006452,0.00012316715542521985
ENSBTAG00000005443,0.00012316715542521985
ENSBTAG00000003519,0.00012316715542521985
ENSBTAG00000052845,0.00012316715542521985
ENSBTAG00000039861,0.00012316715542521985
ENSBTAG00000013157,0.00012316715542521985
ENSBTAG00000048380,0.00012305611899932382
ENSBTAG00000018590,0.0001230561189993238
ENSBTAG00000002493,0.00012304687499999997
ENSBTAG00000021420,0.00012304687499999997
ENSBTAG00000005392,0.00012304687499999997
ENSBTAG00000007659,0.00012304687499999997
ENSBTAG00000051954,0.00012304687499999997
ENSBTAG00000013481,0.00012304687499999997
ENSBTAG00000009962,0.00012304687499999997
ENSBTAG00000018469,0.00012304687499999997
ENSBTAG00000021637,0.00012304687499999997
ENSBTAG00000048049,0.00012304687499999997
ENSBTAG00000002624,0.00012303030303030296
ENSBTAG00000002791,0.00012303030303030296
ENSBTAG00000000087,0.00012303030303030296
ENSBTAG00000045628,0.00012303030303030296
ENSBTAG00000008363,0.00012303030303030296
ENSBTAG00000001526,0.00012303030303030296
ENSBTAG00000004361,0.00012303030303030296
ENSBTAG00000024086,0.00012303030303030296
ENSBTAG00000052514,0.00012303030303030296
ENSBTAG00000012637,0.00012298136645962738
ENSBTAG00000050313,0.00012298136645962738
ENSBTAG00000015639,0.00012298136645962738
ENSBTAG00000020988,0.00012291883454734645
ENSBTAG00000038055,0.00012291883454734642
ENSBTAG00000052957,0.00012291883454734642
ENSBTAG00000049091,0.00012291883454734642
ENSBTAG00000022575,0.00012291883454734642
ENSBTAG00000024903,0.00012291883454734642
ENSBTAG00000017810,0.00012288401253918486
ENSBTAG00000047825,0.00012288401253918486
ENSBTAG00000024947,0.00012288401253918486
ENSBTAG00000038916,0.00012287408332033086
ENSBTAG00000010502,0.00012287408332033086
ENSBTAG00000018600,0.00012287408332033086
ENSBTAG00000007734,0.0001227822580645161
ENSBTAG00000023891,0.0001227822580645161
ENSBTAG00000020530,0.0001227822580645161
ENSBTAG00000013505,0.0001227822580645161
ENSBTAG00000032140,0.0001227822580645161
ENSBTAG00000003035,0.0001227822580645161
ENSBTAG00000002092,0.00012278225806451606
ENSBTAG00000013623,0.00012278225806451606
ENSBTAG00000002837,0.00012278225806451606
ENSBTAG00000008059,0.00012278225806451606
ENSBTAG00000049137,0.00012278225806451606
ENSBTAG00000002586,0.00012276923076923082
ENSBTAG00000051083,0.0001227272727272727
ENSBTAG00000005891,0.0001227272727272727
ENSBTAG00000030557,0.0001227272727272727
ENSBTAG00000006268,0.0001227272727272727
ENSBTAG00000051963,0.0001227272727272727
ENSBTAG00000002261,0.0001227272727272727
ENSBTAG00000002105,0.0001227272727272727
ENSBTAG00000021466,0.00012267748478701822
ENSBTAG00000034844,0.00012263626251390425
ENSBTAG00000006434,0.00012263626251390425
ENSBTAG00000012961,0.00012263626251390425
ENSBTAG00000019180,0.00012263626251390425
ENSBTAG00000007099,0.0001225589225589225
ENSBTAG00000007213,0.0001225589225589225
ENSBTAG00000054672,0.0001225589225589225
ENSBTAG00000020632,0.00012255892255892247
ENSBTAG00000002179,0.0001224798387096774
ENSBTAG00000007116,0.00012247983870967738
ENSBTAG00000001500,0.00012247983870967738
ENSBTAG00000021041,0.00012247983870967738
ENSBTAG00000012200,0.00012247983870967738
ENSBTAG00000010566,0.00012246450304259643
ENSBTAG00000009489,0.00012237762237762243
ENSBTAG00000033648,0.00012231182795698918
ENSBTAG00000019498,0.00012231182795698916
ENSBTAG00000003531,0.00012196969696969703
ENSBTAG00000007927,0.00011983695652173913
ENSBTAG00000025263,0.00011921643866088304
ENSBTAG00000016591,0.00011808367071524959
ENSBTAG00000018847,0.00011787941787941792
ENSBTAG00000034349,0.00011778846153846155
ENSBTAG00000008271,0.00011647058823529407
ENSBTAG00000000475,0.00011640798226164083
ENSBTAG00000047676,0.00011558948863636356
ENSBTAG00000051991,0.00011546920821114378
ENSBTAG00000006789,0.00011515702594950006
ENSBTAG00000053289,0.00011431451612903226
ENSBTAG00000052911,0.00011357526881720441
ENSBTAG00000001898,0.00011342592592592592
ENSBTAG00000048514,0.00011181541582150101
ENSBTAG00000031673,0.00011175166297117516
ENSBTAG00000034785,0.00011136363636363634
ENSBTAG00000000306,0.00011113911290322578
ENSBTAG00000051803,0.00011111111111111112
ENSBTAG00000005354,0.00011020408163265309
ENSBTAG00000048728,0.00010956521739130431
ENSBTAG00000048791,0.00010953346855983775
ENSBTAG00000012060,0.00010953346855983774
ENSBTAG00000045912,0.00010914760914760915
ENSBTAG00000001485,0.00010909090909090912
ENSBTAG00000007206,0.0001090909090909091
ENSBTAG00000009376,0.00010802469135802468
ENSBTAG00000052803,0.00010714285714285715
ENSBTAG00000019138,0.00010714285714285715
ENSBTAG00000001962,0.00010649087221095336
ENSBTAG00000016377,0.0001061052631578947
ENSBTAG00000004852,0.00010606060606060606
ENSBTAG00000001329,0.00010584677419354837
ENSBTAG00000027865,0.00010584677419354837
ENSBTAG00000017289,0.00010476718403547674
ENSBTAG00000018169,0.00010181818181818176
ENSBTAG00000009777,0.00010161290322580642
ENSBTAG00000015373,0.00010161290322580642
ENSBTAG00000017781,0.0001016129032258064
ENSBTAG00000016757,0.0001016129032258064
ENSBTAG00000015711,9.823284823284822e-05
ENSBTAG00000040132,9.722222222222223e-05
ENSBTAG00000038128,9.642857142857143e-05
ENSBTAG00000007281,9.642857142857142e-05
ENSBTAG00000016079,9.584178498985802e-05
ENSBTAG00000046022,9.584178498985802e-05
ENSBTAG00000048854,9.584178498985802e-05
ENSBTAG00000015118,9.545454545454545e-05
ENSBTAG00000015888,9.545454545454545e-05
ENSBTAG00000018854,9.545454545454543e-05
ENSBTAG00000044105,9.526209677419354e-05
ENSBTAG00000032079,9.526209677419354e-05
ENSBTAG00000001395,9.526209677419354e-05
ENSBTAG00000020108,9.526209677419354e-05
ENSBTAG00000025062,9.526209677419354e-05
ENSBTAG00000009472,9.312638580931265e-05
ENSBTAG00000007493,8.974358974358975e-05
ENSBTAG00000032603,8.842105263157894e-05
ENSBTAG00000009334,8.731808731808731e-05
ENSBTAG00000051768,8.731808731808731e-05
ENSBTAG00000018015,8.641975308641975e-05
ENSBTAG00000053952,8.641975308641975e-05
ENSBTAG00000034430,8.57142857142857e-05
ENSBTAG00000012463,8.57142857142857e-05
ENSBTAG00000018663,8.519269776876266e-05
ENSBTAG00000007490,8.484848484848485e-05
ENSBTAG00000005620,8.484848484848485e-05
ENSBTAG00000050093,8.484848484848485e-05
ENSBTAG00000054230,8.484848484848485e-05
ENSBTAG00000010577,8.467741935483871e-05
ENSBTAG00000015776,8.467741935483871e-05
ENSBTAG00000054885,8.46774193548387e-05
ENSBTAG00000008198,7.777777777777777e-05
ENSBTAG00000026995,7.42424242424242e-05
ENSBTAG00000054680,6.350806451612903e-05
ENSBTAG00000004813,6.350806451612903e-05
ENSBTAG00000012357,6.350806451612901e-05
ENSBTAG00000039218,6.045098352790668e-05
ENSBTAG00000006916,5.953881048387095e-05
ENSBTAG00000052771,5.927419354838704e-05
ENSBTAG00000027629,4.3237250554323674e-05
ENSBTAG00000011928,0.0
ENSBTAG00000038395,0.0
ENSBTAG00000009263,0.0
ENSBTAG00000047946,0.0
ENSBTAG00000006451,0.0
ENSBTAG00000014713,0.0
ENSBTAG00000027795,0.0
ENSBTAG00000009336,0.0
ENSBTAG00000004126,0.0
ENSBTAG00000049383,0.0
ENSBTAG00000031561,0.0
ENSBTAG00000005230,0.0
ENSBTAG00000048985,0.0
ENSBTAG00000024643,0.0
ENSBTAG00000009012,0.0
ENSBTAG00000045704,0.0
ENSBTAG00000054494,0.0
ENSBTAG00000014157,0.0
ENSBTAG00000003851,0.0
ENSBTAG00000009014,0.0
ENSBTAG00000001390,0.0
ENSBTAG00000000210,0.0
ENSBTAG00000050129,0.0
ENSBTAG00000000213,0.0
ENSBTAG00000012120,0.0
ENSBTAG00000018471,0.0
ENSBTAG00000008562,0.0
ENSBTAG00000012581,0.0
ENSBTAG00000018059,0.0
ENSBTAG00000018465,0.0
ENSBTAG00000005604,0.0
ENSBTAG00000002182,0.0
ENSBTAG00000001293,0.0
ENSBTAG00000013013,0.0
ENSBTAG00000053648,0.0
ENSBTAG00000019557,0.0
ENSBTAG00000014318,0.0
ENSBTAG00000048057,0.0
ENSBTAG00000001464,0.0
ENSBTAG00000033170,0.0
ENSBTAG00000015892,0.0
ENSBTAG00000015895,0.0
ENSBTAG00000054182,0.0
ENSBTAG00000015898,0.0
ENSBTAG00000002075,0.0
ENSBTAG00000016848,0.0
ENSBTAG00000024623,0.0
ENSBTAG00000006147,0.0
ENSBTAG00000006142,0.0
ENSBTAG00000001918,0.0
ENSBTAG00000013439,0.0
ENSBTAG00000047341,0.0
ENSBTAG00000048392,0.0
ENSBTAG00000055257,0.0
ENSBTAG00000001920,0.0
ENSBTAG00000001465,0.0
ENSBTAG00000033740,0.0
ENSBTAG00000004564,0.0
ENSBTAG00000053581,0.0
ENSBTAG00000049884,0.0
ENSBTAG00000011569,0.0
ENSBTAG00000013378,0.0
ENSBTAG00000052248,0.0
ENSBTAG00000050232,0.0
ENSBTAG00000010385,0.0
ENSBTAG00000014508,0.0
ENSBTAG00000001009,0.0
ENSBTAG00000001728,0.0
ENSBTAG00000008862,0.0
ENSBTAG00000013069,0.0
ENSBTAG00000021703,0.0
ENSBTAG00000013070,0.0
ENSBTAG00000033166,0.0
ENSBTAG00000001442,0.0
ENSBTAG00000004705,0.0
ENSBTAG00000015837,0.0
ENSBTAG00000011192,0.0
ENSBTAG00000020990,0.0
ENSBTAG00000013118,0.0
ENSBTAG00000009848,0.0
ENSBTAG00000003865,0.0
ENSBTAG00000011267,0.0
ENSBTAG00000023445,0.0
ENSBTAG00000014133,0.0
ENSBTAG00000010688,0.0
ENSBTAG00000054520,0.0
ENSBTAG00000001331,0.0
ENSBTAG00000031435,0.0
ENSBTAG00000011140,0.0
ENSBTAG00000009106,0.0
ENSBTAG00000054326,0.0
ENSBTAG00000011143,0.0
ENSBTAG00000021791,0.0
ENSBTAG00000009933,0.0
ENSBTAG00000009104,0.0
ENSBTAG00000016656,0.0
ENSBTAG00000018402,0.0
ENSBTAG00000053963,0.0
ENSBTAG00000005066,0.0
ENSBTAG00000011150,0.0
ENSBTAG00000005071,0.0
ENSBTAG00000018765,0.0
ENSBTAG00000053611,0.0
ENSBTAG00000011147,0.0
ENSBTAG00000018877,0.0
ENSBTAG00000031346,0.0
ENSBTAG00000005068,0.0
ENSBTAG00000007814,0.0
ENSBTAG00000001893,0.0
ENSBTAG00000018777,0.0
ENSBTAG00000015163,0.0
ENSBTAG00000019960,0.0
ENSBTAG00000023607,0.0
ENSBTAG00000012164,0.0
ENSBTAG00000014567,0.0
ENSBTAG00000054441,0.0
ENSBTAG00000000566,0.0
ENSBTAG00000006947,0.0
ENSBTAG00000002395,0.0
ENSBTAG00000002640,0.0
ENSBTAG00000019704,0.0
ENSBTAG00000053238,0.0
ENSBTAG00000001721,0.0
ENSBTAG00000015008,0.0
ENSBTAG00000000456,0.0
ENSBTAG00000013727,0.0
ENSBTAG00000045633,0.0
ENSBTAG00000013755,0.0
ENSBTAG00000050282,0.0
ENSBTAG00000014751,0.0
ENSBTAG00000014749,0.0
ENSBTAG00000048442,0.0
ENSBTAG00000005522,0.0
ENSBTAG00000022227,0.0
ENSBTAG00000054268,0.0
ENSBTAG00000021396,0.0
ENSBTAG00000031306,0.0
ENSBTAG00000000496,0.0
ENSBTAG00000011986,0.0
ENSBTAG00000050482,0.0
ENSBTAG00000011383,0.0
ENSBTAG00000007331,0.0
ENSBTAG00000006471,0.0
ENSBTAG00000003383,0.0
ENSBTAG00000044172,0.0
ENSBTAG00000014208,0.0
ENSBTAG00000018025,0.0
ENSBTAG00000049240,0.0
ENSBTAG00000032839,0.0
ENSBTAG00000007933,0.0
ENSBTAG00000031178,0.0
ENSBTAG00000001890,0.0
ENSBTAG00000054067,0.0
ENSBTAG00000011584,0.0
ENSBTAG00000009154,0.0
ENSBTAG00000011116,0.0
ENSBTAG00000032819,0.0
ENSBTAG00000038111,0.0
ENSBTAG00000016026,0.0
ENSBTAG00000014721,0.0
ENSBTAG00000002232,0.0
ENSBTAG00000023429,0.0
ENSBTAG00000021364,0.0
ENSBTAG00000049459,0.0
ENSBTAG00000032719,0.0
ENSBTAG00000012347,0.0
ENSBTAG00000016979,0.0
ENSBTAG00000011529,0.0
ENSBTAG00000032684,0.0
ENSBTAG00000040161,0.0
ENSBTAG00000007577,0.0
ENSBTAG00000013317,0.0
ENSBTAG00000013319,0.0
ENSBTAG00000014660,0.0
ENSBTAG00000006388,0.0
ENSBTAG00000009614,0.0
ENSBTAG00000013192,0.0
ENSBTAG00000049165,0.0
ENSBTAG00000048195,0.0
ENSBTAG00000047856,0.0
ENSBTAG00000032674,0.0
ENSBTAG00000008873,0.0
ENSBTAG00000048390,0.0
ENSBTAG00000011659,0.0
ENSBTAG00000002998,0.0
ENSBTAG00000011524,0.0
ENSBTAG00000018138,0.0
ENSBTAG00000006222,0.0
ENSBTAG00000019007,0.0
ENSBTAG00000014140,0.0
ENSBTAG00000021886,0.0
ENSBTAG00000002185,0.0
ENSBTAG00000054849,0.0
ENSBTAG00000015413,0.0
ENSBTAG00000040061,0.0
ENSBTAG00000050763,0.0
ENSBTAG00000050470,0.0
ENSBTAG00000009115,0.0
ENSBTAG00000015310,0.0
ENSBTAG00000052041,0.0
ENSBTAG00000018346,0.0
ENSBTAG00000008714,0.0
ENSBTAG00000051936,0.0
ENSBTAG00000020028,0.0
ENSBTAG00000015056,0.0
ENSBTAG00000014843,0.0
ENSBTAG00000047608,0.0
ENSBTAG00000048953,0.0
ENSBTAG00000046040,0.0
ENSBTAG00000046738,0.0
ENSBTAG00000051220,0.0
ENSBTAG00000048724,0.0
ENSBTAG00000045637,0.0
ENSBTAG00000006909,0.0
ENSBTAG00000023426,0.0
ENSBTAG00000048975,0.0
ENSBTAG00000018538,0.0
ENSBTAG00000026861,0.0
ENSBTAG00000008111,0.0
ENSBTAG00000001497,0.0
ENSBTAG00000012850,0.0
ENSBTAG00000019952,0.0
ENSBTAG00000019949,0.0
ENSBTAG00000001451,0.0
ENSBTAG00000015198,0.0
ENSBTAG00000014589,0.0
ENSBTAG00000019535,0.0
ENSBTAG00000020378,0.0
ENSBTAG00000008299,0.0
ENSBTAG00000018427,0.0
ENSBTAG00000003833,0.0
ENSBTAG00000054797,0.0
ENSBTAG00000016306,0.0
ENSBTAG00000035437,0.0
ENSBTAG00000015221,0.0
ENSBTAG00000052750,0.0
ENSBTAG00000000750,0.0
ENSBTAG00000023416,0.0
ENSBTAG00000051032,0.0
ENSBTAG00000015377,0.0
ENSBTAG00000054179,0.0
ENSBTAG00000051206,0.0
ENSBTAG00000007014,0.0
ENSBTAG00000014461,0.0
ENSBTAG00000000742,0.0
ENSBTAG00000049951,0.0
ENSBTAG00000016999,0.0
ENSBTAG00000048733,0.0
ENSBTAG00000001324,0.0
ENSBTAG00000000905,0.0
ENSBTAG00000044075,0.0
ENSBTAG00000007273,0.0
ENSBTAG00000023411,0.0
ENSBTAG00000000526,0.0
ENSBTAG00000035556,0.0
ENSBTAG00000018508,0.0
ENSBTAG00000049758,0.0
ENSBTAG00000049044,0.0
ENSBTAG00000049529,0.0
ENSBTAG00000005769,0.0
ENSBTAG00000004495,0.0
ENSBTAG00000031010,0.0
ENSBTAG00000019577,0.0
ENSBTAG00000002966,0.0
ENSBTAG00000011634,0.0
ENSBTAG00000054801,0.0
ENSBTAG00000049430,0.0
ENSBTAG00000054913,0.0
ENSBTAG00000054550,0.0
ENSBTAG00000010448,0.0
ENSBTAG00000053358,0.0
ENSBTAG00000030942,0.0
ENSBTAG00000018749,0.0
ENSBTAG00000009258,0.0
ENSBTAG00000007462,0.0
ENSBTAG00000011626,0.0
ENSBTAG00000013600,0.0
ENSBTAG00000013602,0.0
ENSBTAG00000018768,0.0
ENSBTAG00000023106,0.0
ENSBTAG00000013629,0.0
ENSBTAG00000030993,0.0
ENSBTAG00000007068,0.0
ENSBTAG00000002029,0.0
ENSBTAG00000004754,0.0
ENSBTAG00000054486,0.0
ENSBTAG00000048701,0.0
ENSBTAG00000000394,0.0
ENSBTAG00000030921,0.0
ENSBTAG00000008471,0.0
ENSBTAG00000030913,0.0
ENSBTAG00000009132,0.0
ENSBTAG00000045771,0.0
ENSBTAG00000048826,0.0
ENSBTAG00000053541,0.0
ENSBTAG00000048225,0.0
ENSBTAG00000000448,0.0
ENSBTAG00000052232,0.0
ENSBTAG00000023600,0.0
ENSBTAG00000050331,0.0
ENSBTAG00000006724,0.0
ENSBTAG00000003378,0.0
ENSBTAG00000014564,0.0
ENSBTAG00000008462,0.0
ENSBTAG00000008461,0.0
ENSBTAG00000002394,0.0
ENSBTAG00000013204,0.0
ENSBTAG00000038600,0.0
ENSBTAG00000032656,0.0
ENSBTAG00000048497,0.0
ENSBTAG00000019514,0.0
ENSBTAG00000016305,0.0
ENSBTAG00000018657,0.0
ENSBTAG00000035844,0.0
ENSBTAG00000005430,0.0
ENSBTAG00000053503,0.0
ENSBTAG00000012413,0.0
ENSBTAG00000054301,0.0
ENSBTAG00000006945,0.0
ENSBTAG00000044148,0.0
ENSBTAG00000018703,0.0
ENSBTAG00000047416,0.0
ENSBTAG00000038815,0.0
ENSBTAG00000015769,0.0
ENSBTAG00000050709,0.0
ENSBTAG00000003418,0.0
ENSBTAG00000002210,0.0
ENSBTAG00000002206,0.0
ENSBTAG00000052467,0.0
ENSBTAG00000048330,0.0
ENSBTAG00000003779,0.0
ENSBTAG00000045736,0.0
ENSBTAG00000035705,0.0
ENSBTAG00000046004,0.0
ENSBTAG00000005395,0.0
ENSBTAG00000007211,0.0
ENSBTAG00000016019,0.0
ENSBTAG00000012729,0.0
ENSBTAG00000032923,0.0
ENSBTAG00000014169,0.0
ENSBTAG00000021059,0.0
ENSBTAG00000045550,0.0
ENSBTAG00000017948,0.0
ENSBTAG00000004151,0.0
ENSBTAG00000008911,0.0
ENSBTAG00000037686,0.0
ENSBTAG00000031523,0.0
ENSBTAG00000049686,0.0
ENSBTAG00000032875,0.0
ENSBTAG00000022502,0.0
ENSBTAG00000048265,0.0
ENSBTAG00000046608,0.0
ENSBTAG00000050607,0.0
ENSBTAG00000032852,0.0
ENSBTAG00000047213,0.0
ENSBTAG00000010114,0.0
ENSBTAG00000020522,0.0
ENSBTAG00000027978,0.0
ENSBTAG00000014670,0.0
ENSBTAG00000020717,0.0
ENSBTAG00000003740,0.0
ENSBTAG00000005319,0.0
ENSBTAG00000001809,0.0
ENSBTAG00000046794,0.0
ENSBTAG00000019417,0.0
ENSBTAG00000050056,0.0
ENSBTAG00000037996,0.0
ENSBTAG00000026139,0.0
ENSBTAG00000038204,0.0
ENSBTAG00000052983,0.0
ENSBTAG00000050068,0.0
ENSBTAG00000007499,0.0
ENSBTAG00000019256,0.0
ENSBTAG00000019253,0.0
ENSBTAG00000001637,0.0
ENSBTAG00000019250,0.0
ENSBTAG00000053072,0.0
ENSBTAG00000012623,0.0
ENSBTAG00000055248,0.0
ENSBTAG00000022292,0.0
ENSBTAG00000001979,0.0
ENSBTAG00000001975,0.0
ENSBTAG00000001288,0.0
ENSBTAG00000021254,0.0
ENSBTAG00000016206,0.0
ENSBTAG00000021252,0.0
ENSBTAG00000053172,0.0
ENSBTAG00000037883,0.0
ENSBTAG00000020390,0.0
ENSBTAG00000016761,0.0
ENSBTAG00000020136,0.0
ENSBTAG00000003547,0.0
ENSBTAG00000005724,0.0
ENSBTAG00000045934,0.0
ENSBTAG00000020144,0.0
ENSBTAG00000046407,0.0
ENSBTAG00000035907,0.0
ENSBTAG00000006026,0.0
ENSBTAG00000048143,0.0
ENSBTAG00000046707,0.0
ENSBTAG00000036028,0.0
ENSBTAG00000027843,0.0
ENSBTAG00000051378,0.0
ENSBTAG00000050869,0.0
ENSBTAG00000014223,0.0
ENSBTAG00000032450,0.0
ENSBTAG00000022204,0.0
ENSBTAG00000049730,0.0
ENSBTAG00000053853,0.0
ENSBTAG00000006242,0.0
ENSBTAG00000001311,0.0
ENSBTAG00000003320,0.0
ENSBTAG00000006977,0.0
ENSBTAG00000049862,0.0
ENSBTAG00000019820,0.0
ENSBTAG00000052155,0.0
ENSBTAG00000030490,0.0
ENSBTAG00000014287,0.0
ENSBTAG00000046436,0.0
ENSBTAG00000054469,0.0
ENSBTAG00000052647,0.0
ENSBTAG00000004008,0.0
ENSBTAG00000011790,0.0
ENSBTAG00000011788,0.0
ENSBTAG00000011783,0.0
ENSBTAG00000017801,0.0
ENSBTAG00000005953,0.0
ENSBTAG00000051736,0.0
ENSBTAG00000055097,0.0
ENSBTAG00000052740,0.0
ENSBTAG00000047339,0.0
ENSBTAG00000051797,0.0
ENSBTAG00000053380,0.0
ENSBTAG00000011463,0.0
ENSBTAG00000008966,0.0
ENSBTAG00000053054,0.0
ENSBTAG00000046998,0.0
ENSBTAG00000001488,0.0
ENSBTAG00000009457,0.0
ENSBTAG00000045867,0.0
ENSBTAG00000045756,0.0
ENSBTAG00000044025,0.0
ENSBTAG00000004280,0.0
ENSBTAG00000004836,0.0
ENSBTAG00000004955,0.0
ENSBTAG00000047655,0.0
ENSBTAG00000053716,0.0
ENSBTAG00000048881,0.0
ENSBTAG00000050958,0.0
ENSBTAG00000003668,0.0
ENSBTAG00000022920,0.0
ENSBTAG00000046314,0.0
ENSBTAG00000005294,0.0
ENSBTAG00000055282,0.0
ENSBTAG00000045876,0.0
ENSBTAG00000038156,0.0
ENSBTAG00000000955,0.0
ENSBTAG00000052886,0.0
ENSBTAG00000053288,0.0
ENSBTAG00000054028,0.0
ENSBTAG00000019953,0.0
ENSBTAG00000003321,0.0
ENSBTAG00000040386,0.0
ENSBTAG00000052354,0.0
ENSBTAG00000003088,0.0
ENSBTAG00000003121,0.0
ENSBTAG00000019703,0.0
ENSBTAG00000000185,0.0
ENSBTAG00000055305,0.0
ENSBTAG00000046589,0.0
ENSBTAG00000045877,0.0
ENSBTAG00000050604,0.0
ENSBTAG00000049868,0.0
ENSBTAG00000050233,0.0
ENSBTAG00000048086,0.0
ENSBTAG00000000501,0.0
ENSBTAG00000007859,0.0
ENSBTAG00000013721,0.0
ENSBTAG00000049451,0.0
ENSBTAG00000005749,0.0
ENSBTAG00000046978,0.0
ENSBTAG00000013724,0.0
ENSBTAG00000018697,0.0
ENSBTAG00000013760,0.0
ENSBTAG00000047410,0.0
ENSBTAG00000048711,0.0
ENSBTAG00000006439,0.0
ENSBTAG00000053537,0.0
ENSBTAG00000014575,0.0
ENSBTAG00000038595,0.0
ENSBTAG00000040406,0.0
ENSBTAG00000035018,0.0
ENSBTAG00000051018,0.0
ENSBTAG00000006535,0.0
ENSBTAG00000014304,0.0
ENSBTAG00000002615,0.0
ENSBTAG00000046820,0.0
ENSBTAG00000032696,0.0
ENSBTAG00000026003,0.0
ENSBTAG00000051093,0.0
ENSBTAG00000012533,0.0
ENSBTAG00000040357,0.0
ENSBTAG00000019553,0.0
ENSBTAG00000049636,0.0
ENSBTAG00000054004,0.0
ENSBTAG00000052471,0.0
ENSBTAG00000020739,0.0
ENSBTAG00000018986,0.0
ENSBTAG00000047757,0.0
ENSBTAG00000001007,0.0
ENSBTAG00000046037,0.0
ENSBTAG00000047169,0.0
ENSBTAG00000045779,0.0
ENSBTAG00000045744,0.0
ENSBTAG00000046838,0.0
ENSBTAG00000037413,0.0
ENSBTAG00000004291,0.0
ENSBTAG00000046012,0.0
ENSBTAG00000049833,0.0
ENSBTAG00000022288,0.0
ENSBTAG00000035615,0.0
ENSBTAG00000037650,0.0
ENSBTAG00000017978,0.0
ENSBTAG00000055175,0.0
ENSBTAG00000004432,0.0
ENSBTAG00000047098,0.0
ENSBTAG00000006034,0.0
ENSBTAG00000006033,0.0
ENSBTAG00000010881,0.0
ENSBTAG00000010884,0.0
ENSBTAG00000015670,0.0
ENSBTAG00000006252,0.0
ENSBTAG00000052996,0.0
ENSBTAG00000017184,0.0
ENSBTAG00000017187,0.0
ENSBTAG00000053463,0.0
ENSBTAG00000008920,0.0
ENSBTAG00000004586,0.0
ENSBTAG00000007399,0.0
ENSBTAG00000050905,0.0
ENSBTAG00000053663,0.0
ENSBTAG00000018569,0.0
ENSBTAG00000034992,0.0
ENSBTAG00000049974,0.0
ENSBTAG00000051180,0.0
ENSBTAG00000021410,0.0
ENSBTAG00000032485,0.0
ENSBTAG00000016221,0.0
ENSBTAG00000049471,0.0
ENSBTAG00000016688,0.0
ENSBTAG00000054073,0.0
ENSBTAG00000055095,0.0
ENSBTAG00000053214,0.0
ENSBTAG00000008248,0.0
ENSBTAG00000046327,0.0
ENSBTAG00000020022,0.0
ENSBTAG00000011833,0.0
ENSBTAG00000008388,0.0
ENSBTAG00000050382,0.0
ENSBTAG00000040350,0.0
ENSBTAG00000009121,0.0
ENSBTAG00000011613,0.0
ENSBTAG00000052925,0.0
ENSBTAG00000048159,0.0
ENSBTAG00000048795,0.0
ENSBTAG00000008124,0.0
ENSBTAG00000026067,0.0
ENSBTAG00000049980,0.0
ENSBTAG00000008603,0.0
ENSBTAG00000015532,0.0
ENSBTAG00000032896,0.0
ENSBTAG00000013995,0.0
ENSBTAG00000046796,0.0
ENSBTAG00000044037,0.0
ENSBTAG00000053869,0.0
ENSBTAG00000022399,0.0
ENSBTAG00000050834,0.0
ENSBTAG00000011750,0.0
ENSBTAG00000054511,0.0
ENSBTAG00000054034,0.0
ENSBTAG00000052068,0.0
ENSBTAG00000009598,0.0
ENSBTAG00000008763,0.0
ENSBTAG00000008511,0.0
ENSBTAG00000046941,0.0
ENSBTAG00000053213,0.0
ENSBTAG00000000154,0.0
ENSBTAG00000047701,0.0
ENSBTAG00000014485,0.0
ENSBTAG00000018583,0.0
ENSBTAG00000002668,0.0
ENSBTAG00000002292,0.0
ENSBTAG00000053624,0.0
ENSBTAG00000048848,0.0
ENSBTAG00000013077,0.0
ENSBTAG00000018247,0.0
ENSBTAG00000050504,0.0
ENSBTAG00000053073,0.0
ENSBTAG00000019993,0.0
ENSBTAG00000010345,0.0
ENSBTAG00000002041,0.0
ENSBTAG00000015354,0.0
ENSBTAG00000008170,0.0
ENSBTAG00000027867,0.0
ENSBTAG00000054253,0.0
ENSBTAG00000046395,0.0
ENSBTAG00000013671,0.0
ENSBTAG00000016107,0.0
ENSBTAG00000004962,0.0
ENSBTAG00000051806,0.0
ENSBTAG00000055024,0.0
ENSBTAG00000017832,0.0
ENSBTAG00000019061,0.0
ENSBTAG00000006838,0.0
ENSBTAG00000034712,0.0
ENSBTAG00000006384,0.0
ENSBTAG00000019885,0.0
ENSBTAG00000016263,0.0
ENSBTAG00000006383,0.0
ENSBTAG00000051880,0.0
ENSBTAG00000007730,0.0
ENSBTAG00000014770,0.0
ENSBTAG00000014771,0.0
ENSBTAG00000048581,0.0
ENSBTAG00000002015,0.0
ENSBTAG00000014337,0.0
ENSBTAG00000020561,0.0
ENSBTAG00000048589,0.0
ENSBTAG00000047417,0.0
ENSBTAG00000010939,0.0
ENSBTAG00000049641,0.0
ENSBTAG00000010937,0.0
ENSBTAG00000017363,0.0
ENSBTAG00000011258,0.0
ENSBTAG00000015712,0.0
ENSBTAG00000039066,0.0
ENSBTAG00000021189,0.0
ENSBTAG00000006165,0.0
ENSBTAG00000051658,0.0
ENSBTAG00000047994,0.0
ENSBTAG00000046476,0.0
ENSBTAG00000054512,0.0
ENSBTAG00000048126,0.0
ENSBTAG00000051996,0.0
ENSBTAG00000048206,0.0
ENSBTAG00000020987,0.0
ENSBTAG00000024210,0.0
ENSBTAG00000007647,0.0
ENSBTAG00000051508,0.0
ENSBTAG00000010587,0.0
ENSBTAG00000049971,0.0
ENSBTAG00000001877,0.0
ENSBTAG00000019652,0.0
ENSBTAG00000046635,0.0
ENSBTAG00000051240,0.0
ENSBTAG00000049480,0.0
ENSBTAG00000007344,0.0
ENSBTAG00000004131,0.0
ENSBTAG00000000419,0.0
ENSBTAG00000016230,0.0
ENSBTAG00000052700,0.0
ENSBTAG00000018382,0.0
ENSBTAG00000014088,0.0
ENSBTAG00000049807,0.0
ENSBTAG00000021344,0.0
ENSBTAG00000026063,0.0
ENSBTAG00000020644,0.0
ENSBTAG00000008183,0.0
ENSBTAG00000045653,0.0
ENSBTAG00000015204,0.0
ENSBTAG00000048060,0.0
ENSBTAG00000045678,0.0
ENSBTAG00000021437,0.0
ENSBTAG00000044202,0.0
ENSBTAG00000020406,0.0
ENSBTAG00000030507,0.0
ENSBTAG00000036349,0.0
ENSBTAG00000054002,0.0
ENSBTAG00000050883,0.0
ENSBTAG00000013625,0.0
ENSBTAG00000015196,0.0
ENSBTAG00000014685,0.0
ENSBTAG00000003299,0.0
ENSBTAG00000006293,0.0
ENSBTAG00000047699,0.0
ENSBTAG00000024675,0.0
ENSBTAG00000051877,0.0
ENSBTAG00000001886,0.0
ENSBTAG00000017639,0.0
ENSBTAG00000050804,0.0
ENSBTAG00000026025,0.0
ENSBTAG00000000895,0.0
ENSBTAG00000000894,0.0
ENSBTAG00000048173,0.0
ENSBTAG00000054025,0.0
ENSBTAG00000039890,0.0
ENSBTAG00000052285,0.0
ENSBTAG00000049298,0.0
ENSBTAG00000017633,0.0
ENSBTAG00000017628,0.0
ENSBTAG00000019546,0.0
ENSBTAG00000047954,0.0
ENSBTAG00000018090,0.0
ENSBTAG00000050385,0.0
ENSBTAG00000047939,0.0
ENSBTAG00000010018,0.0
ENSBTAG00000021962,0.0
ENSBTAG00000047768,0.0
ENSBTAG00000045931,0.0
ENSBTAG00000053487,0.0
ENSBTAG00000049183,0.0
ENSBTAG00000045569,0.0
ENSBTAG00000038434,0.0
ENSBTAG00000003727,0.0
ENSBTAG00000006722,0.0
ENSBTAG00000054899,0.0
ENSBTAG00000051706,0.0
ENSBTAG00000003609,0.0
ENSBTAG00000014170,0.0
ENSBTAG00000008047,0.0
ENSBTAG00000052760,0.0
ENSBTAG00000004549,0.0
ENSBTAG00000019855,0.0
ENSBTAG00000054942,0.0
ENSBTAG00000017843,0.0
ENSBTAG00000017850,0.0
ENSBTAG00000011028,0.0
ENSBTAG00000000300,0.0
ENSBTAG00000015630,0.0
ENSBTAG00000051929,0.0
ENSBTAG00000039388,0.0
ENSBTAG00000002585,0.0
ENSBTAG00000019852,0.0
ENSBTAG00000032003,0.0
ENSBTAG00000051480,0.0
ENSBTAG00000051239,0.0
ENSBTAG00000049983,0.0
ENSBTAG00000051616,0.0
ENSBTAG00000037550,0.0
ENSBTAG00000038660,0.0
ENSBTAG00000020826,0.0
ENSBTAG00000000576,0.0
ENSBTAG00000001726,0.0
ENSBTAG00000004007,0.0
ENSBTAG00000015355,0.0
ENSBTAG00000050059,0.0
ENSBTAG00000053104,0.0
ENSBTAG00000052491,0.0
ENSBTAG00000050902,0.0
ENSBTAG00000009545,0.0
ENSBTAG00000031145,0.0
ENSBTAG00000051767,0.0
ENSBTAG00000015848,0.0
ENSBTAG00000007428,0.0
ENSBTAG00000046092,0.0
ENSBTAG00000009420,0.0
ENSBTAG00000052692,0.0
ENSBTAG00000045925,0.0
ENSBTAG00000016484,0.0
ENSBTAG00000039049,0.0
ENSBTAG00000017649,0.0
ENSBTAG00000018800,0.0
ENSBTAG00000047376,0.0
ENSBTAG00000047089,0.0
ENSBTAG00000045565,0.0
ENSBTAG00000047545,0.0
ENSBTAG00000051732,0.0
ENSBTAG00000039195,0.0
ENSBTAG00000031256,0.0
ENSBTAG00000049525,0.0
ENSBTAG00000000902,0.0
ENSBTAG00000031261,0.0
ENSBTAG00000049311,0.0
ENSBTAG00000011780,0.0
ENSBTAG00000002820,0.0
ENSBTAG00000001768,0.0
ENSBTAG00000003316,0.0
ENSBTAG00000000997,0.0
ENSBTAG00000006878,0.0
ENSBTAG00000045940,0.0
ENSBTAG00000017017,0.0
ENSBTAG00000055043,0.0
ENSBTAG00000016940,0.0
ENSBTAG00000017020,0.0
ENSBTAG00000053036,0.0
ENSBTAG00000007092,0.0
ENSBTAG00000012552,0.0
ENSBTAG00000020420,0.0
ENSBTAG00000020419,0.0
ENSBTAG00000052635,0.0
ENSBTAG00000020418,0.0
ENSBTAG00000049489,0.0
ENSBTAG00000048296,0.0
ENSBTAG00000034045,0.0
ENSBTAG00000034402,0.0
ENSBTAG00000000377,0.0
ENSBTAG00000009477,0.0
ENSBTAG00000055137,0.0
ENSBTAG00000009476,0.0
ENSBTAG00000007646,0.0
ENSBTAG00000020750,0.0
ENSBTAG00000001514,0.0
ENSBTAG00000009198,0.0
ENSBTAG00000018311,0.0
ENSBTAG00000011056,0.0
ENSBTAG00000049027,0.0
ENSBTAG00000050778,0.0
ENSBTAG00000006818,0.0
ENSBTAG00000018292,0.0
ENSBTAG00000016433,0.0
ENSBTAG00000050724,0.0
ENSBTAG00000053064,0.0
ENSBTAG00000017209,0.0
ENSBTAG00000021713,0.0
ENSBTAG00000012163,0.0
ENSBTAG00000014138,0.0
ENSBTAG00000012152,0.0
ENSBTAG00000010289,0.0
ENSBTAG00000008492,0.0
ENSBTAG00000009657,0.0
ENSBTAG00000009260,0.0
ENSBTAG00000020512,0.0
ENSBTAG00000052224,0.0
ENSBTAG00000052670,0.0
ENSBTAG00000020513,0.0
ENSBTAG00000007708,0.0
ENSBTAG00000005150,0.0
ENSBTAG00000004461,0.0
ENSBTAG00000005950,0.0
ENSBTAG00000021351,0.0
ENSBTAG00000006296,0.0
ENSBTAG00000007626,0.0
ENSBTAG00000032209,0.0
ENSBTAG00000054065,0.0
ENSBTAG00000004879,0.0
ENSBTAG00000050821,0.0
ENSBTAG00000009775,0.0
ENSBTAG00000007871,0.0
ENSBTAG00000006820,0.0
ENSBTAG00000020725,0.0
ENSBTAG00000051077,0.0
ENSBTAG00000010922,0.0
ENSBTAG00000010923,0.0
ENSBTAG00000017945,0.0
ENSBTAG00000017927,0.0
ENSBTAG00000007403,0.0
ENSBTAG00000013548,0.0
ENSBTAG00000012748,0.0
ENSBTAG00000016272,0.0
ENSBTAG00000021684,0.0
ENSBTAG00000011291,0.0
ENSBTAG00000006691,0.0
ENSBTAG00000038488,0.0
ENSBTAG00000051562,0.0
ENSBTAG00000022161,0.0
ENSBTAG00000012863,0.0
ENSBTAG00000012861,0.0
ENSBTAG00000048998,0.0
ENSBTAG00000013002,0.0
ENSBTAG00000047997,0.0
ENSBTAG00000012860,0.0
ENSBTAG00000054409,0.0
ENSBTAG00000012856,0.0
ENSBTAG00000040541,0.0
ENSBTAG00000018839,0.0
ENSBTAG00000009231,0.0
ENSBTAG00000005776,0.0
ENSBTAG00000017785,0.0
ENSBTAG00000007798,0.0
ENSBTAG00000007797,0.0
ENSBTAG00000054566,0.0
ENSBTAG00000012281,0.0
ENSBTAG00000048506,0.0
ENSBTAG00000049615,0.0
ENSBTAG00000009278,0.0
ENSBTAG00000010245,0.0
ENSBTAG00000011648,0.0
ENSBTAG00000052777,0.0
ENSBTAG00000012543,0.0
ENSBTAG00000010152,0.0
ENSBTAG00000023978,0.0
ENSBTAG00000019779,0.0
ENSBTAG00000017265,0.0
ENSBTAG00000011310,0.0
ENSBTAG00000021026,0.0
ENSBTAG00000011121,0.0
ENSBTAG00000007817,0.0
ENSBTAG00000007813,0.0
ENSBTAG00000045697,0.0
ENSBTAG00000016977,0.0
ENSBTAG00000015801,0.0
ENSBTAG00000010726,0.0
ENSBTAG00000033702,0.0
ENSBTAG00000013824,0.0
ENSBTAG00000049384,0.0
ENSBTAG00000033167,0.0
ENSBTAG00000054473,0.0
ENSBTAG00000048594,0.0
ENSBTAG00000009932,0.0
ENSBTAG00000013046,0.0
ENSBTAG00000001977,0.0
ENSBTAG00000013045,0.0
ENSBTAG00000013044,0.0
ENSBTAG00000055193,0.0
ENSBTAG00000002158,0.0
ENSBTAG00000023820,0.0
ENSBTAG00000051663,0.0
ENSBTAG00000020185,0.0
ENSBTAG00000047917,0.0
ENSBTAG00000050830,0.0
ENSBTAG00000000211,0.0
ENSBTAG00000051024,0.0
ENSBTAG00000006472,0.0
ENSBTAG00000014095,0.0
ENSBTAG00000055120,0.0
ENSBTAG00000000520,0.0
ENSBTAG00000052786,0.0
ENSBTAG00000049792,0.0
ENSBTAG00000018112,0.0
ENSBTAG00000011350,0.0
ENSBTAG00000008319,0.0
ENSBTAG00000017430,0.0
ENSBTAG00000001049,0.0
ENSBTAG00000009959,0.0
ENSBTAG00000020547,0.0
ENSBTAG00000022255,0.0
ENSBTAG00000015849,0.0
ENSBTAG00000049637,0.0
ENSBTAG00000020551,0.0
ENSBTAG00000010146,0.0
ENSBTAG00000047326,0.0
ENSBTAG00000050199,0.0
ENSBTAG00000047411,0.0
ENSBTAG00000020789,0.0
ENSBTAG00000007654,0.0
ENSBTAG00000000207,0.0
ENSBTAG00000003290,0.0
ENSBTAG00000048907,0.0
ENSBTAG00000005496,0.0
ENSBTAG00000054692,0.0
ENSBTAG00000005124,0.0
ENSBTAG00000053224,0.0
ENSBTAG00000046084,0.0
ENSBTAG00000046155,0.0
ENSBTAG00000051287,0.0
ENSBTAG00000016820,0.0
ENSBTAG00000002890,0.0
ENSBTAG00000012491,0.0
ENSBTAG00000053270,0.0
ENSBTAG00000049038,0.0
ENSBTAG00000016764,0.0
ENSBTAG00000016769,0.0
ENSBTAG00000049442,0.0
ENSBTAG00000052075,0.0
ENSBTAG00000025952,0.0
ENSBTAG00000016772,0.0
ENSBTAG00000016989,0.0
ENSBTAG00000014367,0.0
ENSBTAG00000001058,0.0
ENSBTAG00000038589,0.0
ENSBTAG00000022150,0.0
ENSBTAG00000047161,0.0
ENSBTAG00000002113,0.0
ENSBTAG00000014932,0.0
ENSBTAG00000005039,0.0
ENSBTAG00000001059,0.0
ENSBTAG00000051224,0.0
ENSBTAG00000021421,0.0
ENSBTAG00000005042,0.0
ENSBTAG00000021422,0.0
ENSBTAG00000052214,0.0
ENSBTAG00000015815,0.0
ENSBTAG00000048637,0.0
ENSBTAG00000038379,0.0
ENSBTAG00000013462,0.0
ENSBTAG00000015817,0.0
ENSBTAG00000015820,0.0
ENSBTAG00000039794,0.0
ENSBTAG00000039285,0.0
ENSBTAG00000047138,0.0
ENSBTAG00000013341,0.0
ENSBTAG00000046328,0.0
ENSBTAG00000008114,0.0
ENSBTAG00000005866,0.0
ENSBTAG00000047194,0.0
ENSBTAG00000017660,0.0
ENSBTAG00000050826,0.0
ENSBTAG00000046774,0.0
ENSBTAG00000046069,0.0
ENSBTAG00000047702,0.0
ENSBTAG00000047827,0.0
ENSBTAG00000049411,0.0
ENSBTAG00000011904,0.0
ENSBTAG00000054604,0.0
ENSBTAG00000048817,0.0
ENSBTAG00000008278,0.0
ENSBTAG00000011854,0.0
ENSBTAG00000016085,0.0
ENSBTAG00000031829,0.0
ENSBTAG00000009282,0.0
ENSBTAG00000009287,0.0
ENSBTAG00000009288,0.0
ENSBTAG00000051063,0.0
ENSBTAG00000025848,0.0
ENSBTAG00000018060,0.0
ENSBTAG00000047855,0.0
ENSBTAG00000020299,0.0
ENSBTAG00000020300,0.0
ENSBTAG00000020127,0.0
ENSBTAG00000046555,0.0
ENSBTAG00000051850,0.0
ENSBTAG00000011190,0.0
ENSBTAG00000004706,0.0
ENSBTAG00000052110,0.0
ENSBTAG00000003184,0.0
ENSBTAG00000013244,0.0
ENSBTAG00000022314,0.0
ENSBTAG00000052040,0.0
ENSBTAG00000012954,0.0
ENSBTAG00000007454,0.0
ENSBTAG00000013250,0.0
ENSBTAG00000049284,0.0
ENSBTAG00000018496,0.0
ENSBTAG00000018498,0.0
ENSBTAG00000007455,0.0
ENSBTAG00000002768,0.0
ENSBTAG00000007456,0.0
ENSBTAG00000004597,0.0
ENSBTAG00000004600,0.0
ENSBTAG00000009024,0.0
ENSBTAG00000007788,0.0
ENSBTAG00000008523,0.0
ENSBTAG00000051720,0.0
ENSBTAG00000002561,0.0
ENSBTAG00000002562,0.0
ENSBTAG00000002563,0.0
ENSBTAG00000002565,0.0
ENSBTAG00000002568,0.0
ENSBTAG00000012117,0.0
ENSBTAG00000013278,0.0
ENSBTAG00000016093,0.0
ENSBTAG00000012125,0.0
ENSBTAG00000016095,0.0
ENSBTAG00000033032,0.0
ENSBTAG00000016096,0.0
ENSBTAG00000008552,0.0
ENSBTAG00000016097,0.0
ENSBTAG00000054868,0.0
ENSBTAG00000014331,0.0
ENSBTAG00000014333,0.0
ENSBTAG00000012747,0.0
ENSBTAG00000019512,0.0
ENSBTAG00000013277,0.0
ENSBTAG00000053534,0.0
ENSBTAG00000001900,0.0
ENSBTAG00000048914,0.0
ENSBTAG00000052652,0.0
ENSBTAG00000013279,0.0
ENSBTAG00000021100,0.0
ENSBTAG00000052071,0.0
ENSBTAG00000037728,0.0
ENSBTAG00000036343,0.0
ENSBTAG00000039391,0.0
ENSBTAG00000001507,0.0
ENSBTAG00000049844,0.0
ENSBTAG00000049694,0.0
ENSBTAG00000050832,0.0
ENSBTAG00000016399,0.0
ENSBTAG00000046286,0.0
ENSBTAG00000019942,0.0
ENSBTAG00000022962,0.0
ENSBTAG00000051994,0.0
ENSBTAG00000054140,0.0
ENSBTAG00000002996,0.0
ENSBTAG00000001911,0.0
ENSBTAG00000045782,0.0
ENSBTAG00000054383,0.0
ENSBTAG00000011277,0.0
ENSBTAG00000054170,0.0
ENSBTAG00000005252,0.0
ENSBTAG00000052977,0.0
ENSBTAG00000013311,0.0
ENSBTAG00000053722,0.0
ENSBTAG00000008733,0.0
ENSBTAG00000048077,0.0
ENSBTAG00000052987,0.0
ENSBTAG00000054753,0.0
ENSBTAG00000053562,0.0
ENSBTAG00000017767,0.0
ENSBTAG00000017783,0.0
ENSBTAG00000014943,0.0
ENSBTAG00000014945,0.0
ENSBTAG00000017761,0.0
ENSBTAG00000017769,0.0
ENSBTAG00000017779,0.0
ENSBTAG00000006122,0.0
ENSBTAG00000005098,0.0
ENSBTAG00000013289,0.0
ENSBTAG00000003855,0.0
ENSBTAG00000023182,0.0
ENSBTAG00000015858,0.0
ENSBTAG00000015860,0.0
ENSBTAG00000019370,0.0
ENSBTAG00000031564,0.0
ENSBTAG00000049441,0.0
ENSBTAG00000039888,0.0
ENSBTAG00000051604,0.0
ENSBTAG00000000172,0.0
ENSBTAG00000013177,0.0
ENSBTAG00000013178,0.0
ENSBTAG00000039090,0.0
ENSBTAG00000046659,0.0
ENSBTAG00000012980,0.0
ENSBTAG00000053434,0.0
ENSBTAG00000005852,0.0
ENSBTAG00000021843,0.0
ENSBTAG00000054746,0.0
ENSBTAG00000049019,0.0
ENSBTAG00000053877,0.0
ENSBTAG00000013260,0.0
ENSBTAG00000046769,0.0
ENSBTAG00000045616,0.0
ENSBTAG00000021325,0.0
ENSBTAG00000007127,0.0
ENSBTAG00000021326,0.0
ENSBTAG00000021327,0.0
ENSBTAG00000021328,0.0
ENSBTAG00000037640,0.0
ENSBTAG00000016063,0.0
ENSBTAG00000049805,0.0
ENSBTAG00000039046,0.0
ENSBTAG00000021653,0.0
ENSBTAG00000010338,0.0
ENSBTAG00000010344,0.0
ENSBTAG00000007280,0.0
ENSBTAG00000005584,0.0
ENSBTAG00000015752,0.0
ENSBTAG00000018446,0.0
ENSBTAG00000008142,0.0
ENSBTAG00000008140,0.0
ENSBTAG00000000730,0.0
ENSBTAG00000009664,0.0
ENSBTAG00000015317,0.0
ENSBTAG00000047133,0.0
ENSBTAG00000054636,0.0
ENSBTAG00000037702,0.0
ENSBTAG00000040055,0.0
ENSBTAG00000017855,0.0
ENSBTAG00000017431,0.0
ENSBTAG00000053516,0.0
ENSBTAG00000021692,0.0
ENSBTAG00000054626,0.0
ENSBTAG00000026710,0.0
ENSBTAG00000021691,0.0
ENSBTAG00000005119,0.0
ENSBTAG00000006654,0.0
ENSBTAG00000039772,0.0
ENSBTAG00000018502,0.0
ENSBTAG00000001359,0.0
ENSBTAG00000016174,0.0
ENSBTAG00000005180,0.0
ENSBTAG00000047240,0.0
ENSBTAG00000054546,0.0
ENSBTAG00000054422,0.0
ENSBTAG00000050503,0.0
ENSBTAG00000051671,0.0
ENSBTAG00000002549,0.0
ENSBTAG00000019480,0.0
ENSBTAG00000005207,0.0
ENSBTAG00000009080,0.0
ENSBTAG00000003253,0.0
ENSBTAG00000032515,0.0
ENSBTAG00000011964,0.0
ENSBTAG00000053448,0.0
ENSBTAG00000017797,0.0
ENSBTAG00000016748,0.0
ENSBTAG00000051665,0.0
ENSBTAG00000039346,0.0
ENSBTAG00000038195,0.0
ENSBTAG00000008755,0.0
ENSBTAG00000012363,0.0
ENSBTAG00000054190,0.0
ENSBTAG00000021050,0.0
ENSBTAG00000050396,0.0
ENSBTAG00000048397,0.0
ENSBTAG00000011390,0.0
ENSBTAG00000045943,0.0
ENSBTAG00000020654,0.0
ENSBTAG00000010598,0.0
ENSBTAG00000004184,0.0
ENSBTAG00000004603,0.0
ENSBTAG00000054666,0.0
ENSBTAG00000012629,0.0
ENSBTAG00000020671,0.0
ENSBTAG00000050972,0.0
ENSBTAG00000004177,0.0
ENSBTAG00000020548,0.0
ENSBTAG00000017605,0.0
ENSBTAG00000008330,0.0
ENSBTAG00000008331,0.0
ENSBTAG00000008336,0.0
ENSBTAG00000051540,0.0
ENSBTAG00000032481,0.0
ENSBTAG00000018067,0.0
ENSBTAG00000013773,0.0
ENSBTAG00000018065,0.0
ENSBTAG00000049997,0.0
ENSBTAG00000018062,0.0
ENSBTAG00000026684,0.0
ENSBTAG00000005904,0.0
ENSBTAG00000027159,0.0
ENSBTAG00000004267,0.0
ENSBTAG00000012801,0.0
ENSBTAG00000018199,0.0
ENSBTAG00000020655,0.0
ENSBTAG00000011909,0.0
ENSBTAG00000020652,0.0
ENSBTAG00000037902,0.0
ENSBTAG00000019337,0.0
ENSBTAG00000046862,0.0
ENSBTAG00000008329,0.0
ENSBTAG00000012698,0.0
ENSBTAG00000012912,0.0
ENSBTAG00000017376,0.0
ENSBTAG00000012695,0.0
ENSBTAG00000054211,0.0
ENSBTAG00000002027,0.0
ENSBTAG00000009770,0.0
ENSBTAG00000014390,0.0
ENSBTAG00000014388,0.0
ENSBTAG00000009163,0.0
ENSBTAG00000026696,0.0
ENSBTAG00000015103,0.0
ENSBTAG00000003650,0.0
ENSBTAG00000015104,0.0
ENSBTAG00000048869,0.0
ENSBTAG00000006159,0.0
ENSBTAG00000019486,0.0
ENSBTAG00000026788,0.0
ENSBTAG00000051364,0.0
ENSBTAG00000040518,0.0
ENSBTAG00000005562,0.0
ENSBTAG00000054139,0.0
ENSBTAG00000015715,0.0
ENSBTAG00000010657,0.0
ENSBTAG00000010050,0.0
ENSBTAG00000021526,0.0
ENSBTAG00000010378,0.0
ENSBTAG00000010366,0.0
ENSBTAG00000033143,0.0
ENSBTAG00000001435,0.0
ENSBTAG00000047365,0.0
ENSBTAG00000013235,0.0
ENSBTAG00000039994,0.0
ENSBTAG00000048151,0.0
ENSBTAG00000035081,0.0
ENSBTAG00000026851,0.0
ENSBTAG00000052286,0.0
ENSBTAG00000016819,0.0
ENSBTAG00000016818,0.0
ENSBTAG00000016817,0.0
ENSBTAG00000020159,0.0
ENSBTAG00000001887,0.0
ENSBTAG00000018979,0.0
ENSBTAG00000002297,0.0
ENSBTAG00000002293,0.0
ENSBTAG00000005477,0.0
ENSBTAG00000003479,0.0
ENSBTAG00000053024,0.0
ENSBTAG00000012848,0.0
ENSBTAG00000017253,0.0
ENSBTAG00000013309,0.0
ENSBTAG00000047524,0.0
ENSBTAG00000006667,0.0
ENSBTAG00000003202,0.0
ENSBTAG00000015771,0.0
ENSBTAG00000001160,0.0
ENSBTAG00000026660,0.0
ENSBTAG00000021525,0.0
ENSBTAG00000052614,0.0
ENSBTAG00000048228,0.0
ENSBTAG00000010393,0.0
ENSBTAG00000003788,0.0
ENSBTAG00000002727,0.0
ENSBTAG00000003676,0.0
ENSBTAG00000040210,0.0
ENSBTAG00000002678,0.0
ENSBTAG00000002363,0.0
ENSBTAG00000006342,0.0
ENSBTAG00000018385,0.0
ENSBTAG00000027051,0.0
ENSBTAG00000043989,0.0
ENSBTAG00000008800,0.0
ENSBTAG00000012997,0.0
ENSBTAG00000006225,0.0
ENSBTAG00000006223,0.0
ENSBTAG00000003866,0.0
ENSBTAG00000001192,0.0
ENSBTAG00000019614,0.0
ENSBTAG00000007554,0.0
ENSBTAG00000011784,0.0
ENSBTAG00000037456,0.0
ENSBTAG00000018374,0.0
ENSBTAG00000002505,0.0
ENSBTAG00000019728,0.0
ENSBTAG00000010254,0.0
ENSBTAG00000010253,0.0
ENSBTAG00000010249,0.0
ENSBTAG00000050795,0.0
ENSBTAG00000053588,0.0
ENSBTAG00000008766,0.0
ENSBTAG00000051649,0.0
ENSBTAG00000051814,0.0
ENSBTAG00000018413,0.0
ENSBTAG00000019252,0.0
ENSBTAG00000004416,0.0
ENSBTAG00000014848,0.0
ENSBTAG00000014849,0.0
ENSBTAG00000014850,0.0
ENSBTAG00000009223,0.0
ENSBTAG00000046672,0.0
ENSBTAG00000009796,0.0
ENSBTAG00000001024,0.0
ENSBTAG00000014447,0.0
ENSBTAG00000003235,0.0
ENSBTAG00000049812,0.0
ENSBTAG00000040497,0.0
ENSBTAG00000009631,0.0
ENSBTAG00000005629,0.0
ENSBTAG00000009581,0.0
ENSBTAG00000009580,0.0
ENSBTAG00000009579,0.0
ENSBTAG00000026638,0.0
ENSBTAG00000050680,0.0
ENSBTAG00000009562,0.0
ENSBTAG00000013131,0.0
ENSBTAG00000001513,0.0
ENSBTAG00000005085,0.0
ENSBTAG00000006355,0.0
ENSBTAG00000006349,0.0
ENSBTAG00000005105,0.0
ENSBTAG00000021787,0.0
ENSBTAG00000021786,0.0
ENSBTAG00000021781,0.0
ENSBTAG00000021778,0.0
ENSBTAG00000052666,0.0
ENSBTAG00000003069,0.0
ENSBTAG00000001050,0.0
ENSBTAG00000001297,0.0
ENSBTAG00000001296,0.0
ENSBTAG00000015222,0.0
ENSBTAG00000001651,0.0
ENSBTAG00000050474,0.0
ENSBTAG00000009470,0.0
ENSBTAG00000054645,0.0
ENSBTAG00000013772,0.0
ENSBTAG00000012604,0.0
ENSBTAG00000017452,0.0
ENSBTAG00000013048,0.0
ENSBTAG00000010278,0.0
ENSBTAG00000019791,0.0
ENSBTAG00000001100,0.0
ENSBTAG00000014885,0.0
ENSBTAG00000008072,0.0
ENSBTAG00000030435,0.0
ENSBTAG00000019371,0.0
ENSBTAG00000030434,0.0
ENSBTAG00000005002,0.0
ENSBTAG00000011625,0.0
ENSBTAG00000021620,0.0
ENSBTAG00000026585,0.0
ENSBTAG00000020905,0.0
ENSBTAG00000052293,0.0
ENSBTAG00000030425,0.0
ENSBTAG00000014400,0.0
ENSBTAG00000038865,0.0
ENSBTAG00000002594,0.0
ENSBTAG00000016578,0.0
ENSBTAG00000040329,0.0
ENSBTAG00000009502,0.0
ENSBTAG00000009500,0.0
ENSBTAG00000053631,0.0
ENSBTAG00000030413,0.0
ENSBTAG00000045902,0.0
ENSBTAG00000011196,0.0
ENSBTAG00000011193,0.0
ENSBTAG00000007153,0.0
ENSBTAG00000020102,0.0
ENSBTAG00000016448,0.0
ENSBTAG00000001700,0.0
ENSBTAG00000040602,0.0
ENSBTAG00000006940,0.0
ENSBTAG00000008952,0.0
ENSBTAG00000008951,0.0
ENSBTAG00000002977,0.0
ENSBTAG00000010051,0.0
ENSBTAG00000040215,0.0
ENSBTAG00000009831,0.0
ENSBTAG00000040536,0.0
ENSBTAG00000013916,0.0
ENSBTAG00000002316,0.0
ENSBTAG00000018656,0.0
ENSBTAG00000016895,0.0
ENSBTAG00000001082,0.0
ENSBTAG00000050449,0.0
ENSBTAG00000017644,0.0
ENSBTAG00000016894,0.0
ENSBTAG00000006085,0.0
ENSBTAG00000014714,0.0
ENSBTAG00000006084,0.0
ENSBTAG00000052516,0.0
ENSBTAG00000055116,0.0
ENSBTAG00000020850,0.0
ENSBTAG00000050271,0.0
ENSBTAG00000013511,0.0
ENSBTAG00000015841,0.0
ENSBTAG00000003225,0.0
ENSBTAG00000011658,0.0
ENSBTAG00000038318,0.0
ENSBTAG00000040547,0.0
ENSBTAG00000016877,0.0
ENSBTAG00000050633,0.0
ENSBTAG00000046977,0.0
ENSBTAG00000050719,0.0
ENSBTAG00000015834,0.0
ENSBTAG00000034978,0.0
ENSBTAG00000000941,0.0
ENSBTAG00000039122,0.0
ENSBTAG00000002700,0.0
ENSBTAG00000048919,0.0
ENSBTAG00000005759,0.0
ENSBTAG00000050302,0.0
ENSBTAG00000013039,0.0
ENSBTAG00000004418,0.0
ENSBTAG00000017108,0.0
ENSBTAG00000030367,0.0
ENSBTAG00000049385,0.0
ENSBTAG00000007998,0.0
ENSBTAG00000007996,0.0
ENSBTAG00000005140,0.0
ENSBTAG00000050219,0.0
ENSBTAG00000049463,0.0
ENSBTAG00000004554,0.0
ENSBTAG00000013650,0.0
ENSBTAG00000050824,0.0
ENSBTAG00000012289,0.0
ENSBTAG00000026758,0.0
ENSBTAG00000005444,0.0
ENSBTAG00000011951,0.0
ENSBTAG00000011950,0.0
ENSBTAG00000050981,0.0
ENSBTAG00000006003,0.0
ENSBTAG00000008089,0.0
ENSBTAG00000053244,0.0
ENSBTAG00000005987,0.0
ENSBTAG00000005986,0.0
ENSBTAG00000050571,0.0
ENSBTAG00000006262,0.0
ENSBTAG00000006261,0.0
ENSBTAG00000039803,0.0
ENSBTAG00000021172,0.0
ENSBTAG00000018275,0.0
ENSBTAG00000003950,0.0
ENSBTAG00000004216,0.0
ENSBTAG00000020777,0.0
ENSBTAG00000038275,0.0
ENSBTAG00000034949,0.0
ENSBTAG00000019177,0.0
ENSBTAG00000049565,0.0
ENSBTAG00000015240,0.0
ENSBTAG00000017214,0.0
ENSBTAG00000000266,0.0
ENSBTAG00000030340,0.0
ENSBTAG00000015678,0.0
ENSBTAG00000030335,0.0
ENSBTAG00000007719,0.0
ENSBTAG00000007584,0.0
ENSBTAG00000021020,0.0
ENSBTAG00000015246,0.0
ENSBTAG00000007239,0.0
ENSBTAG00000007787,0.0
ENSBTAG00000014967,0.0
ENSBTAG00000030322,0.0
ENSBTAG00000054138,0.0
ENSBTAG00000026994,0.0
ENSBTAG00000032369,0.0
ENSBTAG00000053830,0.0
ENSBTAG00000011808,0.0
ENSBTAG00000053388,0.0
ENSBTAG00000016217,0.0
ENSBTAG00000019172,0.0
ENSBTAG00000006438,0.0
ENSBTAG00000039731,0.0
ENSBTAG00000000684,0.0
ENSBTAG00000015962,0.0
ENSBTAG00000018795,0.0
ENSBTAG00000012561,0.0
ENSBTAG00000048830,0.0
ENSBTAG00000008579,0.0
ENSBTAG00000012557,0.0
ENSBTAG00000012554,0.0
ENSBTAG00000047426,0.0
ENSBTAG00000000492,0.0
ENSBTAG00000010498,0.0
ENSBTAG00000012052,0.0
ENSBTAG00000012043,0.0
ENSBTAG00000002138,0.0
ENSBTAG00000019683,0.0
ENSBTAG00000003002,0.0
ENSBTAG00000008314,0.0
ENSBTAG00000008309,0.0
ENSBTAG00000018125,0.0
ENSBTAG00000003822,0.0
ENSBTAG00000013282,0.0
ENSBTAG00000013281,0.0
ENSBTAG00000018581,0.0
ENSBTAG00000027020,0.0
ENSBTAG00000009251,0.0
ENSBTAG00000051080,0.0
ENSBTAG00000052646,0.0
ENSBTAG00000019592,0.0
ENSBTAG00000008510,0.0
ENSBTAG00000051947,0.0
ENSBTAG00000054442,0.0
ENSBTAG00000014221,0.0
ENSBTAG00000005670,0.0
ENSBTAG00000000815,0.0
ENSBTAG00000034680,0.0
ENSBTAG00000034674,0.0
ENSBTAG00000055045,0.0
ENSBTAG00000010938,0.0
ENSBTAG00000048513,0.0
ENSBTAG00000015291,0.0
ENSBTAG00000012376,0.0
ENSBTAG00000054108,0.0
ENSBTAG00000052907,0.0
ENSBTAG00000052105,0.0
ENSBTAG00000048810,0.0
ENSBTAG00000012615,0.0
ENSBTAG00000001132,0.0
ENSBTAG00000050589,0.0
ENSBTAG00000007141,0.0
ENSBTAG00000049919,0.0
ENSBTAG00000046000,0.0
ENSBTAG00000032289,0.0
ENSBTAG00000053082,0.0
ENSBTAG00000008483,0.0
ENSBTAG00000032277,0.0
ENSBTAG00000007580,0.0
ENSBTAG00000054433,0.0
ENSBTAG00000019929,0.0
ENSBTAG00000021762,0.0
ENSBTAG00000049344,0.0
ENSBTAG00000003645,0.0
ENSBTAG00000051608,0.0
ENSBTAG00000026122,0.0
ENSBTAG00000024632,0.0
ENSBTAG00000020961,0.0
ENSBTAG00000033662,0.0
ENSBTAG00000052556,0.0
ENSBTAG00000017629,0.0
ENSBTAG00000018147,0.0
ENSBTAG00000013455,0.0
ENSBTAG00000001627,0.0
ENSBTAG00000050067,0.0
ENSBTAG00000014432,0.0
ENSBTAG00000039437,0.0
ENSBTAG00000044055,0.0
ENSBTAG00000021755,0.0
ENSBTAG00000001060,0.0
ENSBTAG00000009949,0.0
ENSBTAG00000015172,0.0
ENSBTAG00000015170,0.0
ENSBTAG00000015169,0.0
ENSBTAG00000013302,0.0
ENSBTAG00000026842,0.0
ENSBTAG00000050570,0.0
ENSBTAG00000013449,0.0
ENSBTAG00000048332,0.0
ENSBTAG00000014409,0.0
ENSBTAG00000014158,0.0
ENSBTAG00000018753,0.0
ENSBTAG00000010977,0.0
ENSBTAG00000008390,0.0
ENSBTAG00000018744,0.0
ENSBTAG00000051395,0.0
ENSBTAG00000012100,0.0
ENSBTAG00000050322,0.0
ENSBTAG00000044009,0.0
ENSBTAG00000005238,0.0
ENSBTAG00000000937,0.0
ENSBTAG00000005234,0.0
ENSBTAG00000047036,0.0
ENSBTAG00000009257,0.0
ENSBTAG00000009256,0.0
ENSBTAG00000021103,0.0
ENSBTAG00000003401,0.0
ENSBTAG00000050811,0.0
ENSBTAG00000043956,0.0
ENSBTAG00000045838,0.0
ENSBTAG00000052891,0.0
ENSBTAG00000050289,0.0
ENSBTAG00000021726,0.0
ENSBTAG00000003120,0.0
ENSBTAG00000005235,0.0
ENSBTAG00000046904,0.0
ENSBTAG00000001861,0.0
ENSBTAG00000015077,0.0
ENSBTAG00000016785,0.0
ENSBTAG00000027875,0.0
ENSBTAG00000010221,0.0
ENSBTAG00000053626,0.0
ENSBTAG00000002112,0.0
ENSBTAG00000050057,0.0
ENSBTAG00000050695,0.0
ENSBTAG00000021494,0.0
ENSBTAG00000018473,0.0
ENSBTAG00000003771,0.0
ENSBTAG00000054051,0.0
ENSBTAG00000052033,0.0
ENSBTAG00000007111,0.0
ENSBTAG00000053974,0.0
ENSBTAG00000010599,0.0
ENSBTAG00000009517,0.0
ENSBTAG00000026825,0.0
ENSBTAG00000013619,0.0
ENSBTAG00000052348,0.0
ENSBTAG00000054356,0.0
ENSBTAG00000009057,0.0
ENSBTAG00000009058,0.0
ENSBTAG00000020855,0.0
ENSBTAG00000052709,0.0
ENSBTAG00000018236,0.0
ENSBTAG00000001098,0.0
ENSBTAG00000001097,0.0
ENSBTAG00000026829,0.0
ENSBTAG00000033254,0.0
ENSBTAG00000032021,0.0
ENSBTAG00000001096,0.0
ENSBTAG00000049058,0.0
ENSBTAG00000050089,0.0
ENSBTAG00000011682,0.0
ENSBTAG00000014405,0.0
ENSBTAG00000007765,0.0
ENSBTAG00000019781,0.0
ENSBTAG00000006168,0.0
ENSBTAG00000039522,0.0
ENSBTAG00000053411,0.0
ENSBTAG00000019387,0.0
ENSBTAG00000016396,0.0
ENSBTAG00000049860,0.0
ENSBTAG00000027694,0.0
ENSBTAG00000006059,0.0
ENSBTAG00000027696,0.0
ENSBTAG00000009897,0.0
ENSBTAG00000031918,0.0
ENSBTAG00000050710,0.0
ENSBTAG00000049074,0.0
ENSBTAG00000054992,0.0
ENSBTAG00000019255,0.0
ENSBTAG00000054036,0.0
ENSBTAG00000055121,0.0
ENSBTAG00000006693,0.0
ENSBTAG00000031898,0.0
ENSBTAG00000015840,0.0
ENSBTAG00000048896,0.0
ENSBTAG00000004835,0.0
ENSBTAG00000039581,0.0
ENSBTAG00000049845,0.0
ENSBTAG00000016033,0.0
ENSBTAG00000016030,0.0
ENSBTAG00000033330,0.0
ENSBTAG00000004313,0.0
ENSBTAG00000049537,0.0
ENSBTAG00000002009,0.0
ENSBTAG00000050237,0.0
ENSBTAG00000049994,0.0
ENSBTAG00000051403,0.0
ENSBTAG00000018061,0.0
ENSBTAG00000031711,0.0
ENSBTAG00000014863,0.0
ENSBTAG00000002944,0.0
ENSBTAG00000002295,0.0
ENSBTAG00000007863,0.0
ENSBTAG00000051479,0.0
ENSBTAG00000018253,0.0
ENSBTAG00000007867,0.0
ENSBTAG00000001585,0.0
ENSBTAG00000046699,0.0
ENSBTAG00000021636,0.0
ENSBTAG00000012966,0.0
ENSBTAG00000038620,0.0
ENSBTAG00000011256,0.0
ENSBTAG00000014949,0.0
ENSBTAG00000052569,0.0
ENSBTAG00000006970,0.0
ENSBTAG00000053359,0.0
ENSBTAG00000000176,0.0
ENSBTAG00000050579,0.0
ENSBTAG00000018653,0.0
ENSBTAG00000003458,0.0
ENSBTAG00000053580,0.0
ENSBTAG00000018497,0.0
ENSBTAG00000014832,0.0
ENSBTAG00000047783,0.0
ENSBTAG00000048361,0.0
ENSBTAG00000020984,0.0
ENSBTAG00000009976,0.0
ENSBTAG00000016782,0.0
ENSBTAG00000016836,0.0
ENSBTAG00000017266,0.0
ENSBTAG00000016784,0.0
ENSBTAG00000005741,0.0
ENSBTAG00000013196,0.0
ENSBTAG00000015217,0.0
ENSBTAG00000019075,0.0
ENSBTAG00000020696,0.0
ENSBTAG00000010118,0.0
ENSBTAG00000017695,0.0
ENSBTAG00000007779,0.0
ENSBTAG00000016762,0.0
ENSBTAG00000020416,0.0
ENSBTAG00000002646,0.0
ENSBTAG00000031696,0.0
ENSBTAG00000048244,0.0
ENSBTAG00000007898,0.0
ENSBTAG00000016430,0.0
ENSBTAG00000049842,0.0
ENSBTAG00000052085,0.0
ENSBTAG00000006918,0.0
ENSBTAG00000036258,0.0
ENSBTAG00000013218,0.0
ENSBTAG00000007258,0.0
ENSBTAG00000051056,0.0
ENSBTAG00000012171,0.0
ENSBTAG00000051169,0.0
ENSBTAG00000008915,0.0
ENSBTAG00000003207,0.0
ENSBTAG00000004659,0.0
ENSBTAG00000012586,0.0
ENSBTAG00000012589,0.0
ENSBTAG00000019116,0.0
ENSBTAG00000007652,0.0
ENSBTAG00000002056,0.0
ENSBTAG00000031614,0.0
ENSBTAG00000003626,0.0
ENSBTAG00000016334,0.0
ENSBTAG00000031595,0.0
ENSBTAG00000009952,0.0
ENSBTAG00000019232,0.0
ENSBTAG00000019231,0.0
ENSBTAG00000016092,0.0
ENSBTAG00000002272,0.0
ENSBTAG00000031579,0.0
ENSBTAG00000009725,0.0
ENSBTAG00000047849,0.0
ENSBTAG00000038878,0.0
ENSBTAG00000026812,0.0
ENSBTAG00000006049,0.0
ENSBTAG00000005408,0.0
ENSBTAG00000020296,0.0
ENSBTAG00000005416,0.0
ENSBTAG00000018282,0.0
ENSBTAG00000026008,0.0
ENSBTAG00000008716,0.0
ENSBTAG00000001093,0.0
ENSBTAG00000031473,0.0
ENSBTAG00000001092,0.0
ENSBTAG00000001090,0.0
ENSBTAG00000027789,0.0
ENSBTAG00000010743,0.0
ENSBTAG00000021201,0.0
ENSBTAG00000010998,0.0
ENSBTAG00000046878,0.0
ENSBTAG00000010741,0.0
ENSBTAG00000010736,0.0
ENSBTAG00000015718,0.0
ENSBTAG00000004555,0.0
ENSBTAG00000012334,0.0
ENSBTAG00000014933,0.0
ENSBTAG00000019298,0.0
ENSBTAG00000004557,0.0
ENSBTAG00000017436,0.0
ENSBTAG00000026885,0.0
ENSBTAG00000017437,0.0
ENSBTAG00000004241,0.0
ENSBTAG00000010048,0.0
ENSBTAG00000010362,0.0
ENSBTAG00000052816,0.0
ENSBTAG00000044179,0.0
ENSBTAG00000053930,0.0
ENSBTAG00000017162,0.0
ENSBTAG00000051560,0.0
ENSBTAG00000052783,0.0
ENSBTAG00000051496,0.0
ENSBTAG00000017743,0.0
ENSBTAG00000046347,0.0
ENSBTAG00000019137,0.0
ENSBTAG00000026882,0.0
ENSBTAG00000007395,0.0
ENSBTAG00000002425,0.0
ENSBTAG00000055073,0.0
ENSBTAG00000002283,0.0
ENSBTAG00000018520,0.0
ENSBTAG00000034192,0.0
ENSBTAG00000049402,0.0
ENSBTAG00000005517,0.0
ENSBTAG00000016512,0.0
ENSBTAG00000006420,0.0
ENSBTAG00000048876,0.0
ENSBTAG00000008673,0.0
ENSBTAG00000051923,0.0
ENSBTAG00000013957,0.0
ENSBTAG00000015424,0.0
ENSBTAG00000053168,0.0
ENSBTAG00000016000,0.0
ENSBTAG00000039091,0.0
ENSBTAG00000019994,0.0
ENSBTAG00000014469,0.0
ENSBTAG00000038180,0.0
ENSBTAG00000050020,0.0
ENSBTAG00000000851,0.0
ENSBTAG00000007650,0.0
ENSBTAG00000053447,0.0
ENSBTAG00000011017,0.0
ENSBTAG00000053731,0.0
ENSBTAG00000049251,0.0
ENSBTAG00000007445,0.0
ENSBTAG00000019291,0.0
ENSBTAG00000051061,0.0
ENSBTAG00000008704,0.0
ENSBTAG00000013170,0.0
ENSBTAG00000021596,0.0
ENSBTAG00000040367,0.0
ENSBTAG00000001899,0.0
ENSBTAG00000051630,0.0
ENSBTAG00000049320,0.0
ENSBTAG00000010293,0.0
ENSBTAG00000053833,0.0
ENSBTAG00000011971,0.0
ENSBTAG00000053417,0.0
ENSBTAG00000014407,0.0
ENSBTAG00000054879,0.0
ENSBTAG00000055132,0.0
ENSBTAG00000021976,0.0
ENSBTAG00000021979,0.0
ENSBTAG00000017043,0.0
ENSBTAG00000031166,0.0
ENSBTAG00000019694,0.0
ENSBTAG00000055316,0.0
ENSBTAG00000046454,0.0
ENSBTAG00000016192,0.0
ENSBTAG00000016193,0.0
ENSBTAG00000019190,0.0
ENSBTAG00000044097,0.0
ENSBTAG00000005474,0.0
ENSBTAG00000052083,0.0
ENSBTAG00000016297,0.0
ENSBTAG00000007830,0.0
ENSBTAG00000049856,0.0
ENSBTAG00000015054,0.0
ENSBTAG00000014783,0.0
ENSBTAG00000021770,0.0
ENSBTAG00000012888,0.0
ENSBTAG00000020527,0.0
ENSBTAG00000055312,0.0
ENSBTAG00000002177,0.0
ENSBTAG00000002180,0.0
ENSBTAG00000011992,0.0
ENSBTAG00000052197,0.0
ENSBTAG00000018130,0.0
ENSBTAG00000015415,0.0
ENSBTAG00000054647,0.0
ENSBTAG00000021600,0.0
ENSBTAG00000010579,0.0
ENSBTAG00000010722,0.0
ENSBTAG00000009707,0.0
ENSBTAG00000015066,0.0
ENSBTAG00000016662,0.0
ENSBTAG00000012647,0.0
ENSBTAG00000005239,0.0
ENSBTAG00000048438,0.0
ENSBTAG00000037804,0.0
ENSBTAG00000018549,0.0
ENSBTAG00000052399,0.0
ENSBTAG00000053460,0.0
ENSBTAG00000033690,0.0
ENSBTAG00000051517,0.0
ENSBTAG00000003472,0.0
ENSBTAG00000019274,0.0
ENSBTAG00000008300,0.0
ENSBTAG00000013215,0.0
ENSBTAG00000010413,0.0
ENSBTAG00000006821,0.0
ENSBTAG00000010426,0.0
ENSBTAG00000049897,0.0
ENSBTAG00000003843,0.0
ENSBTAG00000051254,0.0
ENSBTAG00000005596,0.0
ENSBTAG00000054218,0.0
ENSBTAG00000053306,0.0
ENSBTAG00000019003,0.0
ENSBTAG00000048421,0.0
ENSBTAG00000002485,0.0
ENSBTAG00000003327,0.0
ENSBTAG00000038042,0.0
ENSBTAG00000026753,0.0
ENSBTAG00000010386,0.0
ENSBTAG00000003923,0.0
ENSBTAG00000003927,0.0
ENSBTAG00000051631,0.0
ENSBTAG00000003935,0.0
ENSBTAG00000003936,0.0
ENSBTAG00000003944,0.0
ENSBTAG00000015520,0.0
ENSBTAG00000008362,0.0
ENSBTAG00000018543,0.0
ENSBTAG00000016572,0.0
ENSBTAG00000003807,0.0
ENSBTAG00000003809,0.0
ENSBTAG00000026772,0.0
ENSBTAG00000003813,0.0
ENSBTAG00000003817,0.0
ENSBTAG00000003819,0.0
ENSBTAG00000018415,0.0
ENSBTAG00000013489,0.0
ENSBTAG00000013492,0.0
ENSBTAG00000013990,0.0
ENSBTAG00000009217,0.0
ENSBTAG00000020191,0.0
ENSBTAG00000026751,0.0
ENSBTAG00000008452,0.0
ENSBTAG00000031041,0.0
ENSBTAG00000012618,0.0
ENSBTAG00000012619,0.0
ENSBTAG00000012620,0.0
ENSBTAG00000020606,0.0
ENSBTAG00000020607,0.0
ENSBTAG00000020608,0.0
ENSBTAG00000020610,0.0
ENSBTAG00000020613,0.0
ENSBTAG00000030974,0.0
ENSBTAG00000030973,0.0
ENSBTAG00000013782,0.0
ENSBTAG00000013798,0.0
ENSBTAG00000010897,0.0
ENSBTAG00000021514,0.0
ENSBTAG00000005353,0.0
ENSBTAG00000046176,0.0
ENSBTAG00000048641,0.0
ENSBTAG00000002995,0.0
ENSBTAG00000052917,0.0
ENSBTAG00000020537,0.0
ENSBTAG00000020539,0.0
ENSBTAG00000020540,0.0
ENSBTAG00000040338,0.0
ENSBTAG00000009972,0.0
ENSBTAG00000038992,0.0
ENSBTAG00000014975,0.0
ENSBTAG00000054256,0.0
ENSBTAG00000049337,0.0
ENSBTAG00000010030,0.0
ENSBTAG00000009950,0.0
ENSBTAG00000046649,0.0
ENSBTAG00000011649,0.0
ENSBTAG00000000301,0.0
ENSBTAG00000008431,0.0
ENSBTAG00000017258,0.0
ENSBTAG00000005315,0.0
ENSBTAG00000006432,0.0
ENSBTAG00000055227,0.0
ENSBTAG00000021588,0.0
ENSBTAG00000054852,0.0
ENSBTAG00000027962,0.0
ENSBTAG00000011133,0.0
ENSBTAG00000016951,0.0
ENSBTAG00000011514,0.0
ENSBTAG00000008717,0.0
ENSBTAG00000038700,0.0
ENSBTAG00000021769,0.0
ENSBTAG00000000581,0.0
ENSBTAG00000019152,0.0
ENSBTAG00000049927,0.0
ENSBTAG00000021308,0.0
ENSBTAG00000023963,0.0
ENSBTAG00000021310,0.0
ENSBTAG00000021316,0.0
ENSBTAG00000021319,0.0
ENSBTAG00000021322,0.0
ENSBTAG00000021323,0.0
ENSBTAG00000050771,0.0
ENSBTAG00000015741,0.0
ENSBTAG00000010414,0.0
ENSBTAG00000006560,0.0
ENSBTAG00000021046,0.0
ENSBTAG00000004334,0.0
ENSBTAG00000054981,0.0
ENSBTAG00000053607,0.0
ENSBTAG00000009209,0.0
ENSBTAG00000004333,0.0
ENSBTAG00000012722,0.0
ENSBTAG00000003128,0.0
ENSBTAG00000014225,0.0
ENSBTAG00000007537,0.0
ENSBTAG00000054583,0.0
ENSBTAG00000009192,0.0
ENSBTAG00000045643,0.0
ENSBTAG00000051070,0.0
ENSBTAG00000005793,0.0
ENSBTAG00000051575,0.0
ENSBTAG00000019956,0.0
ENSBTAG00000052819,0.0
ENSBTAG00000020223,0.0
ENSBTAG00000017844,0.0
ENSBTAG00000005029,0.0
ENSBTAG00000002555,0.0
ENSBTAG00000039738,0.0
ENSBTAG00000015647,0.0
ENSBTAG00000037890,0.0
ENSBTAG00000038523,0.0
ENSBTAG00000052822,0.0
ENSBTAG00000006441,0.0
ENSBTAG00000000229,0.0
ENSBTAG00000014102,0.0
ENSBTAG00000005973,0.0
ENSBTAG00000050746,0.0
ENSBTAG00000034841,0.0
ENSBTAG00000011976,0.0
ENSBTAG00000002489,0.0
ENSBTAG00000024849,0.0
ENSBTAG00000000097,0.0
ENSBTAG00000010551,0.0
ENSBTAG00000046812,0.0
ENSBTAG00000053654,0.0
ENSBTAG00000000094,0.0
ENSBTAG00000023535,0.0
ENSBTAG00000023551,0.0
ENSBTAG00000019933,0.0
ENSBTAG00000030532,0.0
ENSBTAG00000053814,0.0
ENSBTAG00000009625,0.0
ENSBTAG00000037858,0.0
ENSBTAG00000009982,0.0
ENSBTAG00000050402,0.0
ENSBTAG00000024507,0.0
ENSBTAG00000054510,0.0
ENSBTAG00000048596,0.0
ENSBTAG00000000259,0.0
ENSBTAG00000002414,0.0
ENSBTAG00000052815,0.0
ENSBTAG00000002419,0.0
ENSBTAG00000007241,0.0
ENSBTAG00000001481,0.0
ENSBTAG00000020172,0.0
ENSBTAG00000002068,0.0
ENSBTAG00000007507,0.0
ENSBTAG00000018487,0.0
ENSBTAG00000010670,0.0
ENSBTAG00000016698,0.0
ENSBTAG00000015891,0.0
ENSBTAG00000017786,0.0
ENSBTAG00000004776,0.0
ENSBTAG00000020169,0.0
ENSBTAG00000009603,0.0
ENSBTAG00000050534,0.0
ENSBTAG00000045664,0.0
ENSBTAG00000009888,0.0
ENSBTAG00000012659,0.0
ENSBTAG00000053209,0.0
ENSBTAG00000019901,0.0
ENSBTAG00000013907,0.0
ENSBTAG00000019616,0.0
ENSBTAG00000019038,0.0
ENSBTAG00000006466,0.0
ENSBTAG00000047879,0.0
ENSBTAG00000054704,0.0
ENSBTAG00000019618,0.0
ENSBTAG00000054539,0.0
ENSBTAG00000012886,0.0
ENSBTAG00000012887,0.0
ENSBTAG00000054463,0.0
ENSBTAG00000012884,0.0
ENSBTAG00000013322,0.0
ENSBTAG00000015459,0.0
ENSBTAG00000024144,0.0
ENSBTAG00000008322,0.0
ENSBTAG00000013320,0.0
ENSBTAG00000010565,0.0
ENSBTAG00000002979,0.0
ENSBTAG00000003220,0.0
ENSBTAG00000003217,0.0
ENSBTAG00000052902,0.0
ENSBTAG00000011511,0.0
ENSBTAG00000014970,0.0
ENSBTAG00000015380,0.0
ENSBTAG00000020444,0.0
ENSBTAG00000012555,0.0
ENSBTAG00000007352,0.0
ENSBTAG00000001981,0.0
ENSBTAG00000051822,0.0
ENSBTAG00000052979,0.0
ENSBTAG00000052448,0.0
ENSBTAG00000051178,0.0
ENSBTAG00000012437,0.0
ENSBTAG00000034601,0.0
ENSBTAG00000013789,0.0
ENSBTAG00000038961,0.0
ENSBTAG00000003096,0.0
ENSBTAG00000046650,0.0
ENSBTAG00000016389,0.0
ENSBTAG00000020966,0.0
ENSBTAG00000020964,0.0
ENSBTAG00000008810,0.0
ENSBTAG00000000888,0.0
ENSBTAG00000008808,0.0
ENSBTAG00000000574,0.0
ENSBTAG00000039653,0.0
ENSBTAG00000053002,0.0
ENSBTAG00000051535,0.0
ENSBTAG00000039494,0.0
ENSBTAG00000038894,0.0
ENSBTAG00000023247,0.0
ENSBTAG00000049967,0.0
ENSBTAG00000023556,0.0
ENSBTAG00000026848,0.0
ENSBTAG00000017778,0.0
ENSBTAG00000039366,0.0
ENSBTAG00000015346,0.0
ENSBTAG00000022556,0.0
ENSBTAG00000049745,0.0
ENSBTAG00000018893,0.0
ENSBTAG00000037807,0.0
ENSBTAG00000007297,0.0
ENSBTAG00000009421,0.0
ENSBTAG00000012594,0.0
ENSBTAG00000000963,0.0
ENSBTAG00000000497,0.0
ENSBTAG00000000283,0.0
ENSBTAG00000038426,0.0
ENSBTAG00000003642,0.0
ENSBTAG00000001845,0.0
ENSBTAG00000022893,0.0
ENSBTAG00000001842,0.0
ENSBTAG00000038502,0.0
ENSBTAG00000017029,0.0
ENSBTAG00000048613,0.0
ENSBTAG00000017765,0.0
ENSBTAG00000011244,0.0
ENSBTAG00000054063,0.0
ENSBTAG00000011243,0.0
ENSBTAG00000011242,0.0
ENSBTAG00000012692,0.0
ENSBTAG00000039993,0.0
ENSBTAG00000037673,0.0
ENSBTAG00000011241,0.0
ENSBTAG00000040435,0.0
ENSBTAG00000012648,0.0
ENSBTAG00000013018,0.0
ENSBTAG00000024960,0.0
ENSBTAG00000038263,0.0
ENSBTAG00000012644,0.0
ENSBTAG00000013017,0.0
ENSBTAG00000053343,0.0
ENSBTAG00000048658,0.0
ENSBTAG00000019013,0.0
ENSBTAG00000013016,0.0
ENSBTAG00000005799,0.0
ENSBTAG00000017204,0.0
ENSBTAG00000022514,0.0
ENSBTAG00000013014,0.0
ENSBTAG00000014083,0.0
ENSBTAG00000053777,0.0
ENSBTAG00000016643,0.0
ENSBTAG00000009042,0.0
ENSBTAG00000019010,0.0
ENSBTAG00000015470,0.0
ENSBTAG00000020641,0.0
ENSBTAG00000039702,0.0
ENSBTAG00000024137,0.0
ENSBTAG00000053098,0.0
ENSBTAG00000039529,0.0
ENSBTAG00000008849,0.0
ENSBTAG00000052866,0.0
ENSBTAG00000006128,0.0
ENSBTAG00000006125,0.0
ENSBTAG00000018807,0.0
ENSBTAG00000018806,0.0
ENSBTAG00000015288,0.0
ENSBTAG00000015285,0.0
ENSBTAG00000054932,0.0
ENSBTAG00000051454,0.0
ENSBTAG00000015280,0.0
ENSBTAG00000050921,0.0
ENSBTAG00000018804,0.0
ENSBTAG00000052444,0.0
ENSBTAG00000049257,0.0
ENSBTAG00000049942,0.0
ENSBTAG00000053563,0.0
ENSBTAG00000049232,0.0
ENSBTAG00000011822,0.0
ENSBTAG00000012372,0.0
ENSBTAG00000012962,0.0
ENSBTAG00000008649,0.0
ENSBTAG00000000861,0.0
ENSBTAG00000012355,0.0
ENSBTAG00000051851,0.0
ENSBTAG00000001135,0.0
ENSBTAG00000038979,0.0
ENSBTAG00000049309,0.0
ENSBTAG00000020384,0.0
ENSBTAG00000012361,0.0
ENSBTAG00000017129,0.0
ENSBTAG00000015559,0.0
ENSBTAG00000017124,0.0
ENSBTAG00000044600,0.0
ENSBTAG00000051792,0.0
ENSBTAG00000007330,0.0
ENSBTAG00000005912,0.0
ENSBTAG00000048886,0.0
ENSBTAG00000047871,0.0
ENSBTAG00000046771,0.0
ENSBTAG00000049015,0.0
ENSBTAG00000047874,0.0
ENSBTAG00000008467,0.0
ENSBTAG00000008690,0.0
ENSBTAG00000005439,0.0
ENSBTAG00000054598,0.0
ENSBTAG00000053831,0.0
ENSBTAG00000003752,0.0
ENSBTAG00000011888,0.0
ENSBTAG00000018889,0.0
ENSBTAG00000018888,0.0
ENSBTAG00000018887,0.0
ENSBTAG00000040060,0.0
ENSBTAG00000017656,0.0
ENSBTAG00000031575,0.0
ENSBTAG00000002078,0.0
ENSBTAG00000000253,0.0
ENSBTAG00000012348,0.0
ENSBTAG00000012405,0.0
ENSBTAG00000005583,0.0
ENSBTAG00000003060,0.0
ENSBTAG00000005580,0.0
ENSBTAG00000053060,0.0
ENSBTAG00000016899,0.0
ENSBTAG00000003054,0.0
ENSBTAG00000049591,0.0
ENSBTAG00000024470,0.0
ENSBTAG00000000608,0.0
ENSBTAG00000009819,0.0
ENSBTAG00000039793,0.0
ENSBTAG00000003781,0.0
ENSBTAG00000001520,0.0
ENSBTAG00000003777,0.0
ENSBTAG00000001519,0.0
ENSBTAG00000014530,0.0
ENSBTAG00000001518,0.0
ENSBTAG00000005716,0.0
ENSBTAG00000048635,0.0
ENSBTAG00000039951,0.0
ENSBTAG00000054596,0.0
ENSBTAG00000046220,0.0
ENSBTAG00000021079,0.0
ENSBTAG00000015794,0.0
ENSBTAG00000051185,0.0
ENSBTAG00000015789,0.0
ENSBTAG00000021082,0.0
ENSBTAG00000015180,0.0
ENSBTAG00000000406,0.0
ENSBTAG00000021547,0.0
ENSBTAG00000024288,0.0
ENSBTAG00000000404,0.0
ENSBTAG00000000401,0.0
ENSBTAG00000006882,0.0
ENSBTAG00000019093,0.0
ENSBTAG00000021544,0.0
ENSBTAG00000019091,0.0
ENSBTAG00000037555,0.0
ENSBTAG00000021649,0.0
ENSBTAG00000051805,0.0
ENSBTAG00000049201,0.0
ENSBTAG00000053196,0.0
ENSBTAG00000001397,0.0
ENSBTAG00000046545,0.0
ENSBTAG00000037810,0.0
ENSBTAG00000037770,0.0
ENSBTAG00000051284,0.0
ENSBTAG00000012414,0.0
ENSBTAG00000054737,0.0
ENSBTAG00000012234,0.0
ENSBTAG00000021217,0.0
ENSBTAG00000009617,0.0
ENSBTAG00000016028,0.0
ENSBTAG00000049722,0.0
ENSBTAG00000017387,0.0
ENSBTAG00000017388,0.0
ENSBTAG00000017386,0.0
ENSBTAG00000006370,0.0
ENSBTAG00000017382,0.0
ENSBTAG00000006364,0.0
ENSBTAG00000009436,0.0
ENSBTAG00000009435,0.0
ENSBTAG00000000845,0.0
ENSBTAG00000017381,0.0
ENSBTAG00000017368,0.0
ENSBTAG00000051863,0.0
ENSBTAG00000009434,0.0
ENSBTAG00000004590,0.0
ENSBTAG00000009433,0.0
ENSBTAG00000009432,0.0
ENSBTAG00000050906,0.0
ENSBTAG00000004585,0.0
ENSBTAG00000009431,0.0
ENSBTAG00000012982,0.0
ENSBTAG00000012979,0.0
ENSBTAG00000012228,0.0
ENSBTAG00000017502,0.0
ENSBTAG00000052150,0.0
ENSBTAG00000019029,0.0
ENSBTAG00000019027,0.0
ENSBTAG00000019026,0.0
ENSBTAG00000015887,0.0
ENSBTAG00000007195,0.0
ENSBTAG00000049296,0.0
ENSBTAG00000053979,0.0
ENSBTAG00000019158,0.0
ENSBTAG00000018914,0.0
ENSBTAG00000011754,0.0
ENSBTAG00000007773,0.0
ENSBTAG00000001548,0.0
ENSBTAG00000037539,0.0
ENSBTAG00000001212,0.0
ENSBTAG00000050968,0.0
ENSBTAG00000053867,0.0
ENSBTAG00000000113,0.0
ENSBTAG00000031439,0.0
ENSBTAG00000021101,0.0
ENSBTAG00000015759,0.0
ENSBTAG00000020745,0.0
ENSBTAG00000000108,0.0
ENSBTAG00000021434,0.0
ENSBTAG00000000105,0.0
ENSBTAG00000006321,0.0
ENSBTAG00000006320,0.0
ENSBTAG00000015786,0.0
ENSBTAG00000011209,0.0
ENSBTAG00000015781,0.0
ENSBTAG00000020356,0.0
ENSBTAG00000015778,0.0
ENSBTAG00000001629,0.0
ENSBTAG00000001628,0.0
ENSBTAG00000001626,0.0
ENSBTAG00000026613,0.0
ENSBTAG00000001199,0.0
ENSBTAG00000015113,0.0
ENSBTAG00000012454,0.0
ENSBTAG00000006491,0.0
ENSBTAG00000002644,0.0
ENSBTAG00000003954,0.0
ENSBTAG00000054061,0.0
ENSBTAG00000021943,0.0
ENSBTAG00000003948,0.0
ENSBTAG00000003440,0.0
ENSBTAG00000017056,0.0
ENSBTAG00000018726,0.0
ENSBTAG00000034332,0.0
ENSBTAG00000000533,0.0
ENSBTAG00000017055,0.0
ENSBTAG00000017655,0.0
ENSBTAG00000014393,0.0
ENSBTAG00000012094,0.0
ENSBTAG00000047731,0.0
ENSBTAG00000000532,0.0
ENSBTAG00000039287,0.0
ENSBTAG00000014841,0.0
ENSBTAG00000054444,0.0
ENSBTAG00000021922,0.0
ENSBTAG00000014840,0.0
ENSBTAG00000019031,0.0
ENSBTAG00000020622,0.0
ENSBTAG00000044178,0.0
ENSBTAG00000019698,0.0
ENSBTAG00000000057,0.0
ENSBTAG00000017104,0.0
ENSBTAG00000010622,0.0
ENSBTAG00000010617,0.0
ENSBTAG00000003535,0.0
ENSBTAG00000003083,0.0
ENSBTAG00000019695,0.0
ENSBTAG00000013367,0.0
ENSBTAG00000013363,0.0
ENSBTAG00000020244,0.0
ENSBTAG00000004591,0.0
ENSBTAG00000033423,0.0
ENSBTAG00000010673,0.0
ENSBTAG00000013054,0.0
ENSBTAG00000010663,0.0
ENSBTAG00000031461,0.0
ENSBTAG00000054059,0.0
ENSBTAG00000010655,0.0
ENSBTAG00000013832,0.0
ENSBTAG00000031600,0.0
ENSBTAG00000021512,0.0
ENSBTAG00000000186,0.0
ENSBTAG00000047314,0.0
ENSBTAG00000024476,0.0
ENSBTAG00000014538,0.0
ENSBTAG00000019838,0.0
ENSBTAG00000002983,0.0
ENSBTAG00000004552,0.0
ENSBTAG00000008688,0.0
ENSBTAG00000017819,0.0
ENSBTAG00000017125,0.0
ENSBTAG00000018249,0.0
ENSBTAG00000021024,0.0
ENSBTAG00000031358,0.0
ENSBTAG00000048725,0.0
ENSBTAG00000007517,0.0
ENSBTAG00000048336,0.0
ENSBTAG00000052918,0.0
ENSBTAG00000007515,0.0
ENSBTAG00000011881,0.0
ENSBTAG00000018474,0.0
ENSBTAG00000005161,0.0
ENSBTAG00000005149,0.0
ENSBTAG00000053378,0.0
ENSBTAG00000010232,0.0
ENSBTAG00000004271,0.0
ENSBTAG00000004715,0.0
ENSBTAG00000008023,0.0
ENSBTAG00000030338,0.0
ENSBTAG00000030337,0.0
ENSBTAG00000009368,0.0
ENSBTAG00000051294,0.0
ENSBTAG00000051564,0.0
ENSBTAG00000012061,0.0
ENSBTAG00000002306,0.0
ENSBTAG00000007300,0.0
ENSBTAG00000020026,0.0
ENSBTAG00000007299,0.0
ENSBTAG00000033220,0.0
ENSBTAG00000033217,0.0
ENSBTAG00000008809,0.0
ENSBTAG00000053523,0.0
ENSBTAG00000004987,0.0
ENSBTAG00000021537,0.0
ENSBTAG00000044125,0.0
ENSBTAG00000024107,0.0
ENSBTAG00000024487,0.0
ENSBTAG00000013866,0.0
ENSBTAG00000018987,0.0
ENSBTAG00000017604,0.0
ENSBTAG00000014694,0.0
ENSBTAG00000014692,0.0
ENSBTAG00000011284,0.0
ENSBTAG00000004422,0.0
ENSBTAG00000017942,0.0
ENSBTAG00000020345,0.0
ENSBTAG00000020344,0.0
ENSBTAG00000018711,0.0
ENSBTAG00000049865,0.0
ENSBTAG00000048808,0.0
ENSBTAG00000006678,0.0
ENSBTAG00000021862,0.0
ENSBTAG00000006511,0.0
ENSBTAG00000006235,0.0
ENSBTAG00000007101,0.0
ENSBTAG00000045776,0.0
ENSBTAG00000006510,0.0
ENSBTAG00000046989,0.0
ENSBTAG00000020510,0.0
ENSBTAG00000014326,0.0
ENSBTAG00000009698,0.0
ENSBTAG00000014325,0.0
ENSBTAG00000006234,0.0
ENSBTAG00000012471,0.0
ENSBTAG00000003837,0.0
ENSBTAG00000012470,0.0
ENSBTAG00000003849,0.0
ENSBTAG00000005166,0.0
ENSBTAG00000005163,0.0
ENSBTAG00000004190,0.0
ENSBTAG00000021378,0.0
ENSBTAG00000002583,0.0
ENSBTAG00000016852,0.0
ENSBTAG00000010506,0.0
ENSBTAG00000014204,0.0
ENSBTAG00000011316,0.0
ENSBTAG00000018010,0.0
ENSBTAG00000037651,0.0
ENSBTAG00000039105,0.0
ENSBTAG00000019203,0.0
ENSBTAG00000000644,0.0
ENSBTAG00000051765,0.0
ENSBTAG00000008238,0.0
ENSBTAG00000009269,0.0
ENSBTAG00000054152,0.0
ENSBTAG00000024437,0.0
ENSBTAG00000012640,0.0
ENSBTAG00000012638,0.0
ENSBTAG00000007842,0.0
ENSBTAG00000006505,0.0
ENSBTAG00000047679,0.0
ENSBTAG00000054765,0.0
ENSBTAG00000021443,0.0
ENSBTAG00000048718,0.0
ENSBTAG00000013334,0.0
ENSBTAG00000050666,0.0
ENSBTAG00000032995,0.0
ENSBTAG00000024097,0.0
ENSBTAG00000007994,0.0
ENSBTAG00000024096,0.0
ENSBTAG00000049000,0.0
ENSBTAG00000003245,0.0
ENSBTAG00000015969,0.0
ENSBTAG00000014358,0.0
ENSBTAG00000038617,0.0
ENSBTAG00000048451,0.0
ENSBTAG00000004383,0.0
ENSBTAG00000008737,0.0
ENSBTAG00000024095,0.0
ENSBTAG00000027321,0.0
ENSBTAG00000030301,0.0
ENSBTAG00000020180,0.0
ENSBTAG00000050002,0.0
ENSBTAG00000053053,0.0
ENSBTAG00000013507,0.0
ENSBTAG00000005732,0.0
ENSBTAG00000010175,0.0
ENSBTAG00000021715,0.0
ENSBTAG00000021714,0.0
ENSBTAG00000001393,0.0
ENSBTAG00000055249,0.0
ENSBTAG00000005437,0.0
ENSBTAG00000055126,0.0
ENSBTAG00000053743,0.0
ENSBTAG00000054784,0.0
ENSBTAG00000046138,0.0
ENSBTAG00000002028,0.0
ENSBTAG00000018324,0.0
ENSBTAG00000002026,0.0
ENSBTAG00000050431,0.0
ENSBTAG00000032446,0.0
ENSBTAG00000054069,0.0
ENSBTAG00000054258,0.0
ENSBTAG00000048997,0.0
ENSBTAG00000011363,0.0
ENSBTAG00000039357,0.0
ENSBTAG00000039260,0.0
ENSBTAG00000055274,0.0
ENSBTAG00000016723,0.0
ENSBTAG00000053103,0.0
ENSBTAG00000012253,0.0
ENSBTAG00000015854,0.0
ENSBTAG00000015145,0.0
ENSBTAG00000015147,0.0
ENSBTAG00000015220,0.0
ENSBTAG00000018739,0.0
ENSBTAG00000004772,0.0
ENSBTAG00000051270,0.0
ENSBTAG00000000690,0.0
ENSBTAG00000047528,0.0
ENSBTAG00000017405,0.0
ENSBTAG00000002826,0.0
ENSBTAG00000040596,0.0
ENSBTAG00000021594,0.0
ENSBTAG00000050352,0.0
ENSBTAG00000021591,0.0
ENSBTAG00000032733,0.0
ENSBTAG00000019131,0.0
ENSBTAG00000018737,0.0
ENSBTAG00000027936,0.0
ENSBTAG00000006167,0.0
ENSBTAG00000001942,0.0
ENSBTAG00000040248,0.0
ENSBTAG00000005805,0.0
ENSBTAG00000017566,0.0
ENSBTAG00000038292,0.0
ENSBTAG00000003724,0.0
ENSBTAG00000002377,0.0
ENSBTAG00000024407,0.0
ENSBTAG00000001959,0.0
ENSBTAG00000054884,0.0
ENSBTAG00000047443,0.0
ENSBTAG00000017564,0.0
ENSBTAG00000016696,0.0
ENSBTAG00000016694,0.0
ENSBTAG00000021289,0.0
ENSBTAG00000021288,0.0
ENSBTAG00000024269,0.0
ENSBTAG00000021023,0.0
ENSBTAG00000016307,0.0
ENSBTAG00000016328,0.0
ENSBTAG00000050679,0.0
ENSBTAG00000008091,0.0
ENSBTAG00000006555,0.0
ENSBTAG00000017580,0.0
ENSBTAG00000007320,0.0
ENSBTAG00000020856,0.0
ENSBTAG00000007318,0.0
ENSBTAG00000006101,0.0
ENSBTAG00000054082,0.0
ENSBTAG00000006099,0.0
ENSBTAG00000021948,0.0
ENSBTAG00000013867,0.0
ENSBTAG00000011200,0.0
ENSBTAG00000014235,0.0
ENSBTAG00000018074,0.0
ENSBTAG00000018071,0.0
ENSBTAG00000018070,0.0
ENSBTAG00000020395,0.0
ENSBTAG00000020394,0.0
ENSBTAG00000013881,0.0
ENSBTAG00000012584,0.0
ENSBTAG00000005719,0.0
ENSBTAG00000005717,0.0
ENSBTAG00000005938,0.0
ENSBTAG00000020798,0.0
ENSBTAG00000015371,0.0
ENSBTAG00000019133,0.0
ENSBTAG00000015369,0.0
ENSBTAG00000015363,0.0
ENSBTAG00000050182,0.0
ENSBTAG00000015349,0.0
ENSBTAG00000015345,0.0
ENSBTAG00000015336,0.0
ENSBTAG00000000900,0.0
ENSBTAG00000020214,0.0
ENSBTAG00000015329,0.0
ENSBTAG00000015304,0.0
ENSBTAG00000000099,0.0
ENSBTAG00000038625,0.0
ENSBTAG00000048959,0.0
ENSBTAG00000005784,0.0
ENSBTAG00000000098,0.0
ENSBTAG00000014857,0.0
ENSBTAG00000038576,0.0
ENSBTAG00000021037,0.0
ENSBTAG00000015060,0.0
ENSBTAG00000001143,0.0
ENSBTAG00000021035,0.0
ENSBTAG00000017135,0.0
ENSBTAG00000002724,0.0
ENSBTAG00000020357,0.0
ENSBTAG00000007123,0.0
ENSBTAG00000015154,0.0
ENSBTAG00000003604,0.0
ENSBTAG00000037634,0.0
ENSBTAG00000019555,0.0
ENSBTAG00000038938,0.0
ENSBTAG00000014596,0.0
ENSBTAG00000014529,0.0
ENSBTAG00000003799,0.0
ENSBTAG00000031186,0.0
ENSBTAG00000024272,0.0
ENSBTAG00000038233,0.0
ENSBTAG00000005858,0.0
ENSBTAG00000018058,0.0
ENSBTAG00000008942,0.0
ENSBTAG00000014984,0.0
ENSBTAG00000013946,0.0
ENSBTAG00000002416,0.0
ENSBTAG00000020672,0.0
ENSBTAG00000017670,0.0
ENSBTAG00000020173,0.0
ENSBTAG00000000505,0.0
ENSBTAG00000000504,0.0
ENSBTAG00000024378,0.0
ENSBTAG00000021487,0.0
ENSBTAG00000021485,0.0
ENSBTAG00000021482,0.0
ENSBTAG00000021900,0.0
ENSBTAG00000016730,0.0
ENSBTAG00000003928,0.0
ENSBTAG00000051499,0.0
ENSBTAG00000020635,0.0
ENSBTAG00000001586,0.0
ENSBTAG00000012496,0.0
ENSBTAG00000054817,0.0
ENSBTAG00000052091,0.0
ENSBTAG00000021480,0.0
ENSBTAG00000012495,0.0
ENSBTAG00000020616,0.0
ENSBTAG00000000305,0.0
ENSBTAG00000052679,0.0
ENSBTAG00000001599,0.0
ENSBTAG00000006050,0.0
ENSBTAG00000040098,0.0
ENSBTAG00000032456,0.0
ENSBTAG00000050122,0.0
ENSBTAG00000017595,0.0
ENSBTAG00000046003,0.0
ENSBTAG00000032453,0.0
ENSBTAG00000038476,0.0
ENSBTAG00000050881,0.0
ENSBTAG00000032455,0.0
ENSBTAG00000008592,0.0
ENSBTAG00000037565,0.0
ENSBTAG00000052268,0.0
ENSBTAG00000031171,0.0
ENSBTAG00000022741,0.0
ENSBTAG00000000149,0.0
ENSBTAG00000051311,0.0
ENSBTAG00000053571,0.0
ENSBTAG00000021823,0.0
ENSBTAG00000020060,0.0
ENSBTAG00000016712,0.0
ENSBTAG00000013910,0.0
ENSBTAG00000026181,0.0
ENSBTAG00000008369,0.0
ENSBTAG00000017434,0.0
ENSBTAG00000008370,0.0
ENSBTAG00000008372,0.0
ENSBTAG00000008373,0.0
ENSBTAG00000017357,0.0
ENSBTAG00000008161,0.0
ENSBTAG00000024726,0.0
ENSBTAG00000014652,0.0
ENSBTAG00000038215,0.0
ENSBTAG00000002030,0.0
ENSBTAG00000052421,0.0
ENSBTAG00000021634,0.0
ENSBTAG00000053153,0.0
ENSBTAG00000008131,0.0
ENSBTAG00000053114,0.0
ENSBTAG00000005810,0.0
ENSBTAG00000005809,0.0
ENSBTAG00000021833,0.0
ENSBTAG00000012907,0.0
ENSBTAG00000006720,0.0
ENSBTAG00000017051,0.0
ENSBTAG00000053371,0.0
ENSBTAG00000050646,0.0
ENSBTAG00000002422,0.0
ENSBTAG00000046242,0.0
ENSBTAG00000046872,0.0
ENSBTAG00000049704,0.0
ENSBTAG00000035013,0.0
ENSBTAG00000048312,0.0
ENSBTAG00000054541,0.0
ENSBTAG00000020831,0.0
ENSBTAG00000010841,0.0
ENSBTAG00000021051,0.0
ENSBTAG00000008898,0.0
ENSBTAG00000002024,0.0
ENSBTAG00000051677,0.0
ENSBTAG00000009844,0.0
ENSBTAG00000014387,0.0
ENSBTAG00000052722,0.0
ENSBTAG00000018424,0.0
ENSBTAG00000053295,0.0
ENSBTAG00000049539,0.0
ENSBTAG00000034776,0.0
ENSBTAG00000013851,0.0
ENSBTAG00000016326,0.0
ENSBTAG00000003444,0.0
ENSBTAG00000005854,0.0
ENSBTAG00000001564,0.0
ENSBTAG00000013778,0.0
ENSBTAG00000001538,0.0
ENSBTAG00000016982,0.0
ENSBTAG00000046773,0.0
ENSBTAG00000017316,0.0
ENSBTAG00000000634,0.0
ENSBTAG00000003791,0.0
ENSBTAG00000052027,0.0
ENSBTAG00000018942,0.0
ENSBTAG00000007712,0.0
ENSBTAG00000017615,0.0
ENSBTAG00000017624,0.0
ENSBTAG00000007909,0.0
ENSBTAG00000005782,0.0
ENSBTAG00000020010,0.0
ENSBTAG00000008122,0.0
ENSBTAG00000008118,0.0
ENSBTAG00000024255,0.0
ENSBTAG00000046315,0.0
ENSBTAG00000046293,0.0
ENSBTAG00000032193,0.0
ENSBTAG00000003898,0.0
ENSBTAG00000010445,0.0
ENSBTAG00000039719,0.0
ENSBTAG00000053482,0.0
ENSBTAG00000032187,0.0
ENSBTAG00000007724,0.0
ENSBTAG00000010676,0.0
ENSBTAG00000006769,0.0
ENSBTAG00000000123,0.0
ENSBTAG00000011953,0.0
ENSBTAG00000011534,0.0
ENSBTAG00000026114,0.0
ENSBTAG00000005064,0.0
ENSBTAG00000017826,0.0
ENSBTAG00000053361,0.0
ENSBTAG00000030208,0.0
ENSBTAG00000010176,0.0
ENSBTAG00000003322,0.0
ENSBTAG00000007767,0.0
ENSBTAG00000052151,0.0
ENSBTAG00000054800,0.0
ENSBTAG00000001879,0.0
ENSBTAG00000015973,0.0
ENSBTAG00000050554,0.0
ENSBTAG00000003376,0.0
ENSBTAG00000001080,0.0
ENSBTAG00000019937,0.0
ENSBTAG00000016387,0.0
ENSBTAG00000021444,0.0
ENSBTAG00000051931,0.0
ENSBTAG00000012305,0.0
ENSBTAG00000017764,0.0
ENSBTAG00000054834,0.0
ENSBTAG00000052181,0.0
ENSBTAG00000003586,0.0
ENSBTAG00000003279,0.0
ENSBTAG00000040084,0.0
ENSBTAG00000003281,0.0
ENSBTAG00000050702,0.0
ENSBTAG00000051922,0.0
ENSBTAG00000014466,0.0
ENSBTAG00000001748,0.0
ENSBTAG00000048978,0.0
ENSBTAG00000055173,0.0
ENSBTAG00000054734,0.0
ENSBTAG00000052156,0.0
ENSBTAG00000015392,0.0
ENSBTAG00000047496,0.0
ENSBTAG00000049938,0.0
ENSBTAG00000054269,0.0
ENSBTAG00000040217,0.0
ENSBTAG00000052894,0.0
ENSBTAG00000054805,0.0
ENSBTAG00000049732,0.0
ENSBTAG00000045948,0.0
ENSBTAG00000053696,0.0
ENSBTAG00000049808,0.0
ENSBTAG00000047839,0.0
ENSBTAG00000018203,0.0
ENSBTAG00000008022,0.0
ENSBTAG00000054242,0.0
ENSBTAG00000054249,0.0
ENSBTAG00000053267,0.0
ENSBTAG00000052602,0.0
ENSBTAG00000010910,0.0
ENSBTAG00000020592,0.0
ENSBTAG00000051719,0.0
ENSBTAG00000049314,0.0
ENSBTAG00000017256,0.0
ENSBTAG00000004849,0.0
ENSBTAG00000011537,0.0
ENSBTAG00000015996,0.0
ENSBTAG00000040131,0.0
ENSBTAG00000051074,0.0
ENSBTAG00000003593,0.0
ENSBTAG00000050807,0.0
ENSBTAG00000049766,0.0
ENSBTAG00000007215,0.0
ENSBTAG00000001246,0.0
ENSBTAG00000050342,0.0
ENSBTAG00000030193,0.0
ENSBTAG00000003389,0.0
ENSBTAG00000005007,0.0
ENSBTAG00000050694,0.0
ENSBTAG00000011538,0.0
ENSBTAG00000001406,0.0
ENSBTAG00000005797,0.0
ENSBTAG00000019733,0.0
ENSBTAG00000000664,0.0
ENSBTAG00000012374,0.0
ENSBTAG00000005168,0.0
ENSBTAG00000051199,0.0
ENSBTAG00000015067,0.0
ENSBTAG00000011500,0.0
ENSBTAG00000005788,0.0
ENSBTAG00000014132,0.0
ENSBTAG00000015902,0.0
ENSBTAG00000000784,0.0
ENSBTAG00000000785,0.0
ENSBTAG00000000789,0.0
ENSBTAG00000007446,0.0
ENSBTAG00000048546,0.0
ENSBTAG00000004315,0.0
ENSBTAG00000050046,0.0
ENSBTAG00000002608,0.0
ENSBTAG00000011733,0.0
ENSBTAG00000021752,0.0
ENSBTAG00000008926,0.0
ENSBTAG00000015961,0.0
ENSBTAG00000013110,0.0
ENSBTAG00000006295,0.0
ENSBTAG00000032071,0.0
ENSBTAG00000008921,0.0
ENSBTAG00000047047,0.0
ENSBTAG00000000584,0.0
ENSBTAG00000002952,0.0
ENSBTAG00000009676,0.0
ENSBTAG00000008711,0.0
ENSBTAG00000037819,0.0
ENSBTAG00000013253,0.0
ENSBTAG00000005393,0.0
ENSBTAG00000015401,0.0
ENSBTAG00000015408,0.0
ENSBTAG00000009123,0.0
ENSBTAG00000002847,0.0
ENSBTAG00000000616,0.0
ENSBTAG00000011543,0.0
ENSBTAG00000020969,0.0
ENSBTAG00000054385,0.0
ENSBTAG00000032057,0.0
ENSBTAG00000054669,0.0
ENSBTAG00000015977,0.0
ENSBTAG00000030892,0.0
ENSBTAG00000031044,0.0
ENSBTAG00000020761,0.0
ENSBTAG00000000678,0.0
ENSBTAG00000020968,0.0
ENSBTAG00000046797,0.0
ENSBTAG00000011548,0.0
ENSBTAG00000012194,0.0
ENSBTAG00000017419,0.0
ENSBTAG00000001052,0.0
ENSBTAG00000016705,0.0
ENSBTAG00000002823,0.0
ENSBTAG00000048431,0.0
ENSBTAG00000017411,0.0
ENSBTAG00000001499,0.0
ENSBTAG00000014151,0.0
ENSBTAG00000055125,0.0
ENSBTAG00000008931,0.0
ENSBTAG00000012700,0.0
ENSBTAG00000018881,0.0
ENSBTAG00000031012,0.0
ENSBTAG00000024534,0.0
ENSBTAG00000011327,0.0
ENSBTAG00000011322,0.0
ENSBTAG00000003616,0.0
ENSBTAG00000003614,0.0
ENSBTAG00000007309,0.0
ENSBTAG00000008652,0.0
ENSBTAG00000012419,0.0
ENSBTAG00000049336,0.0
ENSBTAG00000050106,0.0
ENSBTAG00000009148,0.0
ENSBTAG00000019617,0.0
ENSBTAG00000031940,0.0
ENSBTAG00000055168,0.0
ENSBTAG00000050685,0.0
ENSBTAG00000016550,0.0
ENSBTAG00000019497,0.0
ENSBTAG00000019615,0.0
ENSBTAG00000050910,0.0
ENSBTAG00000053587,0.0
ENSBTAG00000010456,0.0
ENSBTAG00000010775,0.0
ENSBTAG00000019611,0.0
ENSBTAG00000022504,0.0
ENSBTAG00000005864,0.0
ENSBTAG00000018448,0.0
ENSBTAG00000018447,0.0
ENSBTAG00000024240,0.0
ENSBTAG00000022954,0.0
ENSBTAG00000027172,0.0
ENSBTAG00000008525,0.0
ENSBTAG00000048807,0.0
ENSBTAG00000001326,0.0
ENSBTAG00000015107,0.0
ENSBTAG00000055008,0.0
ENSBTAG00000049434,0.0
ENSBTAG00000052841,0.0
ENSBTAG00000044150,0.0
ENSBTAG00000006081,0.0
ENSBTAG00000053742,0.0
ENSBTAG00000019192,0.0
ENSBTAG00000014299,0.0
ENSBTAG00000014297,0.0
ENSBTAG00000010009,0.0
ENSBTAG00000049737,0.0
ENSBTAG00000017852,0.0
ENSBTAG00000005196,0.0
ENSBTAG00000010265,0.0
ENSBTAG00000001686,0.0
ENSBTAG00000016801,0.0
ENSBTAG00000003162,0.0
ENSBTAG00000017031,0.0
ENSBTAG00000014295,0.0
ENSBTAG00000012025,0.0
ENSBTAG00000014294,0.0
ENSBTAG00000014291,0.0
ENSBTAG00000053215,0.0
ENSBTAG00000021602,0.0
ENSBTAG00000054238,0.0
ENSBTAG00000051817,0.0
ENSBTAG00000054045,0.0
ENSBTAG00000038480,0.0
ENSBTAG00000019401,0.0
ENSBTAG00000031654,0.0
ENSBTAG00000018717,0.0
ENSBTAG00000022580,0.0
ENSBTAG00000050904,0.0
ENSBTAG00000007247,0.0
ENSBTAG00000016341,0.0
ENSBTAG00000006600,0.0
ENSBTAG00000046277,0.0
ENSBTAG00000027425,0.0
ENSBTAG00000005976,0.0
ENSBTAG00000050123,0.0
ENSBTAG00000004885,0.0
ENSBTAG00000055278,0.0
ENSBTAG00000010206,0.0
ENSBTAG00000005099,0.0
ENSBTAG00000001608,0.0
ENSBTAG00000012694,0.0
ENSBTAG00000002627,0.0
ENSBTAG00000054194,0.0
ENSBTAG00000050790,0.0
ENSBTAG00000010174,0.0
ENSBTAG00000010158,0.0
ENSBTAG00000019230,0.0
ENSBTAG00000034147,0.0
ENSBTAG00000014791,0.0
ENSBTAG00000005227,0.0
ENSBTAG00000021754,0.0
ENSBTAG00000015482,0.0
ENSBTAG00000015474,0.0
ENSBTAG00000014580,0.0
ENSBTAG00000034159,0.0
ENSBTAG00000021842,0.0
ENSBTAG00000008243,0.0
ENSBTAG00000002096,0.0
ENSBTAG00000039035,0.0
ENSBTAG00000038124,0.0
ENSBTAG00000015856,0.0
ENSBTAG00000015853,0.0
ENSBTAG00000009338,0.0
ENSBTAG00000033835,0.0
ENSBTAG00000040512,0.0
ENSBTAG00000009215,0.0
ENSBTAG00000009213,0.0
ENSBTAG00000009212,0.0
ENSBTAG00000024503,0.0
ENSBTAG00000002203,0.0
ENSBTAG00000013210,0.0
ENSBTAG00000021897,0.0
ENSBTAG00000053527,0.0
ENSBTAG00000021894,0.0
ENSBTAG00000021893,0.0
ENSBTAG00000001343,0.0
ENSBTAG00000021705,0.0
ENSBTAG00000020154,0.0
ENSBTAG00000020153,0.0
ENSBTAG00000030890,0.0
ENSBTAG00000020494,0.0
ENSBTAG00000052364,0.0
ENSBTAG00000020152,0.0
ENSBTAG00000020150,0.0
ENSBTAG00000017877,0.0
ENSBTAG00000012976,0.0
ENSBTAG00000017875,0.0
ENSBTAG00000017873,0.0
ENSBTAG00000017856,0.0
ENSBTAG00000017846,0.0
ENSBTAG00000050256,0.0
ENSBTAG00000048662,0.0
ENSBTAG00000052308,0.0
ENSBTAG00000054533,0.0
ENSBTAG00000013860,0.0
ENSBTAG00000054271,0.0
ENSBTAG00000012957,0.0
ENSBTAG00000046231,0.0
ENSBTAG00000002951,0.0
ENSBTAG00000009455,0.0
ENSBTAG00000002947,0.0
ENSBTAG00000010458,0.0
ENSBTAG00000030809,0.0
ENSBTAG00000005445,0.0
ENSBTAG00000011238,0.0
ENSBTAG00000051438,0.0
ENSBTAG00000019033,0.0
ENSBTAG00000014368,0.0
ENSBTAG00000005442,0.0
ENSBTAG00000049696,0.0
ENSBTAG00000011097,0.0
ENSBTAG00000011091,0.0
ENSBTAG00000008636,0.0
ENSBTAG00000030852,0.0
ENSBTAG00000005910,0.0
ENSBTAG00000005909,0.0
ENSBTAG00000030749,0.0
ENSBTAG00000030674,0.0
ENSBTAG00000050297,0.0
ENSBTAG00000003147,0.0
ENSBTAG00000030686,0.0
ENSBTAG00000016455,0.0
ENSBTAG00000040268,0.0
ENSBTAG00000012312,0.0
ENSBTAG00000019011,0.0
ENSBTAG00000002600,0.0
ENSBTAG00000030710,0.0
ENSBTAG00000030706,0.0
ENSBTAG00000008501,0.0
ENSBTAG00000050481,0.0
ENSBTAG00000010124,0.0
ENSBTAG00000019877,0.0
ENSBTAG00000021386,0.0
ENSBTAG00000020451,0.0
ENSBTAG00000014382,0.0
ENSBTAG00000021975,0.0
ENSBTAG00000046720,0.0
ENSBTAG00000017161,0.0
ENSBTAG00000009769,0.0
ENSBTAG00000000074,0.0
ENSBTAG00000050217,0.0
ENSBTAG00000009481,0.0
ENSBTAG00000051542,0.0
ENSBTAG00000051904,0.0
ENSBTAG00000051030,0.0
ENSBTAG00000030671,0.0
ENSBTAG00000030669,0.0
ENSBTAG00000004037,0.0
ENSBTAG00000013961,0.0
ENSBTAG00000004381,0.0
ENSBTAG00000017326,0.0
ENSBTAG00000013802,0.0
ENSBTAG00000003775,0.0
ENSBTAG00000003774,0.0
ENSBTAG00000009314,0.0
ENSBTAG00000018747,0.0
ENSBTAG00000011640,0.0
ENSBTAG00000016990,0.0
ENSBTAG00000013241,0.0
ENSBTAG00000046583,0.0
ENSBTAG00000004688,0.0
ENSBTAG00000017145,0.0
ENSBTAG00000017132,0.0
ENSBTAG00000040313,0.0
ENSBTAG00000015931,0.0
ENSBTAG00000044141,0.0
ENSBTAG00000019801,0.0
ENSBTAG00000039686,0.0
ENSBTAG00000052222,0.0
ENSBTAG00000010715,0.0
ENSBTAG00000020037,0.0
ENSBTAG00000009527,0.0
ENSBTAG00000009526,0.0
ENSBTAG00000024195,0.0
ENSBTAG00000019198,0.0
ENSBTAG00000007112,0.0
ENSBTAG00000050962,0.0
ENSBTAG00000006625,0.0
ENSBTAG00000017986,0.0
ENSBTAG00000009062,0.0
ENSBTAG00000039540,0.0
ENSBTAG00000000736,0.0
ENSBTAG00000003485,0.0
ENSBTAG00000003484,0.0
ENSBTAG00000014649,0.0
ENSBTAG00000012516,0.0
ENSBTAG00000012514,0.0
ENSBTAG00000054697,0.0
ENSBTAG00000003746,0.0
ENSBTAG00000052303,0.0
ENSBTAG00000002910,0.0
ENSBTAG00000026032,0.0
ENSBTAG00000019680,0.0
ENSBTAG00000002050,0.0
ENSBTAG00000044107,0.0
ENSBTAG00000018281,0.0
ENSBTAG00000002721,0.0
ENSBTAG00000002720,0.0
ENSBTAG00000002719,0.0
ENSBTAG00000015896,0.0
ENSBTAG00000014289,0.0
ENSBTAG00000011025,0.0
ENSBTAG00000011024,0.0
ENSBTAG00000052338,0.0
ENSBTAG00000049239,0.0
ENSBTAG00000005337,0.0
ENSBTAG00000021174,0.0
ENSBTAG00000021170,0.0
ENSBTAG00000005542,0.0
ENSBTAG00000048722,0.0
ENSBTAG00000002451,0.0
ENSBTAG00000054545,0.0
ENSBTAG00000014482,0.0
ENSBTAG00000013315,0.0
ENSBTAG00000017840,0.0
ENSBTAG00000009281,0.0
ENSBTAG00000009284,0.0
ENSBTAG00000010127,0.0
ENSBTAG00000020459,0.0
ENSBTAG00000004384,0.0
ENSBTAG00000045969,0.0
ENSBTAG00000004380,0.0
ENSBTAG00000004378,0.0
ENSBTAG00000004376,0.0
ENSBTAG00000004374,0.0
ENSBTAG00000004371,0.0
ENSBTAG00000004367,0.0
ENSBTAG00000011762,0.0
ENSBTAG00000046389,0.0
ENSBTAG00000009023,0.0
ENSBTAG00000052361,0.0
ENSBTAG00000017549,0.0
ENSBTAG00000002799,0.0
ENSBTAG00000000966,0.0
ENSBTAG00000002798,0.0
ENSBTAG00000026754,0.0
ENSBTAG00000014697,0.0
ENSBTAG00000053947,0.0
ENSBTAG00000004587,0.0
ENSBTAG00000051903,0.0
ENSBTAG00000000687,0.0
ENSBTAG00000052739,0.0
ENSBTAG00000030426,0.0
ENSBTAG00000010799,0.0
ENSBTAG00000011765,0.0
ENSBTAG00000011023,0.0
ENSBTAG00000004547,0.0
ENSBTAG00000009552,0.0
ENSBTAG00000014546,0.0
ENSBTAG00000031217,0.0
ENSBTAG00000009543,0.0
ENSBTAG00000030424,0.0
ENSBTAG00000009537,0.0
ENSBTAG00000009542,0.0
ENSBTAG00000010451,0.0
ENSBTAG00000010444,0.0
ENSBTAG00000038896,0.0
ENSBTAG00000012636,0.0
ENSBTAG00000004293,0.0
ENSBTAG00000006160,0.0
ENSBTAG00000012815,0.0
ENSBTAG00000014129,0.0
ENSBTAG00000054870,0.0
ENSBTAG00000046742,0.0
ENSBTAG00000046980,0.0
ENSBTAG00000004021,0.0
ENSBTAG00000055140,0.0
ENSBTAG00000004019,0.0
ENSBTAG00000006851,0.0
ENSBTAG00000004018,0.0
ENSBTAG00000007035,0.0
ENSBTAG00000007990,0.0
ENSBTAG00000014340,0.0
ENSBTAG00000049487,0.0
ENSBTAG00000012026,0.0
ENSBTAG00000031146,0.0
ENSBTAG00000037534,0.0
ENSBTAG00000016876,0.0
ENSBTAG00000002135,0.0
ENSBTAG00000039980,0.0
ENSBTAG00000053590,0.0
ENSBTAG00000001745,0.0
ENSBTAG00000003505,0.0
ENSBTAG00000009051,0.0
ENSBTAG00000009049,0.0
ENSBTAG00000020664,0.0
ENSBTAG00000020663,0.0
ENSBTAG00000053740,0.0
ENSBTAG00000020662,0.0
ENSBTAG00000046324,0.0
ENSBTAG00000007417,0.0
ENSBTAG00000012029,0.0
ENSBTAG00000051365,0.0
ENSBTAG00000011931,0.0
ENSBTAG00000011927,0.0
ENSBTAG00000011918,0.0
ENSBTAG00000012897,0.0
ENSBTAG00000006605,0.0
ENSBTAG00000031031,0.0
ENSBTAG00000051656,0.0
ENSBTAG00000051585,0.0
ENSBTAG00000020330,0.0
ENSBTAG00000051951,0.0
ENSBTAG00000051669,0.0
ENSBTAG00000005243,0.0
ENSBTAG00000033600,0.0
ENSBTAG00000052187,0.0
ENSBTAG00000038461,0.0
ENSBTAG00000054814,0.0
ENSBTAG00000049847,0.0
ENSBTAG00000052662,0.0
ENSBTAG00000054300,0.0
ENSBTAG00000052908,0.0
ENSBTAG00000053821,0.0
ENSBTAG00000052453,0.0
ENSBTAG00000000818,0.0
ENSBTAG00000052093,0.0
ENSBTAG00000049329,0.0
ENSBTAG00000051156,0.0
ENSBTAG00000046778,0.0
ENSBTAG00000000421,0.0
ENSBTAG00000048295,0.0
ENSBTAG00000051165,0.0
ENSBTAG00000049219,0.0
ENSBTAG00000051274,0.0
ENSBTAG00000048779,0.0
ENSBTAG00000054410,0.0
ENSBTAG00000053837,0.0
ENSBTAG00000007447,0.0
ENSBTAG00000049581,0.0
ENSBTAG00000021767,0.0
ENSBTAG00000024691,0.0
ENSBTAG00000051265,0.0
ENSBTAG00000050381,0.0
ENSBTAG00000049213,0.0
ENSBTAG00000049016,0.0
ENSBTAG00000045922,0.0
ENSBTAG00000053702,0.0
ENSBTAG00000002708,0.0
ENSBTAG00000051198,0.0
ENSBTAG00000002913,0.0
ENSBTAG00000051990,0.0
ENSBTAG00000048864,0.0
ENSBTAG00000046446,0.0
ENSBTAG00000012007,0.0
ENSBTAG00000049753,0.0
ENSBTAG00000039756,0.0
ENSBTAG00000037629,0.0
ENSBTAG00000052799,0.0
ENSBTAG00000054478,0.0
ENSBTAG00000038567,0.0
ENSBTAG00000051267,0.0
ENSBTAG00000053589,0.0
ENSBTAG00000049886,0.0
ENSBTAG00000050045,0.0
ENSBTAG00000045722,0.0
ENSBTAG00000050988,0.0
ENSBTAG00000054855,0.0
ENSBTAG00000011245,0.0
ENSBTAG00000053957,0.0
ENSBTAG00000048994,0.0
ENSBTAG00000049374,0.0
ENSBTAG00000049342,0.0
ENSBTAG00000005626,0.0
ENSBTAG00000005120,0.0
ENSBTAG00000003183,0.0
ENSBTAG00000052916,0.0
ENSBTAG00000052178,0.0
ENSBTAG00000016271,0.0
ENSBTAG00000016274,0.0
ENSBTAG00000004484,0.0
ENSBTAG00000016275,0.0
ENSBTAG00000016276,0.0
ENSBTAG00000014669,0.0
ENSBTAG00000017729,0.0
ENSBTAG00000016415,0.0
ENSBTAG00000014030,0.0
ENSBTAG00000001509,0.0
ENSBTAG00000014044,0.0
ENSBTAG00000053941,0.0
ENSBTAG00000052805,0.0
ENSBTAG00000049200,0.0
ENSBTAG00000019944,0.0
ENSBTAG00000001510,0.0
ENSBTAG00000019946,0.0
ENSBTAG00000049220,0.0
ENSBTAG00000010711,0.0
ENSBTAG00000002251,0.0
ENSBTAG00000018137,0.0
ENSBTAG00000051641,0.0
ENSBTAG00000023670,0.0
ENSBTAG00000053336,0.0
ENSBTAG00000015792,0.0
ENSBTAG00000013417,0.0
ENSBTAG00000010907,0.0
ENSBTAG00000004337,0.0
ENSBTAG00000019686,0.0
ENSBTAG00000013640,0.0
ENSBTAG00000018207,0.0
ENSBTAG00000018085,0.0
ENSBTAG00000018205,0.0
ENSBTAG00000013745,0.0
ENSBTAG00000004097,0.0
ENSBTAG00000003291,0.0
ENSBTAG00000001894,0.0
ENSBTAG00000051433,0.0
ENSBTAG00000015604,0.0
ENSBTAG00000053640,0.0
ENSBTAG00000054474,0.0
ENSBTAG00000005384,0.0
ENSBTAG00000000310,0.0
ENSBTAG00000001562,0.0
ENSBTAG00000045919,0.0
ENSBTAG00000018849,0.0
ENSBTAG00000014683,0.0
ENSBTAG00000001553,0.0
ENSBTAG00000023192,0.0
ENSBTAG00000046609,0.0
ENSBTAG00000004240,0.0
ENSBTAG00000006246,0.0
ENSBTAG00000021974,0.0
ENSBTAG00000040450,0.0
ENSBTAG00000020916,0.0
ENSBTAG00000049837,0.0
ENSBTAG00000049915,0.0
ENSBTAG00000055223,0.0
ENSBTAG00000003304,0.0
ENSBTAG00000009634,0.0
ENSBTAG00000009238,0.0
ENSBTAG00000012149,0.0
ENSBTAG00000053232,0.0
ENSBTAG00000005606,0.0
ENSBTAG00000004556,0.0
ENSBTAG00000003278,0.0
ENSBTAG00000012890,0.0
ENSBTAG00000006879,0.0
ENSBTAG00000000924,0.0
ENSBTAG00000000923,0.0
ENSBTAG00000021660,0.0
ENSBTAG00000019742,0.0
ENSBTAG00000019741,0.0
ENSBTAG00000021661,0.0
ENSBTAG00000020237,0.0
ENSBTAG00000015016,0.0
ENSBTAG00000038490,0.0
ENSBTAG00000005735,0.0
ENSBTAG00000023635,0.0
ENSBTAG00000005863,0.0
ENSBTAG00000012185,0.0
ENSBTAG00000002401,0.0
ENSBTAG00000000435,0.0
ENSBTAG00000039347,0.0
ENSBTAG00000020758,0.0
ENSBTAG00000020757,0.0
ENSBTAG00000019669,0.0
ENSBTAG00000030994,0.0
ENSBTAG00000053242,0.0
ENSBTAG00000025812,0.0
ENSBTAG00000026916,0.0
ENSBTAG00000018524,0.0
ENSBTAG00000013979,0.0
ENSBTAG00000003021,0.0
ENSBTAG00000033292,0.0
ENSBTAG00000020179,0.0
ENSBTAG00000048834,0.0
ENSBTAG00000006040,0.0
ENSBTAG00000053486,0.0
ENSBTAG00000013842,0.0
ENSBTAG00000020177,0.0
ENSBTAG00000008935,0.0
ENSBTAG00000013859,0.0
ENSBTAG00000001088,0.0
ENSBTAG00000008934,0.0
ENSBTAG00000013596,0.0
ENSBTAG00000008933,0.0
ENSBTAG00000007592,0.0
ENSBTAG00000018993,0.0
ENSBTAG00000049308,0.0
ENSBTAG00000046481,0.0
ENSBTAG00000007829,0.0
ENSBTAG00000005623,0.0
ENSBTAG00000021467,0.0
ENSBTAG00000021464,0.0
ENSBTAG00000006904,0.0
ENSBTAG00000004145,0.0
ENSBTAG00000006883,0.0
ENSBTAG00000011525,0.0
ENSBTAG00000003239,0.0
ENSBTAG00000001517,0.0
ENSBTAG00000000836,0.0
ENSBTAG00000039967,0.0
ENSBTAG00000012676,0.0
ENSBTAG00000012034,0.0
ENSBTAG00000045662,0.0
ENSBTAG00000053300,0.0
ENSBTAG00000027974,0.0
ENSBTAG00000045770,0.0
ENSBTAG00000046089,0.0
ENSBTAG00000039261,0.0
ENSBTAG00000037638,0.0
ENSBTAG00000007904,0.0
ENSBTAG00000000619,0.0
ENSBTAG00000038384,0.0
ENSBTAG00000039425,0.0
ENSBTAG00000038033,0.0
ENSBTAG00000040019,0.0
ENSBTAG00000016121,0.0
ENSBTAG00000054953,0.0
ENSBTAG00000007145,0.0
ENSBTAG00000047872,0.0
ENSBTAG00000000400,0.0
ENSBTAG00000026880,0.0
ENSBTAG00000007144,0.0
ENSBTAG00000013720,0.0
ENSBTAG00000006739,0.0
ENSBTAG00000054816,0.0
ENSBTAG00000016166,0.0
ENSBTAG00000011883,0.0
ENSBTAG00000008020,0.0
ENSBTAG00000009904,0.0
ENSBTAG00000016165,0.0
ENSBTAG00000011392,0.0
ENSBTAG00000007204,0.0
ENSBTAG00000048643,0.0
ENSBTAG00000051330,0.0
ENSBTAG00000048888,0.0
ENSBTAG00000002490,0.0
ENSBTAG00000000510,0.0
ENSBTAG00000000507,0.0
ENSBTAG00000002492,0.0
ENSBTAG00000019409,0.0
ENSBTAG00000021658,0.0
ENSBTAG00000013555,0.0
ENSBTAG00000013843,0.0
ENSBTAG00000017287,0.0
ENSBTAG00000012793,0.0
ENSBTAG00000017113,0.0
ENSBTAG00000002673,0.0
ENSBTAG00000000021,0.0
ENSBTAG00000000022,0.0
ENSBTAG00000039709,0.0
ENSBTAG00000013008,0.0
ENSBTAG00000021339,0.0
ENSBTAG00000048875,0.0
ENSBTAG00000051413,0.0
ENSBTAG00000011082,0.0
ENSBTAG00000052355,0.0
ENSBTAG00000049055,0.0
ENSBTAG00000049207,0.0
ENSBTAG00000008900,0.0
ENSBTAG00000008897,0.0
ENSBTAG00000012794,0.0
ENSBTAG00000001983,0.0
ENSBTAG00000004349,0.0
ENSBTAG00000024318,0.0
ENSBTAG00000016227,0.0
ENSBTAG00000019312,0.0
ENSBTAG00000052521,0.0
ENSBTAG00000010928,0.0
ENSBTAG00000032914,0.0
ENSBTAG00000048708,0.0
ENSBTAG00000052270,0.0
ENSBTAG00000049198,0.0
ENSBTAG00000006010,0.0
ENSBTAG00000006013,0.0
ENSBTAG00000027899,0.0
ENSBTAG00000003362,0.0
ENSBTAG00000048280,0.0
ENSBTAG00000032902,0.0
ENSBTAG00000032899,0.0
ENSBTAG00000002355,0.0
ENSBTAG00000021633,0.0
ENSBTAG00000047358,0.0
ENSBTAG00000000925,0.0
ENSBTAG00000025005,0.0
ENSBTAG00000038893,0.0
ENSBTAG00000050872,0.0
ENSBTAG00000020933,0.0
ENSBTAG00000030744,0.0
ENSBTAG00000018131,0.0
ENSBTAG00000013912,0.0
ENSBTAG00000005246,0.0
ENSBTAG00000010644,0.0
ENSBTAG00000032790,0.0
ENSBTAG00000017164,0.0
ENSBTAG00000021875,0.0
ENSBTAG00000023546,0.0
ENSBTAG00000021196,0.0
ENSBTAG00000006326,0.0
ENSBTAG00000012342,0.0
ENSBTAG00000017395,0.0
ENSBTAG00000000808,0.0
ENSBTAG00000016296,0.0
ENSBTAG00000033735,0.0
ENSBTAG00000037935,0.0
ENSBTAG00000030784,0.0
ENSBTAG00000000970,0.0
ENSBTAG00000050973,0.0
ENSBTAG00000012784,0.0
ENSBTAG00000026813,0.0
ENSBTAG00000008374,0.0
ENSBTAG00000017504,0.0
ENSBTAG00000010457,0.0
ENSBTAG00000011913,0.0
ENSBTAG00000002127,0.0
ENSBTAG00000004851,0.0
ENSBTAG00000018588,0.0
ENSBTAG00000004781,0.0
ENSBTAG00000016593,0.0
ENSBTAG00000016589,0.0
ENSBTAG00000025837,0.0
ENSBTAG00000000147,0.0
ENSBTAG00000053105,0.0
ENSBTAG00000019283,0.0
ENSBTAG00000019281,0.0
ENSBTAG00000010144,0.0
ENSBTAG00000019277,0.0
ENSBTAG00000010149,0.0
ENSBTAG00000004660,0.0
ENSBTAG00000001858,0.0
ENSBTAG00000016398,0.0
ENSBTAG00000032567,0.0
ENSBTAG00000008499,0.0
ENSBTAG00000027064,0.0
ENSBTAG00000004654,0.0
ENSBTAG00000017864,0.0
ENSBTAG00000037775,0.0
ENSBTAG00000012999,0.0
ENSBTAG00000039992,0.0
ENSBTAG00000046402,0.0
ENSBTAG00000048518,0.0
ENSBTAG00000011070,0.0
ENSBTAG00000001489,0.0
ENSBTAG00000052201,0.0
ENSBTAG00000012244,0.0
ENSBTAG00000044048,0.0
ENSBTAG00000011071,0.0
ENSBTAG00000000124,0.0
ENSBTAG00000020634,0.0
ENSBTAG00000006557,0.0
ENSBTAG00000020636,0.0
ENSBTAG00000014429,0.0
ENSBTAG00000049009,0.0
ENSBTAG00000020638,0.0
ENSBTAG00000014426,0.0
ENSBTAG00000050644,0.0
ENSBTAG00000030683,0.0
ENSBTAG00000014424,0.0
ENSBTAG00000015364,0.0
ENSBTAG00000018556,0.0
ENSBTAG00000015347,0.0
ENSBTAG00000026666,0.0
ENSBTAG00000051755,0.0
ENSBTAG00000015828,0.0
ENSBTAG00000015825,0.0
ENSBTAG00000018773,0.0
ENSBTAG00000021810,0.0
ENSBTAG00000021808,0.0
ENSBTAG00000021953,0.0
ENSBTAG00000005464,0.0
ENSBTAG00000050603,0.0
ENSBTAG00000054993,0.0
ENSBTAG00000053499,0.0
ENSBTAG00000005861,0.0
ENSBTAG00000002693,0.0
ENSBTAG00000007674,0.0
ENSBTAG00000010533,0.0
ENSBTAG00000005859,0.0
ENSBTAG00000051046,0.0
ENSBTAG00000045785,0.0
ENSBTAG00000038290,0.0
ENSBTAG00000007706,0.0
ENSBTAG00000050247,0.0
ENSBTAG00000051668,0.0
ENSBTAG00000054691,0.0
ENSBTAG00000049861,0.0
ENSBTAG00000015582,0.0
ENSBTAG00000038670,0.0
ENSBTAG00000052728,0.0
ENSBTAG00000016996,0.0
ENSBTAG00000015595,0.0
ENSBTAG00000050238,0.0
ENSBTAG00000051820,0.0
ENSBTAG00000014748,0.0
ENSBTAG00000004181,0.0
ENSBTAG00000017116,0.0
ENSBTAG00000005333,0.0
ENSBTAG00000049066,0.0
ENSBTAG00000032429,0.0
ENSBTAG00000032428,0.0
ENSBTAG00000000289,0.0
ENSBTAG00000000286,0.0
ENSBTAG00000020125,0.0
ENSBTAG00000012423,0.0
ENSBTAG00000039256,0.0
ENSBTAG00000013155,0.0
ENSBTAG00000048867,0.0
ENSBTAG00000016414,0.0
ENSBTAG00000050301,0.0
ENSBTAG00000050749,0.0
ENSBTAG00000046392,0.0
ENSBTAG00000049297,0.0
ENSBTAG00000037799,0.0
ENSBTAG00000026819,0.0
ENSBTAG00000052884,0.0
ENSBTAG00000055135,0.0
ENSBTAG00000053500,0.0
ENSBTAG00000048740,0.0
ENSBTAG00000053144,0.0
ENSBTAG00000050417,0.0
ENSBTAG00000039524,0.0
ENSBTAG00000038652,0.0
ENSBTAG00000040244,0.0
ENSBTAG00000054245,0.0
ENSBTAG00000012192,0.0
ENSBTAG00000000667,0.0
ENSBTAG00000010402,0.0
ENSBTAG00000032331,0.0
ENSBTAG00000000014,0.0
ENSBTAG00000006828,0.0
ENSBTAG00000000015,0.0
ENSBTAG00000001988,0.0
ENSBTAG00000012275,0.0
ENSBTAG00000054427,0.0
ENSBTAG00000018690,0.0
ENSBTAG00000026657,0.0
ENSBTAG00000008137,0.0
ENSBTAG00000048453,0.0
ENSBTAG00000019159,0.0
ENSBTAG00000038027,0.0
ENSBTAG00000010490,0.0
ENSBTAG00000011838,0.0
ENSBTAG00000002025,0.0
ENSBTAG00000007531,0.0
ENSBTAG00000008129,0.0
ENSBTAG00000009064,0.0
ENSBTAG00000050492,0.0
ENSBTAG00000052030,0.0
ENSBTAG00000014197,0.0
ENSBTAG00000008127,0.0
ENSBTAG00000030652,0.0
ENSBTAG00000030650,0.0
ENSBTAG00000049143,0.0
ENSBTAG00000030648,0.0
ENSBTAG00000016204,0.0
ENSBTAG00000037743,0.0
ENSBTAG00000011105,0.0
ENSBTAG00000008612,0.0
ENSBTAG00000000859,0.0
ENSBTAG00000004840,0.0
ENSBTAG00000032152,0.0
ENSBTAG00000013127,0.0
ENSBTAG00000013126,0.0
ENSBTAG00000013123,0.0
ENSBTAG00000020294,0.0
ENSBTAG00000018828,0.0
ENSBTAG00000008074,0.0
ENSBTAG00000008910,0.0
ENSBTAG00000011043,0.0
ENSBTAG00000001810,0.0
ENSBTAG00000014237,0.0
ENSBTAG00000011274,0.0
ENSBTAG00000011273,0.0
ENSBTAG00000019782,0.0
ENSBTAG00000011087,0.0
ENSBTAG00000019780,0.0
ENSBTAG00000019777,0.0
ENSBTAG00000007259,0.0
ENSBTAG00000054739,0.0
ENSBTAG00000015043,0.0
ENSBTAG00000016043,0.0
ENSBTAG00000015044,0.0
ENSBTAG00000003598,0.0
ENSBTAG00000016661,0.0
ENSBTAG00000034385,0.0
ENSBTAG00000002902,0.0
ENSBTAG00000003255,0.0
ENSBTAG00000030632,0.0
ENSBTAG00000051680,0.0
ENSBTAG00000034295,0.0
ENSBTAG00000018451,0.0
ENSBTAG00000014931,0.0
ENSBTAG00000000606,0.0
ENSBTAG00000011111,0.0
ENSBTAG00000001099,0.0
ENSBTAG00000017072,0.0
ENSBTAG00000017064,0.0
ENSBTAG00000034246,0.0
ENSBTAG00000002651,0.0
ENSBTAG00000026249,0.0
ENSBTAG00000004541,0.0
ENSBTAG00000011399,0.0
ENSBTAG00000006635,0.0
ENSBTAG00000011395,0.0
ENSBTAG00000014734,0.0
ENSBTAG00000014733,0.0
ENSBTAG00000030369,0.0
ENSBTAG00000014731,0.0
ENSBTAG00000005453,0.0
ENSBTAG00000014730,0.0
ENSBTAG00000014729,0.0
ENSBTAG00000032150,0.0
ENSBTAG00000014603,0.0
ENSBTAG00000014728,0.0
ENSBTAG00000014725,0.0
ENSBTAG00000006734,0.0
ENSBTAG00000015312,0.0
ENSBTAG00000002631,0.0
ENSBTAG00000004211,0.0
ENSBTAG00000004208,0.0
ENSBTAG00000004999,0.0
ENSBTAG00000014764,0.0
ENSBTAG00000032148,0.0
ENSBTAG00000020938,0.0
ENSBTAG00000014156,0.0
ENSBTAG00000000877,0.0
ENSBTAG00000012265,0.0
ENSBTAG00000021105,0.0
ENSBTAG00000004718,0.0
ENSBTAG00000001161,0.0
ENSBTAG00000000395,0.0
ENSBTAG00000019373,0.0
ENSBTAG00000011758,0.0
ENSBTAG00000045574,0.0
ENSBTAG00000012246,0.0
ENSBTAG00000014106,0.0
ENSBTAG00000008596,0.0
ENSBTAG00000008595,0.0
ENSBTAG00000005370,0.0
ENSBTAG00000019119,0.0
ENSBTAG00000005365,0.0
ENSBTAG00000015025,0.0
ENSBTAG00000015024,0.0
ENSBTAG00000054066,0.0
ENSBTAG00000011096,0.0
ENSBTAG00000011095,0.0
ENSBTAG00000012624,0.0
ENSBTAG00000010223,0.0
ENSBTAG00000049642,0.0
ENSBTAG00000007553,0.0
ENSBTAG00000026522,0.0
ENSBTAG00000016646,0.0
ENSBTAG00000047191,0.0
ENSBTAG00000020679,0.0
ENSBTAG00000017378,0.0
ENSBTAG00000005465,0.0
ENSBTAG00000012448,0.0
ENSBTAG00000001020,0.0
ENSBTAG00000007556,0.0
ENSBTAG00000040065,0.0
ENSBTAG00000053303,0.0
ENSBTAG00000030343,0.0
ENSBTAG00000006538,0.0
ENSBTAG00000006530,0.0
ENSBTAG00000016649,0.0
ENSBTAG00000006372,0.0
ENSBTAG00000030622,0.0
ENSBTAG00000006369,0.0
ENSBTAG00000022083,0.0
ENSBTAG00000016260,0.0
ENSBTAG00000000275,0.0
ENSBTAG00000004283,0.0
ENSBTAG00000018940,0.0
ENSBTAG00000009447,0.0
ENSBTAG00000002775,0.0
ENSBTAG00000011804,0.0
ENSBTAG00000043962,0.0
ENSBTAG00000011798,0.0
ENSBTAG00000005082,0.0
ENSBTAG00000006985,0.0
ENSBTAG00000038043,0.0
ENSBTAG00000019788,0.0
ENSBTAG00000004532,0.0
ENSBTAG00000052661,0.0
ENSBTAG00000052603,0.0
ENSBTAG00000013515,0.0
ENSBTAG00000015879,0.0
ENSBTAG00000015878,0.0
ENSBTAG00000015875,0.0
ENSBTAG00000004832,0.0
ENSBTAG00000030325,0.0
ENSBTAG00000007611,0.0
ENSBTAG00000007609,0.0
ENSBTAG00000048924,0.0
ENSBTAG00000007605,0.0
ENSBTAG00000002313,0.0
ENSBTAG00000020914,0.0
ENSBTAG00000011902,0.0
ENSBTAG00000015311,0.0
ENSBTAG00000038415,0.0
ENSBTAG00000015296,0.0
ENSBTAG00000048967,0.0
ENSBTAG00000014525,0.0
ENSBTAG00000021980,0.0
ENSBTAG00000003749,0.0
ENSBTAG00000053615,0.0
ENSBTAG00000054094,0.0
ENSBTAG00000020472,0.0
ENSBTAG00000003748,0.0
ENSBTAG00000000749,0.0
ENSBTAG00000055210,0.0
ENSBTAG00000050678,0.0
ENSBTAG00000023274,0.0
ENSBTAG00000000049,0.0
ENSBTAG00000009778,0.0
ENSBTAG00000026624,0.0
ENSBTAG00000002972,0.0
ENSBTAG00000014829,0.0
ENSBTAG00000008553,0.0
ENSBTAG00000019711,0.0
ENSBTAG00000008554,0.0
ENSBTAG00000031950,0.0
ENSBTAG00000005221,0.0
ENSBTAG00000013825,0.0
ENSBTAG00000048719,0.0
ENSBTAG00000002931,0.0
ENSBTAG00000019157,0.0
ENSBTAG00000019156,0.0
ENSBTAG00000019155,0.0
ENSBTAG00000005225,0.0
ENSBTAG00000002256,0.0
ENSBTAG00000011941,0.0
ENSBTAG00000049929,0.0
ENSBTAG00000020564,0.0
ENSBTAG00000054492,0.0
ENSBTAG00000000198,0.0
ENSBTAG00000039170,0.0
ENSBTAG00000026323,0.0
ENSBTAG00000026088,0.0
ENSBTAG00000004109,0.0
ENSBTAG00000046511,0.0
ENSBTAG00000013658,0.0
ENSBTAG00000046628,0.0
ENSBTAG00000026322,0.0
ENSBTAG00000026779,0.0
ENSBTAG00000052374,0.0
ENSBTAG00000054367,0.0
ENSBTAG00000009050,0.0
ENSBTAG00000005833,0.0
ENSBTAG00000001673,0.0
ENSBTAG00000007323,0.0
ENSBTAG00000002741,0.0
ENSBTAG00000021994,0.0
ENSBTAG00000013496,0.0
ENSBTAG00000010422,0.0
ENSBTAG00000021995,0.0
ENSBTAG00000051975,0.0
ENSBTAG00000031919,0.0
ENSBTAG00000006911,0.0
ENSBTAG00000008967,0.0
ENSBTAG00000019738,0.0
ENSBTAG00000015407,0.0
ENSBTAG00000015395,0.0
ENSBTAG00000026611,0.0
ENSBTAG00000052655,0.0
ENSBTAG00000010136,0.0
ENSBTAG00000012529,0.0
ENSBTAG00000007256,0.0
ENSBTAG00000009939,0.0
ENSBTAG00000053087,0.0
ENSBTAG00000010660,0.0
ENSBTAG00000019294,0.0
ENSBTAG00000033726,0.0
ENSBTAG00000020806,0.0
ENSBTAG00000053419,0.0
ENSBTAG00000052954,0.0
ENSBTAG00000026993,0.0
ENSBTAG00000002004,0.0
ENSBTAG00000044118,0.0
ENSBTAG00000044017,0.0
ENSBTAG00000039435,0.0
ENSBTAG00000014758,0.0
ENSBTAG00000011352,0.0
ENSBTAG00000000237,0.0
ENSBTAG00000017465,0.0
ENSBTAG00000051013,0.0
ENSBTAG00000017401,0.0
ENSBTAG00000026962,0.0
ENSBTAG00000018861,0.0
ENSBTAG00000013486,0.0
ENSBTAG00000011892,0.0
ENSBTAG00000051362,0.0
ENSBTAG00000004753,0.0
ENSBTAG00000007175,0.0
ENSBTAG00000011857,0.0
ENSBTAG00000011068,0.0
ENSBTAG00000010428,0.0
ENSBTAG00000053892,0.0
ENSBTAG00000047818,0.0
ENSBTAG00000040344,0.0
ENSBTAG00000055198,0.0
ENSBTAG00000053531,0.0
ENSBTAG00000055101,0.0
ENSBTAG00000002227,0.0
ENSBTAG00000017543,0.0
ENSBTAG00000016508,0.0
ENSBTAG00000016913,0.0
ENSBTAG00000016912,0.0
ENSBTAG00000016910,0.0
ENSBTAG00000016908,0.0
ENSBTAG00000016906,0.0
ENSBTAG00000016904,0.0
ENSBTAG00000007160,0.0
ENSBTAG00000007158,0.0
ENSBTAG00000007156,0.0
ENSBTAG00000007152,0.0
ENSBTAG00000050652,0.0
ENSBTAG00000049386,0.0
ENSBTAG00000004494,0.0
ENSBTAG00000018003,0.0
ENSBTAG00000018002,0.0
ENSBTAG00000051574,0.0
ENSBTAG00000021336,0.0
ENSBTAG00000010624,0.0
ENSBTAG00000010616,0.0
ENSBTAG00000031544,0.0
ENSBTAG00000018405,0.0
ENSBTAG00000002551,0.0
ENSBTAG00000019603,0.0
ENSBTAG00000018403,0.0
ENSBTAG00000013333,0.0
ENSBTAG00000053951,0.0
ENSBTAG00000000379,0.0
ENSBTAG00000021083,0.0
ENSBTAG00000021078,0.0
ENSBTAG00000006631,0.0
ENSBTAG00000006599,0.0
ENSBTAG00000019084,0.0
ENSBTAG00000003282,0.0
ENSBTAG00000018361,0.0
ENSBTAG00000018358,0.0
ENSBTAG00000031503,0.0
ENSBTAG00000031500,0.0
ENSBTAG00000022329,0.0
ENSBTAG00000047650,0.0
ENSBTAG00000010830,0.0
ENSBTAG00000019602,0.0
ENSBTAG00000006335,0.0
ENSBTAG00000031076,0.0
ENSBTAG00000017260,0.0
ENSBTAG00000014659,0.0
ENSBTAG00000014655,0.0
ENSBTAG00000021807,0.0
ENSBTAG00000038498,0.0
ENSBTAG00000039157,0.0
ENSBTAG00000049081,0.0
ENSBTAG00000050454,0.0
ENSBTAG00000010818,0.0
ENSBTAG00000050051,0.0
ENSBTAG00000001392,0.0
ENSBTAG00000013443,0.0
ENSBTAG00000017571,0.0
ENSBTAG00000055155,0.0
ENSBTAG00000051761,0.0
ENSBTAG00000011720,0.0
ENSBTAG00000013207,0.0
ENSBTAG00000044000,0.0
ENSBTAG00000013202,0.0
ENSBTAG00000010701,0.0
ENSBTAG00000055262,0.0
ENSBTAG00000017967,0.0
ENSBTAG00000020715,0.0
ENSBTAG00000046178,0.0
ENSBTAG00000030493,0.0
ENSBTAG00000013541,0.0
ENSBTAG00000008541,0.0
ENSBTAG00000009444,0.0
ENSBTAG00000022167,0.0
ENSBTAG00000023487,0.0
ENSBTAG00000014175,0.0
ENSBTAG00000000369,0.0
ENSBTAG00000006256,0.0
ENSBTAG00000027770,0.0
ENSBTAG00000037552,0.0
ENSBTAG00000002174,0.0
ENSBTAG00000013635,0.0
ENSBTAG00000006039,0.0
ENSBTAG00000006036,0.0
ENSBTAG00000045542,0.0
ENSBTAG00000012370,0.0
ENSBTAG00000019425,0.0
ENSBTAG00000008352,0.0
ENSBTAG00000008351,0.0
ENSBTAG00000026610,0.0
ENSBTAG00000014759,0.0
ENSBTAG00000013256,0.0
ENSBTAG00000030503,0.0
ENSBTAG00000030504,0.0
ENSBTAG00000012267,0.0
ENSBTAG00000019722,0.0
ENSBTAG00000015562,0.0
ENSBTAG00000052417,0.0
ENSBTAG00000012272,0.0
ENSBTAG00000053598,0.0
ENSBTAG00000012828,0.0
ENSBTAG00000054625,0.0
ENSBTAG00000003221,0.0
ENSBTAG00000020792,0.0
ENSBTAG00000051346,0.0
ENSBTAG00000000219,0.0
ENSBTAG00000018575,0.0
ENSBTAG00000036078,0.0
ENSBTAG00000035083,0.0
ENSBTAG00000004721,0.0
ENSBTAG00000014322,0.0
ENSBTAG00000054123,0.0
ENSBTAG00000005868,0.0
ENSBTAG00000014288,0.0
ENSBTAG00000039509,0.0
ENSBTAG00000014859,0.0
ENSBTAG00000011067,0.0
ENSBTAG00000004569,0.0
ENSBTAG00000019260,0.0
ENSBTAG00000019608,0.0
ENSBTAG00000016995,0.0
ENSBTAG00000011590,0.0
ENSBTAG00000002362,0.0
ENSBTAG00000011591,0.0
ENSBTAG00000017313,0.0
ENSBTAG00000018254,0.0
ENSBTAG00000011959,0.0
ENSBTAG00000009704,0.0
ENSBTAG00000011957,0.0
ENSBTAG00000050623,0.0
ENSBTAG00000048687,0.0
ENSBTAG00000050164,0.0
ENSBTAG00000049176,0.0
ENSBTAG00000034985,0.0
ENSBTAG00000010763,0.0
ENSBTAG00000014238,0.0
ENSBTAG00000008989,0.0
ENSBTAG00000052497,0.0
ENSBTAG00000050467,0.0
ENSBTAG00000008721,0.0
ENSBTAG00000004427,0.0
ENSBTAG00000013956,0.0
ENSBTAG00000011761,0.0
ENSBTAG00000013988,0.0
ENSBTAG00000047225,0.0
ENSBTAG00000048271,0.0
ENSBTAG00000021756,0.0
ENSBTAG00000014605,0.0
ENSBTAG00000013406,0.0
ENSBTAG00000016931,0.0
ENSBTAG00000011826,0.0
ENSBTAG00000018530,0.0
ENSBTAG00000030258,0.0
ENSBTAG00000049572,0.0
ENSBTAG00000021615,0.0
ENSBTAG00000048489,0.0
ENSBTAG00000054109,0.0
ENSBTAG00000006464,0.0
ENSBTAG00000051472,0.0
ENSBTAG00000052681,0.0
ENSBTAG00000009852,0.0
ENSBTAG00000030471,0.0
ENSBTAG00000054460,0.0
ENSBTAG00000023258,0.0
ENSBTAG00000050506,0.0
ENSBTAG00000030257,0.0
ENSBTAG00000030468,0.0
ENSBTAG00000030463,0.0
ENSBTAG00000030255,0.0
ENSBTAG00000030461,0.0
ENSBTAG00000048398,0.0
ENSBTAG00000015089,0.0
ENSBTAG00000051118,0.0
ENSBTAG00000051374,0.0
ENSBTAG00000002539,0.0
ENSBTAG00000054695,0.0
ENSBTAG00000054750,0.0
ENSBTAG00000015351,0.0
ENSBTAG00000008434,0.0
ENSBTAG00000019235,0.0
ENSBTAG00000034693,0.0
ENSBTAG00000009252,0.0
ENSBTAG00000052617,0.0
ENSBTAG00000052865,0.0
ENSBTAG00000008857,0.0
ENSBTAG00000053262,0.0
ENSBTAG00000010789,0.0
ENSBTAG00000048833,0.0
ENSBTAG00000010790,0.0
ENSBTAG00000046268,0.0
ENSBTAG00000037703,0.0
ENSBTAG00000019563,0.0
ENSBTAG00000014609,0.0
ENSBTAG00000049367,0.0
ENSBTAG00000004820,0.0
ENSBTAG00000004822,0.0
ENSBTAG00000054018,0.0
ENSBTAG00000054633,0.0
ENSBTAG00000015268,0.0
ENSBTAG00000011336,0.0
ENSBTAG00000015275,0.0
ENSBTAG00000052486,0.0
ENSBTAG00000015290,0.0
ENSBTAG00000014015,0.0
ENSBTAG00000050324,0.0
ENSBTAG00000009668,0.0
ENSBTAG00000022861,0.0
ENSBTAG00000051183,0.0
ENSBTAG00000052658,0.0
ENSBTAG00000047582,0.0
ENSBTAG00000038843,0.0
ENSBTAG00000004917,0.0
ENSBTAG00000051965,0.0
ENSBTAG00000009886,0.0
ENSBTAG00000009887,0.0
ENSBTAG00000005936,0.0
ENSBTAG00000026977,0.0
ENSBTAG00000048693,0.0
ENSBTAG00000010573,0.0
ENSBTAG00000006588,0.0
ENSBTAG00000010157,0.0
ENSBTAG00000010324,0.0
ENSBTAG00000014003,0.0
ENSBTAG00000026972,0.0
ENSBTAG00000011367,0.0
ENSBTAG00000003693,0.0
ENSBTAG00000049822,0.0
ENSBTAG00000018694,0.0
ENSBTAG00000000109,0.0
ENSBTAG00000003036,0.0
ENSBTAG00000051824,0.0
ENSBTAG00000007755,0.0
ENSBTAG00000053526,0.0
ENSBTAG00000052152,0.0
ENSBTAG00000007228,0.0
ENSBTAG00000036282,0.0
ENSBTAG00000008382,0.0
ENSBTAG00000021697,0.0
ENSBTAG00000003228,0.0
ENSBTAG00000002888,0.0
ENSBTAG00000014765,0.0
ENSBTAG00000005765,0.0
ENSBTAG00000019828,0.0
ENSBTAG00000012503,0.0
ENSBTAG00000027900,0.0
ENSBTAG00000017439,0.0
ENSBTAG00000017462,0.0
ENSBTAG00000017463,0.0
ENSBTAG00000047203,0.0
ENSBTAG00000014977,0.0
ENSBTAG00000026966,0.0
ENSBTAG00000005305,0.0
ENSBTAG00000011153,0.0
ENSBTAG00000018180,0.0
ENSBTAG00000018743,0.0
ENSBTAG00000018745,0.0
ENSBTAG00000052837,0.0
ENSBTAG00000051348,0.0
ENSBTAG00000045610,0.0
ENSBTAG00000000326,0.0
ENSBTAG00000015157,0.0
ENSBTAG00000014247,0.0
ENSBTAG00000021076,0.0
ENSBTAG00000000077,0.0
ENSBTAG00000009624,0.0
ENSBTAG00000002630,0.0
ENSBTAG00000049882,0.0
ENSBTAG00000006200,0.0
ENSBTAG00000054845,0.0
ENSBTAG00000006202,0.0
ENSBTAG00000006204,0.0
ENSBTAG00000006205,0.0
ENSBTAG00000053583,0.0
ENSBTAG00000016198,0.0
ENSBTAG00000030222,0.0
ENSBTAG00000040106,0.0
ENSBTAG00000012481,0.0
ENSBTAG00000002782,0.0
ENSBTAG00000016580,0.0
ENSBTAG00000015109,0.0
ENSBTAG00000006423,0.0
ENSBTAG00000006429,0.0
ENSBTAG00000005311,0.0
ENSBTAG00000004004,0.0
ENSBTAG00000004009,0.0
ENSBTAG00000047942,0.0
ENSBTAG00000006103,0.0
ENSBTAG00000006104,0.0
ENSBTAG00000047629,0.0
ENSBTAG00000004488,0.0
ENSBTAG00000021173,0.0
ENSBTAG00000014265,0.0
ENSBTAG00000009956,0.0
ENSBTAG00000050336,0.0
ENSBTAG00000013173,0.0
ENSBTAG00000013174,0.0
ENSBTAG00000009506,0.0
ENSBTAG00000009507,0.0
ENSBTAG00000009508,0.0
ENSBTAG00000009509,0.0
ENSBTAG00000038146,0.0
ENSBTAG00000026501,0.0
ENSBTAG00000026502,0.0
ENSBTAG00000000662,0.0
ENSBTAG00000005018,0.0
ENSBTAG00000051705,0.0
ENSBTAG00000016507,0.0
ENSBTAG00000016510,0.0
ENSBTAG00000016511,0.0
ENSBTAG00000016516,0.0
ENSBTAG00000030199,0.0
ENSBTAG00000001057,0.0
ENSBTAG00000045575,0.0
ENSBTAG00000019290,0.0
ENSBTAG00000012030,0.0
ENSBTAG00000002413,0.0
ENSBTAG00000018073,0.0
ENSBTAG00000001708,0.0
ENSBTAG00000011275,0.0
ENSBTAG00000053619,0.0
ENSBTAG00000053264,0.0
ENSBTAG00000030189,0.0
ENSBTAG00000006273,0.0
ENSBTAG00000045746,0.0
ENSBTAG00000003367,0.0
ENSBTAG00000045957,0.0
ENSBTAG00000008057,0.0
ENSBTAG00000003574,0.0
ENSBTAG00000012425,0.0
ENSBTAG00000039784,0.0
ENSBTAG00000008858,0.0
ENSBTAG00000006973,0.0
ENSBTAG00000017652,0.0
ENSBTAG00000006776,0.0
ENSBTAG00000048396,0.0
ENSBTAG00000009913,0.0
ENSBTAG00000010590,0.0
ENSBTAG00000024132,0.0
ENSBTAG00000003594,0.0
ENSBTAG00000049395,0.0
ENSBTAG00000012088,0.0
ENSBTAG00000009351,0.0
ENSBTAG00000048365,0.0
ENSBTAG00000050704,0.0
ENSBTAG00000048921,0.0
ENSBTAG00000008063,0.0
ENSBTAG00000008065,0.0
ENSBTAG00000050005,0.0
ENSBTAG00000054859,0.0
ENSBTAG00000008066,0.0
ENSBTAG00000003017,0.0
ENSBTAG00000007102,0.0
ENSBTAG00000005595,0.0
ENSBTAG00000008036,0.0
ENSBTAG00000021803,0.0
ENSBTAG00000046654,0.0
ENSBTAG00000054562,0.0
ENSBTAG00000012291,0.0
ENSBTAG00000022986,0.0
ENSBTAG00000030185,0.0
ENSBTAG00000046760,0.0
ENSBTAG00000048741,0.0
ENSBTAG00000049889,0.0
ENSBTAG00000046173,0.0
ENSBTAG00000047801,0.0
ENSBTAG00000049825,0.0
ENSBTAG00000045904,0.0
ENSBTAG00000045808,0.0
ENSBTAG00000011098,0.0
ENSBTAG00000021626,0.0
ENSBTAG00000020341,0.0
ENSBTAG00000047080,0.0
ENSBTAG00000009297,0.0
ENSBTAG00000001931,0.0
ENSBTAG00000000647,0.0
ENSBTAG00000000650,0.0
ENSBTAG00000011000,0.0
ENSBTAG00000019574,0.0
ENSBTAG00000030182,0.0
ENSBTAG00000014966,0.0
ENSBTAG00000024756,0.0
ENSBTAG00000018660,0.0
ENSBTAG00000021337,0.0
ENSBTAG00000051406,0.0
ENSBTAG00000054072,0.0
ENSBTAG00000002559,0.0
ENSBTAG00000017925,0.0
ENSBTAG00000012607,0.0
ENSBTAG00000012609,0.0
ENSBTAG00000026467,0.0
ENSBTAG00000046800,0.0
ENSBTAG00000046298,0.0
ENSBTAG00000016048,0.0
ENSBTAG00000016050,0.0
ENSBTAG00000030179,0.0
ENSBTAG00000016053,0.0
ENSBTAG00000049874,0.0
ENSBTAG00000030180,0.0
ENSBTAG00000010182,0.0
ENSBTAG00000053921,0.0
ENSBTAG00000004876,0.0
ENSBTAG00000018645,0.0
ENSBTAG00000054132,0.0
ENSBTAG00000015925,0.0
ENSBTAG00000015356,0.0
ENSBTAG00000003222,0.0
ENSBTAG00000004995,0.0
ENSBTAG00000024420,0.0
ENSBTAG00000013781,0.0
ENSBTAG00000013168,0.0
ENSBTAG00000047004,0.0
ENSBTAG00000008533,0.0
ENSBTAG00000000799,0.0
ENSBTAG00000005103,0.0
ENSBTAG00000045937,0.0
ENSBTAG00000006924,0.0
ENSBTAG00000006674,0.0
ENSBTAG00000049682,0.0
ENSBTAG00000038527,0.0
ENSBTAG00000011145,0.0
ENSBTAG00000004405,0.0
ENSBTAG00000011819,0.0
ENSBTAG00000002151,0.0
ENSBTAG00000053922,0.0
ENSBTAG00000002157,0.0
ENSBTAG00000004643,0.0
ENSBTAG00000007680,0.0
ENSBTAG00000054421,0.0
ENSBTAG00000019750,0.0
ENSBTAG00000005548,0.0
ENSBTAG00000004640,0.0
ENSBTAG00000040349,0.0
ENSBTAG00000051912,0.0
ENSBTAG00000031958,0.0
ENSBTAG00000022880,0.0
ENSBTAG00000049382,0.0
ENSBTAG00000013732,0.0
ENSBTAG00000053466,0.0
ENSBTAG00000002869,0.0
ENSBTAG00000013180,0.0
ENSBTAG00000015981,0.0
ENSBTAG00000054974,0.0
ENSBTAG00000020004,0.0
ENSBTAG00000003102,0.0
ENSBTAG00000009366,0.0
ENSBTAG00000009365,0.0
ENSBTAG00000000410,0.0
ENSBTAG00000010692,0.0
ENSBTAG00000010704,0.0
ENSBTAG00000014911,0.0
ENSBTAG00000017001,0.0
ENSBTAG00000021905,0.0
ENSBTAG00000047482,0.0
ENSBTAG00000031866,0.0
ENSBTAG00000000296,0.0
ENSBTAG00000024291,0.0
ENSBTAG00000009867,0.0
ENSBTAG00000016481,0.0
ENSBTAG00000016485,0.0
ENSBTAG00000011002,0.0
ENSBTAG00000054772,0.0
ENSBTAG00000006253,0.0
ENSBTAG00000034154,0.0
ENSBTAG00000003238,0.0
ENSBTAG00000015073,0.0
ENSBTAG00000005377,0.0
ENSBTAG00000034091,0.0
ENSBTAG00000007572,0.0
ENSBTAG00000010980,0.0
ENSBTAG00000045645,0.0
ENSBTAG00000052301,0.0
ENSBTAG00000014262,0.0
ENSBTAG00000012805,0.0
ENSBTAG00000024406,0.0
ENSBTAG00000045578,0.0
ENSBTAG00000054646,0.0
ENSBTAG00000007746,0.0
ENSBTAG00000014074,0.0
ENSBTAG00000004989,0.0
ENSBTAG00000033954,0.0
ENSBTAG00000051137,0.0
ENSBTAG00000004992,0.0
ENSBTAG00000003808,0.0
ENSBTAG00000007253,0.0
ENSBTAG00000013287,0.0
ENSBTAG00000046922,0.0
ENSBTAG00000006721,0.0
ENSBTAG00000001754,0.0
ENSBTAG00000050341,0.0
ENSBTAG00000044012,0.0
ENSBTAG00000051697,0.0
ENSBTAG00000003751,0.0
ENSBTAG00000014273,0.0
ENSBTAG00000003709,0.0
ENSBTAG00000047845,0.0
ENSBTAG00000000911,0.0
ENSBTAG00000011247,0.0
ENSBTAG00000002595,0.0
ENSBTAG00000000548,0.0
ENSBTAG00000015588,0.0
ENSBTAG00000055228,0.0
ENSBTAG00000013473,0.0
ENSBTAG00000046648,0.0
ENSBTAG00000013476,0.0
ENSBTAG00000046169,0.0
ENSBTAG00000007413,0.0
ENSBTAG00000017223,0.0
ENSBTAG00000017245,0.0
ENSBTAG00000020183,0.0
ENSBTAG00000052251,0.0
ENSBTAG00000049855,0.0
ENSBTAG00000051415,0.0
ENSBTAG00000051746,0.0
ENSBTAG00000049664,0.0
ENSBTAG00000050548,0.0
ENSBTAG00000010437,0.0
ENSBTAG00000010452,0.0
ENSBTAG00000054979,0.0
ENSBTAG00000014543,0.0
ENSBTAG00000002604,0.0
ENSBTAG00000049946,0.0
ENSBTAG00000045673,0.0
ENSBTAG00000014389,0.0
ENSBTAG00000024723,0.0
ENSBTAG00000014112,0.0
ENSBTAG00000015773,0.0
ENSBTAG00000003372,0.0
ENSBTAG00000009902,0.0
ENSBTAG00000001582,0.0
ENSBTAG00000008895,0.0
ENSBTAG00000052204,0.0
ENSBTAG00000013953,0.0
ENSBTAG00000013078,0.0
ENSBTAG00000052279,0.0
ENSBTAG00000013976,0.0
ENSBTAG00000001576,0.0
ENSBTAG00000017905,0.0
ENSBTAG00000001346,0.0
ENSBTAG00000031548,0.0
ENSBTAG00000049834,0.0
ENSBTAG00000047605,0.0
ENSBTAG00000052991,0.0
ENSBTAG00000054978,0.0
ENSBTAG00000047088,0.0
ENSBTAG00000017919,0.0
ENSBTAG00000011127,0.0
ENSBTAG00000051809,0.0
ENSBTAG00000015551,0.0
ENSBTAG00000003864,0.0
ENSBTAG00000007806,0.0
ENSBTAG00000031458,0.0
ENSBTAG00000002317,0.0
ENSBTAG00000019980,0.0
ENSBTAG00000015802,0.0
ENSBTAG00000001658,0.0
ENSBTAG00000002431,0.0
ENSBTAG00000050451,0.0
ENSBTAG00000031265,0.0
ENSBTAG00000004263,0.0
ENSBTAG00000001527,0.0
ENSBTAG00000021073,0.0
ENSBTAG00000021617,0.0
ENSBTAG00000016373,0.0
ENSBTAG00000014021,0.0
ENSBTAG00000053406,0.0
ENSBTAG00000017770,0.0
ENSBTAG00000017793,0.0
ENSBTAG00000038854,0.0
ENSBTAG00000017860,0.0
ENSBTAG00000003495,0.0
ENSBTAG00000008306,0.0
ENSBTAG00000004799,0.0
ENSBTAG00000020484,0.0
ENSBTAG00000021759,0.0
ENSBTAG00000021761,0.0
ENSBTAG00000005285,0.0
ENSBTAG00000051724,0.0
ENSBTAG00000053379,0.0
ENSBTAG00000019265,0.0
ENSBTAG00000016879,0.0
ENSBTAG00000004658,0.0
ENSBTAG00000010931,0.0
ENSBTAG00000016880,0.0
ENSBTAG00000018440,0.0
ENSBTAG00000018442,0.0
ENSBTAG00000027341,0.0
ENSBTAG00000054915,0.0
ENSBTAG00000048496,0.0
ENSBTAG00000020453,0.0
ENSBTAG00000024065,0.0
ENSBTAG00000046152,0.0
ENSBTAG00000004976,0.0
ENSBTAG00000015539,0.0
ENSBTAG00000014921,0.0
ENSBTAG00000051150,0.0
ENSBTAG00000053905,0.0
ENSBTAG00000033806,0.0
ENSBTAG00000004575,0.0
ENSBTAG00000016010,0.0
ENSBTAG00000049132,0.0
ENSBTAG00000016014,0.0
ENSBTAG00000054861,0.0
ENSBTAG00000000604,0.0
ENSBTAG00000019403,0.0
ENSBTAG00000012622,0.0
ENSBTAG00000013010,0.0
ENSBTAG00000052932,0.0
ENSBTAG00000014711,0.0
ENSBTAG00000054987,0.0
ENSBTAG00000015666,0.0
ENSBTAG00000052585,0.0
ENSBTAG00000003621,0.0
ENSBTAG00000003628,0.0
ENSBTAG00000031236,0.0
ENSBTAG00000050323,0.0
ENSBTAG00000048852,0.0
ENSBTAG00000031234,0.0
ENSBTAG00000051786,0.0
ENSBTAG00000052008,0.0
ENSBTAG00000050773,0.0
ENSBTAG00000049810,0.0
ENSBTAG00000050745,0.0
ENSBTAG00000040387,0.0
ENSBTAG00000048904,0.0
ENSBTAG00000053109,0.0
ENSBTAG00000049231,0.0
ENSBTAG00000050211,0.0
ENSBTAG00000039559,0.0
ENSBTAG00000053458,0.0
ENSBTAG00000049622,0.0
ENSBTAG00000051811,0.0
ENSBTAG00000052851,0.0
ENSBTAG00000051371,0.0
ENSBTAG00000048775,0.0
ENSBTAG00000038605,0.0
ENSBTAG00000026068,0.0
ENSBTAG00000049004,0.0
ENSBTAG00000050190,0.0
ENSBTAG00000053376,0.0
ENSBTAG00000052228,0.0
ENSBTAG00000053701,0.0
ENSBTAG00000053785,0.0
ENSBTAG00000054917,0.0
ENSBTAG00000051147,0.0
ENSBTAG00000047919,0.0
ENSBTAG00000021565,0.0
ENSBTAG00000027204,0.0
ENSBTAG00000009558,0.0
ENSBTAG00000015510,0.0
ENSBTAG00000024219,0.0
ENSBTAG00000001912,0.0
ENSBTAG00000014533,0.0
ENSBTAG00000049510,0.0
ENSBTAG00000013130,0.0
ENSBTAG00000052365,0.0
ENSBTAG00000006655,0.0
ENSBTAG00000050494,0.0
ENSBTAG00000054827,0.0
ENSBTAG00000040040,0.0
ENSBTAG00000009839,0.0
ENSBTAG00000018158,0.0
ENSBTAG00000018159,0.0
ENSBTAG00000009182,0.0
ENSBTAG00000009418,0.0
ENSBTAG00000017970,0.0
ENSBTAG00000054875,0.0
ENSBTAG00000021313,0.0
ENSBTAG00000006359,0.0
ENSBTAG00000050328,0.0
ENSBTAG00000005475,0.0
ENSBTAG00000033449,0.0
ENSBTAG00000052401,0.0
ENSBTAG00000053730,0.0
ENSBTAG00000054509,0.0
ENSBTAG00000011191,0.0
ENSBTAG00000040130,0.0
ENSBTAG00000051510,0.0
ENSBTAG00000049531,0.0
ENSBTAG00000053058,0.0
ENSBTAG00000049625,0.0
ENSBTAG00000020364,0.0
ENSBTAG00000050364,0.0
ENSBTAG00000001815,0.0
ENSBTAG00000009832,0.0
ENSBTAG00000054424,0.0
ENSBTAG00000017676,0.0
ENSBTAG00000003625,0.0
ENSBTAG00000000719,0.0
ENSBTAG00000023806,0.0
ENSBTAG00000005997,0.0
ENSBTAG00000020869,0.0
ENSBTAG00000052473,0.0
ENSBTAG00000051633,0.0
ENSBTAG00000014016,0.0
ENSBTAG00000008736,0.0
ENSBTAG00000052712,0.0
ENSBTAG00000009426,0.0
ENSBTAG00000043955,0.0
ENSBTAG00000005499,0.0
ENSBTAG00000017143,0.0
ENSBTAG00000044068,0.0
ENSBTAG00000052207,0.0
ENSBTAG00000014768,0.0
ENSBTAG00000020448,0.0
ENSBTAG00000000389,0.0
ENSBTAG00000002445,0.0
ENSBTAG00000002810,0.0
ENSBTAG00000031106,0.0
ENSBTAG00000049343,0.0
ENSBTAG00000010219,0.0
ENSBTAG00000019844,0.0
ENSBTAG00000008542,0.0
ENSBTAG00000035064,0.0
ENSBTAG00000039594,0.0
ENSBTAG00000006022,0.0
ENSBTAG00000031059,0.0
ENSBTAG00000004215,0.0
ENSBTAG00000038241,0.0
ENSBTAG00000007983,0.0
ENSBTAG00000053931,0.0
ENSBTAG00000049318,0.0
ENSBTAG00000014402,0.0
ENSBTAG00000009850,0.0
ENSBTAG00000039588,0.0
ENSBTAG00000001198,0.0
ENSBTAG00000053452,0.0
ENSBTAG00000046257,0.0
ENSBTAG00000030940,0.0
ENSBTAG00000040331,0.0
ENSBTAG00000054649,0.0
ENSBTAG00000050052,0.0
ENSBTAG00000027319,0.0
ENSBTAG00000008550,0.0
ENSBTAG00000048337,0.0
ENSBTAG00000052341,0.0
ENSBTAG00000037510,0.0
ENSBTAG00000004894,0.0
ENSBTAG00000000715,0.0
ENSBTAG00000016766,0.0
ENSBTAG00000012078,0.0
ENSBTAG00000045617,0.0
ENSBTAG00000005419,0.0
ENSBTAG00000007442,0.0
ENSBTAG00000004078,0.0
ENSBTAG00000017680,0.0
ENSBTAG00000001992,0.0
ENSBTAG00000001571,0.0
ENSBTAG00000012031,0.0
ENSBTAG00000002750,0.0
ENSBTAG00000007759,0.0
ENSBTAG00000007762,0.0
ENSBTAG00000007766,0.0
ENSBTAG00000034936,0.0
ENSBTAG00000051645,0.0
ENSBTAG00000048169,0.0
ENSBTAG00000011226,0.0
ENSBTAG00000034905,0.0
ENSBTAG00000021996,0.0
ENSBTAG00000011228,0.0
ENSBTAG00000024431,0.0
ENSBTAG00000011229,0.0
ENSBTAG00000048379,0.0
ENSBTAG00000018363,0.0
ENSBTAG00000003810,0.0
ENSBTAG00000050705,0.0
ENSBTAG00000016752,0.0
ENSBTAG00000044023,0.0
ENSBTAG00000051416,0.0
ENSBTAG00000018838,0.0
ENSBTAG00000024204,0.0
ENSBTAG00000000607,0.0
ENSBTAG00000012456,0.0
ENSBTAG00000014371,0.0
ENSBTAG00000014372,0.0
ENSBTAG00000014255,0.0
ENSBTAG00000004540,0.0
ENSBTAG00000006232,0.0
ENSBTAG00000003019,0.0
ENSBTAG00000031861,0.0
ENSBTAG00000002917,0.0
ENSBTAG00000017458,0.0
ENSBTAG00000045535,0.0
ENSBTAG00000015844,0.0
ENSBTAG00000002674,0.0
ENSBTAG00000000820,0.0
ENSBTAG00000021260,0.0
ENSBTAG00000003424,0.0
ENSBTAG00000013472,0.0
ENSBTAG00000024199,0.0
ENSBTAG00000009109,0.0
ENSBTAG00000021282,0.0
ENSBTAG00000024426,0.0
ENSBTAG00000014871,0.0
ENSBTAG00000019597,0.0
ENSBTAG00000030897,0.0
ENSBTAG00000008032,0.0
ENSBTAG00000015654,0.0
ENSBTAG00000009002,0.0
ENSBTAG00000034645,0.0
ENSBTAG00000008361,0.0
ENSBTAG00000018185,0.0
ENSBTAG00000014069,0.0
ENSBTAG00000021941,0.0
ENSBTAG00000027134,0.0
ENSBTAG00000017505,0.0
ENSBTAG00000002891,0.0
ENSBTAG00000001592,0.0
ENSBTAG00000003773,0.0
ENSBTAG00000018917,0.0
ENSBTAG00000035660,0.0
ENSBTAG00000052508,0.0
ENSBTAG00000020685,0.0
ENSBTAG00000010243,0.0
ENSBTAG00000021458,0.0
ENSBTAG00000020335,0.0
ENSBTAG00000052934,0.0
ENSBTAG00000030817,0.0
ENSBTAG00000049765,0.0
ENSBTAG00000016435,0.0
ENSBTAG00000030876,0.0
ENSBTAG00000008025,0.0
ENSBTAG00000000771,0.0
ENSBTAG00000049597,0.0
ENSBTAG00000004958,0.0
ENSBTAG00000016131,0.0
ENSBTAG00000005483,0.0
ENSBTAG00000024157,0.0
ENSBTAG00000030838,0.0
ENSBTAG00000005653,0.0
ENSBTAG00000021535,0.0
ENSBTAG00000035379,0.0
ENSBTAG00000038283,0.0
ENSBTAG00000020878,0.0
ENSBTAG00000019276,0.0
ENSBTAG00000018989,0.0
ENSBTAG00000024394,0.0
ENSBTAG00000018133,0.0
ENSBTAG00000053333,0.0
ENSBTAG00000014920,0.0
ENSBTAG00000017350,0.0
ENSBTAG00000020569,0.0
ENSBTAG00000017664,0.0
ENSBTAG00000006138,0.0
ENSBTAG00000047646,0.0
ENSBTAG00000014220,0.0
ENSBTAG00000017866,0.0
ENSBTAG00000049549,0.0
ENSBTAG00000008641,0.0
ENSBTAG00000047294,0.0
ENSBTAG00000002714,0.0
ENSBTAG00000053714,0.0
ENSBTAG00000053328,0.0
ENSBTAG00000051262,0.0
ENSBTAG00000022498,0.0
ENSBTAG00000005102,0.0
ENSBTAG00000033290,0.0
ENSBTAG00000015753,0.0
ENSBTAG00000052433,0.0
ENSBTAG00000048468,0.0
ENSBTAG00000003825,0.0
ENSBTAG00000015461,0.0
ENSBTAG00000053154,0.0
ENSBTAG00000018430,0.0
ENSBTAG00000054348,0.0
ENSBTAG00000009341,0.0
ENSBTAG00000009717,0.0
ENSBTAG00000014879,0.0
ENSBTAG00000016324,0.0
ENSBTAG00000024379,0.0
ENSBTAG00000014161,0.0
ENSBTAG00000014171,0.0
ENSBTAG00000006876,0.0
ENSBTAG00000003784,0.0
ENSBTAG00000046712,0.0
ENSBTAG00000009296,0.0
ENSBTAG00000003658,0.0
ENSBTAG00000052629,0.0
ENSBTAG00000040058,0.0
ENSBTAG00000000189,0.0
ENSBTAG00000048818,0.0
ENSBTAG00000009207,0.0
ENSBTAG00000002175,0.0
ENSBTAG00000047286,0.0
ENSBTAG00000053913,0.0
ENSBTAG00000007743,0.0
ENSBTAG00000008302,0.0
ENSBTAG00000053355,0.0
ENSBTAG00000002037,0.0
ENSBTAG00000049733,0.0
ENSBTAG00000021365,0.0
ENSBTAG00000019794,0.0
ENSBTAG00000015509,0.0
ENSBTAG00000053836,0.0
ENSBTAG00000020848,0.0
ENSBTAG00000014958,0.0
ENSBTAG00000005524,0.0
ENSBTAG00000005526,0.0
ENSBTAG00000046917,0.0
ENSBTAG00000052002,0.0
ENSBTAG00000021849,0.0
ENSBTAG00000010062,0.0
ENSBTAG00000018348,0.0
ENSBTAG00000015547,0.0
ENSBTAG00000001908,0.0
ENSBTAG00000011412,0.0
ENSBTAG00000054779,0.0
ENSBTAG00000033169,0.0
ENSBTAG00000024387,0.0
ENSBTAG00000014795,0.0
ENSBTAG00000015353,0.0
ENSBTAG00000015366,0.0
ENSBTAG00000033197,0.0
ENSBTAG00000050348,0.0
ENSBTAG00000038795,0.0
ENSBTAG00000035945,0.0
ENSBTAG00000053502,0.0
ENSBTAG00000021469,0.0
ENSBTAG00000006589,0.0
ENSBTAG00000000169,0.0
ENSBTAG00000008097,0.0
ENSBTAG00000010756,0.0
ENSBTAG00000004072,0.0
ENSBTAG00000006161,0.0
ENSBTAG00000017869,0.0
ENSBTAG00000049397,0.0
ENSBTAG00000021204,0.0
ENSBTAG00000055251,0.0
ENSBTAG00000014228,0.0
ENSBTAG00000052168,0.0
ENSBTAG00000021543,0.0
ENSBTAG00000052567,0.0
ENSBTAG00000011246,0.0
ENSBTAG00000054178,0.0
ENSBTAG00000006733,0.0
ENSBTAG00000051506,0.0
ENSBTAG00000032844,0.0
ENSBTAG00000007608,0.0
ENSBTAG00000021967,0.0
ENSBTAG00000010555,0.0
ENSBTAG00000010549,0.0
ENSBTAG00000013050,0.0
ENSBTAG00000021182,0.0
ENSBTAG00000004398,0.0
ENSBTAG00000045592,0.0
ENSBTAG00000004399,0.0
ENSBTAG00000020620,0.0
ENSBTAG00000046588,0.0
ENSBTAG00000021869,0.0
ENSBTAG00000002154,0.0
ENSBTAG00000053964,0.0
ENSBTAG00000003490,0.0
ENSBTAG00000054914,0.0
ENSBTAG00000018119,0.0
ENSBTAG00000009218,0.0
ENSBTAG00000002011,0.0
ENSBTAG00000019065,0.0
ENSBTAG00000001182,0.0
ENSBTAG00000015105,0.0
ENSBTAG00000052566,0.0
ENSBTAG00000017541,0.0
ENSBTAG00000032650,0.0
ENSBTAG00000005785,0.0
ENSBTAG00000013768,0.0
ENSBTAG00000053990,0.0
ENSBTAG00000010866,0.0
ENSBTAG00000006528,0.0
ENSBTAG00000055285,0.0
ENSBTAG00000052846,0.0
ENSBTAG00000016709,0.0
ENSBTAG00000016707,0.0
ENSBTAG00000003115,0.0
ENSBTAG00000003114,0.0
ENSBTAG00000002332,0.0
ENSBTAG00000002739,0.0
ENSBTAG00000001976,0.0
ENSBTAG00000009254,0.0
ENSBTAG00000000558,0.0
ENSBTAG00000020247,0.0
ENSBTAG00000047599,0.0
ENSBTAG00000000745,0.0
ENSBTAG00000009390,0.0
ENSBTAG00000001448,0.0
ENSBTAG00000014381,0.0
ENSBTAG00000018972,0.0
ENSBTAG00000051818,0.0
ENSBTAG00000010597,0.0
ENSBTAG00000038235,0.0
ENSBTAG00000000260,0.0
ENSBTAG00000052317,0.0
ENSBTAG00000000521,0.0
ENSBTAG00000007870,0.0
ENSBTAG00000016223,0.0
ENSBTAG00000016220,0.0
ENSBTAG00000045567,0.0
ENSBTAG00000020931,0.0
ENSBTAG00000054573,0.0
ENSBTAG00000007146,0.0
ENSBTAG00000024340,0.0
ENSBTAG00000018909,0.0
ENSBTAG00000019024,0.0
ENSBTAG00000019020,0.0
ENSBTAG00000001036,0.0
ENSBTAG00000020919,0.0
ENSBTAG00000014735,0.0
ENSBTAG00000014738,0.0
ENSBTAG00000040082,0.0
ENSBTAG00000048562,0.0
ENSBTAG00000053595,0.0
ENSBTAG00000001455,0.0
ENSBTAG00000024341,0.0
ENSBTAG00000012211,0.0
ENSBTAG00000008139,0.0
ENSBTAG00000001063,0.0
ENSBTAG00000008138,0.0
ENSBTAG00000013263,0.0
ENSBTAG00000001822,0.0
ENSBTAG00000049437,0.0
ENSBTAG00000005726,0.0
ENSBTAG00000004136,0.0
ENSBTAG00000050039,0.0
ENSBTAG00000019445,0.0
ENSBTAG00000022613,0.0
ENSBTAG00000019342,0.0
ENSBTAG00000046586,0.0
ENSBTAG00000015326,0.0
ENSBTAG00000015303,0.0
ENSBTAG00000004503,0.0
ENSBTAG00000010609,0.0
ENSBTAG00000018064,0.0
ENSBTAG00000007136,0.0
ENSBTAG00000024334,0.0
ENSBTAG00000010390,0.0
ENSBTAG00000002340,0.0
ENSBTAG00000050357,0.0
ENSBTAG00000032393,0.0
ENSBTAG00000046430,0.0
ENSBTAG00000015749,0.0
ENSBTAG00000003506,0.0
ENSBTAG00000003508,0.0
ENSBTAG00000032166,0.0
ENSBTAG00000013226,0.0
ENSBTAG00000009655,0.0
ENSBTAG00000048877,0.0
ENSBTAG00000051057,0.0
ENSBTAG00000003994,0.0
ENSBTAG00000046768,0.0
ENSBTAG00000053893,0.0
ENSBTAG00000009520,0.0
ENSBTAG00000010504,0.0
ENSBTAG00000051248,0.0
ENSBTAG00000008090,0.0
ENSBTAG00000052466,0.0
ENSBTAG00000006377,0.0
ENSBTAG00000052945,0.0
ENSBTAG00000016975,0.0
ENSBTAG00000012003,0.0
ENSBTAG00000011997,0.0
ENSBTAG00000006029,0.0
ENSBTAG00000010612,0.0
ENSBTAG00000010602,0.0
ENSBTAG00000044146,0.0
ENSBTAG00000006325,0.0
ENSBTAG00000012653,0.0
ENSBTAG00000000274,0.0
ENSBTAG00000032288,0.0
ENSBTAG00000002066,0.0
ENSBTAG00000012241,0.0
ENSBTAG00000012237,0.0
ENSBTAG00000049936,0.0
ENSBTAG00000013414,0.0
ENSBTAG00000012968,0.0
ENSBTAG00000008143,0.0
ENSBTAG00000021216,0.0
ENSBTAG00000000991,0.0
ENSBTAG00000000990,0.0
ENSBTAG00000054524,0.0
ENSBTAG00000052436,0.0
ENSBTAG00000010671,0.0
ENSBTAG00000051408,0.0
ENSBTAG00000048508,0.0
ENSBTAG00000032121,0.0
ENSBTAG00000018715,0.0
ENSBTAG00000001528,0.0
ENSBTAG00000049322,0.0
ENSBTAG00000054825,0.0
ENSBTAG00000006661,0.0
ENSBTAG00000001892,0.0
ENSBTAG00000013648,0.0
ENSBTAG00000007305,0.0
ENSBTAG00000031967,0.0
ENSBTAG00000000144,0.0
ENSBTAG00000053474,0.0
ENSBTAG00000055254,0.0
ENSBTAG00000002859,0.0
ENSBTAG00000049399,0.0
ENSBTAG00000012649,0.0
ENSBTAG00000006152,0.0
ENSBTAG00000031464,0.0
ENSBTAG00000032077,0.0
ENSBTAG00000015337,0.0
ENSBTAG00000052759,0.0
ENSBTAG00000016332,0.0
ENSBTAG00000002938,0.0
ENSBTAG00000002940,0.0
ENSBTAG00000007976,0.0
ENSBTAG00000012119,0.0
ENSBTAG00000012128,0.0
ENSBTAG00000005603,0.0
ENSBTAG00000007316,0.0
ENSBTAG00000010955,0.0
ENSBTAG00000051854,0.0
ENSBTAG00000034849,0.0
ENSBTAG00000010956,0.0
ENSBTAG00000052120,0.0
ENSBTAG00000053885,0.0
ENSBTAG00000046440,0.0
ENSBTAG00000004921,0.0
ENSBTAG00000048799,0.0
ENSBTAG00000010389,0.0
ENSBTAG00000012157,0.0
ENSBTAG00000003131,0.0
ENSBTAG00000004574,0.0
ENSBTAG00000019633,0.0
ENSBTAG00000052840,0.0
ENSBTAG00000050010,0.0
ENSBTAG00000038148,0.0
ENSBTAG00000017808,0.0
ENSBTAG00000021372,0.0
ENSBTAG00000014463,0.0
ENSBTAG00000000599,0.0
ENSBTAG00000021768,0.0
ENSBTAG00000048934,0.0
ENSBTAG00000008479,0.0
ENSBTAG00000049571,0.0
ENSBTAG00000018360,0.0
ENSBTAG00000010716,0.0
ENSBTAG00000010153,0.0
ENSBTAG00000050428,0.0
ENSBTAG00000001126,0.0
ENSBTAG00000008887,0.0
ENSBTAG00000013149,0.0
ENSBTAG00000039245,0.0
ENSBTAG00000032979,0.0
ENSBTAG00000014324,0.0
ENSBTAG00000020570,0.0
ENSBTAG00000017348,0.0
ENSBTAG00000035776,0.0
ENSBTAG00000054713,0.0
ENSBTAG00000017642,0.0
ENSBTAG00000002978,0.0
ENSBTAG00000006561,0.0
ENSBTAG00000052070,0.0
ENSBTAG00000049261,0.0
ENSBTAG00000013952,0.0
ENSBTAG00000014804,0.0
ENSBTAG00000014805,0.0
ENSBTAG00000032588,0.0
ENSBTAG00000048956,0.0
ENSBTAG00000022449,0.0
ENSBTAG00000020525,0.0
ENSBTAG00000022450,0.0
ENSBTAG00000010546,0.0
ENSBTAG00000006950,0.0
ENSBTAG00000031750,0.0
ENSBTAG00000009849,0.0
ENSBTAG00000005744,0.0
ENSBTAG00000046700,0.0
ENSBTAG00000005745,0.0
ENSBTAG00000018151,0.0
ENSBTAG00000018155,0.0
ENSBTAG00000051440,0.0
ENSBTAG00000017592,0.0
ENSBTAG00000002518,0.0
ENSBTAG00000045787,0.0
ENSBTAG00000013495,0.0
ENSBTAG00000051025,0.0
ENSBTAG00000009632,0.0
ENSBTAG00000026936,0.0
ENSBTAG00000015259,0.0
ENSBTAG00000034875,0.0
ENSBTAG00000049422,0.0
ENSBTAG00000003941,0.0
ENSBTAG00000017375,0.0
ENSBTAG00000009059,0.0
ENSBTAG00000051492,0.0
ENSBTAG00000008332,0.0
ENSBTAG00000054468,0.0
ENSBTAG00000051202,0.0
ENSBTAG00000052157,0.0
ENSBTAG00000010564,0.0
ENSBTAG00000038368,0.0
ENSBTAG00000051135,0.0
ENSBTAG00000048812,0.0
ENSBTAG00000003959,0.0
ENSBTAG00000046949,0.0
ENSBTAG00000007019,0.0
ENSBTAG00000053284,0.0
ENSBTAG00000000751,0.0
ENSBTAG00000000748,0.0
ENSBTAG00000034501,0.0
ENSBTAG00000020048,0.0
ENSBTAG00000015230,0.0
ENSBTAG00000012537,0.0
ENSBTAG00000045839,0.0
ENSBTAG00000050276,0.0
ENSBTAG00000012995,0.0
ENSBTAG00000010945,0.0
ENSBTAG00000049691,0.0
ENSBTAG00000014947,0.0
ENSBTAG00000047514,0.0
ENSBTAG00000050963,0.0
ENSBTAG00000051915,0.0
ENSBTAG00000018488,0.0
ENSBTAG00000002455,0.0
ENSBTAG00000047432,0.0
ENSBTAG00000031679,0.0
ENSBTAG00000010284,0.0
ENSBTAG00000011611,0.0
ENSBTAG00000014226,0.0
ENSBTAG00000006307,0.0
ENSBTAG00000052418,0.0
ENSBTAG00000011354,0.0
ENSBTAG00000004094,0.0
ENSBTAG00000053494,0.0
ENSBTAG00000006844,0.0
ENSBTAG00000002049,0.0
ENSBTAG00000012972,0.0
ENSBTAG00000045714,0.0
ENSBTAG00000019132,0.0
ENSBTAG00000017829,0.0
ENSBTAG00000016805,0.0
ENSBTAG00000006508,0.0
ENSBTAG00000012969,0.0
ENSBTAG00000046671,0.0
ENSBTAG00000048770,0.0
ENSBTAG00000054994,0.0
ENSBTAG00000047891,0.0
ENSBTAG00000004230,0.0
ENSBTAG00000011170,0.0
ENSBTAG00000053771,0.0
ENSBTAG00000021729,0.0
ENSBTAG00000049457,0.0
ENSBTAG00000004227,0.0
ENSBTAG00000004292,0.0
ENSBTAG00000004287,0.0
ENSBTAG00000054813,0.0
ENSBTAG00000046270,0.0
ENSBTAG00000006686,0.0
ENSBTAG00000004277,0.0
ENSBTAG00000013927,0.0
ENSBTAG00000008797,0.0
ENSBTAG00000015409,0.0
ENSBTAG00000002428,0.0
ENSBTAG00000011163,0.0
ENSBTAG00000010875,0.0
ENSBTAG00000017682,0.0
ENSBTAG00000054116,0.0
ENSBTAG00000048476,0.0
ENSBTAG00000005712,0.0
ENSBTAG00000001751,0.0
ENSBTAG00000050796,0.0
ENSBTAG00000005711,0.0
ENSBTAG00000014680,0.0
ENSBTAG00000003653,0.0
ENSBTAG00000016247,0.0
ENSBTAG00000003652,0.0
ENSBTAG00000003651,0.0
ENSBTAG00000038606,0.0
ENSBTAG00000009035,0.0
ENSBTAG00000039197,0.0
ENSBTAG00000013607,0.0
ENSBTAG00000002526,0.0
ENSBTAG00000009673,0.0
ENSBTAG00000027630,0.0
ENSBTAG00000050234,0.0
ENSBTAG00000048761,0.0
ENSBTAG00000019761,0.0
ENSBTAG00000007449,0.0
ENSBTAG00000003218,0.0
ENSBTAG00000010896,0.0
ENSBTAG00000020270,0.0
ENSBTAG00000004316,0.0
ENSBTAG00000005668,0.0
ENSBTAG00000019847,0.0
ENSBTAG00000010343,0.0
ENSBTAG00000050777,0.0
ENSBTAG00000018638,0.0
ENSBTAG00000016005,0.0
ENSBTAG00000054325,0.0
ENSBTAG00000050294,0.0
ENSBTAG00000021214,0.0
ENSBTAG00000051635,0.0
ENSBTAG00000055011,0.0
ENSBTAG00000034206,0.0
ENSBTAG00000054716,0.0
ENSBTAG00000006156,0.0
ENSBTAG00000013569,0.0
ENSBTAG00000010610,0.0
ENSBTAG00000013736,0.0
ENSBTAG00000039384,0.0
ENSBTAG00000004428,0.0
ENSBTAG00000004426,0.0
ENSBTAG00000019451,0.0
ENSBTAG00000007923,0.0
ENSBTAG00000007921,0.0
ENSBTAG00000046333,0.0
ENSBTAG00000011944,0.0
ENSBTAG00000000197,0.0
ENSBTAG00000019429,0.0
ENSBTAG00000014058,0.0
ENSBTAG00000015729,0.0
ENSBTAG00000040333,0.0
ENSBTAG00000034189,0.0
ENSBTAG00000003357,0.0
ENSBTAG00000006986,0.0
ENSBTAG00000027825,0.0
ENSBTAG00000006991,0.0
ENSBTAG00000019584,0.0
ENSBTAG00000052318,0.0
ENSBTAG00000049123,0.0
ENSBTAG00000034139,0.0
ENSBTAG00000016007,0.0
ENSBTAG00000016004,0.0
ENSBTAG00000046936,0.0
ENSBTAG00000003766,0.0
ENSBTAG00000024125,0.0
ENSBTAG00000005493,0.0
ENSBTAG00000009522,0.0
ENSBTAG00000024578,0.0
ENSBTAG00000047810,0.0
ENSBTAG00000010185,0.0
ENSBTAG00000010181,0.0
ENSBTAG00000012343,0.0
ENSBTAG00000007522,0.0
ENSBTAG00000027434,0.0
ENSBTAG00000049465,0.0
ENSBTAG00000023000,0.0
ENSBTAG00000015464,0.0
ENSBTAG00000026250,0.0
ENSBTAG00000012464,0.0
ENSBTAG00000002084,0.0
ENSBTAG00000015926,0.0
ENSBTAG00000047876,0.0
ENSBTAG00000047613,0.0
ENSBTAG00000055218,0.0
ENSBTAG00000004893,0.0
ENSBTAG00000004797,0.0
ENSBTAG00000014803,0.0
ENSBTAG00000000073,0.0
ENSBTAG00000017335,0.0
ENSBTAG00000016714,0.0
ENSBTAG00000052058,0.0
ENSBTAG00000003776,0.0
ENSBTAG00000050287,0.0
ENSBTAG00000002081,0.0
ENSBTAG00000001506,0.0
ENSBTAG00000012818,0.0
ENSBTAG00000017073,0.0
ENSBTAG00000017061,0.0
ENSBTAG00000002895,0.0
ENSBTAG00000046413,0.0
ENSBTAG00000053441,0.0
ENSBTAG00000019808,0.0
ENSBTAG00000045523,0.0
ENSBTAG00000010285,0.0
ENSBTAG00000024957,0.0
ENSBTAG00000045966,0.0
ENSBTAG00000015265,0.0
ENSBTAG00000011187,0.0
ENSBTAG00000010120,0.0
ENSBTAG00000020541,0.0
ENSBTAG00000005754,0.0
ENSBTAG00000017704,0.0
ENSBTAG00000020031,0.0
ENSBTAG00000054535,0.0
ENSBTAG00000001505,0.0
ENSBTAG00000001504,0.0
ENSBTAG00000005260,0.0
ENSBTAG00000021130,0.0
ENSBTAG00000007568,0.0
ENSBTAG00000000470,0.0
ENSBTAG00000005989,0.0
ENSBTAG00000021128,0.0
ENSBTAG00000019441,0.0
ENSBTAG00000013996,0.0
ENSBTAG00000005932,0.0
ENSBTAG00000021582,0.0
ENSBTAG00000015126,0.0
ENSBTAG00000009744,0.0
ENSBTAG00000011973,0.0
ENSBTAG00000027453,0.0
ENSBTAG00000054376,0.0
ENSBTAG00000046561,0.0
ENSBTAG00000006683,0.0
ENSBTAG00000015209,0.0
ENSBTAG00000024787,0.0
ENSBTAG00000017296,0.0
ENSBTAG00000053874,0.0
ENSBTAG00000031395,0.0
ENSBTAG00000017921,0.0
ENSBTAG00000007986,0.0
ENSBTAG00000005108,0.0
ENSBTAG00000033351,0.0
ENSBTAG00000007164,0.0
ENSBTAG00000051271,0.0
ENSBTAG00000011044,0.0
ENSBTAG00000011042,0.0
ENSBTAG00000001328,0.0
ENSBTAG00000047743,0.0
ENSBTAG00000048974,0.0
ENSBTAG00000012577,0.0
ENSBTAG00000012575,0.0
ENSBTAG00000004653,0.0
ENSBTAG00000055098,0.0
ENSBTAG00000051207,0.0
ENSBTAG00000051590,0.0
ENSBTAG00000049230,0.0
ENSBTAG00000008480,0.0
ENSBTAG00000004261,0.0
ENSBTAG00000002247,0.0
ENSBTAG00000049784,0.0
ENSBTAG00000027464,0.0
ENSBTAG00000053863,0.0
ENSBTAG00000007002,0.0
ENSBTAG00000007001,0.0
ENSBTAG00000017240,0.0
ENSBTAG00000018379,0.0
ENSBTAG00000019188,0.0
ENSBTAG00000020363,0.0
ENSBTAG00000050808,0.0
ENSBTAG00000014017,0.0
ENSBTAG00000053888,0.0
ENSBTAG00000050919,0.0
ENSBTAG00000031553,0.0
ENSBTAG00000017496,0.0
ENSBTAG00000017480,0.0
ENSBTAG00000052706,0.0
ENSBTAG00000054175,0.0
ENSBTAG00000054335,0.0
ENSBTAG00000005964,0.0
ENSBTAG00000033327,0.0
ENSBTAG00000017024,0.0
ENSBTAG00000050251,0.0
ENSBTAG00000008896,0.0
ENSBTAG00000013980,0.0
ENSBTAG00000021940,0.0
ENSBTAG00000017390,0.0
ENSBTAG00000014616,0.0
ENSBTAG00000006492,0.0
ENSBTAG00000007240,0.0
ENSBTAG00000000646,0.0
ENSBTAG00000001545,0.0
ENSBTAG00000003897,0.0
ENSBTAG00000050132,0.0
ENSBTAG00000003602,0.0
ENSBTAG00000004988,0.0
ENSBTAG00000033214,0.0
ENSBTAG00000019353,0.0
ENSBTAG00000018885,0.0
ENSBTAG00000000061,0.0
ENSBTAG00000048536,0.0
ENSBTAG00000039922,0.0
ENSBTAG00000009833,0.0
ENSBTAG00000050655,0.0
ENSBTAG00000001491,0.0
ENSBTAG00000006643,0.0
ENSBTAG00000004329,0.0
ENSBTAG00000053088,0.0
ENSBTAG00000005773,0.0
ENSBTAG00000052370,0.0
ENSBTAG00000013699,0.0
ENSBTAG00000017488,0.0
ENSBTAG00000051019,0.0
ENSBTAG00000014031,0.0
ENSBTAG00000033160,0.0
ENSBTAG00000015649,0.0
ENSBTAG00000006044,0.0
ENSBTAG00000014512,0.0
ENSBTAG00000014515,0.0
ENSBTAG00000014517,0.0
ENSBTAG00000014518,0.0
ENSBTAG00000014520,0.0
ENSBTAG00000020175,0.0
ENSBTAG00000017809,0.0
ENSBTAG00000049934,0.0
ENSBTAG00000000175,0.0
ENSBTAG00000049669,0.0
ENSBTAG00000013451,0.0
ENSBTAG00000015252,0.0
ENSBTAG00000051708,0.0
ENSBTAG00000001572,0.0
ENSBTAG00000027569,0.0
ENSBTAG00000005078,0.0
ENSBTAG00000010677,0.0
ENSBTAG00000051208,0.0
ENSBTAG00000044166,0.0
ENSBTAG00000043958,0.0
ENSBTAG00000002550,0.0
ENSBTAG00000020367,0.0
ENSBTAG00000051279,0.0
ENSBTAG00000005567,0.0
ENSBTAG00000049215,0.0
ENSBTAG00000054299,0.0
ENSBTAG00000011156,0.0
ENSBTAG00000051484,0.0
ENSBTAG00000032947,0.0
ENSBTAG00000051163,0.0
ENSBTAG00000055052,0.0
ENSBTAG00000038659,0.0
ENSBTAG00000001603,0.0
ENSBTAG00000000285,0.0
ENSBTAG00000000287,0.0
ENSBTAG00000012296,0.0
ENSBTAG00000011817,0.0
ENSBTAG00000050016,0.0
ENSBTAG00000039213,0.0
ENSBTAG00000016645,0.0
ENSBTAG00000017837,0.0
ENSBTAG00000001348,0.0
ENSBTAG00000000473,0.0
ENSBTAG00000002199,0.0
ENSBTAG00000053278,0.0
ENSBTAG00000002201,0.0
ENSBTAG00000002205,0.0
ENSBTAG00000009423,0.0
ENSBTAG00000005055,0.0
ENSBTAG00000005062,0.0
ENSBTAG00000051457,0.0
ENSBTAG00000021963,0.0
ENSBTAG00000004888,0.0
ENSBTAG00000004886,0.0
ENSBTAG00000000137,0.0
ENSBTAG00000010611,0.0
ENSBTAG00000001839,0.0
ENSBTAG00000021347,0.0
ENSBTAG00000014599,0.0
ENSBTAG00000014601,0.0
ENSBTAG00000018106,0.0
ENSBTAG00000051171,0.0
ENSBTAG00000003443,0.0
ENSBTAG00000020647,0.0
ENSBTAG00000020648,0.0
ENSBTAG00000020653,0.0
ENSBTAG00000020658,0.0
ENSBTAG00000032660,0.0
ENSBTAG00000045812,0.0
ENSBTAG00000002699,0.0
ENSBTAG00000014913,0.0
ENSBTAG00000001269,0.0
ENSBTAG00000044044,0.0
ENSBTAG00000001772,0.0
ENSBTAG00000054466,0.0
ENSBTAG00000044161,0.0
ENSBTAG00000045602,0.0
ENSBTAG00000022199,0.0
ENSBTAG00000032637,0.0
ENSBTAG00000009471,0.0
ENSBTAG00000040398,0.0
ENSBTAG00000020583,0.0
ENSBTAG00000010571,0.0
ENSBTAG00000010593,0.0
ENSBTAG00000010615,0.0
ENSBTAG00000051380,0.0
ENSBTAG00000054014,0.0
ENSBTAG00000002333,0.0
ENSBTAG00000032560,0.0
ENSBTAG00000011789,0.0
ENSBTAG00000019362,0.0
ENSBTAG00000050628,0.0
ENSBTAG00000019366,0.0
ENSBTAG00000052745,0.0
ENSBTAG00000019368,0.0
ENSBTAG00000049338,0.0
ENSBTAG00000013918,0.0
ENSBTAG00000053291,0.0
ENSBTAG00000054580,0.0
ENSBTAG00000024826,0.0
ENSBTAG00000050977,0.0
ENSBTAG00000009438,0.0
ENSBTAG00000053125,0.0
ENSBTAG00000052362,0.0
ENSBTAG00000001323,0.0
ENSBTAG00000000962,0.0
ENSBTAG00000006837,0.0
ENSBTAG00000000438,0.0
ENSBTAG00000001925,0.0
ENSBTAG00000020298,0.0
ENSBTAG00000025920,0.0
ENSBTAG00000004412,0.0
ENSBTAG00000048377,0.0
ENSBTAG00000032360,0.0
ENSBTAG00000038520,0.0
ENSBTAG00000015572,0.0
ENSBTAG00000035726,0.0
ENSBTAG00000048013,0.0
ENSBTAG00000051713,0.0
ENSBTAG00000054846,0.0
ENSBTAG00000053068,0.0
ENSBTAG00000039991,0.0
ENSBTAG00000049291,0.0
ENSBTAG00000003523,0.0
ENSBTAG00000039647,0.0
ENSBTAG00000053282,0.0
ENSBTAG00000053565,0.0
ENSBTAG00000015047,0.0
ENSBTAG00000004040,0.0
ENSBTAG00000001249,0.0
ENSBTAG00000038214,0.0
ENSBTAG00000011952,0.0
ENSBTAG00000007695,0.0
ENSBTAG00000002632,0.0
ENSBTAG00000048250,0.0
ENSBTAG00000005005,0.0
ENSBTAG00000052400,0.0
ENSBTAG00000006810,0.0
ENSBTAG00000039787,0.0
ENSBTAG00000049824,0.0
ENSBTAG00000019849,0.0
ENSBTAG00000002928,0.0
ENSBTAG00000004793,0.0
ENSBTAG00000010346,0.0
ENSBTAG00000018531,0.0
ENSBTAG00000055134,0.0
ENSBTAG00000009310,0.0
ENSBTAG00000016795,0.0
ENSBTAG00000008577,0.0
ENSBTAG00000051236,0.0
ENSBTAG00000016290,0.0
ENSBTAG00000013718,0.0
ENSBTAG00000009070,0.0
ENSBTAG00000006507,0.0
ENSBTAG00000005394,0.0
ENSBTAG00000004912,0.0
ENSBTAG00000017121,0.0
ENSBTAG00000017131,0.0
ENSBTAG00000047833,0.0
ENSBTAG00000049436,0.0
ENSBTAG00000051518,0.0
ENSBTAG00000052772,0.0
ENSBTAG00000019716,0.0
ENSBTAG00000027534,0.0
ENSBTAG00000009812,0.0
ENSBTAG00000011961,0.0
ENSBTAG00000027513,0.0
ENSBTAG00000037778,0.0
ENSBTAG00000037558,0.0
ENSBTAG00000043960,0.0
ENSBTAG00000004052,0.0
ENSBTAG00000010273,0.0
ENSBTAG00000018134,0.0
ENSBTAG00000004237,0.0
ENSBTAG00000015919,0.0
ENSBTAG00000007189,0.0
ENSBTAG00000007190,0.0
ENSBTAG00000050403,0.0
ENSBTAG00000046788,0.0
ENSBTAG00000014038,0.0
ENSBTAG00000014041,0.0
ENSBTAG00000017028,0.0
ENSBTAG00000015449,0.0
ENSBTAG00000019478,0.0
ENSBTAG00000007639,0.0
ENSBTAG00000050852,0.0
ENSBTAG00000010954,0.0
ENSBTAG00000001725,0.0
ENSBTAG00000053871,0.0
ENSBTAG00000032764,0.0
ENSBTAG00000051456,0.0
ENSBTAG00000044082,0.0
ENSBTAG00000012658,0.0
ENSBTAG00000008947,0.0
ENSBTAG00000038421,0.0
ENSBTAG00000047586,0.0
ENSBTAG00000004945,0.0
ENSBTAG00000004943,0.0
ENSBTAG00000004942,0.0
ENSBTAG00000021746,0.0
ENSBTAG00000008255,0.0
ENSBTAG00000010634,0.0
ENSBTAG00000012111,0.0
ENSBTAG00000024888,0.0
ENSBTAG00000017045,0.0
ENSBTAG00000010350,0.0
ENSBTAG00000002574,0.0
ENSBTAG00000003619,0.0
ENSBTAG00000014080,0.0
ENSBTAG00000020705,0.0
ENSBTAG00000012375,0.0
ENSBTAG00000020516,0.0
ENSBTAG00000053156,0.0
ENSBTAG00000046443,0.0
ENSBTAG00000050194,0.0
ENSBTAG00000001737,0.0
ENSBTAG00000052859,0.0
ENSBTAG00000053134,0.0
ENSBTAG00000054075,0.0
ENSBTAG00000054456,0.0
ENSBTAG00000046803,0.0
ENSBTAG00000049266,0.0
ENSBTAG00000000738,0.0
ENSBTAG00000051881,0.0
ENSBTAG00000053413,0.0
ENSBTAG00000000720,0.0
ENSBTAG00000046967,0.0
ENSBTAG00000019554,0.0
ENSBTAG00000051058,0.0
ENSBTAG00000048634,0.0
ENSBTAG00000054945,0.0
ENSBTAG00000009733,0.0
ENSBTAG00000052820,0.0
ENSBTAG00000017741,0.0
ENSBTAG00000049470,0.0
ENSBTAG00000000699,0.0
ENSBTAG00000038181,0.0
ENSBTAG00000017195,0.0
ENSBTAG00000014124,0.0
ENSBTAG00000043972,0.0
ENSBTAG00000054622,0.0
ENSBTAG00000009903,0.0
ENSBTAG00000010821,0.0
ENSBTAG00000023462,0.0
ENSBTAG00000003097,0.0
ENSBTAG00000049821,0.0
ENSBTAG00000020626,0.0
ENSBTAG00000005718,0.0
ENSBTAG00000016867,0.0
ENSBTAG00000019843,0.0
ENSBTAG00000033543,0.0
ENSBTAG00000001322,0.0
ENSBTAG00000019939,0.0
ENSBTAG00000006587,0.0
ENSBTAG00000052821,0.0
ENSBTAG00000011589,0.0
ENSBTAG00000014103,0.0
ENSBTAG00000020749,0.0
ENSBTAG00000001847,0.0
ENSBTAG00000037600,0.0
ENSBTAG00000008836,0.0
ENSBTAG00000053269,0.0
ENSBTAG00000017077,0.0
ENSBTAG00000009764,0.0
ENSBTAG00000003669,0.0
ENSBTAG00000031682,0.0
ENSBTAG00000050206,0.0
ENSBTAG00000052018,0.0
ENSBTAG00000051373,0.0
ENSBTAG00000000974,0.0
ENSBTAG00000051327,0.0
ENSBTAG00000018613,0.0
ENSBTAG00000015788,0.0
ENSBTAG00000011814,0.0
ENSBTAG00000007872,0.0
ENSBTAG00000011836,0.0
ENSBTAG00000011847,0.0
ENSBTAG00000024081,0.0
ENSBTAG00000011859,0.0
ENSBTAG00000046549,0.0
ENSBTAG00000052048,0.0
ENSBTAG00000004592,0.0
ENSBTAG00000006939,0.0
ENSBTAG00000000181,0.0
ENSBTAG00000011202,0.0
ENSBTAG00000011204,0.0
ENSBTAG00000003943,0.0
ENSBTAG00000008301,0.0
ENSBTAG00000008696,0.0
ENSBTAG00000051977,0.0
ENSBTAG00000020141,0.0
ENSBTAG00000020140,0.0
ENSBTAG00000006197,0.0
ENSBTAG00000054032,0.0
ENSBTAG00000048796,0.0
ENSBTAG00000012922,0.0
ENSBTAG00000050999,0.0
ENSBTAG00000050528,0.0
ENSBTAG00000004468,0.0
ENSBTAG00000027442,0.0
ENSBTAG00000005803,0.0
ENSBTAG00000052693,0.0
ENSBTAG00000053658,0.0
ENSBTAG00000051763,0.0
ENSBTAG00000005017,0.0
ENSBTAG00000050261,0.0
ENSBTAG00000031359,0.0
ENSBTAG00000050450,0.0
ENSBTAG00000004778,0.0
ENSBTAG00000043961,0.0
ENSBTAG00000002220,0.0
ENSBTAG00000005092,0.0
ENSBTAG00000054391,0.0
ENSBTAG00000010431,0.0
ENSBTAG00000020985,0.0
ENSBTAG00000047649,0.0
ENSBTAG00000004767,0.0
ENSBTAG00000055211,0.0
ENSBTAG00000053688,0.0
ENSBTAG00000010178,0.0
ENSBTAG00000003033,0.0
ENSBTAG00000001941,0.0
ENSBTAG00000015963,0.0
ENSBTAG00000001939,0.0
ENSBTAG00000001938,0.0
ENSBTAG00000011375,0.0
ENSBTAG00000043987,0.0
ENSBTAG00000011374,0.0
ENSBTAG00000052296,0.0
ENSBTAG00000019958,0.0
ENSBTAG00000003044,0.0
ENSBTAG00000051928,0.0
ENSBTAG00000054632,0.0
ENSBTAG00000015171,0.0
ENSBTAG00000025756,0.0
ENSBTAG00000021235,0.0
ENSBTAG00000052146,0.0
ENSBTAG00000021991,0.0
ENSBTAG00000021992,0.0
ENSBTAG00000049552,0.0
ENSBTAG00000025903,0.0
ENSBTAG00000003137,0.0
ENSBTAG00000020815,0.0
ENSBTAG00000025760,0.0
ENSBTAG00000008962,0.0
ENSBTAG00000015348,0.0
ENSBTAG00000011161,0.0
ENSBTAG00000011160,0.0
ENSBTAG00000015358,0.0
ENSBTAG00000018347,0.0
ENSBTAG00000012168,0.0
ENSBTAG00000047550,0.0
ENSBTAG00000020844,0.0
ENSBTAG00000009516,0.0
ENSBTAG00000007440,0.0
ENSBTAG00000015607,0.0
ENSBTAG00000018445,0.0
ENSBTAG00000030953,0.0
ENSBTAG00000015608,0.0
ENSBTAG00000001283,0.0
ENSBTAG00000047350,0.0
ENSBTAG00000013445,0.0
ENSBTAG00000050829,0.0
ENSBTAG00000053491,0.0
ENSBTAG00000000145,0.0
ENSBTAG00000036012,0.0
ENSBTAG00000049256,0.0
ENSBTAG00000049056,0.0
ENSBTAG00000048409,0.0
ENSBTAG00000006901,0.0
ENSBTAG00000033316,0.0
ENSBTAG00000000095,0.0
ENSBTAG00000017530,0.0
ENSBTAG00000007163,0.0
ENSBTAG00000013420,0.0
ENSBTAG00000006651,0.0
ENSBTAG00000012047,0.0
ENSBTAG00000018667,0.0
ENSBTAG00000017137,0.0
ENSBTAG00000045852,0.0
ENSBTAG00000011048,0.0
ENSBTAG00000046079,0.0
ENSBTAG00000034867,0.0
ENSBTAG00000046486,0.0
ENSBTAG00000011050,0.0
ENSBTAG00000019125,0.0
ENSBTAG00000048545,0.0
ENSBTAG00000052736,0.0
ENSBTAG00000019187,0.0
ENSBTAG00000001926,0.0
ENSBTAG00000054995,0.0
ENSBTAG00000020355,0.0
ENSBTAG00000049647,0.0
ENSBTAG00000053678,0.0
ENSBTAG00000014467,0.0
ENSBTAG00000049421,0.0
ENSBTAG00000000885,0.0
ENSBTAG00000019467,0.0
ENSBTAG00000000819,0.0
ENSBTAG00000019468,0.0
ENSBTAG00000013357,0.0
ENSBTAG00000017884,0.0
ENSBTAG00000018517,0.0
ENSBTAG00000004991,0.0
ENSBTAG00000051321,0.0
ENSBTAG00000051041,0.0
ENSBTAG00000007494,0.0
ENSBTAG00000008062,0.0
ENSBTAG00000017800,0.0
ENSBTAG00000033352,0.0
ENSBTAG00000010976,0.0
ENSBTAG00000002190,0.0
ENSBTAG00000049728,0.0
ENSBTAG00000000269,0.0
ENSBTAG00000033122,0.0
ENSBTAG00000033190,0.0
ENSBTAG00000049235,0.0
ENSBTAG00000011874,0.0
ENSBTAG00000009917,0.0
ENSBTAG00000001306,0.0
ENSBTAG00000011770,0.0
ENSBTAG00000011173,0.0
ENSBTAG00000008877,0.0
ENSBTAG00000005826,0.0
ENSBTAG00000050729,0.0
ENSBTAG00000033396,0.0
ENSBTAG00000018437,0.0
ENSBTAG00000004996,0.0
ENSBTAG00000004997,0.0
ENSBTAG00000051855,0.0
ENSBTAG00000038794,0.0
ENSBTAG00000052999,0.0
ENSBTAG00000007778,0.0
ENSBTAG00000050253,0.0
ENSBTAG00000017936,0.0
ENSBTAG00000017063,0.0
ENSBTAG00000005090,0.0
ENSBTAG00000054590,0.0
ENSBTAG00000006816,0.0
ENSBTAG00000006831,0.0
ENSBTAG00000018841,0.0
ENSBTAG00000009417,0.0
ENSBTAG00000054894,0.0
ENSBTAG00000048940,0.0
ENSBTAG00000018778,0.0
ENSBTAG00000052698,0.0
ENSBTAG00000008103,0.0
ENSBTAG00000052764,0.0
ENSBTAG00000014471,0.0
ENSBTAG00000003240,0.0
ENSBTAG00000002953,0.0
ENSBTAG00000049270,0.0
ENSBTAG00000010535,0.0
ENSBTAG00000015978,0.0
ENSBTAG00000020243,0.0
ENSBTAG00000021699,0.0
ENSBTAG00000002744,0.0
ENSBTAG00000009654,0.0
ENSBTAG00000033076,0.0
ENSBTAG00000051504,0.0
ENSBTAG00000050421,0.0
ENSBTAG00000013231,0.0
ENSBTAG00000008204,0.0
ENSBTAG00000019687,0.0
ENSBTAG00000010686,0.0
ENSBTAG00000002746,0.0
ENSBTAG00000053085,0.0
ENSBTAG00000006712,0.0
ENSBTAG00000008101,0.0
ENSBTAG00000019345,0.0
ENSBTAG00000012757,0.0
ENSBTAG00000053347,0.0
ENSBTAG00000012991,0.0
ENSBTAG00000048354,0.0
ENSBTAG00000032983,0.0
ENSBTAG00000051821,0.0
ENSBTAG00000017734,0.0
ENSBTAG00000021127,0.0
ENSBTAG00000009789,0.0
ENSBTAG00000020752,0.0
ENSBTAG00000013960,0.0
ENSBTAG00000024233,0.0
ENSBTAG00000003532,0.0
ENSBTAG00000053348,0.0
ENSBTAG00000006294,0.0
ENSBTAG00000000256,0.0
ENSBTAG00000005667,0.0
ENSBTAG00000050015,0.0
ENSBTAG00000049991,0.0
ENSBTAG00000017338,0.0
ENSBTAG00000012809,0.0
ENSBTAG00000018318,0.0
ENSBTAG00000051343,0.0
ENSBTAG00000015000,0.0
ENSBTAG00000015005,0.0
ENSBTAG00000044135,0.0
ENSBTAG00000011388,0.0
ENSBTAG00000011394,0.0
ENSBTAG00000011397,0.0
ENSBTAG00000011402,0.0
ENSBTAG00000011403,0.0
ENSBTAG00000032509,0.0
ENSBTAG00000011406,0.0
ENSBTAG00000011409,0.0
ENSBTAG00000011411,0.0
ENSBTAG00000042458,0.0
ENSBTAG00000011413,0.0
ENSBTAG00000011416,0.0
ENSBTAG00000011420,0.0
ENSBTAG00000025868,0.0
ENSBTAG00000012390,0.0
ENSBTAG00000011027,0.0
ENSBTAG00000030960,0.0
ENSBTAG00000009087,0.0
ENSBTAG00000044004,0.0
ENSBTAG00000011429,0.0
ENSBTAG00000011431,0.0
ENSBTAG00000016073,0.0
ENSBTAG00000016750,0.0
ENSBTAG00000038335,0.0
ENSBTAG00000031295,0.0
ENSBTAG00000016259,0.0
ENSBTAG00000019275,0.0
ENSBTAG00000011433,0.0
ENSBTAG00000044070,0.0
ENSBTAG00000013670,0.0
ENSBTAG00000051753,0.0
ENSBTAG00000018481,0.0
ENSBTAG00000038777,0.0
ENSBTAG00000049289,0.0
ENSBTAG00000011434,0.0
ENSBTAG00000047990,0.0
ENSBTAG00000045868,0.0
ENSBTAG00000011442,0.0
ENSBTAG00000005115,0.0
ENSBTAG00000011444,0.0
ENSBTAG00000005116,0.0
ENSBTAG00000005222,0.0
ENSBTAG00000011445,0.0
ENSBTAG00000021678,0.0
ENSBTAG00000014430,0.0
ENSBTAG00000004571,0.0
ENSBTAG00000053732,0.0
ENSBTAG00000052564,0.0
ENSBTAG00000048744,0.0
ENSBTAG00000004572,0.0
ENSBTAG00000052875,0.0
ENSBTAG00000005884,0.0
ENSBTAG00000055315,0.0
ENSBTAG00000055183,0.0
ENSBTAG00000044155,0.0
ENSBTAG00000049084,0.0
ENSBTAG00000000250,0.0
ENSBTAG00000052921,0.0
ENSBTAG00000000251,0.0
ENSBTAG00000054503,0.0
ENSBTAG00000051473,0.0
ENSBTAG00000000252,0.0
ENSBTAG00000009596,0.0
ENSBTAG00000048381,0.0
ENSBTAG00000049595,0.0
ENSBTAG00000000076,0.0
ENSBTAG00000054769,0.0
ENSBTAG00000004499,0.0
ENSBTAG00000021696,0.0
ENSBTAG00000001137,0.0
ENSBTAG00000001142,0.0
ENSBTAG00000050221,0.0
ENSBTAG00000005519,0.0
ENSBTAG00000025659,0.0
ENSBTAG00000015685,0.0
ENSBTAG00000021686,0.0
ENSBTAG00000019807,0.0
ENSBTAG00000025859,0.0
ENSBTAG00000054508,0.0
ENSBTAG00000019299,0.0
ENSBTAG00000007761,0.0
ENSBTAG00000017294,0.0
ENSBTAG00000012243,0.0
ENSBTAG00000017306,0.0
ENSBTAG00000012262,0.0
ENSBTAG00000032777,0.0
ENSBTAG00000010107,0.0
ENSBTAG00000046574,0.0
ENSBTAG00000000203,0.0
ENSBTAG00000018922,0.0
ENSBTAG00000018925,0.0
ENSBTAG00000050943,0.0
ENSBTAG00000014934,0.0
ENSBTAG00000014936,0.0
ENSBTAG00000000204,0.0
ENSBTAG00000014922,0.0
ENSBTAG00000038411,0.0
ENSBTAG00000025782,0.0
ENSBTAG00000049826,0.0
ENSBTAG00000051432,0.0
ENSBTAG00000020385,0.0
ENSBTAG00000014078,0.0
ENSBTAG00000000575,0.0
ENSBTAG00000040034,0.0
ENSBTAG00000015378,0.0
ENSBTAG00000003719,0.0
ENSBTAG00000049761,0.0
ENSBTAG00000014719,0.0
ENSBTAG00000014722,0.0
ENSBTAG00000009732,0.0
ENSBTAG00000009734,0.0
ENSBTAG00000049409,0.0
ENSBTAG00000014760,0.0
ENSBTAG00000019238,0.0
ENSBTAG00000032206,0.0
ENSBTAG00000021367,0.0
ENSBTAG00000019023,0.0
ENSBTAG00000024851,0.0
ENSBTAG00000019550,0.0
ENSBTAG00000004010,0.0
ENSBTAG00000013810,0.0
ENSBTAG00000005133,0.0
ENSBTAG00000009037,0.0
ENSBTAG00000010082,0.0
ENSBTAG00000018035,0.0
ENSBTAG00000047836,0.0
ENSBTAG00000002454,0.0
ENSBTAG00000002457,0.0
ENSBTAG00000054262,0.0
ENSBTAG00000019143,0.0
ENSBTAG00000054293,0.0
ENSBTAG00000001864,0.0
ENSBTAG00000008016,0.0
ENSBTAG00000009804,0.0
ENSBTAG00000025667,0.0
ENSBTAG00000009806,0.0
ENSBTAG00000044003,0.0
ENSBTAG00000035708,0.0
ENSBTAG00000035709,0.0
ENSBTAG00000050097,0.0
ENSBTAG00000047647,0.0
ENSBTAG00000006446,0.0
ENSBTAG00000055232,0.0
ENSBTAG00000012855,0.0
ENSBTAG00000050508,0.0
ENSBTAG00000020788,0.0
ENSBTAG00000018646,0.0
ENSBTAG00000000841,0.0
ENSBTAG00000020665,0.0
ENSBTAG00000003341,0.0
ENSBTAG00000047628,0.0
ENSBTAG00000046918,0.0
ENSBTAG00000046951,0.0
ENSBTAG00000045887,0.0
ENSBTAG00000017155,0.0
ENSBTAG00000014361,0.0
ENSBTAG00000003483,0.0
ENSBTAG00000012036,0.0
ENSBTAG00000006240,0.0
ENSBTAG00000009504,0.0
ENSBTAG00000015936,0.0
ENSBTAG00000004578,0.0
ENSBTAG00000012560,0.0
ENSBTAG00000000917,0.0
ENSBTAG00000015757,0.0
ENSBTAG00000010036,0.0
ENSBTAG00000015835,0.0
ENSBTAG00000019225,0.0
ENSBTAG00000006532,0.0
ENSBTAG00000020133,0.0
ENSBTAG00000052118,0.0
ENSBTAG00000014401,0.0
ENSBTAG00000054318,0.0
ENSBTAG00000007369,0.0
ENSBTAG00000005466,0.0
ENSBTAG00000005469,0.0
ENSBTAG00000013706,0.0
ENSBTAG00000005470,0.0
ENSBTAG00000000712,0.0
ENSBTAG00000038486,0.0
ENSBTAG00000016952,0.0
ENSBTAG00000048407,0.0
ENSBTAG00000016958,0.0
ENSBTAG00000003012,0.0
ENSBTAG00000019293,0.0
ENSBTAG00000015416,0.0
ENSBTAG00000050001,0.0
ENSBTAG00000012210,0.0
ENSBTAG00000035958,0.0
ENSBTAG00000013528,0.0
ENSBTAG00000011417,0.0
ENSBTAG00000025830,0.0
ENSBTAG00000006214,0.0
ENSBTAG00000051452,0.0
ENSBTAG00000006768,0.0
ENSBTAG00000054630,0.0
ENSBTAG00000017803,0.0
ENSBTAG00000052721,0.0
ENSBTAG00000019099,0.0
ENSBTAG00000019915,0.0
ENSBTAG00000001221,0.0
ENSBTAG00000014008,0.0
ENSBTAG00000051369,0.0
ENSBTAG00000001687,0.0
ENSBTAG00000048755,0.0
ENSBTAG00000038375,0.0
ENSBTAG00000038064,0.0
ENSBTAG00000038489,0.0
ENSBTAG00000037929,0.0
ENSBTAG00000013838,0.0
ENSBTAG00000001125,0.0
ENSBTAG00000039171,0.0
ENSBTAG00000016225,0.0
ENSBTAG00000050937,0.0
ENSBTAG00000016224,0.0
ENSBTAG00000016235,0.0
ENSBTAG00000003124,0.0
ENSBTAG00000039530,0.0
ENSBTAG00000005403,0.0
ENSBTAG00000021949,0.0
ENSBTAG00000008685,0.0
ENSBTAG00000053235,0.0
ENSBTAG00000004944,0.0
ENSBTAG00000018387,0.0
ENSBTAG00000049154,0.0
ENSBTAG00000051710,0.0
ENSBTAG00000052608,0.0
ENSBTAG00000000164,0.0
ENSBTAG00000012382,0.0
ENSBTAG00000001081,0.0
ENSBTAG00000002756,0.0
ENSBTAG00000003540,0.0
ENSBTAG00000022013,0.0
ENSBTAG00000050986,0.0
ENSBTAG00000040390,0.0
ENSBTAG00000001508,0.0
ENSBTAG00000051175,0.0
ENSBTAG00000055050,0.0
ENSBTAG00000026915,0.0
ENSBTAG00000018317,0.0
ENSBTAG00000021307,0.0
ENSBTAG00000020130,0.0
ENSBTAG00000037986,0.0
ENSBTAG00000050783,0.0
ENSBTAG00000020132,0.0
ENSBTAG00000018373,0.0
ENSBTAG00000035293,0.0
ENSBTAG00000019539,0.0
ENSBTAG00000051098,0.0
ENSBTAG00000050967,0.0
ENSBTAG00000010326,0.0
ENSBTAG00000031632,0.0
ENSBTAG00000050718,0.0
ENSBTAG00000053219,0.0
ENSBTAG00000017627,0.0
ENSBTAG00000009958,0.0
ENSBTAG00000048627,0.0
ENSBTAG00000048774,0.0
ENSBTAG00000020498,0.0
ENSBTAG00000005958,0.0
ENSBTAG00000035007,0.0
ENSBTAG00000020495,0.0
ENSBTAG00000051168,0.0
ENSBTAG00000016845,0.0
ENSBTAG00000002252,0.0
ENSBTAG00000015101,0.0
ENSBTAG00000015241,0.0
ENSBTAG00000012084,0.0
ENSBTAG00000015578,0.0
ENSBTAG00000008426,0.0
ENSBTAG00000012535,0.0
ENSBTAG00000054021,0.0
ENSBTAG00000044123,0.0
ENSBTAG00000052081,0.0
ENSBTAG00000015027,0.0
ENSBTAG00000006715,0.0
ENSBTAG00000013947,0.0
ENSBTAG00000020055,0.0
ENSBTAG00000016265,0.0
ENSBTAG00000049148,0.0
ENSBTAG00000019564,0.0
ENSBTAG00000015249,0.0
ENSBTAG00000025942,0.0
ENSBTAG00000032093,0.0
ENSBTAG00000019732,0.0
ENSBTAG00000017845,0.0
ENSBTAG00000012383,0.0
ENSBTAG00000053818,0.0
ENSBTAG00000025954,0.0
ENSBTAG00000012385,0.0
ENSBTAG00000008678,0.0
ENSBTAG00000039873,0.0
ENSBTAG00000020105,0.0
ENSBTAG00000012442,0.0
ENSBTAG00000008493,0.0
ENSBTAG00000012432,0.0
ENSBTAG00000003323,0.0
ENSBTAG00000004769,0.0
ENSBTAG00000005425,0.0
ENSBTAG00000005049,0.0
ENSBTAG00000019066,0.0
ENSBTAG00000000695,0.0
ENSBTAG00000000011,0.0
ENSBTAG00000003726,0.0
ENSBTAG00000005396,0.0
ENSBTAG00000054405,0.0
ENSBTAG00000048007,0.0
ENSBTAG00000021573,0.0
ENSBTAG00000000500,0.0
ENSBTAG00000054688,0.0
ENSBTAG00000004134,0.0
ENSBTAG00000000320,0.0
ENSBTAG00000020155,0.0
ENSBTAG00000034665,0.0
ENSBTAG00000012921,0.0
ENSBTAG00000031793,0.0
ENSBTAG00000021632,0.0
ENSBTAG00000038291,0.0
ENSBTAG00000040038,0.0
ENSBTAG00000008376,0.0
ENSBTAG00000048399,0.0
ENSBTAG00000008537,0.0
ENSBTAG00000008538,0.0
ENSBTAG00000017232,0.0
ENSBTAG00000005495,0.0
ENSBTAG00000008539,0.0
ENSBTAG00000015361,0.0
ENSBTAG00000016295,0.0
ENSBTAG00000018883,0.0
ENSBTAG00000025792,0.0
ENSBTAG00000015804,0.0
ENSBTAG00000015807,0.0
ENSBTAG00000014907,0.0
ENSBTAG00000014908,0.0
ENSBTAG00000049217,0.0
ENSBTAG00000012684,0.0
ENSBTAG00000053396,0.0
ENSBTAG00000010161,0.0
ENSBTAG00000051205,0.0
ENSBTAG00000052680,0.0
ENSBTAG00000021751,0.0
ENSBTAG00000005247,0.0
ENSBTAG00000047103,0.0
ENSBTAG00000014827,0.0
ENSBTAG00000023523,0.0
ENSBTAG00000008845,0.0
ENSBTAG00000020436,0.0
ENSBTAG00000008844,0.0
ENSBTAG00000006478,0.0
ENSBTAG00000021131,0.0
ENSBTAG00000035084,0.0
ENSBTAG00000021135,0.0
ENSBTAG00000034626,0.0
ENSBTAG00000000536,0.0
ENSBTAG00000000534,0.0
ENSBTAG00000002730,0.0
ENSBTAG00000010647,0.0
ENSBTAG00000011321,0.0
ENSBTAG00000019636,0.0
ENSBTAG00000050767,0.0
ENSBTAG00000021069,0.0
ENSBTAG00000001257,0.0
ENSBTAG00000006551,0.0
ENSBTAG00000006547,0.0
ENSBTAG00000007657,0.0
ENSBTAG00000034560,0.0
ENSBTAG00000001016,0.0
ENSBTAG00000013974,0.0
ENSBTAG00000054089,0.0
ENSBTAG00000005907,0.0
ENSBTAG00000031569,0.0
ENSBTAG00000005905,0.0
ENSBTAG00000003366,0.0
ENSBTAG00000000555,0.0
ENSBTAG00000052065,0.0
ENSBTAG00000053349,0.0
ENSBTAG00000018340,0.0
ENSBTAG00000050975,0.0
ENSBTAG00000016070,0.0
ENSBTAG00000010059,0.0
ENSBTAG00000000804,0.0
ENSBTAG00000006853,0.0
ENSBTAG00000034391,0.0
ENSBTAG00000020148,0.0
ENSBTAG00000019568,0.0
ENSBTAG00000043983,0.0
ENSBTAG00000013011,0.0
ENSBTAG00000001223,0.0
ENSBTAG00000026428,0.0
ENSBTAG00000052519,0.0
ENSBTAG00000008551,0.0
ENSBTAG00000023412,0.0
ENSBTAG00000046348,0.0
ENSBTAG00000001315,0.0
ENSBTAG00000053368,0.0
ENSBTAG00000034220,0.0
ENSBTAG00000025929,0.0
ENSBTAG00000039069,0.0
ENSBTAG00000053469,0.0
ENSBTAG00000054206,0.0
ENSBTAG00000052839,0.0
ENSBTAG00000049068,0.0
ENSBTAG00000048891,0.0
ENSBTAG00000047698,0.0
ENSBTAG00000054099,0.0
ENSBTAG00000055152,0.0
ENSBTAG00000052735,0.0
ENSBTAG00000044169,0.0
ENSBTAG00000000682,0.0
ENSBTAG00000035966,0.0
ENSBTAG00000044067,0.0
ENSBTAG00000006765,0.0
ENSBTAG00000005961,0.0
ENSBTAG00000010961,0.0
ENSBTAG00000010959,0.0
ENSBTAG00000014661,0.0
ENSBTAG00000051108,0.0
ENSBTAG00000048309,0.0
ENSBTAG00000051190,0.0
ENSBTAG00000016145,0.0
ENSBTAG00000000341,0.0
ENSBTAG00000004860,0.0
ENSBTAG00000015307,0.0
ENSBTAG00000009637,0.0
ENSBTAG00000011642,0.0
ENSBTAG00000052380,0.0
ENSBTAG00000031135,0.0
ENSBTAG00000021977,0.0
ENSBTAG00000003259,0.0
ENSBTAG00000000329,0.0
ENSBTAG00000054699,0.0
ENSBTAG00000053862,0.0
ENSBTAG00000011496,0.0
ENSBTAG00000021106,0.0
ENSBTAG00000003260,0.0
ENSBTAG00000001862,0.0
ENSBTAG00000017835,0.0
ENSBTAG00000051246,0.0
ENSBTAG00000020615,0.0
ENSBTAG00000006797,0.0
ENSBTAG00000013502,0.0
ENSBTAG00000002882,0.0
ENSBTAG00000053903,0.0
ENSBTAG00000000626,0.0
ENSBTAG00000003349,0.0
ENSBTAG00000046718,0.0
ENSBTAG00000039533,0.0
ENSBTAG00000055037,0.0
ENSBTAG00000051946,0.0
ENSBTAG00000009647,0.0
ENSBTAG00000049846,0.0
ENSBTAG00000036175,0.0
ENSBTAG00000051313,0.0
ENSBTAG00000009646,0.0
ENSBTAG00000052216,0.0
ENSBTAG00000034909,0.0
ENSBTAG00000048056,0.0
ENSBTAG00000054935,0.0
ENSBTAG00000049626,0.0
ENSBTAG00000014974,0.0
ENSBTAG00000049396,0.0
ENSBTAG00000051733,0.0
ENSBTAG00000052634,0.0
ENSBTAG00000054443,0.0
ENSBTAG00000050472,0.0
ENSBTAG00000046696,0.0
ENSBTAG00000054380,0.0
ENSBTAG00000016137,0.0
ENSBTAG00000049157,0.0
ENSBTAG00000051984,0.0
ENSBTAG00000054786,0.0
ENSBTAG00000053236,0.0
ENSBTAG00000054146,0.0
ENSBTAG00000017550,0.0
ENSBTAG00000049017,0.0
ENSBTAG00000052522,0.0
ENSBTAG00000055049,0.0
ENSBTAG00000055243,0.0
ENSBTAG00000050759,0.0
ENSBTAG00000004153,0.0
ENSBTAG00000048785,0.0
ENSBTAG00000052651,0.0
ENSBTAG00000015465,0.0
ENSBTAG00000052812,0.0
ENSBTAG00000051170,0.0
ENSBTAG00000013184,0.0
ENSBTAG00000054398,0.0
ENSBTAG00000019140,0.0
ENSBTAG00000048849,0.0
ENSBTAG00000052309,0.0
ENSBTAG00000033470,0.0
ENSBTAG00000047589,0.0
ENSBTAG00000055277,0.0
ENSBTAG00000020578,0.0
ENSBTAG00000001568,0.0
ENSBTAG00000031069,0.0
ENSBTAG00000052607,0.0
ENSBTAG00000053152,0.0
ENSBTAG00000050942,0.0
ENSBTAG00000050774,0.0
ENSBTAG00000054707,0.0
ENSBTAG00000054723,0.0
ENSBTAG00000033759,0.0
ENSBTAG00000052468,0.0
ENSBTAG00000049671,0.0
ENSBTAG00000044183,0.0
ENSBTAG00000052488,0.0
ENSBTAG00000025358,0.0
ENSBTAG00000052986,0.0
ENSBTAG00000049972,0.0
ENSBTAG00000050300,0.0
ENSBTAG00000052896,0.0
ENSBTAG00000055231,0.0
ENSBTAG00000053515,0.0
ENSBTAG00000050870,0.0
ENSBTAG00000051893,0.0
ENSBTAG00000049961,0.0
ENSBTAG00000020303,0.0
ENSBTAG00000021971,0.0
ENSBTAG00000010837,0.0
ENSBTAG00000003528,0.0
ENSBTAG00000019881,0.0
ENSBTAG00000026148,0.0
ENSBTAG00000002144,0.0
ENSBTAG00000025908,0.0
ENSBTAG00000012994,0.0
ENSBTAG00000017151,0.0
ENSBTAG00000014365,0.0
ENSBTAG00000014320,0.0
ENSBTAG00000004896,0.0
ENSBTAG00000048788,0.0
ENSBTAG00000002937,0.0
ENSBTAG00000005779,0.0
ENSBTAG00000054810,0.0
ENSBTAG00000003086,0.0
ENSBTAG00000054377,0.0
ENSBTAG00000053318,0.0
ENSBTAG00000012634,0.0
ENSBTAG00000050473,0.0
ENSBTAG00000012632,0.0
ENSBTAG00000048563,0.0
ENSBTAG00000003047,0.0
ENSBTAG00000048525,0.0
ENSBTAG00000006978,0.0
ENSBTAG00000016874,0.0
ENSBTAG00000000764,0.0
ENSBTAG00000017041,0.0
ENSBTAG00000017037,0.0
ENSBTAG00000052766,0.0
ENSBTAG00000019950,0.0
ENSBTAG00000019951,0.0
ENSBTAG00000010578,0.0
ENSBTAG00000053457,0.0
ENSBTAG00000014551,0.0
ENSBTAG00000021820,0.0
ENSBTAG00000015419,0.0
ENSBTAG00000054248,0.0
ENSBTAG00000012943,0.0
ENSBTAG00000021818,0.0
ENSBTAG00000012945,0.0
ENSBTAG00000051693,0.0
ENSBTAG00000014615,0.0
ENSBTAG00000012768,0.0
ENSBTAG00000012771,0.0
ENSBTAG00000004085,0.0
ENSBTAG00000002804,0.0
ENSBTAG00000006642,0.0
ENSBTAG00000006748,0.0
ENSBTAG00000012014,0.0
ENSBTAG00000000910,0.0
ENSBTAG00000016937,0.0
ENSBTAG00000016936,0.0
ENSBTAG00000046744,0.0
ENSBTAG00000016933,0.0
ENSBTAG00000038437,0.0
ENSBTAG00000020087,0.0
ENSBTAG00000008854,0.0
ENSBTAG00000008841,0.0
ENSBTAG00000006073,0.0
ENSBTAG00000006068,0.0
ENSBTAG00000006064,0.0
ENSBTAG00000012834,0.0
ENSBTAG00000000399,0.0
ENSBTAG00000015224,0.0
ENSBTAG00000002527,0.0
ENSBTAG00000002525,0.0
ENSBTAG00000002524,0.0
ENSBTAG00000002516,0.0
ENSBTAG00000015228,0.0
ENSBTAG00000008570,0.0
ENSBTAG00000001692,0.0
ENSBTAG00000013744,0.0
ENSBTAG00000025136,0.0
ENSBTAG00000014828,0.0
ENSBTAG00000030366,0.0
ENSBTAG00000015625,0.0
ENSBTAG00000010487,0.0
ENSBTAG00000052241,0.0
ENSBTAG00000025124,0.0
ENSBTAG00000054043,0.0
ENSBTAG00000043553,0.0
ENSBTAG00000012671,0.0
ENSBTAG00000016354,0.0
ENSBTAG00000016352,0.0
ENSBTAG00000016350,0.0
ENSBTAG00000019325,0.0
ENSBTAG00000019329,0.0
ENSBTAG00000018229,0.0
ENSBTAG00000015117,0.0
ENSBTAG00000014809,0.0
ENSBTAG00000015116,0.0
ENSBTAG00000015114,0.0
ENSBTAG00000002834,0.0
ENSBTAG00000021374,0.0
ENSBTAG00000021829,0.0
ENSBTAG00000006624,0.0
ENSBTAG00000016213,0.0
ENSBTAG00000016211,0.0
ENSBTAG00000006083,0.0
ENSBTAG00000006082,0.0
ENSBTAG00000006080,0.0
ENSBTAG00000006077,0.0
ENSBTAG00000009661,0.0
ENSBTAG00000020809,0.0
ENSBTAG00000012062,0.0
ENSBTAG00000012046,0.0
ENSBTAG00000016094,0.0
ENSBTAG00000003498,0.0
ENSBTAG00000053965,0.0
ENSBTAG00000014835,0.0
ENSBTAG00000054940,0.0
ENSBTAG00000011837,0.0
ENSBTAG00000011825,0.0
ENSBTAG00000011811,0.0
ENSBTAG00000008340,0.0
ENSBTAG00000052642,0.0
ENSBTAG00000020309,0.0
ENSBTAG00000014395,0.0
ENSBTAG00000020924,0.0
ENSBTAG00000006251,0.0
ENSBTAG00000006247,0.0
ENSBTAG00000011131,0.0
ENSBTAG00000006245,0.0
ENSBTAG00000054682,0.0
ENSBTAG00000006244,0.0
ENSBTAG00000006241,0.0
ENSBTAG00000005800,0.0
ENSBTAG00000016721,0.0
ENSBTAG00000017078,0.0
ENSBTAG00000049339,0.0
ENSBTAG00000055295,0.0
ENSBTAG00000017079,0.0
ENSBTAG00000048033,0.0
ENSBTAG00000034113,0.0
ENSBTAG00000035399,0.0
ENSBTAG00000032142,0.0
ENSBTAG00000051783,0.0
ENSBTAG00000017912,0.0
ENSBTAG00000002335,0.0
ENSBTAG00000023623,0.0
ENSBTAG00000022640,0.0
ENSBTAG00000053039,0.0
ENSBTAG00000050208,0.0
ENSBTAG00000038714,0.0
ENSBTAG00000039130,0.0
ENSBTAG00000016077,0.0
ENSBTAG00000008443,0.0
ENSBTAG00000012086,0.0
ENSBTAG00000053384,0.0
ENSBTAG00000035396,0.0
ENSBTAG00000054941,0.0
ENSBTAG00000035395,0.0
ENSBTAG00000039809,0.0
ENSBTAG00000048574,0.0
ENSBTAG00000054251,0.0
ENSBTAG00000046808,0.0
ENSBTAG00000040482,0.0
ENSBTAG00000054866,0.0
ENSBTAG00000012095,0.0
ENSBTAG00000019457,0.0
ENSBTAG00000051507,0.0
ENSBTAG00000004369,0.0
ENSBTAG00000053212,0.0
ENSBTAG00000054276,0.0
ENSBTAG00000047799,0.0
ENSBTAG00000050203,0.0
ENSBTAG00000046139,0.0
ENSBTAG00000047414,0.0
ENSBTAG00000050244,0.0
ENSBTAG00000025146,0.0
ENSBTAG00000053733,0.0
ENSBTAG00000049881,0.0
ENSBTAG00000035777,0.0
ENSBTAG00000025148,0.0
ENSBTAG00000044046,0.0
ENSBTAG00000050594,0.0
ENSBTAG00000049452,0.0
ENSBTAG00000007550,0.0
ENSBTAG00000010179,0.0
ENSBTAG00000030297,0.0
ENSBTAG00000013185,0.0
ENSBTAG00000050582,0.0
ENSBTAG00000010188,0.0
ENSBTAG00000052849,0.0
ENSBTAG00000015557,0.0
ENSBTAG00000015636,0.0
ENSBTAG00000036102,0.0
ENSBTAG00000000495,0.0
ENSBTAG00000039302,0.0
ENSBTAG00000050263,0.0
ENSBTAG00000012745,0.0
ENSBTAG00000013450,0.0
ENSBTAG00000013536,0.0
ENSBTAG00000002734,0.0
ENSBTAG00000002736,0.0
ENSBTAG00000008916,0.0
ENSBTAG00000020213,0.0
ENSBTAG00000003836,0.0
ENSBTAG00000020491,0.0
ENSBTAG00000010359,0.0
ENSBTAG00000010363,0.0
ENSBTAG00000016199,0.0
ENSBTAG00000002738,0.0
ENSBTAG00000001419,0.0
ENSBTAG00000053933,0.0
ENSBTAG00000049560,0.0
ENSBTAG00000010303,0.0
ENSBTAG00000010314,0.0
ENSBTAG00000050321,0.0
ENSBTAG00000010316,0.0
ENSBTAG00000038976,0.0
ENSBTAG00000010318,0.0
ENSBTAG00000015721,0.0
ENSBTAG00000015742,0.0
ENSBTAG00000011698,0.0
ENSBTAG00000011699,0.0
ENSBTAG00000025099,0.0
ENSBTAG00000009103,0.0
ENSBTAG00000004741,0.0
ENSBTAG00000051100,0.0
ENSBTAG00000012032,0.0
ENSBTAG00000050222,0.0
ENSBTAG00000003543,0.0
ENSBTAG00000051490,0.0
ENSBTAG00000010727,0.0
ENSBTAG00000010729,0.0
ENSBTAG00000010321,0.0
ENSBTAG00000010341,0.0
ENSBTAG00000053260,0.0
ENSBTAG00000010632,0.0
ENSBTAG00000010731,0.0
ENSBTAG00000046343,0.0
ENSBTAG00000054287,0.0
ENSBTAG00000030282,0.0
ENSBTAG00000008457,0.0
ENSBTAG00000012184,0.0
ENSBTAG00000002628,0.0
ENSBTAG00000040076,0.0
ENSBTAG00000051140,0.0
ENSBTAG00000037941,0.0
ENSBTAG00000013362,0.0
ENSBTAG00000016841,0.0
ENSBTAG00000010968,0.0
ENSBTAG00000004224,0.0
ENSBTAG00000012048,0.0
ENSBTAG00000051399,0.0
ENSBTAG00000025606,0.0
ENSBTAG00000045893,0.0
ENSBTAG00000051998,0.0
ENSBTAG00000019220,0.0
ENSBTAG00000018585,0.0
ENSBTAG00000012314,0.0
ENSBTAG00000013262,0.0
ENSBTAG00000030286,0.0
ENSBTAG00000006185,0.0
ENSBTAG00000010251,0.0
ENSBTAG00000049424,0.0
ENSBTAG00000009569,0.0
ENSBTAG00000006607,0.0
ENSBTAG00000014772,0.0
ENSBTAG00000009570,0.0
ENSBTAG00000014773,0.0
ENSBTAG00000012350,0.0
ENSBTAG00000051872,0.0
ENSBTAG00000002148,0.0
ENSBTAG00000016429,0.0
ENSBTAG00000032292,0.0
ENSBTAG00000008192,0.0
ENSBTAG00000002143,0.0
ENSBTAG00000050903,0.0
ENSBTAG00000008196,0.0
ENSBTAG00000008197,0.0
ENSBTAG00000008201,0.0
ENSBTAG00000049237,0.0
ENSBTAG00000008202,0.0
ENSBTAG00000020489,0.0
ENSBTAG00000054664,0.0
ENSBTAG00000030274,0.0
ENSBTAG00000014412,0.0
ENSBTAG00000014415,0.0
ENSBTAG00000015049,0.0
ENSBTAG00000011207,0.0
ENSBTAG00000038151,0.0
ENSBTAG00000004826,0.0
ENSBTAG00000038680,0.0
ENSBTAG00000019071,0.0
ENSBTAG00000030929,0.0
ENSBTAG00000025345,0.0
ENSBTAG00000046336,0.0
ENSBTAG00000047612,0.0
ENSBTAG00000010734,0.0
ENSBTAG00000010735,0.0
ENSBTAG00000010740,0.0
ENSBTAG00000017744,0.0
ENSBTAG00000017748,0.0
ENSBTAG00000025071,0.0
ENSBTAG00000012687,0.0
ENSBTAG00000025340,0.0
ENSBTAG00000044035,0.0
ENSBTAG00000009803,0.0
ENSBTAG00000017451,0.0
ENSBTAG00000014897,0.0
ENSBTAG00000014898,0.0
ENSBTAG00000001707,0.0
ENSBTAG00000010020,0.0
ENSBTAG00000051478,0.0
ENSBTAG00000010541,0.0
ENSBTAG00000010543,0.0
ENSBTAG00000025426,0.0
ENSBTAG00000013880,0.0
ENSBTAG00000025425,0.0
ENSBTAG00000005009,0.0
ENSBTAG00000005010,0.0
ENSBTAG00000051069,0.0
ENSBTAG00000014626,0.0
ENSBTAG00000008034,0.0
ENSBTAG00000008497,0.0
ENSBTAG00000004657,0.0
ENSBTAG00000021577,0.0
ENSBTAG00000020351,0.0
ENSBTAG00000007632,0.0
ENSBTAG00000007633,0.0
ENSBTAG00000020353,0.0
ENSBTAG00000018872,0.0
ENSBTAG00000007681,0.0
ENSBTAG00000043994,0.0
ENSBTAG00000007684,0.0
ENSBTAG00000011398,0.0
ENSBTAG00000011400,0.0
ENSBTAG00000025401,0.0
ENSBTAG00000015187,0.0
ENSBTAG00000015192,0.0
ENSBTAG00000030259,0.0
ENSBTAG00000039886,0.0
ENSBTAG00000001003,0.0
ENSBTAG00000045495,0.0
ENSBTAG00000048931,0.0
ENSBTAG00000001394,0.0
ENSBTAG00000005265,0.0
ENSBTAG00000001767,0.0
ENSBTAG00000006368,0.0
ENSBTAG00000011110,0.0
ENSBTAG00000006371,0.0
ENSBTAG00000006374,0.0
ENSBTAG00000013627,0.0
ENSBTAG00000013628,0.0
ENSBTAG00000013856,0.0
ENSBTAG00000013183,0.0
ENSBTAG00000019414,0.0
ENSBTAG00000006428,0.0
ENSBTAG00000007359,0.0
ENSBTAG00000049567,0.0
ENSBTAG00000038117,0.0
ENSBTAG00000038629,0.0
ENSBTAG00000001546,0.0
ENSBTAG00000039711,0.0
ENSBTAG00000013358,0.0
ENSBTAG00000050733,0.0
ENSBTAG00000047420,0.0
ENSBTAG00000053609,0.0
ENSBTAG00000046424,0.0
ENSBTAG00000024713,0.0
ENSBTAG00000039706,0.0
ENSBTAG00000049103,0.0
ENSBTAG00000049174,0.0
ENSBTAG00000050954,0.0
ENSBTAG00000020954,0.0
ENSBTAG00000039591,0.0
ENSBTAG00000019646,0.0
ENSBTAG00000024275,0.0
ENSBTAG00000019648,0.0
ENSBTAG00000019651,0.0
ENSBTAG00000004815,0.0
ENSBTAG00000015727,0.0
ENSBTAG00000050157,0.0
ENSBTAG00000049098,0.0
ENSBTAG00000014906,0.0
ENSBTAG00000001273,0.0
ENSBTAG00000051477,0.0
ENSBTAG00000039986,0.0
ENSBTAG00000039422,0.0
ENSBTAG00000048813,0.0
ENSBTAG00000048315,0.0
ENSBTAG00000012411,0.0
ENSBTAG00000052663,0.0
ENSBTAG00000039484,0.0
ENSBTAG00000039930,0.0
ENSBTAG00000030735,0.0
ENSBTAG00000027911,0.0
ENSBTAG00000039804,0.0
ENSBTAG00000052311,0.0
ENSBTAG00000054452,0.0
ENSBTAG00000031412,0.0
ENSBTAG00000045691,0.0
ENSBTAG00000001761,0.0
ENSBTAG00000040109,0.0
ENSBTAG00000017725,0.0
ENSBTAG00000007470,0.0
ENSBTAG00000025293,0.0
ENSBTAG00000039797,0.0
ENSBTAG00000039805,0.0
ENSBTAG00000053872,0.0
ENSBTAG00000007557,0.0
ENSBTAG00000053009,0.0
ENSBTAG00000046417,0.0
ENSBTAG00000052389,0.0
ENSBTAG00000048726,0.0
ENSBTAG00000051974,0.0
ENSBTAG00000044033,0.0
ENSBTAG00000040033,0.0
ENSBTAG00000051864,0.0
ENSBTAG00000049479,0.0
ENSBTAG00000052782,0.0
ENSBTAG00000013691,0.0
ENSBTAG00000048025,0.0
ENSBTAG00000009497,0.0
ENSBTAG00000030722,0.0
ENSBTAG00000019925,0.0
ENSBTAG00000045644,0.0
ENSBTAG00000024653,0.0
ENSBTAG00000030719,0.0
ENSBTAG00000034743,0.0
ENSBTAG00000003551,0.0
ENSBTAG00000039555,0.0
ENSBTAG00000054428,0.0
ENSBTAG00000021098,0.0
ENSBTAG00000053601,0.0
ENSBTAG00000048753,0.0
ENSBTAG00000052410,0.0
ENSBTAG00000030714,0.0
ENSBTAG00000047519,0.0
ENSBTAG00000037434,0.0
ENSBTAG00000040507,0.0
ENSBTAG00000016065,0.0
ENSBTAG00000030711,0.0
ENSBTAG00000018894,0.0
ENSBTAG00000002629,0.0
ENSBTAG00000046837,0.0
ENSBTAG00000002645,0.0
ENSBTAG00000046984,0.0
ENSBTAG00000021115,0.0
ENSBTAG00000009565,0.0
ENSBTAG00000032137,0.0
ENSBTAG00000039523,0.0
ENSBTAG00000009566,0.0
ENSBTAG00000011356,0.0
ENSBTAG00000011360,0.0
ENSBTAG00000019814,0.0
ENSBTAG00000046200,0.0
ENSBTAG00000046953,0.0
ENSBTAG00000009273,0.0
ENSBTAG00000022762,0.0
ENSBTAG00000053756,0.0
ENSBTAG00000045589,0.0
ENSBTAG00000052753,0.0
ENSBTAG00000048841,0.0
ENSBTAG00000048824,0.0
ENSBTAG00000008484,0.0
ENSBTAG00000008906,0.0
ENSBTAG00000050706,0.0
ENSBTAG00000049876,0.0
ENSBTAG00000000717,0.0
ENSBTAG00000009178,0.0
ENSBTAG00000019767,0.0
ENSBTAG00000048393,0.0
ENSBTAG00000050008,0.0
ENSBTAG00000047560,0.0
ENSBTAG00000004716,0.0
ENSBTAG00000039372,0.0
ENSBTAG00000039355,0.0
ENSBTAG00000010772,0.0
ENSBTAG00000002098,0.0
ENSBTAG00000002100,0.0
ENSBTAG00000016648,0.0
ENSBTAG00000015050,0.0
ENSBTAG00000020701,0.0
ENSBTAG00000004714,0.0
ENSBTAG00000004268,0.0
ENSBTAG00000015051,0.0
ENSBTAG00000004270,0.0
ENSBTAG00000013429,0.0
ENSBTAG00000003258,0.0
ENSBTAG00000007312,0.0
ENSBTAG00000048981,0.0
ENSBTAG00000004294,0.0
ENSBTAG00000044018,0.0
ENSBTAG00000004300,0.0
ENSBTAG00000010639,0.0
ENSBTAG00000027357,0.0
ENSBTAG00000014926,0.0
ENSBTAG00000050847,0.0
ENSBTAG00000014349,0.0
ENSBTAG00000015567,0.0
ENSBTAG00000003018,0.0
ENSBTAG00000000613,0.0
ENSBTAG00000052882,0.0
ENSBTAG00000021616,0.0
ENSBTAG00000019771,0.0
ENSBTAG00000020269,0.0
ENSBTAG00000014373,0.0
ENSBTAG00000049440,0.0
ENSBTAG00000013612,0.0
ENSBTAG00000044077,0.0
ENSBTAG00000005581,0.0
ENSBTAG00000027713,0.0
ENSBTAG00000051609,0.0
ENSBTAG00000045829,0.0
ENSBTAG00000046105,0.0
ENSBTAG00000046188,0.0
ENSBTAG00000048122,0.0
ENSBTAG00000047217,0.0
ENSBTAG00000046406,0.0
ENSBTAG00000037418,0.0
ENSBTAG00000006031,0.0
ENSBTAG00000008607,0.0
ENSBTAG00000002434,0.0
ENSBTAG00000000595,0.0
ENSBTAG00000025597,0.0
ENSBTAG00000011351,0.0
ENSBTAG00000020764,0.0
ENSBTAG00000020772,0.0
ENSBTAG00000020776,0.0
ENSBTAG00000053003,0.0
ENSBTAG00000020780,0.0
ENSBTAG00000011639,0.0
ENSBTAG00000025233,0.0
ENSBTAG00000000550,0.0
ENSBTAG00000012172,0.0
ENSBTAG00000007480,0.0
ENSBTAG00000050772,0.0
ENSBTAG00000046542,0.0
ENSBTAG00000038221,0.0
ENSBTAG00000030839,0.0
ENSBTAG00000019419,0.0
ENSBTAG00000017599,0.0
ENSBTAG00000004112,0.0
ENSBTAG00000019714,0.0
ENSBTAG00000019718,0.0
ENSBTAG00000015433,0.0
ENSBTAG00000050195,0.0
ENSBTAG00000051357,0.0
ENSBTAG00000002305,0.0
ENSBTAG00000002311,0.0
ENSBTAG00000054601,0.0
ENSBTAG00000046263,0.0
ENSBTAG00000012150,0.0
ENSBTAG00000040334,0.0
ENSBTAG00000038409,0.0
ENSBTAG00000008692,0.0
ENSBTAG00000008695,0.0
ENSBTAG00000003144,0.0
ENSBTAG00000006107,0.0
ENSBTAG00000020229,0.0
ENSBTAG00000020232,0.0
ENSBTAG00000054976,0.0
ENSBTAG00000025277,0.0
ENSBTAG00000050118,0.0
ENSBTAG00000045762,0.0
ENSBTAG00000016797,0.0
ENSBTAG00000016108,0.0
ENSBTAG00000014676,0.0
ENSBTAG00000019287,0.0
ENSBTAG00000009478,0.0
ENSBTAG00000009479,0.0
ENSBTAG00000018926,0.0
ENSBTAG00000009482,0.0
ENSBTAG00000030616,0.0
ENSBTAG00000009131,0.0
ENSBTAG00000017105,0.0
ENSBTAG00000013112,0.0
ENSBTAG00000025191,0.0
ENSBTAG00000000469,0.0
ENSBTAG00000010979,0.0
ENSBTAG00000010982,0.0
ENSBTAG00000010984,0.0
ENSBTAG00000050332,0.0
ENSBTAG00000021226,0.0
ENSBTAG00000018322,0.0
ENSBTAG00000021519,0.0
ENSBTAG00000021520,0.0
ENSBTAG00000012762,0.0
ENSBTAG00000014744,0.0
ENSBTAG00000050621,0.0
ENSBTAG00000014746,0.0
ENSBTAG00000004602,0.0
ENSBTAG00000016105,0.0
ENSBTAG00000017648,0.0
ENSBTAG00000003331,0.0
ENSBTAG00000006694,0.0
ENSBTAG00000018287,0.0
ENSBTAG00000018290,0.0
ENSBTAG00000025182,0.0
ENSBTAG00000001247,0.0
ENSBTAG00000009513,0.0
ENSBTAG00000055062,0.0
ENSBTAG00000054891,0.0
ENSBTAG00000053404,0.0
ENSBTAG00000014638,0.0
ENSBTAG00000036242,0.0
ENSBTAG00000007231,0.0
ENSBTAG00000004413,0.0
ENSBTAG00000038186,0.0
ENSBTAG00000007214,0.0
ENSBTAG00000049204,0.0
ENSBTAG00000003502,0.0
ENSBTAG00000054567,0.0
ENSBTAG00000040610,0.0
ENSBTAG00000037602,0.0
ENSBTAG00000020843,0.0
ENSBTAG00000002796,0.0
ENSBTAG00000049969,0.0
ENSBTAG00000001462,0.0
ENSBTAG00000016929,0.0
ENSBTAG00000017362,0.0
ENSBTAG00000000874,0.0
ENSBTAG00000007782,0.0
ENSBTAG00000002215,0.0
ENSBTAG00000007785,0.0
ENSBTAG00000020041,0.0
ENSBTAG00000004709,0.0
ENSBTAG00000005570,0.0
ENSBTAG00000055156,0.0
ENSBTAG00000008752,0.0
ENSBTAG00000054560,0.0
ENSBTAG00000008753,0.0
ENSBTAG00000013557,0.0
ENSBTAG00000008759,0.0
ENSBTAG00000004856,0.0
ENSBTAG00000008758,0.0
ENSBTAG00000015611,0.0
ENSBTAG00000039275,0.0
ENSBTAG00000005288,0.0
ENSBTAG00000015602,0.0
ENSBTAG00000005293,0.0
ENSBTAG00000015591,0.0
ENSBTAG00000019900,0.0
ENSBTAG00000048053,0.0
ENSBTAG00000052483,0.0
ENSBTAG00000009738,0.0
ENSBTAG00000030529,0.0
ENSBTAG00000052280,0.0
ENSBTAG00000002468,0.0
ENSBTAG00000009737,0.0
ENSBTAG00000010063,0.0
ENSBTAG00000002469,0.0
ENSBTAG00000003118,0.0
ENSBTAG00000052101,0.0
ENSBTAG00000009772,0.0
ENSBTAG00000002473,0.0
ENSBTAG00000050347,0.0
ENSBTAG00000011763,0.0
ENSBTAG00000002475,0.0
ENSBTAG00000054614,0.0
ENSBTAG00000050406,0.0
ENSBTAG00000048107,0.0
ENSBTAG00000046663,0.0
ENSBTAG00000002169,0.0
ENSBTAG00000011864,0.0
ENSBTAG00000009389,0.0
ENSBTAG00000010069,0.0
ENSBTAG00000021036,0.0
ENSBTAG00000054382,0.0
ENSBTAG00000011415,0.0
ENSBTAG00000021039,0.0
ENSBTAG00000052249,0.0
ENSBTAG00000020860,0.0
ENSBTAG00000011419,0.0
ENSBTAG00000019868,0.0
ENSBTAG00000052914,0.0
ENSBTAG00000007660,0.0
ENSBTAG00000007661,0.0
ENSBTAG00000014182,0.0
ENSBTAG00000014665,0.0
ENSBTAG00000045909,0.0
ENSBTAG00000011255,0.0
ENSBTAG00000051841,0.0
ENSBTAG00000054873,0.0
ENSBTAG00000002281,0.0
ENSBTAG00000038541,0.0
ENSBTAG00000021445,0.0
ENSBTAG00000004415,0.0
ENSBTAG00000014192,0.0
ENSBTAG00000053612,0.0
ENSBTAG00000034973,0.0
ENSBTAG00000052571,0.0
ENSBTAG00000016187,0.0
ENSBTAG00000049797,0.0
ENSBTAG00000016359,0.0
ENSBTAG00000038981,0.0
ENSBTAG00000033747,0.0
ENSBTAG00000004262,0.0
ENSBTAG00000007122,0.0
ENSBTAG00000050595,0.0
ENSBTAG00000052690,0.0
ENSBTAG00000019667,0.0
ENSBTAG00000053467,0.0
ENSBTAG00000037964,0.0
ENSBTAG00000030210,0.0
ENSBTAG00000006756,0.0
ENSBTAG00000018673,0.0
ENSBTAG00000008224,0.0
ENSBTAG00000039246,0.0
ENSBTAG00000007820,0.0
ENSBTAG00000010798,0.0
ENSBTAG00000017957,0.0
ENSBTAG00000002286,0.0
ENSBTAG00000040028,0.0
ENSBTAG00000007901,0.0
ENSBTAG00000030518,0.0
ENSBTAG00000030517,0.0
ENSBTAG00000002296,0.0
ENSBTAG00000004161,0.0
ENSBTAG00000012387,0.0
ENSBTAG00000039160,0.0
ENSBTAG00000000238,0.0
ENSBTAG00000014918,0.0
ENSBTAG00000014916,0.0
ENSBTAG00000013857,0.0
ENSBTAG00000014775,0.0
ENSBTAG00000047424,0.0
ENSBTAG00000020721,0.0
ENSBTAG00000020720,0.0
ENSBTAG00000017291,0.0
ENSBTAG00000007725,0.0
ENSBTAG00000039397,0.0
ENSBTAG00000050075,0.0
ENSBTAG00000010689,0.0
ENSBTAG00000017280,0.0
ENSBTAG00000008881,0.0
ENSBTAG00000025226,0.0
ENSBTAG00000020267,0.0
ENSBTAG00000051775,0.0
ENSBTAG00000013977,0.0
ENSBTAG00000046531,0.0
ENSBTAG00000021471,0.0
ENSBTAG00000016595,0.0
ENSBTAG00000051779,0.0
ENSBTAG00000004188,0.0
ENSBTAG00000021766,0.0
ENSBTAG00000021775,0.0
ENSBTAG00000004191,0.0
ENSBTAG00000017123,0.0
ENSBTAG00000052161,0.0
ENSBTAG00000054857,0.0
ENSBTAG00000007128,0.0
ENSBTAG00000010871,0.0
ENSBTAG00000052310,0.0
ENSBTAG00000015144,0.0
ENSBTAG00000001449,0.0
ENSBTAG00000001450,0.0
ENSBTAG00000004652,0.0
ENSBTAG00000009975,0.0
ENSBTAG00000030584,0.0
ENSBTAG00000054049,0.0
ENSBTAG00000014969,0.0
ENSBTAG00000055286,0.0
ENSBTAG00000014968,0.0
ENSBTAG00000030589,0.0
ENSBTAG00000007812,0.0
ENSBTAG00000012223,0.0
ENSBTAG00000006649,0.0
ENSBTAG00000015041,0.0
ENSBTAG00000027727,0.0
ENSBTAG00000003034,0.0
ENSBTAG00000046266,0.0
ENSBTAG00000054505,0.0
ENSBTAG00000027728,0.0
ENSBTAG00000015034,0.0
ENSBTAG00000021013,0.0
ENSBTAG00000051810,0.0
ENSBTAG00000031809,0.0
ENSBTAG00000015042,0.0
ENSBTAG00000018845,0.0
ENSBTAG00000051530,0.0
ENSBTAG00000003491,0.0
ENSBTAG00000051376,0.0
ENSBTAG00000020017,0.0
ENSBTAG00000025212,0.0
ENSBTAG00000006124,0.0
ENSBTAG00000021018,0.0
ENSBTAG00000006116,0.0
ENSBTAG00000005441,0.0
ENSBTAG00000046190,0.0
ENSBTAG00000021016,0.0
ENSBTAG00000016042,0.0
ENSBTAG00000001765,0.0
ENSBTAG00000001764,0.0
ENSBTAG00000031794,0.0
ENSBTAG00000025540,0.0
ENSBTAG00000001763,0.0
ENSBTAG00000046717,0.0
ENSBTAG00000014712,0.0
ENSBTAG00000049152,0.0
ENSBTAG00000015439,0.0
ENSBTAG00000030227,0.0
ENSBTAG00000001762,0.0
ENSBTAG00000053988,0.0
ENSBTAG00000008095,0.0
ENSBTAG00000002277,0.0
ENSBTAG00000025817,0.0
ENSBTAG00000001818,0.0
ENSBTAG00000049278,0.0
ENSBTAG00000009105,0.0
ENSBTAG00000001817,0.0
ENSBTAG00000016515,0.0
ENSBTAG00000037885,0.0
ENSBTAG00000053160,0.0
ENSBTAG00000049493,0.0
ENSBTAG00000030474,0.0
ENSBTAG00000050840,0.0
ENSBTAG00000049316,0.0
ENSBTAG00000001816,0.0
ENSBTAG00000011938,0.0
ENSBTAG00000013291,0.0
ENSBTAG00000040473,0.0
ENSBTAG00000048645,0.0
ENSBTAG00000045683,0.0
ENSBTAG00000017349,0.0
ENSBTAG00000013288,0.0
ENSBTAG00000000813,0.0
ENSBTAG00000053294,0.0
ENSBTAG00000054576,0.0
ENSBTAG00000000811,0.0
ENSBTAG00000055200,0.0
ENSBTAG00000006070,0.0
ENSBTAG00000054197,0.0
ENSBTAG00000000810,0.0
ENSBTAG00000054662,0.0
ENSBTAG00000037729,0.0
ENSBTAG00000006067,0.0
ENSBTAG00000030499,0.0
ENSBTAG00000019025,0.0
ENSBTAG00000000414,0.0
ENSBTAG00000020923,0.0
ENSBTAG00000000413,0.0
ENSBTAG00000020922,0.0
ENSBTAG00000011842,0.0
ENSBTAG00000051829,0.0
ENSBTAG00000004630,0.0
ENSBTAG00000025550,0.0
ENSBTAG00000017360,0.0
ENSBTAG00000001796,0.0
ENSBTAG00000017371,0.0
ENSBTAG00000049248,0.0
ENSBTAG00000015938,0.0
ENSBTAG00000001795,0.0
ENSBTAG00000010379,0.0
ENSBTAG00000050487,0.0
ENSBTAG00000001794,0.0
ENSBTAG00000003051,0.0
ENSBTAG00000014114,0.0
ENSBTAG00000012518,0.0
ENSBTAG00000007698,0.0
ENSBTAG00000008435,0.0
ENSBTAG00000001793,0.0
ENSBTAG00000007741,0.0
ENSBTAG00000007739,0.0
ENSBTAG00000008437,0.0
ENSBTAG00000005249,0.0
ENSBTAG00000001792,0.0
ENSBTAG00000007737,0.0
ENSBTAG00000021675,0.0
ENSBTAG00000007875,0.0
ENSBTAG00000010545,0.0
ENSBTAG00000051701,0.0
ENSBTAG00000051794,0.0
ENSBTAG00000007865,0.0
ENSBTAG00000001790,0.0
ENSBTAG00000016264,0.0
ENSBTAG00000025029,0.0
ENSBTAG00000047747,0.0
ENSBTAG00000048376,0.0
ENSBTAG00000051350,0.0
ENSBTAG00000055253,0.0
ENSBTAG00000051121,0.0
ENSBTAG00000050867,0.0
ENSBTAG00000051875,0.0
ENSBTAG00000003587,0.0
ENSBTAG00000008250,0.0
ENSBTAG00000054037,0.0
ENSBTAG00000017482,0.0
ENSBTAG00000018052,0.0
ENSBTAG00000030198,0.0
ENSBTAG00000009667,0.0
ENSBTAG00000003947,0.0
ENSBTAG00000005198,0.0
ENSBTAG00000048456,0.0
ENSBTAG00000053476,0.0
ENSBTAG00000015487,0.0
ENSBTAG00000053194,0.0
ENSBTAG00000017273,0.0
ENSBTAG00000015618,0.0
ENSBTAG00000035662,0.0
ENSBTAG00000002566,0.0
ENSBTAG00000026909,0.0
ENSBTAG00000045886,0.0
ENSBTAG00000053022,0.0
ENSBTAG00000053097,0.0
ENSBTAG00000008578,0.0
ENSBTAG00000052791,0.0
ENSBTAG00000054796,0.0
ENSBTAG00000054700,0.0
ENSBTAG00000003476,0.0
ENSBTAG00000021134,0.0
ENSBTAG00000033886,0.0
ENSBTAG00000027151,0.0
ENSBTAG00000018655,0.0
ENSBTAG00000010635,0.0
ENSBTAG00000037765,0.0
ENSBTAG00000031658,0.0
ENSBTAG00000054824,0.0
ENSBTAG00000031647,0.0
ENSBTAG00000018349,0.0
ENSBTAG00000015690,0.0
ENSBTAG00000002350,0.0
ENSBTAG00000013251,0.0
ENSBTAG00000019472,0.0
ENSBTAG00000050636,0.0
ENSBTAG00000053427,0.0
ENSBTAG00000012758,0.0
ENSBTAG00000051444,0.0
ENSBTAG00000008186,0.0
ENSBTAG00000002347,0.0
ENSBTAG00000008181,0.0
ENSBTAG00000006007,0.0
ENSBTAG00000006005,0.0
ENSBTAG00000006001,0.0
ENSBTAG00000019012,0.0
ENSBTAG00000054165,0.0
ENSBTAG00000005999,0.0
ENSBTAG00000004936,0.0
ENSBTAG00000039696,0.0
ENSBTAG00000012830,0.0
ENSBTAG00000012829,0.0
ENSBTAG00000054046,0.0
ENSBTAG00000050565,0.0
ENSBTAG00000019909,0.0
ENSBTAG00000010215,0.0
ENSBTAG00000024450,0.0
ENSBTAG00000053437,0.0
ENSBTAG00000020117,0.0
ENSBTAG00000000753,0.0
ENSBTAG00000045914,0.0
ENSBTAG00000004258,0.0
ENSBTAG00000020417,0.0
ENSBTAG00000018375,0.0
ENSBTAG00000000755,0.0
ENSBTAG00000011481,0.0
ENSBTAG00000039335,0.0
ENSBTAG00000006619,0.0
ENSBTAG00000008626,0.0
ENSBTAG00000004604,0.0
ENSBTAG00000009750,0.0
ENSBTAG00000008396,0.0
ENSBTAG00000008395,0.0
ENSBTAG00000015830,0.0
ENSBTAG00000015831,0.0
ENSBTAG00000020904,0.0
ENSBTAG00000025775,0.0
ENSBTAG00000050184,0.0
ENSBTAG00000002136,0.0
ENSBTAG00000020709,0.0
ENSBTAG00000000710,0.0
ENSBTAG00000010373,0.0
ENSBTAG00000014944,0.0
ENSBTAG00000053812,0.0
ENSBTAG00000050809,0.0
ENSBTAG00000008789,0.0
ENSBTAG00000014979,0.0
ENSBTAG00000014982,0.0
ENSBTAG00000031387,0.0
ENSBTAG00000051400,0.0
ENSBTAG00000005272,0.0
ENSBTAG00000031383,0.0
ENSBTAG00000054259,0.0
ENSBTAG00000049701,0.0
ENSBTAG00000051439,0.0
ENSBTAG00000054212,0.0
ENSBTAG00000021774,0.0
ENSBTAG00000020759,0.0
ENSBTAG00000000381,0.0
ENSBTAG00000019988,0.0
ENSBTAG00000012181,0.0
ENSBTAG00000012682,0.0
ENSBTAG00000031363,0.0
ENSBTAG00000001153,0.0
ENSBTAG00000001152,0.0
ENSBTAG00000012868,0.0
ENSBTAG00000008397,0.0
ENSBTAG00000031352,0.0
ENSBTAG00000020446,0.0
ENSBTAG00000015090,0.0
ENSBTAG00000048696,0.0
ENSBTAG00000017706,0.0
ENSBTAG00000045981,0.0
ENSBTAG00000007644,0.0
ENSBTAG00000025462,0.0
ENSBTAG00000013624,0.0
ENSBTAG00000000718,0.0
ENSBTAG00000004524,0.0
ENSBTAG00000004521,0.0
ENSBTAG00000016478,0.0
ENSBTAG00000016477,0.0
ENSBTAG00000018522,0.0
ENSBTAG00000009996,0.0
ENSBTAG00000001647,0.0
ENSBTAG00000025452,0.0
ENSBTAG00000014955,0.0
ENSBTAG00000014956,0.0
ENSBTAG00000009034,0.0
ENSBTAG00000025448,0.0
ENSBTAG00000014526,0.0
ENSBTAG00000018049,0.0
ENSBTAG00000025445,0.0
ENSBTAG00000008609,0.0
ENSBTAG00000031246,0.0
ENSBTAG00000025477,0.0
ENSBTAG00000015957,0.0
ENSBTAG00000015953,0.0
ENSBTAG00000011252,0.0
ENSBTAG00000031235,0.0
ENSBTAG00000031231,0.0
ENSBTAG00000048899,0.0
ENSBTAG00000000668,0.0
ENSBTAG00000031209,0.0
ENSBTAG00000015426,0.0
ENSBTAG00000001116,0.0
ENSBTAG00000031205,0.0
ENSBTAG00000001570,0.0
ENSBTAG00000002140,0.0
ENSBTAG00000019708,0.0
ENSBTAG00000050701,0.0
ENSBTAG00000025443,0.0
ENSBTAG00000012678,0.0
ENSBTAG00000018946,0.0
ENSBTAG00000016783,0.0
ENSBTAG00000016775,0.0
ENSBTAG00000016773,0.0
ENSBTAG00000025767,0.0
ENSBTAG00000003914,0.0
ENSBTAG00000045588,0.0
ENSBTAG00000008021,0.0
ENSBTAG00000053806,0.0
ENSBTAG00000053424,0.0
ENSBTAG00000005434,0.0
ENSBTAG00000004200,0.0
ENSBTAG00000017074,0.0
ENSBTAG00000017068,0.0
ENSBTAG00000014579,0.0
ENSBTAG00000025809,0.0
ENSBTAG00000012592,0.0
ENSBTAG00000012587,0.0
ENSBTAG00000015108,0.0
ENSBTAG00000011136,0.0
ENSBTAG00000011135,0.0
ENSBTAG00000011134,0.0
ENSBTAG00000011125,0.0
ENSBTAG00000007366,0.0
ENSBTAG00000009331,0.0
ENSBTAG00000033278,0.0
ENSBTAG00000009330,0.0
ENSBTAG00000009328,0.0
ENSBTAG00000013613,0.0
ENSBTAG00000005312,0.0
ENSBTAG00000005295,0.0
ENSBTAG00000005289,0.0
ENSBTAG00000002447,0.0
ENSBTAG00000027878,0.0
ENSBTAG00000033222,0.0
ENSBTAG00000009990,0.0
ENSBTAG00000052504,0.0
ENSBTAG00000013329,0.0
ENSBTAG00000046846,0.0
ENSBTAG00000016179,0.0
ENSBTAG00000038154,0.0
ENSBTAG00000038696,0.0
ENSBTAG00000004553,0.0
ENSBTAG00000039983,0.0
ENSBTAG00000050547,0.0
ENSBTAG00000033092,0.0
ENSBTAG00000049883,0.0
ENSBTAG00000018736,0.0
ENSBTAG00000053255,0.0
ENSBTAG00000049116,0.0
ENSBTAG00000038980,0.0
ENSBTAG00000008335,0.0
ENSBTAG00000053594,0.0
ENSBTAG00000001084,0.0
ENSBTAG00000050551,0.0
ENSBTAG00000039319,0.0
ENSBTAG00000038549,0.0
ENSBTAG00000039337,0.0
ENSBTAG00000025748,0.0
ENSBTAG00000048257,0.0
ENSBTAG00000012280,0.0
ENSBTAG00000011602,0.0
ENSBTAG00000010450,0.0
ENSBTAG00000010439,0.0
ENSBTAG00000001807,0.0
ENSBTAG00000002495,0.0
ENSBTAG00000054865,0.0
ENSBTAG00000020090,0.0
ENSBTAG00000043971,0.0
ENSBTAG00000040305,0.0
ENSBTAG00000015186,0.0
ENSBTAG00000015184,0.0
ENSBTAG00000017421,0.0
ENSBTAG00000017429,0.0
ENSBTAG00000040564,0.0
ENSBTAG00000032519,0.0
ENSBTAG00000027017,0.0
ENSBTAG00000004159,0.0
ENSBTAG00000007508,0.0
ENSBTAG00000050857,0.0
ENSBTAG00000032651,0.0
ENSBTAG00000050580,0.0
ENSBTAG00000020614,0.0
ENSBTAG00000003711,0.0
ENSBTAG00000004105,0.0
ENSBTAG00000013734,0.0
ENSBTAG00000052976,0.0
ENSBTAG00000013749,0.0
ENSBTAG00000021283,0.0
ENSBTAG00000015719,0.0
ENSBTAG00000001928,0.0
ENSBTAG00000001927,0.0
ENSBTAG00000015723,0.0
ENSBTAG00000008987,0.0
ENSBTAG00000002716,0.0
ENSBTAG00000003358,0.0
ENSBTAG00000032558,0.0
ENSBTAG00000049698,0.0
ENSBTAG00000001575,0.0
ENSBTAG00000006474,0.0
ENSBTAG00000002742,0.0
ENSBTAG00000004256,0.0
ENSBTAG00000017500,0.0
ENSBTAG00000001424,0.0
ENSBTAG00000004259,0.0
ENSBTAG00000001425,0.0
ENSBTAG00000008216,0.0
ENSBTAG00000015151,0.0
ENSBTAG00000052669,0.0
ENSBTAG00000002570,0.0
ENSBTAG00000046218,0.0
ENSBTAG00000007485,0.0
ENSBTAG00000007543,0.0
ENSBTAG00000048394,0.0
ENSBTAG00000004168,0.0
ENSBTAG00000002108,0.0
ENSBTAG00000001141,0.0
ENSBTAG00000001140,0.0
ENSBTAG00000019735,0.0
ENSBTAG00000023999,0.0
ENSBTAG00000013063,0.0
ENSBTAG00000016573,0.0
ENSBTAG00000027015,0.0
ENSBTAG00000002329,0.0
ENSBTAG00000032424,0.0
ENSBTAG00000008160,0.0
ENSBTAG00000007963,0.0
ENSBTAG00000021187,0.0
ENSBTAG00000052273,0.0
ENSBTAG00000046199,0.0
ENSBTAG00000037793,0.0
ENSBTAG00000052434,0.0
ENSBTAG00000055219,0.0
ENSBTAG00000024021,0.0
ENSBTAG00000044064,0.0
ENSBTAG00000052464,0.0
ENSBTAG00000051414,0.0
ENSBTAG00000051441,0.0
ENSBTAG00000039201,0.0
ENSBTAG00000039186,0.0
ENSBTAG00000012090,0.0
ENSBTAG00000054569,0.0
ENSBTAG00000027786,0.0
ENSBTAG00000002943,0.0
ENSBTAG00000008232,0.0
ENSBTAG00000019458,0.0
ENSBTAG00000051601,0.0
ENSBTAG00000019459,0.0
ENSBTAG00000008068,0.0
ENSBTAG00000000102,0.0
ENSBTAG00000012827,0.0
ENSBTAG00000020262,0.0
ENSBTAG00000004295,0.0
ENSBTAG00000004296,0.0
ENSBTAG00000005525,0.0
ENSBTAG00000016367,0.0
ENSBTAG00000018426,0.0
ENSBTAG00000024019,0.0
ENSBTAG00000006716,0.0
ENSBTAG00000006852,0.0
ENSBTAG00000046563,0.0
ENSBTAG00000006861,0.0
ENSBTAG00000051714,0.0
ENSBTAG00000006995,0.0
ENSBTAG00000049268,0.0
ENSBTAG00000047610,0.0
ENSBTAG00000050980,0.0
ENSBTAG00000050997,0.0
ENSBTAG00000038309,0.0
ENSBTAG00000053840,0.0
ENSBTAG00000052668,0.0
ENSBTAG00000037739,0.0
ENSBTAG00000038278,0.0
ENSBTAG00000048686,0.0
ENSBTAG00000048884,0.0
ENSBTAG00000054916,0.0
ENSBTAG00000055261,0.0
ENSBTAG00000038726,0.0
ENSBTAG00000037542,0.0
ENSBTAG00000011101,0.0
ENSBTAG00000054775,0.0
ENSBTAG00000040047,0.0
ENSBTAG00000037767,0.0
ENSBTAG00000050201,0.0
ENSBTAG00000053543,0.0
ENSBTAG00000052682,0.0
ENSBTAG00000052366,0.0
ENSBTAG00000020660,0.0
ENSBTAG00000051688,0.0
ENSBTAG00000052438,0.0
ENSBTAG00000038551,0.0
ENSBTAG00000046221,0.0
ENSBTAG00000054351,0.0
ENSBTAG00000045528,0.0
ENSBTAG00000049925,0.0
ENSBTAG00000001549,0.0
ENSBTAG00000048218,0.0
ENSBTAG00000050629,0.0
ENSBTAG00000038665,0.0
ENSBTAG00000004667,0.0
ENSBTAG00000030677,0.0
ENSBTAG00000038249,0.0
ENSBTAG00000011104,0.0
ENSBTAG00000030676,0.0
ENSBTAG00000030675,0.0
ENSBTAG00000023867,0.0
ENSBTAG00000000295,0.0
ENSBTAG00000039815,0.0
ENSBTAG00000038610,0.0
ENSBTAG00000039172,0.0
ENSBTAG00000015473,0.0
ENSBTAG00000015481,0.0
ENSBTAG00000017460,0.0
ENSBTAG00000040296,0.0
ENSBTAG00000048537,0.0
ENSBTAG00000017469,0.0
ENSBTAG00000021921,0.0
ENSBTAG00000000542,0.0
ENSBTAG00000014391,0.0
ENSBTAG00000000545,0.0
ENSBTAG00000008909,0.0
ENSBTAG00000003610,0.0
ENSBTAG00000017448,0.0
ENSBTAG00000048688,0.0
ENSBTAG00000023860,0.0
ENSBTAG00000010990,0.0
ENSBTAG00000019470,0.0
ENSBTAG00000012394,0.0
ENSBTAG00000003067,0.0
ENSBTAG00000017576,0.0
ENSBTAG00000033801,0.0
ENSBTAG00000009017,0.0
ENSBTAG00000005870,0.0
ENSBTAG00000040585,0.0
ENSBTAG00000004848,0.0
ENSBTAG00000049811,0.0
ENSBTAG00000052427,0.0
ENSBTAG00000053096,0.0
ENSBTAG00000039223,0.0
ENSBTAG00000003205,0.0
ENSBTAG00000048348,0.0
ENSBTAG00000015286,0.0
ENSBTAG00000015553,0.0
ENSBTAG00000008033,0.0
ENSBTAG00000015098,0.0
ENSBTAG00000007662,0.0
ENSBTAG00000007414,0.0
ENSBTAG00000015386,0.0
ENSBTAG00000009694,0.0
ENSBTAG00000011544,0.0
ENSBTAG00000005257,0.0
ENSBTAG00000054531,0.0
ENSBTAG00000008048,0.0
ENSBTAG00000053292,0.0
ENSBTAG00000002557,0.0
ENSBTAG00000049228,0.0
ENSBTAG00000010271,0.0
ENSBTAG00000038011,0.0
ENSBTAG00000013314,0.0
ENSBTAG00000019628,0.0
ENSBTAG00000000157,0.0
ENSBTAG00000050426,0.0
ENSBTAG00000050171,0.0
ENSBTAG00000000152,0.0
ENSBTAG00000051436,0.0
ENSBTAG00000049695,0.0
ENSBTAG00000003438,0.0
ENSBTAG00000039343,0.0
ENSBTAG00000054181,0.0
ENSBTAG00000010971,0.0
ENSBTAG00000023843,0.0
ENSBTAG00000016038,0.0
ENSBTAG00000006948,0.0
ENSBTAG00000054241,0.0
ENSBTAG00000006957,0.0
ENSBTAG00000032051,0.0
ENSBTAG00000023885,0.0
ENSBTAG00000038369,0.0
ENSBTAG00000012844,0.0
ENSBTAG00000012847,0.0
ENSBTAG00000054883,0.0
ENSBTAG00000002803,0.0
ENSBTAG00000004352,0.0
ENSBTAG00000003525,0.0
ENSBTAG00000000703,0.0
ENSBTAG00000023823,0.0
ENSBTAG00000012735,0.0
ENSBTAG00000012736,0.0
ENSBTAG00000005614,0.0
ENSBTAG00000013509,0.0
ENSBTAG00000013510,0.0
ENSBTAG00000015375,0.0
ENSBTAG00000034555,0.0
ENSBTAG00000015205,0.0
ENSBTAG00000004695,0.0
ENSBTAG00000008994,0.0
ENSBTAG00000014159,0.0
ENSBTAG00000014166,0.0
ENSBTAG00000052525,0.0
ENSBTAG00000007895,0.0
ENSBTAG00000008997,0.0
ENSBTAG00000006305,0.0
ENSBTAG00000010349,0.0
ENSBTAG00000044129,0.0
ENSBTAG00000047637,0.0
ENSBTAG00000001321,0.0
ENSBTAG00000046548,0.0
ENSBTAG00000039476,0.0
ENSBTAG00000003387,0.0
ENSBTAG00000003388,0.0
ENSBTAG00000023851,0.0
ENSBTAG00000052163,0.0
ENSBTAG00000050072,0.0
ENSBTAG00000012156,0.0
ENSBTAG00000002085,0.0
ENSBTAG00000011912,0.0
ENSBTAG00000002087,0.0
ENSBTAG00000002088,0.0
ENSBTAG00000039839,0.0
ENSBTAG00000018012,0.0
ENSBTAG00000019665,0.0
ENSBTAG00000049313,0.0
ENSBTAG00000016218,0.0
ENSBTAG00000014149,0.0
ENSBTAG00000019072,0.0
ENSBTAG00000014150,0.0
ENSBTAG00000012274,0.0
ENSBTAG00000011307,0.0
ENSBTAG00000011317,0.0
ENSBTAG00000019354,0.0
ENSBTAG00000051244,0.0
ENSBTAG00000047185,0.0
ENSBTAG00000054154,0.0
ENSBTAG00000030608,0.0
ENSBTAG00000050329,0.0
ENSBTAG00000047029,0.0
ENSBTAG00000004663,0.0
ENSBTAG00000055269,0.0
ENSBTAG00000004664,0.0
ENSBTAG00000051611,0.0
ENSBTAG00000015436,0.0
ENSBTAG00000003408,0.0
ENSBTAG00000025612,0.0
ENSBTAG00000051342,0.0
ENSBTAG00000045514,0.0
ENSBTAG00000045659,0.0
ENSBTAG00000038139,0.0
ENSBTAG00000002866,0.0
ENSBTAG00000030567,0.0
ENSBTAG00000000184,0.0
ENSBTAG00000009033,0.0
ENSBTAG00000030566,0.0
ENSBTAG00000004364,0.0
ENSBTAG00000018054,0.0
ENSBTAG00000015327,0.0
ENSBTAG00000021120,0.0
ENSBTAG00000002542,0.0
ENSBTAG00000002545,0.0
ENSBTAG00000053986,0.0
ENSBTAG00000021141,0.0
ENSBTAG00000021140,0.0
ENSBTAG00000020947,0.0
ENSBTAG00000052021,0.0
ENSBTAG00000013589,0.0
ENSBTAG00000013580,0.0
ENSBTAG00000015343,0.0
ENSBTAG00000020959,0.0
ENSBTAG00000010195,0.0
ENSBTAG00000030540,0.0
ENSBTAG00000010208,0.0
ENSBTAG00000012480,0.0
ENSBTAG00000012484,0.0
ENSBTAG00000004824,0.0
ENSBTAG00000012485,0.0
ENSBTAG00000036101,0.0
ENSBTAG00000054778,0.0
ENSBTAG00000055215,0.0
ENSBTAG00000004823,0.0
ENSBTAG00000003307,0.0
ENSBTAG00000036099,0.0
ENSBTAG00000013030,0.0
ENSBTAG00000038831,0.0
ENSBTAG00000054392,0.0
ENSBTAG00000010601,0.0
ENSBTAG00000010613,0.0
ENSBTAG00000006482,0.0
ENSBTAG00000010626,0.0
ENSBTAG00000006481,0.0
ENSBTAG00000010653,0.0
ENSBTAG00000011601,0.0
ENSBTAG00000017922,0.0
ENSBTAG00000001932,0.0
ENSBTAG00000024000,0.0
ENSBTAG00000047816,0.0
ENSBTAG00000039981,0.0
ENSBTAG00000053497,0.0
ENSBTAG00000001933,0.0
ENSBTAG00000031828,0.0
ENSBTAG00000021230,0.0
ENSBTAG00000030521,0.0
ENSBTAG00000049841,0.0
ENSBTAG00000054738,0.0
ENSBTAG00000010691,0.0
ENSBTAG00000018291,0.0
ENSBTAG00000018289,0.0
ENSBTAG00000018286,0.0
ENSBTAG00000019513,0.0
ENSBTAG00000015437,0.0
ENSBTAG00000018285,0.0
ENSBTAG00000023997,0.0
ENSBTAG00000008973,0.0
ENSBTAG00000038477,0.0
ENSBTAG00000002936,0.0
ENSBTAG00000019453,0.0
ENSBTAG00000020873,0.0
ENSBTAG00000048587,0.0
ENSBTAG00000020305,0.0
ENSBTAG00000005432,0.0
ENSBTAG00000021935,0.0
ENSBTAG00000020307,0.0
ENSBTAG00000020311,0.0
ENSBTAG00000021934,0.0
ENSBTAG00000038116,0.0
ENSBTAG00000020313,0.0
ENSBTAG00000031731,0.0
ENSBTAG00000020630,0.0
ENSBTAG00000048762,0.0
ENSBTAG00000051959,0.0
ENSBTAG00000004204,0.0
ENSBTAG00000008726,0.0
ENSBTAG00000005654,0.0
ENSBTAG00000052823,0.0
ENSBTAG00000002319,0.0
ENSBTAG00000049566,0.0
ENSBTAG00000020747,0.0
ENSBTAG00000048071,0.0
ENSBTAG00000017976,0.0
ENSBTAG00000017982,0.0
ENSBTAG00000017473,0.0
ENSBTAG00000006075,0.0
ENSBTAG00000052140,0.0
ENSBTAG00000021896,0.0
ENSBTAG00000050900,0.0
ENSBTAG00000004542,0.0
ENSBTAG00000050974,0.0
ENSBTAG00000004400,0.0
ENSBTAG00000010805,0.0
ENSBTAG00000010810,0.0
ENSBTAG00000052831,0.0
ENSBTAG00000020791,0.0
ENSBTAG00000031669,0.0
ENSBTAG00000054157,0.0
ENSBTAG00000007135,0.0
ENSBTAG00000000382,0.0
ENSBTAG00000011314,0.0
ENSBTAG00000053838,0.0
ENSBTAG00000007235,0.0
ENSBTAG00000024822,0.0
ENSBTAG00000000168,0.0
ENSBTAG00000018710,0.0
ENSBTAG00000000374,0.0
ENSBTAG00000023697,0.0
ENSBTAG00000019254,0.0
ENSBTAG00000047149,0.0
ENSBTAG00000006025,0.0
ENSBTAG00000023801,0.0
ENSBTAG00000003530,0.0
ENSBTAG00000004091,0.0
ENSBTAG00000004092,0.0
ENSBTAG00000005189,0.0
ENSBTAG00000005190,0.0
ENSBTAG00000006027,0.0
ENSBTAG00000012772,0.0
ENSBTAG00000021373,0.0
ENSBTAG00000007486,0.0
ENSBTAG00000004194,0.0
ENSBTAG00000030319,0.0
ENSBTAG00000014678,0.0
ENSBTAG00000020249,0.0
ENSBTAG00000038972,0.0
ENSBTAG00000018975,0.0
ENSBTAG00000006008,0.0
ENSBTAG00000039851,0.0
ENSBTAG00000020490,0.0
ENSBTAG00000046939,0.0
ENSBTAG00000011124,0.0
ENSBTAG00000011129,0.0
ENSBTAG00000052898,0.0
ENSBTAG00000023064,0.0
ENSBTAG00000018799,0.0
ENSBTAG00000012880,0.0
ENSBTAG00000006572,0.0
ENSBTAG00000000054,0.0
ENSBTAG00000001352,0.0
ENSBTAG00000001353,0.0
ENSBTAG00000001354,0.0
ENSBTAG00000023933,0.0
ENSBTAG00000054363,0.0
ENSBTAG00000022799,0.0
ENSBTAG00000049379,0.0
ENSBTAG00000030278,0.0
ENSBTAG00000025161,0.0
ENSBTAG00000053674,0.0
ENSBTAG00000021928,0.0
ENSBTAG00000048781,0.0
ENSBTAG00000030281,0.0
ENSBTAG00000049030,0.0
ENSBTAG00000011554,0.0
ENSBTAG00000011556,0.0
ENSBTAG00000011559,0.0
ENSBTAG00000030384,0.0
ENSBTAG00000000046,0.0
ENSBTAG00000051352,0.0
ENSBTAG00000004140,0.0
ENSBTAG00000019721,0.0
ENSBTAG00000015093,0.0
ENSBTAG00000051781,0.0
ENSBTAG00000015097,0.0
ENSBTAG00000001824,0.0
ENSBTAG00000013242,0.0
ENSBTAG00000007492,0.0
ENSBTAG00000004508,0.0
ENSBTAG00000004510,0.0
ENSBTAG00000010582,0.0
ENSBTAG00000050776,0.0
ENSBTAG00000047031,0.0
ENSBTAG00000013254,0.0
ENSBTAG00000017851,0.0
ENSBTAG00000050928,0.0
ENSBTAG00000048424,0.0
ENSBTAG00000051819,0.0
ENSBTAG00000009290,0.0
ENSBTAG00000049111,0.0
ENSBTAG00000004531,0.0
ENSBTAG00000047998,0.0
ENSBTAG00000048155,0.0
ENSBTAG00000054425,0.0
ENSBTAG00000038584,0.0
ENSBTAG00000052600,0.0
ENSBTAG00000054877,0.0
ENSBTAG00000052127,0.0
ENSBTAG00000049718,0.0
ENSBTAG00000019867,0.0
ENSBTAG00000018046,0.0
ENSBTAG00000000899,0.0
ENSBTAG00000054638,0.0
ENSBTAG00000030317,0.0
ENSBTAG00000049410,0.0
ENSBTAG00000005688,0.0
ENSBTAG00000016148,0.0
ENSBTAG00000055064,0.0
ENSBTAG00000017005,0.0
ENSBTAG00000013889,0.0
ENSBTAG00000044173,0.0
ENSBTAG00000006760,0.0
ENSBTAG00000000933,0.0
ENSBTAG00000005151,0.0
ENSBTAG00000023318,0.0
ENSBTAG00000019295,0.0
ENSBTAG00000039573,0.0
ENSBTAG00000039708,0.0
ENSBTAG00000050722,0.0
ENSBTAG00000000111,0.0
ENSBTAG00000030302,0.0
ENSBTAG00000010497,0.0
ENSBTAG00000010515,0.0
ENSBTAG00000052909,0.0
ENSBTAG00000000115,0.0
ENSBTAG00000039531,0.0
ENSBTAG00000015074,0.0
ENSBTAG00000020865,0.0
ENSBTAG00000030296,0.0
ENSBTAG00000049497,0.0
ENSBTAG00000015085,0.0
ENSBTAG00000053585,0.0
ENSBTAG00000048449,0.0
ENSBTAG00000055296,0.0
ENSBTAG00000009299,0.0
ENSBTAG00000049564,0.0
ENSBTAG00000049341,0.0
ENSBTAG00000050435,0.0
ENSBTAG00000007763,0.0
ENSBTAG00000016717,0.0
ENSBTAG00000009761,0.0
ENSBTAG00000046516,0.0
ENSBTAG00000046140,0.0
ENSBTAG00000048125,0.0
ENSBTAG00000008448,0.0
ENSBTAG00000047807,0.0
ENSBTAG00000048054,0.0
ENSBTAG00000046775,0.0
ENSBTAG00000047958,0.0
ENSBTAG00000053827,0.0
ENSBTAG00000011727,0.0
ENSBTAG00000047202,0.0
ENSBTAG00000049029,0.0
ENSBTAG00000047964,0.0
ENSBTAG00000046223,0.0
ENSBTAG00000046415,0.0
ENSBTAG00000047715,0.0
ENSBTAG00000053425,0.0
ENSBTAG00000047061,0.0
ENSBTAG00000047357,0.0
ENSBTAG00000045711,0.0
ENSBTAG00000046418,0.0
ENSBTAG00000049002,0.0
ENSBTAG00000052518,0.0
ENSBTAG00000020646,0.0
ENSBTAG00000004095,0.0
ENSBTAG00000052442,0.0
ENSBTAG00000021861,0.0
ENSBTAG00000009230,0.0
ENSBTAG00000010595,0.0
ENSBTAG00000012099,0.0
ENSBTAG00000010604,0.0
ENSBTAG00000010619,0.0
ENSBTAG00000001408,0.0
ENSBTAG00000009658,0.0
ENSBTAG00000023787,0.0
ENSBTAG00000046122,0.0
ENSBTAG00000005828,0.0
ENSBTAG00000023788,0.0
ENSBTAG00000012121,0.0
ENSBTAG00000047772,0.0
ENSBTAG00000018401,0.0
ENSBTAG00000030246,0.0
ENSBTAG00000023976,0.0
ENSBTAG00000030247,0.0
ENSBTAG00000000992,0.0
ENSBTAG00000038835,0.0
ENSBTAG00000017199,0.0
ENSBTAG00000012949,0.0
ENSBTAG00000012126,0.0
ENSBTAG00000007808,0.0
ENSBTAG00000017626,0.0
ENSBTAG00000000141,0.0
ENSBTAG00000027991,0.0
ENSBTAG00000009343,0.0
ENSBTAG00000039138,0.0
ENSBTAG00000038691,0.0
ENSBTAG00000012144,0.0
ENSBTAG00000012147,0.0
ENSBTAG00000001105,0.0
ENSBTAG00000012148,0.0
ENSBTAG00000001108,0.0
ENSBTAG00000037746,0.0
ENSBTAG00000001042,0.0
ENSBTAG00000006497,0.0
ENSBTAG00000008985,0.0
ENSBTAG00000016939,0.0
ENSBTAG00000019182,0.0
ENSBTAG00000002783,0.0
ENSBTAG00000053210,0.0
ENSBTAG00000007882,0.0
ENSBTAG00000001662,0.0
ENSBTAG00000015865,0.0
ENSBTAG00000021735,0.0
ENSBTAG00000008946,0.0
ENSBTAG00000054158,0.0
ENSBTAG00000023744,0.0
ENSBTAG00000007379,0.0
ENSBTAG00000007378,0.0
ENSBTAG00000016934,0.0
ENSBTAG00000044021,0.0
ENSBTAG00000018196,0.0
ENSBTAG00000053233,0.0
ENSBTAG00000031347,0.0
ENSBTAG00000012447,0.0
ENSBTAG00000051068,0.0
ENSBTAG00000054306,0.0
ENSBTAG00000024105,0.0
ENSBTAG00000021181,0.0
ENSBTAG00000046419,0.0
ENSBTAG00000052885,0.0
ENSBTAG00000048347,0.0
ENSBTAG00000023929,0.0
ENSBTAG00000007675,0.0
ENSBTAG00000024091,0.0
ENSBTAG00000031335,0.0
ENSBTAG00000031332,0.0
ENSBTAG00000055077,0.0
ENSBTAG00000034586,0.0
ENSBTAG00000018680,0.0
ENSBTAG00000034657,0.0
ENSBTAG00000008241,0.0
ENSBTAG00000001947,0.0
ENSBTAG00000048358,0.0
ENSBTAG00000001952,0.0
ENSBTAG00000003906,0.0
ENSBTAG00000003904,0.0
ENSBTAG00000017955,0.0
ENSBTAG00000049389,0.0
ENSBTAG00000011553,0.0
ENSBTAG00000011558,0.0
ENSBTAG00000009510,0.0
ENSBTAG00000003902,0.0
ENSBTAG00000055309,0.0
ENSBTAG00000020348,0.0
ENSBTAG00000020350,0.0
ENSBTAG00000018372,0.0
ENSBTAG00000046280,0.0
ENSBTAG00000052307,0.0
ENSBTAG00000018157,0.0
ENSBTAG00000015667,0.0
ENSBTAG00000015659,0.0
ENSBTAG00000018156,0.0
ENSBTAG00000000848,0.0
ENSBTAG00000018153,0.0
ENSBTAG00000019522,0.0
ENSBTAG00000048670,0.0
ENSBTAG00000034995,0.0
ENSBTAG00000019518,0.0
ENSBTAG00000019515,0.0
ENSBTAG00000012925,0.0
ENSBTAG00000019510,0.0
ENSBTAG00000002965,0.0
ENSBTAG00000017283,0.0
ENSBTAG00000004497,0.0
ENSBTAG00000018269,0.0
ENSBTAG00000014090,0.0
ENSBTAG00000018267,0.0
ENSBTAG00000018262,0.0
ENSBTAG00000011381,0.0
ENSBTAG00000017894,0.0
ENSBTAG00000003963,0.0
ENSBTAG00000031185,0.0
ENSBTAG00000006832,0.0
ENSBTAG00000047596,0.0
ENSBTAG00000007077,0.0
ENSBTAG00000051104,0.0
ENSBTAG00000011325,0.0
ENSBTAG00000011324,0.0
ENSBTAG00000013403,0.0
ENSBTAG00000017423,0.0
ENSBTAG00000003975,0.0
ENSBTAG00000019213,0.0
ENSBTAG00000051160,0.0
ENSBTAG00000010846,0.0
ENSBTAG00000010849,0.0
ENSBTAG00000035244,0.0
ENSBTAG00000008884,0.0
ENSBTAG00000021920,0.0
ENSBTAG00000018576,0.0
ENSBTAG00000023938,0.0
ENSBTAG00000018761,0.0
ENSBTAG00000006019,0.0
ENSBTAG00000053107,0.0
ENSBTAG00000051102,0.0
ENSBTAG00000048041,0.0
ENSBTAG00000005041,0.0
ENSBTAG00000031150,0.0
ENSBTAG00000009650,0.0
ENSBTAG00000048909,0.0
ENSBTAG00000009649,0.0
ENSBTAG00000006744,0.0
ENSBTAG00000007837,0.0
ENSBTAG00000017330,0.0
ENSBTAG00000034384,0.0
ENSBTAG00000005736,0.0
ENSBTAG00000010083,0.0
ENSBTAG00000054062,0.0
ENSBTAG00000015038,0.0
ENSBTAG00000004814,0.0
ENSBTAG00000015037,0.0
ENSBTAG00000000985,0.0
ENSBTAG00000014873,0.0
ENSBTAG00000014877,0.0
ENSBTAG00000019983,0.0
ENSBTAG00000010388,0.0
ENSBTAG00000021072,0.0
ENSBTAG00000018991,0.0
ENSBTAG00000048207,0.0
ENSBTAG00000003965,0.0
ENSBTAG00000003970,0.0
ENSBTAG00000038949,0.0
ENSBTAG00000050309,0.0
ENSBTAG00000004544,0.0
ENSBTAG00000021143,0.0
ENSBTAG00000034255,0.0
ENSBTAG00000043999,0.0
ENSBTAG00000054828,0.0
ENSBTAG00000007897,0.0
ENSBTAG00000018239,0.0
ENSBTAG00000004328,0.0
ENSBTAG00000034184,0.0
ENSBTAG00000018705,0.0
ENSBTAG00000050215,0.0
ENSBTAG00000019697,0.0
ENSBTAG00000015014,0.0
ENSBTAG00000015012,0.0
ENSBTAG00000015007,0.0
ENSBTAG00000049243,0.0
ENSBTAG00000025898,0.0
ENSBTAG00000023172,0.0
ENSBTAG00000008267,0.0
ENSBTAG00000008269,0.0
ENSBTAG00000021161,0.0
ENSBTAG00000033998,0.0
ENSBTAG00000054755,0.0
ENSBTAG00000013023,0.0
ENSBTAG00000005273,0.0
ENSBTAG00000005704,0.0
ENSBTAG00000018571,0.0
ENSBTAG00000051942,0.0
ENSBTAG00000001034,0.0
ENSBTAG00000033748,0.0
ENSBTAG00000024075,0.0
ENSBTAG00000001706,0.0
ENSBTAG00000001714,0.0
ENSBTAG00000053455,0.0
ENSBTAG00000038462,0.0
ENSBTAG00000052915,0.0
ENSBTAG00000049738,0.0
ENSBTAG00000050631,0.0
ENSBTAG00000000261,0.0
ENSBTAG00000050523,0.0
ENSBTAG00000006150,0.0
ENSBTAG00000048142,0.0
ENSBTAG00000030864,0.0
ENSBTAG00000021731,0.0
ENSBTAG00000012332,0.0
ENSBTAG00000001086,0.0
ENSBTAG00000003404,0.0
ENSBTAG00000003405,0.0
ENSBTAG00000003407,0.0
ENSBTAG00000015575,0.0
ENSBTAG00000003409,0.0
ENSBTAG00000016987,0.0
ENSBTAG00000017189,0.0
ENSBTAG00000002034,0.0
ENSBTAG00000013108,0.0
ENSBTAG00000049427,0.0
ENSBTAG00000002033,0.0
ENSBTAG00000006989,0.0
ENSBTAG00000017255,0.0
ENSBTAG00000006988,0.0
ENSBTAG00000018579,0.0
ENSBTAG00000018578,0.0
ENSBTAG00000020124,0.0
ENSBTAG00000020123,0.0
ENSBTAG00000016609,0.0
ENSBTAG00000052063,0.0
ENSBTAG00000051550,0.0
ENSBTAG00000016606,0.0
ENSBTAG00000016602,0.0
ENSBTAG00000016600,0.0
ENSBTAG00000016599,0.0
ENSBTAG00000001844,0.0
ENSBTAG00000001843,0.0
ENSBTAG00000001840,0.0
ENSBTAG00000030834,0.0
ENSBTAG00000051889,0.0
ENSBTAG00000000490,0.0
ENSBTAG00000008505,0.0
ENSBTAG00000000489,0.0
ENSBTAG00000040226,0.0
ENSBTAG00000031014,0.0
ENSBTAG00000037856,0.0
ENSBTAG00000015490,0.0
ENSBTAG00000049117,0.0
ENSBTAG00000004887,0.0
ENSBTAG00000011155,0.0
ENSBTAG00000053277,0.0
ENSBTAG00000011154,0.0
ENSBTAG00000010072,0.0
ENSBTAG00000050408,0.0
ENSBTAG00000020894,0.0
ENSBTAG00000004884,0.0
ENSBTAG00000052052,0.0
ENSBTAG00000020893,0.0
ENSBTAG00000049783,0.0
ENSBTAG00000004881,0.0
ENSBTAG00000051164,0.0
ENSBTAG00000006259,0.0
ENSBTAG00000050675,0.0
ENSBTAG00000015587,0.0
ENSBTAG00000008113,0.0
ENSBTAG00000022381,0.0
ENSBTAG00000005270,0.0
ENSBTAG00000012037,0.0
ENSBTAG00000023928,0.0
ENSBTAG00000051528,0.0
ENSBTAG00000015441,0.0
ENSBTAG00000039113,0.0
ENSBTAG00000020059,0.0
ENSBTAG00000009600,0.0
ENSBTAG00000039878,0.0
ENSBTAG00000018256,0.0
ENSBTAG00000033255,0.0
ENSBTAG00000017158,0.0
ENSBTAG00000037812,0.0
ENSBTAG00000011176,0.0
ENSBTAG00000047969,0.0
ENSBTAG00000012779,0.0
ENSBTAG00000023372,0.0
ENSBTAG00000011172,0.0
ENSBTAG00000009906,0.0
ENSBTAG00000024058,0.0
ENSBTAG00000012759,0.0
ENSBTAG00000012756,0.0
ENSBTAG00000008765,0.0
ENSBTAG00000008764,0.0
ENSBTAG00000024061,0.0
ENSBTAG00000008035,0.0
ENSBTAG00000006162,0.0
ENSBTAG00000050078,0.0
ENSBTAG00000049635,0.0
ENSBTAG00000001866,0.0
ENSBTAG00000021961,0.0
ENSBTAG00000020799,0.0
ENSBTAG00000048355,0.0
ENSBTAG00000012212,0.0
ENSBTAG00000051895,0.0
ENSBTAG00000051899,0.0
ENSBTAG00000014081,0.0
ENSBTAG00000013290,0.0
ENSBTAG00000009242,0.0
ENSBTAG00000054656,0.0
ENSBTAG00000014668,0.0
ENSBTAG00000010623,0.0
ENSBTAG00000010620,0.0
ENSBTAG00000004562,0.0
ENSBTAG00000004560,0.0
ENSBTAG00000008905,0.0
ENSBTAG00000009076,0.0
ENSBTAG00000000783,0.0
ENSBTAG00000050557,0.0
ENSBTAG00000008674,0.0
ENSBTAG00000012519,0.0
ENSBTAG00000003108,0.0
ENSBTAG00000033887,0.0
ENSBTAG00000009246,0.0
ENSBTAG00000049576,0.0
ENSBTAG00000021694,0.0
ENSBTAG00000010898,0.0
ENSBTAG00000008223,0.0
ENSBTAG00000048521,0.0
ENSBTAG00000033041,0.0
ENSBTAG00000022142,0.0
ENSBTAG00000001730,0.0
ENSBTAG00000001744,0.0
ENSBTAG00000002042,0.0
ENSBTAG00000002044,0.0
ENSBTAG00000002045,0.0
ENSBTAG00000001076,0.0
ENSBTAG00000016722,0.0
ENSBTAG00000020575,0.0
ENSBTAG00000004948,0.0
ENSBTAG00000019284,0.0
ENSBTAG00000048646,0.0
ENSBTAG00000048404,0.0
ENSBTAG00000007689,0.0
ENSBTAG00000003691,0.0
ENSBTAG00000027932,0.0
ENSBTAG00000015402,0.0
ENSBTAG00000048286,0.0
ENSBTAG00000005847,0.0
ENSBTAG00000048065,0.0
ENSBTAG00000020297,0.0
ENSBTAG00000001903,0.0
ENSBTAG00000051605,0.0
ENSBTAG00000033010,0.0
ENSBTAG00000052276,0.0
ENSBTAG00000008548,0.0
ENSBTAG00000009020,0.0
ENSBTAG00000009021,0.0
ENSBTAG00000024980,0.0
ENSBTAG00000014310,0.0
ENSBTAG00000003861,0.0
ENSBTAG00000008707,0.0
ENSBTAG00000048620,0.0
ENSBTAG00000039770,0.0
ENSBTAG00000053553,0.0
ENSBTAG00000001113,0.0
ENSBTAG00000001114,0.0
ENSBTAG00000013923,0.0
ENSBTAG00000023736,0.0
ENSBTAG00000052834,0.0
ENSBTAG00000032905,0.0
ENSBTAG00000010531,0.0
ENSBTAG00000016167,0.0
ENSBTAG00000049310,0.0
ENSBTAG00000020567,0.0
ENSBTAG00000021102,0.0
ENSBTAG00000014891,0.0
ENSBTAG00000012984,0.0
ENSBTAG00000015521,0.0
ENSBTAG00000014679,0.0
ENSBTAG00000024042,0.0
ENSBTAG00000017039,0.0
ENSBTAG00000011643,0.0
ENSBTAG00000032775,0.0
ENSBTAG00000017318,0.0
ENSBTAG00000004722,0.0
ENSBTAG00000013861,0.0
ENSBTAG00000051275,0.0
ENSBTAG00000026034,0.0
ENSBTAG00000052119,0.0
ENSBTAG00000019382,0.0
ENSBTAG00000010935,0.0
ENSBTAG00000051513,0.0
ENSBTAG00000000705,0.0
ENSBTAG00000048539,0.0
ENSBTAG00000032623,0.0
ENSBTAG00000004073,0.0
ENSBTAG00000004076,0.0
ENSBTAG00000051368,0.0
ENSBTAG00000053043,0.0
ENSBTAG00000049348,0.0
ENSBTAG00000003553,0.0
ENSBTAG00000003555,0.0
ENSBTAG00000032521,0.0
ENSBTAG00000013676,0.0
ENSBTAG00000016365,0.0
ENSBTAG00000016366,0.0
ENSBTAG00000016368,0.0
ENSBTAG00000054517,0.0
ENSBTAG00000016794,0.0
ENSBTAG00000000223,0.0
ENSBTAG00000002868,0.0
ENSBTAG00000005827,0.0
ENSBTAG00000010116,0.0
ENSBTAG00000050418,0.0
ENSBTAG00000010113,0.0
ENSBTAG00000008147,0.0
ENSBTAG00000008145,0.0
ENSBTAG00000008144,0.0
ENSBTAG00000017992,0.0
ENSBTAG00000026637,0.0
ENSBTAG00000047024,0.0
ENSBTAG00000048406,0.0
ENSBTAG00000019410,0.0
ENSBTAG00000003015,0.0
ENSBTAG00000036087,0.0
ENSBTAG00000048783,0.0
ENSBTAG00000011234,0.0
ENSBTAG00000014592,0.0
ENSBTAG00000045504,0.0
ENSBTAG00000018801,0.0
ENSBTAG00000013991,0.0
ENSBTAG00000010148,0.0
ENSBTAG00000010134,0.0
ENSBTAG00000023792,0.0
ENSBTAG00000016562,0.0
ENSBTAG00000005699,0.0
ENSBTAG00000019175,0.0
ENSBTAG00000052829,0.0
ENSBTAG00000021859,0.0
ENSBTAG00000012534,0.0
ENSBTAG00000021398,0.0
ENSBTAG00000017557,0.0
ENSBTAG00000017554,0.0
ENSBTAG00000017527,0.0
ENSBTAG00000005400,0.0
ENSBTAG00000048760,0.0
ENSBTAG00000054637,0.0
ENSBTAG00000000816,0.0
ENSBTAG00000016281,0.0
ENSBTAG00000046017,0.0
ENSBTAG00000018790,0.0
ENSBTAG00000001533,0.0
ENSBTAG00000051738,0.0
ENSBTAG00000053858,0.0
ENSBTAG00000033153,0.0
ENSBTAG00000020482,0.0
ENSBTAG00000002294,0.0
ENSBTAG00000014104,0.0
ENSBTAG00000052778,0.0
ENSBTAG00000049852,0.0
ENSBTAG00000005449,0.0
ENSBTAG00000006095,0.0
ENSBTAG00000054078,0.0
ENSBTAG00000015744,0.0
ENSBTAG00000018528,0.0
ENSBTAG00000038931,0.0
ENSBTAG00000019730,0.0
ENSBTAG00000019729,0.0
ENSBTAG00000044061,0.0
ENSBTAG00000005729,0.0
ENSBTAG00000024773,0.0
ENSBTAG00000000629,0.0
ENSBTAG00000005301,0.0
ENSBTAG00000003174,0.0
ENSBTAG00000049129,0.0
ENSBTAG00000002915,0.0
ENSBTAG00000001803,0.0
ENSBTAG00000020410,0.0
ENSBTAG00000051626,0.0
ENSBTAG00000051581,0.0
ENSBTAG00000007989,0.0
ENSBTAG00000052032,0.0
ENSBTAG00000005026,0.0
ENSBTAG00000033083,0.0
ENSBTAG00000003743,0.0
ENSBTAG00000055091,0.0
ENSBTAG00000049952,0.0
ENSBTAG00000002625,0.0
ENSBTAG00000020713,0.0
ENSBTAG00000011315,0.0
ENSBTAG00000011313,0.0
ENSBTAG00000001644,0.0
ENSBTAG00000026604,0.0
ENSBTAG00000003455,0.0
ENSBTAG00000050934,0.0
ENSBTAG00000018438,0.0
ENSBTAG00000018436,0.0
ENSBTAG00000011672,0.0
ENSBTAG00000011667,0.0
ENSBTAG00000049831,0.0
ENSBTAG00000046235,0.0
ENSBTAG00000019110,0.0
ENSBTAG00000002725,0.0
ENSBTAG00000054523,0.0
ENSBTAG00000019469,0.0
ENSBTAG00000003764,0.0
ENSBTAG00000016969,0.0
ENSBTAG00000016967,0.0
ENSBTAG00000014057,0.0
ENSBTAG00000014054,0.0
ENSBTAG00000017879,0.0
ENSBTAG00000021663,0.0
ENSBTAG00000046612,0.0
ENSBTAG00000000609,0.0
ENSBTAG00000016138,0.0
ENSBTAG00000026580,0.0
ENSBTAG00000050319,0.0
ENSBTAG00000018408,0.0
ENSBTAG00000050176,0.0
ENSBTAG00000054339,0.0
ENSBTAG00000052638,0.0
ENSBTAG00000003384,0.0
ENSBTAG00000000257,0.0
ENSBTAG00000013591,0.0
ENSBTAG00000004795,0.0
ENSBTAG00000026578,0.0
ENSBTAG00000015615,0.0
ENSBTAG00000020829,0.0
ENSBTAG00000010229,0.0
ENSBTAG00000054952,0.0
ENSBTAG00000015381,0.0
ENSBTAG00000021446,0.0
ENSBTAG00000017393,0.0
ENSBTAG00000021361,0.0
ENSBTAG00000040543,0.0
ENSBTAG00000049209,0.0
ENSBTAG00000005960,0.0
ENSBTAG00000000240,0.0
ENSBTAG00000051600,0.0
ENSBTAG00000012403,0.0
ENSBTAG00000012418,0.0
ENSBTAG00000020196,0.0
ENSBTAG00000021830,0.0
ENSBTAG00000006367,0.0
ENSBTAG00000053423,0.0
ENSBTAG00000019460,0.0
ENSBTAG00000017139,0.0
ENSBTAG00000048313,0.0
ENSBTAG00000052548,0.0
ENSBTAG00000054490,0.0
ENSBTAG00000048868,0.0
ENSBTAG00000049448,0.0
ENSBTAG00000040489,0.0
ENSBTAG00000038761,0.0
ENSBTAG00000047985,0.0
ENSBTAG00000039615,0.0
ENSBTAG00000040533,0.0
ENSBTAG00000038414,0.0
ENSBTAG00000037718,0.0
ENSBTAG00000015094,0.0
ENSBTAG00000048464,0.0
ENSBTAG00000016357,0.0
ENSBTAG00000015242,0.0
ENSBTAG00000001360,0.0
ENSBTAG00000021970,0.0
ENSBTAG00000021827,0.0
ENSBTAG00000035370,0.0
ENSBTAG00000019002,0.0
ENSBTAG00000004269,0.0
ENSBTAG00000048577,0.0
ENSBTAG00000054673,0.0
ENSBTAG00000007975,0.0
ENSBTAG00000020174,0.0
ENSBTAG00000012074,0.0
ENSBTAG00000046495,0.0
ENSBTAG00000051219,0.0
ENSBTAG00000007799,0.0
ENSBTAG00000007802,0.0
ENSBTAG00000001598,0.0
ENSBTAG00000009065,0.0
ENSBTAG00000016791,0.0
ENSBTAG00000016793,0.0
ENSBTAG00000015638,0.0
ENSBTAG00000017000,0.0
ENSBTAG00000012544,0.0
ENSBTAG00000008749,0.0
ENSBTAG00000000436,0.0
ENSBTAG00000020097,0.0
ENSBTAG00000017370,0.0
ENSBTAG00000000243,0.0
ENSBTAG00000000245,0.0
ENSBTAG00000015516,0.0
ENSBTAG00000027312,0.0
ENSBTAG00000012299,0.0
ENSBTAG00000001446,0.0
ENSBTAG00000024595,0.0
ENSBTAG00000002964,0.0
ENSBTAG00000052963,0.0
ENSBTAG00000052619,0.0
ENSBTAG00000043954,0.0
ENSBTAG00000005851,0.0
ENSBTAG00000020707,0.0
ENSBTAG00000051273,0.0
ENSBTAG00000050886,0.0
ENSBTAG00000003496,0.0
ENSBTAG00000026519,0.0
ENSBTAG00000001747,0.0
ENSBTAG00000001752,0.0
ENSBTAG00000016498,0.0
ENSBTAG00000032163,0.0
ENSBTAG00000008159,0.0
ENSBTAG00000026523,0.0
ENSBTAG00000009795,0.0
ENSBTAG00000011236,0.0
ENSBTAG00000009665,0.0
ENSBTAG00000053778,0.0
ENSBTAG00000015181,0.0
ENSBTAG00000005376,0.0
ENSBTAG00000008112,0.0
ENSBTAG00000054706,0.0
ENSBTAG00000044181,0.0
ENSBTAG00000009784,0.0
ENSBTAG00000037531,0.0
ENSBTAG00000016844,0.0
ENSBTAG00000052243,0.0
ENSBTAG00000050346,0.0
ENSBTAG00000021107,0.0
ENSBTAG00000038112,0.0
ENSBTAG00000052123,0.0
ENSBTAG00000036287,0.0
ENSBTAG00000001826,0.0
ENSBTAG00000051913,0.0
ENSBTAG00000013454,0.0
ENSBTAG00000016980,0.0
ENSBTAG00000000880,0.0
ENSBTAG00000032024,0.0
ENSBTAG00000015076,0.0
ENSBTAG00000050728,0.0
ENSBTAG00000010196,0.0
ENSBTAG00000010204,0.0
ENSBTAG00000047902,0.0
ENSBTAG00000038891,0.0
ENSBTAG00000052230,0.0
ENSBTAG00000024751,0.0
ENSBTAG00000036061,0.0
ENSBTAG00000050143,0.0
ENSBTAG00000039329,0.0
ENSBTAG00000026586,0.0
ENSBTAG00000015935,0.0
ENSBTAG00000048114,0.0
ENSBTAG00000009679,0.0
ENSBTAG00000009846,0.0
ENSBTAG00000014788,0.0
ENSBTAG00000014790,0.0
ENSBTAG00000013224,0.0
ENSBTAG00000004098,0.0
ENSBTAG00000006398,0.0
ENSBTAG00000004099,0.0
ENSBTAG00000007159,0.0
ENSBTAG00000009362,0.0
ENSBTAG00000052949,0.0
ENSBTAG00000054309,0.0
ENSBTAG00000052173,0.0
ENSBTAG00000054597,0.0
ENSBTAG00000043975,0.0
ENSBTAG00000013400,0.0
ENSBTAG00000021193,0.0
ENSBTAG00000009275,0.0
ENSBTAG00000009277,0.0
ENSBTAG00000019719,0.0
ENSBTAG00000003489,0.0
ENSBTAG00000012674,0.0
ENSBTAG00000020723,0.0
ENSBTAG00000031917,0.0
ENSBTAG00000048691,0.0
ENSBTAG00000048759,0.0
ENSBTAG00000010047,0.0
ENSBTAG00000031895,0.0
ENSBTAG00000046726,0.0
ENSBTAG00000013551,0.0
ENSBTAG00000054101,0.0
ENSBTAG00000002728,0.0
ENSBTAG00000045772,0.0
ENSBTAG00000007201,0.0
ENSBTAG00000049944,0.0
ENSBTAG00000054079,0.0
ENSBTAG00000006323,0.0
ENSBTAG00000052926,0.0
ENSBTAG00000048573,0.0
ENSBTAG00000000817,0.0
ENSBTAG00000011509,0.0
ENSBTAG00000008543,0.0
ENSBTAG00000052673,0.0
ENSBTAG00000005083,0.0
ENSBTAG00000045898,0.0
ENSBTAG00000010838,0.0
ENSBTAG00000004472,0.0
ENSBTAG00000010334,0.0
ENSBTAG00000010347,0.0
ENSBTAG00000005955,0.0
ENSBTAG00000031701,0.0
ENSBTAG00000049040,0.0
ENSBTAG00000050924,0.0
ENSBTAG00000003938,0.0
ENSBTAG00000052316,0.0
ENSBTAG00000006523,0.0
ENSBTAG00000007974,0.0
ENSBTAG00000002827,0.0
ENSBTAG00000002829,0.0
ENSBTAG00000001289,0.0
ENSBTAG00000015166,0.0
ENSBTAG00000031724,0.0
ENSBTAG00000002402,0.0
ENSBTAG00000008540,0.0
ENSBTAG00000009583,0.0
ENSBTAG00000039080,0.0
ENSBTAG00000001271,0.0
ENSBTAG00000048367,0.0
ENSBTAG00000020079,0.0
ENSBTAG00000052236,0.0
ENSBTAG00000007668,0.0
ENSBTAG00000054093,0.0
ENSBTAG00000036273,0.0
ENSBTAG00000002275,0.0
ENSBTAG00000019139,0.0
ENSBTAG00000050873,0.0
ENSBTAG00000018996,0.0
ENSBTAG00000054972,0.0
ENSBTAG00000052141,0.0
ENSBTAG00000011106,0.0
ENSBTAG00000015335,0.0
ENSBTAG00000011593,0.0
ENSBTAG00000048502,0.0
ENSBTAG00000050769,0.0
ENSBTAG00000015485,0.0
ENSBTAG00000007758,0.0
ENSBTAG00000016164,0.0
ENSBTAG00000035054,0.0
ENSBTAG00000045999,0.0
ENSBTAG00000052350,0.0
ENSBTAG00000002171,0.0
ENSBTAG00000027049,0.0
ENSBTAG00000038190,0.0
ENSBTAG00000020817,0.0
ENSBTAG00000016374,0.0
ENSBTAG00000051317,0.0
ENSBTAG00000018681,0.0
ENSBTAG00000002993,0.0
ENSBTAG00000027879,0.0
ENSBTAG00000021741,0.0
ENSBTAG00000014494,0.0
ENSBTAG00000014495,0.0
ENSBTAG00000054087,0.0
ENSBTAG00000014496,0.0
ENSBTAG00000014497,0.0
ENSBTAG00000031481,0.0
ENSBTAG00000014498,0.0
ENSBTAG00000052029,0.0
ENSBTAG00000005557,0.0
ENSBTAG00000020238,0.0
ENSBTAG00000007694,0.0
ENSBTAG00000031532,0.0
ENSBTAG00000013176,0.0
ENSBTAG00000018810,0.0
ENSBTAG00000009620,0.0
ENSBTAG00000049815,0.0
ENSBTAG00000003925,0.0
ENSBTAG00000003929,0.0
ENSBTAG00000000916,0.0
ENSBTAG00000000918,0.0
ENSBTAG00000049195,0.0
ENSBTAG00000003884,0.0
ENSBTAG00000007686,0.0
ENSBTAG00000011179,0.0
ENSBTAG00000050546,0.0
ENSBTAG00000045624,0.0
ENSBTAG00000047934,0.0
ENSBTAG00000055272,0.0
ENSBTAG00000007791,0.0
ENSBTAG00000034925,0.0
ENSBTAG00000019600,0.0
ENSBTAG00000021814,0.0
ENSBTAG00000000892,0.0
ENSBTAG00000016839,0.0
ENSBTAG00000014534,0.0
ENSBTAG00000044053,0.0
ENSBTAG00000013222,0.0
ENSBTAG00000054709,0.0
ENSBTAG00000053911,0.0
ENSBTAG00000020056,0.0
ENSBTAG00000005096,0.0
ENSBTAG00000005100,0.0
ENSBTAG00000000053,0.0
ENSBTAG00000032382,0.0
ENSBTAG00000005869,0.0
ENSBTAG00000016751,0.0
ENSBTAG00000021175,0.0
ENSBTAG00000016391,0.0
ENSBTAG00000037429,0.0
ENSBTAG00000054151,0.0
ENSBTAG00000034662,0.0
ENSBTAG00000020825,0.0
ENSBTAG00000024688,0.0
ENSBTAG00000049267,0.0
ENSBTAG00000052031,0.0
ENSBTAG00000043950,0.0
ENSBTAG00000055014,0.0
ENSBTAG00000015498,0.0
ENSBTAG00000005456,0.0
ENSBTAG00000012096,0.0
ENSBTAG00000000995,0.0
ENSBTAG00000026716,0.0
ENSBTAG00000049321,0.0
ENSBTAG00000039477,0.0
ENSBTAG00000019418,0.0
ENSBTAG00000000676,0.0
ENSBTAG00000000679,0.0
ENSBTAG00000052055,0.0
ENSBTAG00000009355,0.0
ENSBTAG00000046593,0.0
ENSBTAG00000003921,0.0
ENSBTAG00000003919,0.0
ENSBTAG00000003887,0.0
ENSBTAG00000034531,0.0
ENSBTAG00000008121,0.0
ENSBTAG00000012254,0.0
ENSBTAG00000052109,0.0
ENSBTAG00000001957,0.0
ENSBTAG00000001956,0.0
ENSBTAG00000046503,0.0
ENSBTAG00000048471,0.0
ENSBTAG00000000919,0.0
ENSBTAG00000051515,0.0
ENSBTAG00000003340,0.0
ENSBTAG00000003336,0.0
ENSBTAG00000033961,0.0
ENSBTAG00000052924,0.0
ENSBTAG00000051569,0.0
ENSBTAG00000033195,0.0
ENSBTAG00000003656,0.0
ENSBTAG00000038849,0.0
ENSBTAG00000052115,0.0
ENSBTAG00000021099,0.0
ENSBTAG00000021587,0.0
ENSBTAG00000033803,0.0
ENSBTAG00000004394,0.0
ENSBTAG00000000019,0.0
ENSBTAG00000012946,0.0
ENSBTAG00000053171,0.0
ENSBTAG00000001835,0.0
ENSBTAG00000009575,0.0
ENSBTAG00000039169,0.0
ENSBTAG00000024381,0.0
ENSBTAG00000015467,0.0
ENSBTAG00000002059,0.0
ENSBTAG00000002058,0.0
ENSBTAG00000012929,0.0
ENSBTAG00000012931,0.0
ENSBTAG00000033657,0.0
ENSBTAG00000053374,0.0
ENSBTAG00000039574,0.0
ENSBTAG00000016046,0.0
ENSBTAG00000047338,0.0
ENSBTAG00000047600,0.0
ENSBTAG00000046282,0.0
ENSBTAG00000000264,0.0
ENSBTAG00000033460,0.0
ENSBTAG00000026673,0.0
ENSBTAG00000003878,0.0
ENSBTAG00000011890,0.0
ENSBTAG00000026672,0.0
ENSBTAG00000009689,0.0
ENSBTAG00000033535,0.0
ENSBTAG00000045879,0.0
ENSBTAG00000006549,0.0
ENSBTAG00000005205,0.0
ENSBTAG00000010885,0.0
ENSBTAG00000009127,0.0
ENSBTAG00000003076,0.0
ENSBTAG00000003078,0.0
ENSBTAG00000020018,0.0
ENSBTAG00000000188,0.0
ENSBTAG00000049305,0.0
ENSBTAG00000011849,0.0
ENSBTAG00000055238,0.0
ENSBTAG00000054227,0.0
ENSBTAG00000049840,0.0
ENSBTAG00000033429,0.0
ENSBTAG00000013837,0.0
ENSBTAG00000017205,0.0
ENSBTAG00000011851,0.0
ENSBTAG00000008600,0.0
ENSBTAG00000010760,0.0
ENSBTAG00000009243,0.0
ENSBTAG00000009239,0.0
ENSBTAG00000016584,0.0
ENSBTAG00000003342,0.0
ENSBTAG00000007288,0.0
ENSBTAG00000010507,0.0
ENSBTAG00000033367,0.0
ENSBTAG00000033365,0.0
ENSBTAG00000000409,0.0
ENSBTAG00000016627,0.0
ENSBTAG00000052378,0.0
ENSBTAG00000025434,0.0
ENSBTAG00000050601,0.0
ENSBTAG00000051430,0.0
ENSBTAG00000011338,0.0
ENSBTAG00000020040,0.0
ENSBTAG00000048541,0.0
ENSBTAG00000052475,0.0
ENSBTAG00000018255,0.0
ENSBTAG00000014099,0.0
ENSBTAG00000049590,0.0
ENSBTAG00000052874,0.0
ENSBTAG00000011076,0.0
ENSBTAG00000014948,0.0
ENSBTAG00000025632,0.0
ENSBTAG00000023186,0.0
ENSBTAG00000016236,0.0
ENSBTAG00000014027,0.0
ENSBTAG00000006416,0.0
ENSBTAG00000001895,0.0
ENSBTAG00000006413,0.0
ENSBTAG00000053987,0.0
ENSBTAG00000048519,0.0
ENSBTAG00000049873,0.0
ENSBTAG00000007385,0.0
ENSBTAG00000010052,0.0
ENSBTAG00000009998,0.0
ENSBTAG00000008699,0.0
ENSBTAG00000037985,0.0
ENSBTAG00000002357,0.0
ENSBTAG00000044029,0.0
ENSBTAG00000035030,0.0
ENSBTAG00000017798,0.0
ENSBTAG00000017811,0.0
ENSBTAG00000017442,0.0
ENSBTAG00000017525,0.0
ENSBTAG00000051386,0.0
ENSBTAG00000049135,0.0
ENSBTAG00000003857,0.0
ENSBTAG00000050645,0.0
ENSBTAG00000016644,0.0
ENSBTAG00000011596,0.0
ENSBTAG00000001881,0.0
ENSBTAG00000035005,0.0
ENSBTAG00000039618,0.0
ENSBTAG00000030599,0.0
ENSBTAG00000011608,0.0
ENSBTAG00000027080,0.0
ENSBTAG00000034998,0.0
ENSBTAG00000007586,0.0
ENSBTAG00000035174,0.0
ENSBTAG00000030595,0.0
ENSBTAG00000054924,0.0
ENSBTAG00000044071,0.0
ENSBTAG00000052972,0.0
ENSBTAG00000037932,0.0
ENSBTAG00000014536,0.0
ENSBTAG00000003715,0.0
ENSBTAG00000006786,0.0
ENSBTAG00000038377,0.0
ENSBTAG00000052827,0.0
ENSBTAG00000047719,0.0
ENSBTAG00000045604,0.0
ENSBTAG00000050091,0.0
ENSBTAG00000005700,0.0
ENSBTAG00000024878,0.0
ENSBTAG00000007840,0.0
ENSBTAG00000012565,0.0
ENSBTAG00000000081,0.0
ENSBTAG00000004028,0.0
ENSBTAG00000007114,0.0
ENSBTAG00000017507,0.0
ENSBTAG00000052974,0.0
ENSBTAG00000000897,0.0
ENSBTAG00000000898,0.0
ENSBTAG00000020199,0.0
ENSBTAG00000034848,0.0
ENSBTAG00000020201,0.0
ENSBTAG00000020202,0.0
ENSBTAG00000048690,0.0
ENSBTAG00000015805,0.0
ENSBTAG00000034823,0.0
ENSBTAG00000025385,0.0
ENSBTAG00000052724,0.0
ENSBTAG00000014189,0.0
ENSBTAG00000020205,0.0
ENSBTAG00000025458,0.0
ENSBTAG00000046952,0.0
ENSBTAG00000008713,0.0
ENSBTAG00000011041,0.0
ENSBTAG00000017177,0.0
ENSBTAG00000011757,0.0
ENSBTAG00000011680,0.0
ENSBTAG00000020212,0.0
ENSBTAG00000011683,0.0
ENSBTAG00000009249,0.0
ENSBTAG00000003263,0.0
ENSBTAG00000002842,0.0
ENSBTAG00000052130,0.0
ENSBTAG00000025372,0.0
ENSBTAG00000046814,0.0
ENSBTAG00000002843,0.0
ENSBTAG00000009788,0.0
ENSBTAG00000010270,0.0
ENSBTAG00000015930,0.0
ENSBTAG00000009783,0.0
ENSBTAG00000009271,0.0
ENSBTAG00000009272,0.0
ENSBTAG00000003747,0.0
ENSBTAG00000020327,0.0
ENSBTAG00000007371,0.0
ENSBTAG00000020329,0.0
ENSBTAG00000007374,0.0
ENSBTAG00000020331,0.0
ENSBTAG00000020334,0.0
ENSBTAG00000018467,0.0
ENSBTAG00000053938,0.0
ENSBTAG00000008341,0.0
ENSBTAG00000002110,0.0
ENSBTAG00000014632,0.0
ENSBTAG00000038234,0.0
ENSBTAG00000014633,0.0
ENSBTAG00000002255,0.0
ENSBTAG00000025856,0.0
ENSBTAG00000005774,0.0
ENSBTAG00000049133,0.0
ENSBTAG00000052950,0.0
ENSBTAG00000025853,0.0
ENSBTAG00000021955,0.0
ENSBTAG00000021956,0.0
ENSBTAG00000006751,0.0
ENSBTAG00000021957,0.0
ENSBTAG00000055057,0.0
ENSBTAG00000006823,0.0
ENSBTAG00000020379,0.0
ENSBTAG00000013132,0.0
ENSBTAG00000020381,0.0
ENSBTAG00000008287,0.0
ENSBTAG00000015052,0.0
ENSBTAG00000006463,0.0
ENSBTAG00000012866,0.0
ENSBTAG00000006688,0.0
ENSBTAG00000001619,0.0
ENSBTAG00000013688,0.0
ENSBTAG00000005344,0.0
ENSBTAG00000008664,0.0
ENSBTAG00000046956,0.0
ENSBTAG00000019279,0.0
ENSBTAG00000015732,0.0
ENSBTAG00000013992,0.0
ENSBTAG00000013983,0.0
ENSBTAG00000016612,0.0
ENSBTAG00000005694,0.0
ENSBTAG00000004322,0.0
ENSBTAG00000009451,0.0
ENSBTAG00000015716,0.0
ENSBTAG00000040078,0.0
ENSBTAG00000011985,0.0
ENSBTAG00000011987,0.0
ENSBTAG00000000821,0.0
ENSBTAG00000010399,0.0
ENSBTAG00000025403,0.0
ENSBTAG00000002163,0.0
ENSBTAG00000011540,0.0
ENSBTAG00000053901,0.0
ENSBTAG00000021630,0.0
ENSBTAG00000003737,0.0
ENSBTAG00000000062,0.0
ENSBTAG00000017471,0.0
ENSBTAG00000039658,0.0
ENSBTAG00000008386,0.0
ENSBTAG00000054961,0.0
ENSBTAG00000021414,0.0
ENSBTAG00000051359,0.0
ENSBTAG00000012352,0.0
ENSBTAG00000054000,0.0
ENSBTAG00000012004,0.0
ENSBTAG00000006440,0.0
ENSBTAG00000012005,0.0
ENSBTAG00000025634,0.0
ENSBTAG00000014807,0.0
ENSBTAG00000003084,0.0
ENSBTAG00000050495,0.0
ENSBTAG00000012285,0.0
ENSBTAG00000032613,0.0
ENSBTAG00000015158,0.0
ENSBTAG00000020100,0.0
ENSBTAG00000025826,0.0
ENSBTAG00000008735,0.0
ENSBTAG00000019454,0.0
ENSBTAG00000021730,0.0
ENSBTAG00000017095,0.0
ENSBTAG00000005714,0.0
ENSBTAG00000018959,0.0
ENSBTAG00000025329,0.0
ENSBTAG00000009923,0.0
ENSBTAG00000014384,0.0
ENSBTAG00000016283,0.0
ENSBTAG00000012712,0.0
ENSBTAG00000016285,0.0
ENSBTAG00000034140,0.0
ENSBTAG00000002704,0.0
ENSBTAG00000002706,0.0
ENSBTAG00000000371,0.0
ENSBTAG00000000372,0.0
ENSBTAG00000040206,0.0
ENSBTAG00000020469,0.0
ENSBTAG00000050739,0.0
ENSBTAG00000020471,0.0
ENSBTAG00000033983,0.0
ENSBTAG00000020474,0.0
ENSBTAG00000005210,0.0
ENSBTAG00000020475,0.0
ENSBTAG00000005211,0.0
ENSBTAG00000001364,0.0
ENSBTAG00000020477,0.0
ENSBTAG00000020480,0.0
ENSBTAG00000005213,0.0
ENSBTAG00000049115,0.0
ENSBTAG00000008133,0.0
ENSBTAG00000008135,0.0
ENSBTAG00000005214,0.0
ENSBTAG00000050356,0.0
ENSBTAG00000008136,0.0
ENSBTAG00000000625,0.0
ENSBTAG00000049288,0.0
ENSBTAG00000012106,0.0
ENSBTAG00000012599,0.0
ENSBTAG00000040368,0.0
ENSBTAG00000003172,0.0
ENSBTAG00000013638,0.0
ENSBTAG00000050101,0.0
ENSBTAG00000027162,0.0
ENSBTAG00000000218,0.0
ENSBTAG00000049446,0.0
ENSBTAG00000032518,0.0
ENSBTAG00000021870,0.0
ENSBTAG00000021872,0.0
ENSBTAG00000005564,0.0
ENSBTAG00000052941,0.0
ENSBTAG00000051091,0.0
ENSBTAG00000025822,0.0
ENSBTAG00000005565,0.0
ENSBTAG00000008378,0.0
ENSBTAG00000025324,0.0
ENSBTAG00000002006,0.0
ENSBTAG00000008380,0.0
ENSBTAG00000049800,0.0
ENSBTAG00000012015,0.0
ENSBTAG00000016826,0.0
ENSBTAG00000054650,0.0
ENSBTAG00000001605,0.0
ENSBTAG00000012681,0.0
ENSBTAG00000012365,0.0
ENSBTAG00000014351,0.0
ENSBTAG00000051138,0.0
ENSBTAG00000040167,0.0
ENSBTAG00000014353,0.0
ENSBTAG00000012180,0.0
ENSBTAG00000005994,0.0
ENSBTAG00000009030,0.0
ENSBTAG00000007237,0.0
ENSBTAG00000021708,0.0
ENSBTAG00000054965,0.0
ENSBTAG00000019076,0.0
ENSBTAG00000046052,0.0
ENSBTAG00000047322,0.0
ENSBTAG00000001405,0.0
ENSBTAG00000019079,0.0
ENSBTAG00000017489,0.0
ENSBTAG00000013652,0.0
ENSBTAG00000020352,0.0
ENSBTAG00000051305,0.0
ENSBTAG00000013774,0.0
ENSBTAG00000009983,0.0
ENSBTAG00000049093,0.0
ENSBTAG00000025308,0.0
ENSBTAG00000032340,0.0
ENSBTAG00000004409,0.0
ENSBTAG00000004420,0.0
ENSBTAG00000008083,0.0
ENSBTAG00000004421,0.0
ENSBTAG00000025593,0.0
ENSBTAG00000050021,0.0
ENSBTAG00000018320,0.0
ENSBTAG00000052439,0.0
ENSBTAG00000005489,0.0
ENSBTAG00000053398,0.0
ENSBTAG00000048559,0.0
ENSBTAG00000015580,0.0
ENSBTAG00000002918,0.0
ENSBTAG00000002921,0.0
ENSBTAG00000013477,0.0
ENSBTAG00000013480,0.0
ENSBTAG00000047281,0.0
ENSBTAG00000013485,0.0
ENSBTAG00000013488,0.0
ENSBTAG00000004086,0.0
ENSBTAG00000013982,0.0
ENSBTAG00000053721,0.0
ENSBTAG00000011567,0.0
ENSBTAG00000010361,0.0
ENSBTAG00000040208,0.0
ENSBTAG00000010371,0.0
ENSBTAG00000010380,0.0
ENSBTAG00000010944,0.0
ENSBTAG00000054012,0.0
ENSBTAG00000038438,0.0
ENSBTAG00000049950,0.0
ENSBTAG00000027173,0.0
ENSBTAG00000010766,0.0
ENSBTAG00000010774,0.0
ENSBTAG00000010778,0.0
ENSBTAG00000001671,0.0
ENSBTAG00000001675,0.0
ENSBTAG00000052494,0.0
ENSBTAG00000048887,0.0
ENSBTAG00000001693,0.0
ENSBTAG00000011644,0.0
ENSBTAG00000014236,0.0
ENSBTAG00000021393,0.0
ENSBTAG00000001694,0.0
ENSBTAG00000002900,0.0
ENSBTAG00000052856,0.0
ENSBTAG00000015138,0.0
ENSBTAG00000015142,0.0
ENSBTAG00000001124,0.0
ENSBTAG00000012737,0.0
ENSBTAG00000019355,0.0
ENSBTAG00000007433,0.0
ENSBTAG00000030456,0.0
ENSBTAG00000018596,0.0
ENSBTAG00000030453,0.0
ENSBTAG00000030432,0.0
ENSBTAG00000049859,0.0
ENSBTAG00000046607,0.0
ENSBTAG00000046684,0.0
ENSBTAG00000006784,0.0
ENSBTAG00000048410,0.0
ENSBTAG00000006792,0.0
ENSBTAG00000021924,0.0
ENSBTAG00000013136,0.0
ENSBTAG00000053040,0.0
ENSBTAG00000013138,0.0
ENSBTAG00000045849,0.0
ENSBTAG00000052775,0.0
ENSBTAG00000005426,0.0
ENSBTAG00000005427,0.0
ENSBTAG00000005268,0.0
ENSBTAG00000032068,0.0
ENSBTAG00000032055,0.0
ENSBTAG00000008863,0.0
ENSBTAG00000008866,0.0
ENSBTAG00000006392,0.0
ENSBTAG00000004079,0.0
ENSBTAG00000005661,0.0
ENSBTAG00000031981,0.0
ENSBTAG00000005663,0.0
ENSBTAG00000048958,0.0
ENSBTAG00000005751,0.0
ENSBTAG00000006470,0.0
ENSBTAG00000021087,0.0
ENSBTAG00000013031,0.0
ENSBTAG00000013032,0.0
ENSBTAG00000011439,0.0
ENSBTAG00000046363,0.0
ENSBTAG00000024582,0.0
ENSBTAG00000054557,0.0
ENSBTAG00000005697,0.0
ENSBTAG00000055000,0.0
ENSBTAG00000034580,0.0
ENSBTAG00000055255,0.0
ENSBTAG00000052337,0.0
ENSBTAG00000004926,0.0
ENSBTAG00000025564,0.0
ENSBTAG00000033891,0.0
ENSBTAG00000004930,0.0
ENSBTAG00000004931,0.0
ENSBTAG00000031697,0.0
ENSBTAG00000004933,0.0
ENSBTAG00000004934,0.0
ENSBTAG00000045980,0.0
ENSBTAG00000005547,0.0
ENSBTAG00000005550,0.0
ENSBTAG00000015200,0.0
ENSBTAG00000015202,0.0
ENSBTAG00000004780,0.0
ENSBTAG00000014792,0.0
ENSBTAG00000014312,0.0
ENSBTAG00000001539,0.0
ENSBTAG00000054530,0.0
ENSBTAG00000020281,0.0
ENSBTAG00000044049,0.0
ENSBTAG00000011494,0.0
ENSBTAG00000033344,0.0
ENSBTAG00000046391,0.0
ENSBTAG00000001601,0.0
ENSBTAG00000005753,0.0
ENSBTAG00000010103,0.0
ENSBTAG00000014092,0.0
ENSBTAG00000053552,0.0
ENSBTAG00000012981,0.0
ENSBTAG00000011225,0.0
ENSBTAG00000006708,0.0
ENSBTAG00000007614,0.0
ENSBTAG00000053111,0.0
ENSBTAG00000031707,0.0
ENSBTAG00000003043,0.0
ENSBTAG00000004990,0.0
ENSBTAG00000021944,0.0
ENSBTAG00000021945,0.0
ENSBTAG00000010906,0.0
ENSBTAG00000017466,0.0
ENSBTAG00000048991,0.0
ENSBTAG00000055275,0.0
ENSBTAG00000008218,0.0
ENSBTAG00000001423,0.0
ENSBTAG00000006703,0.0
ENSBTAG00000012545,0.0
ENSBTAG00000008411,0.0
ENSBTAG00000007638,0.0
ENSBTAG00000025803,0.0
ENSBTAG00000015385,0.0
ENSBTAG00000007800,0.0
ENSBTAG00000053926,0.0
ENSBTAG00000000359,0.0
ENSBTAG00000015806,0.0
ENSBTAG00000015808,0.0
ENSBTAG00000004788,0.0
ENSBTAG00000010666,0.0
ENSBTAG00000010665,0.0
ENSBTAG00000007149,0.0
ENSBTAG00000014493,0.0
ENSBTAG00000006366,0.0
ENSBTAG00000052965,0.0
ENSBTAG00000018422,0.0
ENSBTAG00000049725,0.0
ENSBTAG00000039462,0.0
ENSBTAG00000000362,0.0
ENSBTAG00000018419,0.0
ENSBTAG00000016823,0.0
ENSBTAG00000049412,0.0
ENSBTAG00000016822,0.0
ENSBTAG00000016821,0.0
ENSBTAG00000002014,0.0
ENSBTAG00000010238,0.0
ENSBTAG00000040056,0.0
ENSBTAG00000010236,0.0
ENSBTAG00000010234,0.0
ENSBTAG00000054549,0.0
ENSBTAG00000002012,0.0
ENSBTAG00000018796,0.0
ENSBTAG00000011820,0.0
ENSBTAG00000053677,0.0
ENSBTAG00000003920,0.0
ENSBTAG00000052707,0.0
ENSBTAG00000051076,0.0
ENSBTAG00000054388,0.0
ENSBTAG00000050908,0.0
ENSBTAG00000002718,0.0
ENSBTAG00000019474,0.0
ENSBTAG00000002715,0.0
ENSBTAG00000038842,0.0
ENSBTAG00000002712,0.0
ENSBTAG00000008807,0.0
ENSBTAG00000008805,0.0
ENSBTAG00000039415,0.0
ENSBTAG00000002710,0.0
ENSBTAG00000002709,0.0
ENSBTAG00000019390,0.0
ENSBTAG00000002707,0.0
ENSBTAG00000010641,0.0
ENSBTAG00000011146,0.0
ENSBTAG00000012898,0.0
ENSBTAG00000017373,0.0
ENSBTAG00000053715,0.0
ENSBTAG00000002705,0.0
ENSBTAG00000005816,0.0
ENSBTAG00000005373,0.0
ENSBTAG00000040590,0.0
ENSBTAG00000005815,0.0
ENSBTAG00000005814,0.0
ENSBTAG00000003667,0.0
ENSBTAG00000021395,0.0
ENSBTAG00000025778,0.0
ENSBTAG00000021394,0.0
ENSBTAG00000021392,0.0
ENSBTAG00000011934,0.0
ENSBTAG00000001871,0.0
ENSBTAG00000050590,0.0
ENSBTAG00000020814,0.0
ENSBTAG00000015208,0.0
ENSBTAG00000001558,0.0
ENSBTAG00000048782,0.0
ENSBTAG00000007516,0.0
ENSBTAG00000007518,0.0
ENSBTAG00000017665,0.0
ENSBTAG00000055002,0.0
ENSBTAG00000005954,0.0
ENSBTAG00000030841,0.0
ENSBTAG00000010952,0.0
ENSBTAG00000050405,0.0
ENSBTAG00000007104,0.0
ENSBTAG00000007097,0.0
ENSBTAG00000007053,0.0
ENSBTAG00000009595,0.0
ENSBTAG00000009703,0.0
ENSBTAG00000040053,0.0
ENSBTAG00000032709,0.0
ENSBTAG00000009701,0.0
ENSBTAG00000038733,0.0
ENSBTAG00000016467,0.0
ENSBTAG00000006884,0.0
ENSBTAG00000019692,0.0
ENSBTAG00000037679,0.0
ENSBTAG00000032686,0.0
ENSBTAG00000025755,0.0
ENSBTAG00000007415,0.0
ENSBTAG00000005952,0.0
ENSBTAG00000047027,0.0
ENSBTAG00000011571,0.0
ENSBTAG00000038920,0.0
ENSBTAG00000011349,0.0
ENSBTAG00000054080,0.0
ENSBTAG00000012726,0.0
ENSBTAG00000012725,0.0
ENSBTAG00000012724,0.0
ENSBTAG00000012723,0.0
ENSBTAG00000010890,0.0
ENSBTAG00000038333,0.0
ENSBTAG00000016381,0.0
ENSBTAG00000016378,0.0
ENSBTAG00000014824,0.0
ENSBTAG00000014822,0.0
ENSBTAG00000014821,0.0
ENSBTAG00000014820,0.0
ENSBTAG00000052080,0.0
ENSBTAG00000052423,0.0
ENSBTAG00000050326,0.0
ENSBTAG00000051691,0.0
ENSBTAG00000009274,0.0
ENSBTAG00000016658,0.0
ENSBTAG00000019077,0.0
ENSBTAG00000000432,0.0
ENSBTAG00000054785,0.0
ENSBTAG00000050828,0.0
ENSBTAG00000050128,0.0
ENSBTAG00000051261,0.0
ENSBTAG00000054106,0.0
ENSBTAG00000049900,0.0
ENSBTAG00000049803,0.0
ENSBTAG00000049985,0.0
ENSBTAG00000052267,0.0
ENSBTAG00000054833,0.0
ENSBTAG00000050913,0.0
ENSBTAG00000047690,0.0
ENSBTAG00000054417,0.0
ENSBTAG00000050391,0.0
ENSBTAG00000050781,0.0
ENSBTAG00000054091,0.0
ENSBTAG00000046819,0.0
ENSBTAG00000038544,0.0
ENSBTAG00000045863,0.0
ENSBTAG00000054130,0.0
ENSBTAG00000049260,0.0
ENSBTAG00000052371,0.0
ENSBTAG00000051127,0.0
ENSBTAG00000051187,0.0
ENSBTAG00000047444,0.0
ENSBTAG00000052729,0.0
ENSBTAG00000052011,0.0
ENSBTAG00000051554,0.0
ENSBTAG00000048374,0.0
ENSBTAG00000052580,0.0
ENSBTAG00000048874,0.0
ENSBTAG00000048236,0.0
ENSBTAG00000052314,0.0
ENSBTAG00000050533,0.0
ENSBTAG00000050806,0.0
ENSBTAG00000046995,0.0
ENSBTAG00000049140,0.0
ENSBTAG00000049032,0.0
ENSBTAG00000048302,0.0
ENSBTAG00000052281,0.0
ENSBTAG00000040504,0.0
ENSBTAG00000054224,0.0
ENSBTAG00000054115,0.0
ENSBTAG00000050668,0.0
ENSBTAG00000051523,0.0
ENSBTAG00000049741,0.0
ENSBTAG00000035530,0.0
ENSBTAG00000051624,0.0
ENSBTAG00000050916,0.0
ENSBTAG00000049734,0.0
ENSBTAG00000050265,0.0
ENSBTAG00000054254,0.0
ENSBTAG00000048928,0.0
ENSBTAG00000048784,0.0
ENSBTAG00000053908,0.0
ENSBTAG00000053197,0.0
ENSBTAG00000049160,0.0
ENSBTAG00000006514,0.0
ENSBTAG00000052597,0.0
ENSBTAG00000052108,0.0
ENSBTAG00000049996,0.0
ENSBTAG00000011925,0.0
ENSBTAG00000007029,0.0
ENSBTAG00000055178,0.0
ENSBTAG00000055093,0.0
ENSBTAG00000024752,0.0
ENSBTAG00000055080,0.0
ENSBTAG00000049161,0.0
ENSBTAG00000013249,0.0
ENSBTAG00000015148,0.0
ENSBTAG00000015146,0.0
ENSBTAG00000044207,0.0
ENSBTAG00000020422,0.0
ENSBTAG00000020421,0.0
ENSBTAG00000004694,0.0
ENSBTAG00000011396,0.0
ENSBTAG00000018919,0.0
ENSBTAG00000032908,0.0
ENSBTAG00000021008,0.0
ENSBTAG00000013401,0.0
ENSBTAG00000046482,0.0
ENSBTAG00000046189,0.0
ENSBTAG00000000328,0.0
ENSBTAG00000000843,0.0
ENSBTAG00000000936,0.0
ENSBTAG00000006613,0.0
ENSBTAG00000025664,0.0
ENSBTAG00000049914,0.0
ENSBTAG00000049034,0.0
ENSBTAG00000025663,0.0
ENSBTAG00000004950,0.0
ENSBTAG00000032873,0.0
ENSBTAG00000003769,0.0
ENSBTAG00000051988,0.0
ENSBTAG00000008793,0.0
ENSBTAG00000008792,0.0
ENSBTAG00000055081,0.0
ENSBTAG00000019612,0.0
ENSBTAG00000046668,0.0
ENSBTAG00000053798,0.0
ENSBTAG00000039241,0.0
ENSBTAG00000051780,0.0
ENSBTAG00000046058,0.0
ENSBTAG00000003006,0.0
ENSBTAG00000052633,0.0
ENSBTAG00000032869,0.0
ENSBTAG00000012317,0.0
ENSBTAG00000037452,0.0
ENSBTAG00000002748,0.0
ENSBTAG00000002745,0.0
ENSBTAG00000002743,0.0
ENSBTAG00000001183,0.0
ENSBTAG00000001179,0.0
ENSBTAG00000009374,0.0
ENSBTAG00000044427,0.0
ENSBTAG00000025666,0.0
ENSBTAG00000008466,0.0
ENSBTAG00000009372,0.0
ENSBTAG00000038643,0.0
ENSBTAG00000054963,0.0
ENSBTAG00000032801,0.0
ENSBTAG00000039785,0.0
ENSBTAG00000032799,0.0
ENSBTAG00000053461,0.0
ENSBTAG00000054610,0.0
ENSBTAG00000055242,0.0
ENSBTAG00000053787,0.0
ENSBTAG00000038227,0.0
ENSBTAG00000039315,0.0
ENSBTAG00000048109,0.0
ENSBTAG00000047483,0.0
ENSBTAG00000038485,0.0
ENSBTAG00000049188,0.0
ENSBTAG00000046970,0.0
ENSBTAG00000039120,0.0
ENSBTAG00000025068,0.0
ENSBTAG00000032792,0.0
ENSBTAG00000037411,0.0
ENSBTAG00000046651,0.0
ENSBTAG00000054809,0.0
ENSBTAG00000032789,0.0
ENSBTAG00000011510,0.0
ENSBTAG00000037511,0.0
ENSBTAG00000032783,0.0
ENSBTAG00000009039,0.0
ENSBTAG00000032781,0.0
ENSBTAG00000039370,0.0
ENSBTAG00000035758,0.0
ENSBTAG00000004821,0.0
ENSBTAG00000050433,0.0
ENSBTAG00000048339,0.0
ENSBTAG00000050892,0.0
ENSBTAG00000039416,0.0
ENSBTAG00000053084,0.0
ENSBTAG00000051795,0.0
ENSBTAG00000046061,0.0
ENSBTAG00000046009,0.0
ENSBTAG00000051428,0.0
ENSBTAG00000050516,0.0
ENSBTAG00000038188,0.0
ENSBTAG00000053839,0.0
ENSBTAG00000047465,0.0
ENSBTAG00000051986,0.0
ENSBTAG00000053279,0.0
ENSBTAG00000003549,0.0
ENSBTAG00000053435,0.0
ENSBTAG00000052056,0.0
ENSBTAG00000049975,0.0
ENSBTAG00000054226,0.0
ENSBTAG00000052476,0.0
ENSBTAG00000051874,0.0
ENSBTAG00000052450,0.0
ENSBTAG00000051475,0.0
ENSBTAG00000040609,0.0
ENSBTAG00000054685,0.0
ENSBTAG00000050502,0.0
ENSBTAG00000015904,0.0
ENSBTAG00000005328,0.0
ENSBTAG00000009615,0.0
ENSBTAG00000019114,0.0
ENSBTAG00000050448,0.0
ENSBTAG00000013493,0.0
ENSBTAG00000010298,0.0
ENSBTAG00000009443,0.0
ENSBTAG00000014699,0.0
ENSBTAG00000021538,0.0
ENSBTAG00000005269,0.0
ENSBTAG00000014181,0.0
ENSBTAG00000011319,0.0
ENSBTAG00000012391,0.0
ENSBTAG00000049189,0.0
ENSBTAG00000005481,0.0
ENSBTAG00000005479,0.0
ENSBTAG00000049039,0.0
ENSBTAG00000013452,0.0
ENSBTAG00000010119,0.0
ENSBTAG00000040384,0.0
ENSBTAG00000002194,0.0
ENSBTAG00000008575,0.0
ENSBTAG00000053119,0.0
ENSBTAG00000052391,0.0
ENSBTAG00000052066,0.0
ENSBTAG00000000271,0.0
ENSBTAG00000031433,0.0
ENSBTAG00000000565,0.0
ENSBTAG00000013793,0.0
ENSBTAG00000017396,0.0
ENSBTAG00000050931,0.0
ENSBTAG00000031396,0.0
ENSBTAG00000005848,0.0
ENSBTAG00000035858,0.0
ENSBTAG00000031388,0.0
ENSBTAG00000051675,0.0
ENSBTAG00000051800,0.0
ENSBTAG00000012741,0.0
ENSBTAG00000050598,0.0
ENSBTAG00000000767,0.0
ENSBTAG00000012740,0.0
ENSBTAG00000012804,0.0
ENSBTAG00000012803,0.0
ENSBTAG00000018852,0.0
ENSBTAG00000012408,0.0
ENSBTAG00000001342,0.0
ENSBTAG00000025522,0.0
ENSBTAG00000014750,0.0
ENSBTAG00000021876,0.0
ENSBTAG00000053915,0.0
ENSBTAG00000046470,0.0
ENSBTAG00000054869,0.0
ENSBTAG00000024958,0.0
ENSBTAG00000011022,0.0
ENSBTAG00000055244,0.0
ENSBTAG00000006489,0.0
ENSBTAG00000003763,0.0
ENSBTAG00000003762,0.0
ENSBTAG00000005429,0.0
ENSBTAG00000005865,0.0
ENSBTAG00000013830,0.0
ENSBTAG00000051260,0.0
ENSBTAG00000050596,0.0
ENSBTAG00000048622,0.0
ENSBTAG00000014011,0.0
ENSBTAG00000017677,0.0
ENSBTAG00000050593,0.0
ENSBTAG00000000737,0.0
ENSBTAG00000052640,0.0
ENSBTAG00000002576,0.0
ENSBTAG00000014890,0.0
ENSBTAG00000010472,0.0
ENSBTAG00000013616,0.0
ENSBTAG00000011831,0.0
ENSBTAG00000031165,0.0
ENSBTAG00000011916,0.0
ENSBTAG00000052971,0.0
ENSBTAG00000011929,0.0
ENSBTAG00000022801,0.0
ENSBTAG00000054826,0.0
ENSBTAG00000009911,0.0
ENSBTAG00000004303,0.0
ENSBTAG00000006201,0.0
ENSBTAG00000053150,0.0
ENSBTAG00000051898,0.0
ENSBTAG00000004011,0.0
ENSBTAG00000013425,0.0
ENSBTAG00000046553,0.0
ENSBTAG00000022583,0.0
ENSBTAG00000005217,0.0
ENSBTAG00000027764,0.0
ENSBTAG00000011661,0.0
ENSBTAG00000002278,0.0
ENSBTAG00000011998,0.0
ENSBTAG00000010145,0.0
ENSBTAG00000045847,0.0
ENSBTAG00000008771,0.0
ENSBTAG00000004854,0.0
ENSBTAG00000016800,0.0
ENSBTAG00000010365,0.0
ENSBTAG00000012250,0.0
ENSBTAG00000021019,0.0
ENSBTAG00000004558,0.0
ENSBTAG00000050965,0.0
ENSBTAG00000018279,0.0
ENSBTAG00000053174,0.0
ENSBTAG00000005586,0.0
ENSBTAG00000016327,0.0
ENSBTAG00000020934,0.0
ENSBTAG00000016246,0.0
ENSBTAG00000016242,0.0
ENSBTAG00000016239,0.0
ENSBTAG00000016234,0.0
ENSBTAG00000025496,0.0
ENSBTAG00000052848,0.0
ENSBTAG00000047170,0.0
ENSBTAG00000014501,0.0
ENSBTAG00000019924,0.0
ENSBTAG00000019496,0.0
ENSBTAG00000019500,0.0
ENSBTAG00000053754,0.0
ENSBTAG00000054095,0.0
ENSBTAG00000017141,0.0
ENSBTAG00000001468,0.0
ENSBTAG00000040151,0.0
ENSBTAG00000019120,0.0
ENSBTAG00000021988,0.0
ENSBTAG00000021986,0.0
ENSBTAG00000002326,0.0
ENSBTAG00000002331,0.0
ENSBTAG00000020533,0.0
ENSBTAG00000051943,0.0
ENSBTAG00000010795,0.0
ENSBTAG00000018277,0.0
ENSBTAG00000017713,0.0
ENSBTAG00000005141,0.0
ENSBTAG00000030881,0.0
ENSBTAG00000014741,0.0
ENSBTAG00000051793,0.0
ENSBTAG00000013042,0.0
ENSBTAG00000013043,0.0
ENSBTAG00000012998,0.0
ENSBTAG00000006341,0.0
ENSBTAG00000020880,0.0
ENSBTAG00000014392,0.0
ENSBTAG00000002808,0.0
ENSBTAG00000018898,0.0
ENSBTAG00000052431,0.0
ENSBTAG00000010503,0.0
ENSBTAG00000004631,0.0
ENSBTAG00000019421,0.0
ENSBTAG00000045799,0.0
ENSBTAG00000005984,0.0
ENSBTAG00000003370,0.0
ENSBTAG00000030824,0.0
ENSBTAG00000003371,0.0
ENSBTAG00000051848,0.0
ENSBTAG00000011451,0.0
ENSBTAG00000003090,0.0
ENSBTAG00000014096,0.0
ENSBTAG00000020729,0.0
ENSBTAG00000018127,0.0
ENSBTAG00000013035,0.0
ENSBTAG00000012139,0.0
ENSBTAG00000048977,0.0
ENSBTAG00000030801,0.0
ENSBTAG00000011796,0.0
ENSBTAG00000007931,0.0
ENSBTAG00000016713,0.0
ENSBTAG00000003276,0.0
ENSBTAG00000020935,0.0
ENSBTAG00000020937,0.0
ENSBTAG00000018947,0.0
ENSBTAG00000011379,0.0
ENSBTAG00000017200,0.0
ENSBTAG00000049079,0.0
ENSBTAG00000055159,0.0
ENSBTAG00000019784,0.0
ENSBTAG00000008815,0.0
ENSBTAG00000053409,0.0
ENSBTAG00000004430,0.0
ENSBTAG00000051757,0.0
ENSBTAG00000025450,0.0
ENSBTAG00000004498,0.0
ENSBTAG00000013836,0.0
ENSBTAG00000009641,0.0
ENSBTAG00000009643,0.0
ENSBTAG00000040551,0.0
ENSBTAG00000007807,0.0
ENSBTAG00000007809,0.0
ENSBTAG00000001551,0.0
ENSBTAG00000004732,0.0
ENSBTAG00000003469,0.0
ENSBTAG00000003474,0.0
ENSBTAG00000005897,0.0
ENSBTAG00000017994,0.0
ENSBTAG00000019819,0.0
ENSBTAG00000037625,0.0
ENSBTAG00000014234,0.0
ENSBTAG00000004171,0.0
ENSBTAG00000010239,0.0
ENSBTAG00000011767,0.0
ENSBTAG00000016309,0.0
ENSBTAG00000016311,0.0
ENSBTAG00000016255,0.0
ENSBTAG00000012900,0.0
ENSBTAG00000018297,0.0
ENSBTAG00000054736,0.0
ENSBTAG00000001945,0.0
ENSBTAG00000001948,0.0
ENSBTAG00000001950,0.0
ENSBTAG00000012838,0.0
ENSBTAG00000014334,0.0
ENSBTAG00000018971,0.0
ENSBTAG00000007079,0.0
ENSBTAG00000053178,0.0
ENSBTAG00000013371,0.0
ENSBTAG00000002959,0.0
ENSBTAG00000003415,0.0
ENSBTAG00000013498,0.0
ENSBTAG00000052225,0.0
ENSBTAG00000050275,0.0
ENSBTAG00000006759,0.0
ENSBTAG00000019501,0.0
ENSBTAG00000050479,0.0
ENSBTAG00000019502,0.0
ENSBTAG00000024964,0.0
ENSBTAG00000003109,0.0
ENSBTAG00000003560,0.0
ENSBTAG00000006640,0.0
ENSBTAG00000006645,0.0
ENSBTAG00000006647,0.0
ENSBTAG00000017508,0.0
ENSBTAG00000048524,0.0
ENSBTAG00000020681,0.0
ENSBTAG00000010475,0.0
ENSBTAG00000002271,0.0
ENSBTAG00000034222,0.0
ENSBTAG00000049254,0.0
ENSBTAG00000013159,0.0
ENSBTAG00000034269,0.0
ENSBTAG00000016998,0.0
ENSBTAG00000018410,0.0
ENSBTAG00000004850,0.0
ENSBTAG00000018829,0.0
ENSBTAG00000053163,0.0
ENSBTAG00000008173,0.0
ENSBTAG00000008176,0.0
ENSBTAG00000053737,0.0
ENSBTAG00000055114,0.0
ENSBTAG00000049315,0.0
ENSBTAG00000020149,0.0
ENSBTAG00000007457,0.0
ENSBTAG00000046408,0.0
ENSBTAG00000050638,0.0
ENSBTAG00000005284,0.0
ENSBTAG00000002970,0.0
ENSBTAG00000008053,0.0
ENSBTAG00000016109,0.0
ENSBTAG00000019863,0.0
ENSBTAG00000010353,0.0
ENSBTAG00000010337,0.0
ENSBTAG00000019134,0.0
ENSBTAG00000020612,0.0
ENSBTAG00000021162,0.0
ENSBTAG00000004307,0.0
ENSBTAG00000020374,0.0
ENSBTAG00000011654,0.0
ENSBTAG00000011647,0.0
ENSBTAG00000054111,0.0
ENSBTAG00000015522,0.0
ENSBTAG00000053790,0.0
ENSBTAG00000016635,0.0
ENSBTAG00000034033,0.0
ENSBTAG00000010951,0.0
ENSBTAG00000010949,0.0
ENSBTAG00000018232,0.0
ENSBTAG00000017032,0.0
ENSBTAG00000053045,0.0
ENSBTAG00000051486,0.0
ENSBTAG00000009405,0.0
ENSBTAG00000012409,0.0
ENSBTAG00000011860,0.0
ENSBTAG00000051948,0.0
ENSBTAG00000011855,0.0
ENSBTAG00000011850,0.0
ENSBTAG00000007589,0.0
ENSBTAG00000005351,0.0
ENSBTAG00000051461,0.0
ENSBTAG00000007284,0.0
ENSBTAG00000008040,0.0
ENSBTAG00000055264,0.0
ENSBTAG00000018955,0.0
ENSBTAG00000053984,0.0
ENSBTAG00000038495,0.0
ENSBTAG00000022991,0.0
ENSBTAG00000034069,0.0
ENSBTAG00000053773,0.0
ENSBTAG00000049023,0.0
ENSBTAG00000049236,0.0
ENSBTAG00000053193,0.0
ENSBTAG00000010787,0.0
ENSBTAG00000021815,0.0
ENSBTAG00000013984,0.0
ENSBTAG00000052284,0.0
ENSBTAG00000011597,0.0
ENSBTAG00000023279,0.0
ENSBTAG00000000993,0.0
ENSBTAG00000000988,0.0
ENSBTAG00000026384,0.0
ENSBTAG00000006771,0.0
ENSBTAG00000015132,0.0
ENSBTAG00000033412,0.0
ENSBTAG00000005012,0.0
ENSBTAG00000016052,0.0
ENSBTAG00000053517,0.0
ENSBTAG00000033386,0.0
ENSBTAG00000013201,0.0
ENSBTAG00000001178,0.0
ENSBTAG00000053560,0.0
ENSBTAG00000009340,0.0
ENSBTAG00000052411,0.0
ENSBTAG00000012170,0.0
ENSBTAG00000018577,0.0
ENSBTAG00000001094,0.0
ENSBTAG00000014024,0.0
ENSBTAG00000053464,0.0
ENSBTAG00000016915,0.0
ENSBTAG00000009912,0.0
ENSBTAG00000018572,0.0
ENSBTAG00000013819,0.0
ENSBTAG00000001819,0.0
ENSBTAG00000010690,0.0
ENSBTAG00000009166,0.0
ENSBTAG00000048386,0.0
ENSBTAG00000008642,0.0
ENSBTAG00000015614,0.0
ENSBTAG00000012600,0.0
ENSBTAG00000005244,0.0
ENSBTAG00000001648,0.0
ENSBTAG00000017179,0.0
ENSBTAG00000010769,0.0
ENSBTAG00000014619,0.0
ENSBTAG00000049013,0.0
ENSBTAG00000016737,0.0
ENSBTAG00000005318,0.0
ENSBTAG00000025428,0.0
ENSBTAG00000018214,0.0
ENSBTAG00000019529,0.0
ENSBTAG00000015225,0.0
ENSBTAG00000003116,0.0
ENSBTAG00000048360,0.0
ENSBTAG00000019545,0.0
ENSBTAG00000053310,0.0
ENSBTAG00000008888,0.0
ENSBTAG00000018300,0.0
ENSBTAG00000001867,0.0
ENSBTAG00000001865,0.0
ENSBTAG00000053031,0.0
ENSBTAG00000048237,0.0
ENSBTAG00000015943,0.0
ENSBTAG00000052696,0.0
ENSBTAG00000006177,0.0
ENSBTAG00000003315,0.0
ENSBTAG00000003314,0.0
ENSBTAG00000018631,0.0
ENSBTAG00000049776,0.0
ENSBTAG00000014406,0.0
ENSBTAG00000003710,0.0
ENSBTAG00000052435,0.0
ENSBTAG00000008296,0.0
ENSBTAG00000025402,0.0
ENSBTAG00000014286,0.0
ENSBTAG00000011726,0.0
ENSBTAG00000048700,0.0
ENSBTAG00000038662,0.0
ENSBTAG00000052099,0.0
ENSBTAG00000017425,0.0
ENSBTAG00000020400,0.0
ENSBTAG00000020403,0.0
ENSBTAG00000052451,0.0
ENSBTAG00000025383,0.0
ENSBTAG00000007167,0.0
ENSBTAG00000003934,0.0
ENSBTAG00000003922,0.0
ENSBTAG00000025400,0.0
ENSBTAG00000017048,0.0
ENSBTAG00000000278,0.0
ENSBTAG00000021913,0.0
ENSBTAG00000049928,0.0
ENSBTAG00000054372,0.0
ENSBTAG00000052165,0.0
ENSBTAG00000054527,0.0
ENSBTAG00000048846,0.0
ENSBTAG00000019340,0.0
ENSBTAG00000001258,0.0
ENSBTAG00000008647,0.0
ENSBTAG00000043985,0.0
ENSBTAG00000054990,0.0
ENSBTAG00000053316,0.0
ENSBTAG00000048960,0.0
ENSBTAG00000019886,0.0
ENSBTAG00000019889,0.0
ENSBTAG00000019895,0.0
ENSBTAG00000002129,0.0
ENSBTAG00000044007,0.0
ENSBTAG00000054652,0.0
ENSBTAG00000052718,0.0
ENSBTAG00000054936,0.0
ENSBTAG00000048625,0.0
ENSBTAG00000005760,0.0
ENSBTAG00000054578,0.0
ENSBTAG00000008024,0.0
ENSBTAG00000010693,0.0
ENSBTAG00000053180,0.0
ENSBTAG00000001414,0.0
ENSBTAG00000020896,0.0
ENSBTAG00000008259,0.0
ENSBTAG00000018846,0.0
ENSBTAG00000018848,0.0
ENSBTAG00000018851,0.0
ENSBTAG00000032821,0.0
ENSBTAG00000040361,0.0
ENSBTAG00000005299,0.0
ENSBTAG00000051184,0.0
ENSBTAG00000000869,0.0
ENSBTAG00000017573,0.0
ENSBTAG00000014227,0.0
ENSBTAG00000053504,0.0
ENSBTAG00000001774,0.0
ENSBTAG00000049853,0.0
ENSBTAG00000052664,0.0
ENSBTAG00000020684,0.0
ENSBTAG00000038168,0.0
ENSBTAG00000004388,0.0
ENSBTAG00000032711,0.0
ENSBTAG00000010129,0.0
ENSBTAG00000051320,0.0
ENSBTAG00000050069,0.0
ENSBTAG00000008708,0.0
ENSBTAG00000040347,0.0
ENSBTAG00000054671,0.0
ENSBTAG00000051263,0.0
ENSBTAG00000002300,0.0
ENSBTAG00000051519,0.0
ENSBTAG00000005309,0.0
ENSBTAG00000005310,0.0
ENSBTAG00000022484,0.0
ENSBTAG00000021259,0.0
ENSBTAG00000011862,0.0
ENSBTAG00000047383,0.0
ENSBTAG00000035926,0.0
ENSBTAG00000046041,0.0
ENSBTAG00000054721,0.0
ENSBTAG00000009308,0.0
ENSBTAG00000012443,0.0
ENSBTAG00000048324,0.0
ENSBTAG00000049836,0.0
ENSBTAG00000051623,0.0
ENSBTAG00000053708,0.0
ENSBTAG00000051281,0.0
ENSBTAG00000010420,0.0
ENSBTAG00000053445,0.0
ENSBTAG00000025953,0.0
ENSBTAG00000022779,0.0
ENSBTAG00000018179,0.0
ENSBTAG00000052990,0.0
ENSBTAG00000025502,0.0
ENSBTAG00000002137,0.0
ENSBTAG00000047181,0.0
ENSBTAG00000007356,0.0
ENSBTAG00000012260,0.0
ENSBTAG00000016637,0.0
ENSBTAG00000008656,0.0
ENSBTAG00000039823,0.0
ENSBTAG00000023309,0.0
ENSBTAG00000038251,0.0
ENSBTAG00000003568,0.0
ENSBTAG00000052870,0.0
ENSBTAG00000034885,0.0
ENSBTAG00000003569,0.0
ENSBTAG00000012065,0.0
ENSBTAG00000001133,0.0
ENSBTAG00000004401,0.0
ENSBTAG00000053271,0.0
ENSBTAG00000039065,0.0
ENSBTAG00000045566,0.0
ENSBTAG00000013879,0.0
ENSBTAG00000021345,0.0
ENSBTAG00000014752,0.0
ENSBTAG00000018313,0.0
ENSBTAG00000008924,0.0
ENSBTAG00000003595,0.0
ENSBTAG00000020412,0.0
ENSBTAG00000052185,0.0
ENSBTAG00000019054,0.0
ENSBTAG00000030721,0.0
ENSBTAG00000039374,0.0
ENSBTAG00000012434,0.0
ENSBTAG00000006648,0.0
ENSBTAG00000000146,0.0
ENSBTAG00000034753,0.0
ENSBTAG00000016691,0.0
ENSBTAG00000032234,0.0
ENSBTAG00000051524,0.0
ENSBTAG00000004440,0.0
ENSBTAG00000047739,0.0
ENSBTAG00000046664,0.0
ENSBTAG00000054829,0.0
ENSBTAG00000009415,0.0
ENSBTAG00000009416,0.0
ENSBTAG00000045689,0.0
ENSBTAG00000034495,0.0
ENSBTAG00000019416,0.0
ENSBTAG00000005682,0.0
ENSBTAG00000010156,0.0
ENSBTAG00000016529,0.0
ENSBTAG00000017907,0.0
ENSBTAG00000002240,0.0
ENSBTAG00000032084,0.0
ENSBTAG00000001753,0.0
ENSBTAG00000001589,0.0
ENSBTAG00000018580,0.0
ENSBTAG00000051729,0.0
ENSBTAG00000007067,0.0
ENSBTAG00000048402,0.0
ENSBTAG00000004165,0.0
ENSBTAG00000007073,0.0
ENSBTAG00000021251,0.0
ENSBTAG00000046271,0.0
ENSBTAG00000025246,0.0
ENSBTAG00000010672,0.0
ENSBTAG00000046552,0.0
ENSBTAG00000007066,0.0
ENSBTAG00000053717,0.0
ENSBTAG00000037786,0.0
ENSBTAG00000044027,0.0
ENSBTAG00000052496,0.0
ENSBTAG00000050162,0.0
ENSBTAG00000020389,0.0
ENSBTAG00000020393,0.0
ENSBTAG00000025221,0.0
ENSBTAG00000008880,0.0
ENSBTAG00000048674,0.0
ENSBTAG00000049806,0.0
ENSBTAG00000014043,0.0
ENSBTAG00000001344,0.0
ENSBTAG00000005925,0.0
ENSBTAG00000016991,0.0
ENSBTAG00000015124,0.0
ENSBTAG00000048322,0.0
ENSBTAG00000052117,0.0
ENSBTAG00000025220,0.0
ENSBTAG00000039334,0.0
ENSBTAG00000015868,0.0
ENSBTAG00000002432,0.0
ENSBTAG00000011563,0.0
ENSBTAG00000018237,0.0
ENSBTAG00000012019,0.0
ENSBTAG00000012849,0.0
ENSBTAG00000025210,0.0
ENSBTAG00000049416,0.0
ENSBTAG00000011466,0.0
ENSBTAG00000020035,0.0
ENSBTAG00000025211,0.0
ENSBTAG00000052757,0.0
ENSBTAG00000004041,0.0
ENSBTAG00000020726,0.0
ENSBTAG00000007298,0.0
ENSBTAG00000048434,0.0
ENSBTAG00000050193,0.0
ENSBTAG00000054563,0.0
ENSBTAG00000044184,0.0
ENSBTAG00000000446,0.0
ENSBTAG00000005540,0.0
ENSBTAG00000019440,0.0
ENSBTAG00000021725,0.0
ENSBTAG00000020093,0.0
ENSBTAG00000010242,0.0
ENSBTAG00000010246,0.0
ENSBTAG00000048756,0.0
ENSBTAG00000018671,0.0
ENSBTAG00000015704,0.0
ENSBTAG00000019645,0.0
ENSBTAG00000001150,0.0
ENSBTAG00000019963,0.0
ENSBTAG00000019965,0.0
ENSBTAG00000019964,0.0
ENSBTAG00000025192,0.0
ENSBTAG00000019967,0.0
ENSBTAG00000050250,0.0
ENSBTAG00000019971,0.0
ENSBTAG00000051419,0.0
ENSBTAG00000020858,0.0
ENSBTAG00000020861,0.0
ENSBTAG00000038732,0.0
ENSBTAG00000049832,0.0
ENSBTAG00000052817,0.0
ENSBTAG00000053845,0.0
ENSBTAG00000026259,0.0
ENSBTAG00000049963,0.0
ENSBTAG00000054836,0.0
ENSBTAG00000026260,0.0
ENSBTAG00000003126,0.0
ENSBTAG00000021150,0.0
ENSBTAG00000054780,0.0
ENSBTAG00000053049,0.0
ENSBTAG00000050411,0.0
ENSBTAG00000052769,0.0
ENSBTAG00000048437,0.0
ENSBTAG00000054361,0.0
ENSBTAG00000052704,0.0
ENSBTAG00000037384,0.0
ENSBTAG00000049078,0.0
ENSBTAG00000048922,0.0
ENSBTAG00000009607,0.0
ENSBTAG00000053728,0.0
ENSBTAG00000038245,0.0
ENSBTAG00000054054,0.0
ENSBTAG00000049870,0.0
ENSBTAG00000009611,0.0
ENSBTAG00000037921,0.0
ENSBTAG00000006143,0.0
ENSBTAG00000016142,0.0
ENSBTAG00000013636,0.0
ENSBTAG00000016140,0.0
ENSBTAG00000007740,0.0
ENSBTAG00000021483,0.0
ENSBTAG00000033699,0.0
ENSBTAG00000004282,0.0
ENSBTAG00000030690,0.0
ENSBTAG00000047652,0.0
ENSBTAG00000002289,0.0
ENSBTAG00000004639,0.0
ENSBTAG00000055271,0.0
ENSBTAG00000020289,0.0
ENSBTAG00000003638,0.0
ENSBTAG00000017325,0.0
ENSBTAG00000054848,0.0
ENSBTAG00000018490,0.0
ENSBTAG00000052067,0.0
ENSBTAG00000049124,0.0
ENSBTAG00000050050,0.0
ENSBTAG00000016501,0.0
ENSBTAG00000027557,0.0
ENSBTAG00000007148,0.0
ENSBTAG00000019144,0.0
ENSBTAG00000051921,0.0
ENSBTAG00000027525,0.0
ENSBTAG00000052734,0.0
ENSBTAG00000049727,0.0
ENSBTAG00000037603,0.0
ENSBTAG00000036031,0.0
ENSBTAG00000055066,0.0
ENSBTAG00000035675,0.0
ENSBTAG00000047025,0.0
ENSBTAG00000021147,0.0
ENSBTAG00000051394,0.0
ENSBTAG00000037937,0.0
ENSBTAG00000049294,0.0
ENSBTAG00000052878,0.0
ENSBTAG00000024781,0.0
ENSBTAG00000008429,0.0
ENSBTAG00000015405,0.0
ENSBTAG00000015403,0.0
ENSBTAG00000009573,0.0
ENSBTAG00000000694,0.0
ENSBTAG00000000696,0.0
ENSBTAG00000000697,0.0
ENSBTAG00000052993,0.0
ENSBTAG00000049216,0.0
ENSBTAG00000003567,0.0
ENSBTAG00000003566,0.0
ENSBTAG00000003565,0.0
ENSBTAG00000003564,0.0
ENSBTAG00000012197,0.0
ENSBTAG00000015628,0.0
ENSBTAG00000009574,0.0
ENSBTAG00000009576,0.0
ENSBTAG00000020999,0.0
ENSBTAG00000009440,0.0
ENSBTAG00000019754,0.0
ENSBTAG00000005236,0.0
ENSBTAG00000050145,0.0
ENSBTAG00000020515,0.0
ENSBTAG00000021002,0.0
ENSBTAG00000010681,0.0
ENSBTAG00000027642,0.0
ENSBTAG00000008892,0.0
ENSBTAG00000021590,0.0
ENSBTAG00000053864,0.0
ENSBTAG00000052169,0.0
ENSBTAG00000021700,0.0
ENSBTAG00000038977,0.0
ENSBTAG00000027443,0.0
ENSBTAG00000000368,0.0
ENSBTAG00000051243,0.0
ENSBTAG00000048638,0.0
ENSBTAG00000048615,0.0
ENSBTAG00000050676,0.0
ENSBTAG00000021707,0.0
ENSBTAG00000051582,0.0
ENSBTAG00000032274,0.0
ENSBTAG00000037505,0.0
ENSBTAG00000000118,0.0
ENSBTAG00000038452,0.0
ENSBTAG00000020952,0.0
ENSBTAG00000049514,0.0
ENSBTAG00000036328,0.0
ENSBTAG00000050950,0.0
ENSBTAG00000055180,0.0
ENSBTAG00000009044,0.0
ENSBTAG00000052528,0.0
ENSBTAG00000021709,0.0
ENSBTAG00000054683,0.0
ENSBTAG00000032259,0.0
ENSBTAG00000019310,0.0
ENSBTAG00000049627,0.0
ENSBTAG00000019436,0.0
ENSBTAG00000048484,0.0
ENSBTAG00000048679,0.0
ENSBTAG00000051694,0.0
ENSBTAG00000039029,0.0
ENSBTAG00000046618,0.0
ENSBTAG00000021744,0.0
ENSBTAG00000048584,0.0
ENSBTAG00000052134,0.0
ENSBTAG00000016119,0.0
ENSBTAG00000006815,0.0
ENSBTAG00000051804,0.0
ENSBTAG00000038536,0.0
ENSBTAG00000021745,0.0
ENSBTAG00000002520,0.0
ENSBTAG00000005609,0.0
ENSBTAG00000052606,0.0
ENSBTAG00000005251,0.0
ENSBTAG00000018479,0.0
ENSBTAG00000037465,0.0
ENSBTAG00000018482,0.0
ENSBTAG00000053851,0.0
ENSBTAG00000048999,0.0
ENSBTAG00000051420,0.0
ENSBTAG00000055123,0.0
ENSBTAG00000018742,0.0
ENSBTAG00000048166,0.0
ENSBTAG00000046489,0.0
ENSBTAG00000048742,0.0
ENSBTAG00000046762,0.0
ENSBTAG00000005671,0.0
ENSBTAG00000025266,0.0
ENSBTAG00000004035,0.0
ENSBTAG00000049169,0.0
ENSBTAG00000054937,0.0
ENSBTAG00000038637,0.0
ENSBTAG00000052489,0.0
ENSBTAG00000053623,0.0
ENSBTAG00000018182,0.0
ENSBTAG00000027651,0.0
ENSBTAG00000003582,0.0
ENSBTAG00000019544,0.0
ENSBTAG00000051215,0.0
ENSBTAG00000019549,0.0
ENSBTAG00000052657,0.0
ENSBTAG00000051659,0.0
ENSBTAG00000020911,0.0
ENSBTAG00000037815,0.0
ENSBTAG00000021125,0.0
ENSBTAG00000037751,0.0
ENSBTAG00000049600,0.0
ENSBTAG00000037644,0.0
ENSBTAG00000039056,0.0
ENSBTAG00000039178,0.0
ENSBTAG00000052199,0.0
ENSBTAG00000054499,0.0
ENSBTAG00000038748,0.0
ENSBTAG00000020673,0.0
ENSBTAG00000051179,0.0
ENSBTAG00000046378,0.0
ENSBTAG00000049144,0.0
ENSBTAG00000050860,0.0
ENSBTAG00000047356,0.0
ENSBTAG00000050805,0.0
ENSBTAG00000040017,0.0
ENSBTAG00000054720,0.0
ENSBTAG00000014698,0.0
ENSBTAG00000024715,0.0
ENSBTAG00000048579,0.0
ENSBTAG00000039253,0.0
ENSBTAG00000052554,0.0
ENSBTAG00000051095,0.0
ENSBTAG00000049241,0.0
ENSBTAG00000014853,0.0
ENSBTAG00000049648,0.0
ENSBTAG00000047714,0.0
ENSBTAG00000050295,0.0
ENSBTAG00000038161,0.0
ENSBTAG00000052357,0.0
ENSBTAG00000054970,0.0
ENSBTAG00000040139,0.0
ENSBTAG00000048570,0.0
ENSBTAG00000035008,0.0
ENSBTAG00000050651,0.0
ENSBTAG00000008312,0.0
ENSBTAG00000053143,0.0
ENSBTAG00000050111,0.0
ENSBTAG00000054208,0.0
ENSBTAG00000039298,0.0
ENSBTAG00000054634,0.0
ENSBTAG00000037875,0.0
ENSBTAG00000047945,0.0
ENSBTAG00000039735,0.0
ENSBTAG00000051022,0.0
ENSBTAG00000040339,0.0
ENSBTAG00000004765,0.0
ENSBTAG00000038636,0.0
ENSBTAG00000037886,0.0
ENSBTAG00000047479,0.0
ENSBTAG00000049940,0.0
ENSBTAG00000053014,0.0
ENSBTAG00000053514,0.0
ENSBTAG00000040478,0.0
ENSBTAG00000052183,0.0
ENSBTAG00000047489,0.0
ENSBTAG00000022368,0.0
ENSBTAG00000046913,0.0
ENSBTAG00000045612,0.0
ENSBTAG00000051580,0.0
ENSBTAG00000052193,0.0
ENSBTAG00000038075,0.0
ENSBTAG00000051323,0.0
ENSBTAG00000049986,0.0
ENSBTAG00000050390,0.0
ENSBTAG00000050365,0.0
ENSBTAG00000054519,0.0
ENSBTAG00000052372,0.0
ENSBTAG00000054371,0.0
ENSBTAG00000038578,0.0
ENSBTAG00000051181,0.0
ENSBTAG00000050019,0.0
ENSBTAG00000049456,0.0
ENSBTAG00000049947,0.0
ENSBTAG00000054011,0.0
ENSBTAG00000008236,0.0
ENSBTAG00000049453,0.0
ENSBTAG00000051654,0.0
ENSBTAG00000050367,0.0
ENSBTAG00000000233,0.0
ENSBTAG00000000232,0.0
ENSBTAG00000011332,0.0
ENSBTAG00000048052,0.0
ENSBTAG00000051676,0.0
ENSBTAG00000051808,0.0
ENSBTAG00000051670,0.0
ENSBTAG00000049550,0.0
ENSBTAG00000054431,0.0
ENSBTAG00000031025,0.0
ENSBTAG00000031923,0.0
ENSBTAG00000053247,0.0
ENSBTAG00000048383,0.0
ENSBTAG00000031026,0.0
ENSBTAG00000031119,0.0
ENSBTAG00000026194,0.0
ENSBTAG00000052223,0.0
ENSBTAG00000024788,0.0
ENSBTAG00000013683,0.0
ENSBTAG00000031030,0.0
ENSBTAG00000040075,0.0
ENSBTAG00000012549,0.0
ENSBTAG00000013900,0.0
ENSBTAG00000012325,0.0
ENSBTAG00000053982,0.0
ENSBTAG00000051174,0.0
ENSBTAG00000031032,0.0
ENSBTAG00000052975,0.0
ENSBTAG00000053761,0.0
ENSBTAG00000048614,0.0
ENSBTAG00000054221,0.0
ENSBTAG00000040380,0.0
ENSBTAG00000053438,0.0
ENSBTAG00000054267,0.0
ENSBTAG00000048640,0.0
ENSBTAG00000005070,0.0
ENSBTAG00000050306,0.0
ENSBTAG00000051253,0.0
ENSBTAG00000053824,0.0
ENSBTAG00000013111,0.0
ENSBTAG00000053261,0.0
ENSBTAG00000053906,0.0
ENSBTAG00000048840,0.0
ENSBTAG00000048665,0.0
ENSBTAG00000052351,0.0
ENSBTAG00000010005,0.0
ENSBTAG00000011521,0.0
ENSBTAG00000035485,0.0
ENSBTAG00000050104,0.0
ENSBTAG00000039272,0.0
ENSBTAG00000048865,0.0
ENSBTAG00000052960,0.0
ENSBTAG00000054280,0.0
ENSBTAG00000054223,0.0
ENSBTAG00000020746,0.0
ENSBTAG00000015876,0.0
ENSBTAG00000055196,0.0
ENSBTAG00000003056,0.0
ENSBTAG00000014594,0.0
ENSBTAG00000046471,0.0
ENSBTAG00000053492,0.0
ENSBTAG00000052333,0.0
ENSBTAG00000013109,0.0
ENSBTAG00000030920,0.0
ENSBTAG00000052005,0.0
ENSBTAG00000046527,0.0
ENSBTAG00000046285,0.0
ENSBTAG00000001291,0.0
ENSBTAG00000000347,0.0
ENSBTAG00000053432,0.0
ENSBTAG00000037878,0.0
ENSBTAG00000008433,0.0
ENSBTAG00000048469,0.0
ENSBTAG00000051546,0.0
ENSBTAG00000048987,0.0
ENSBTAG00000008432,0.0
ENSBTAG00000035986,0.0
ENSBTAG00000035985,0.0
ENSBTAG00000050889,0.0
ENSBTAG00000053685,0.0
ENSBTAG00000048692,0.0
ENSBTAG00000035059,0.0
ENSBTAG00000023310,0.0
ENSBTAG00000006345,0.0
ENSBTAG00000050397,0.0
ENSBTAG00000055237,0.0
ENSBTAG00000053177,0.0
ENSBTAG00000023648,0.0
ENSBTAG00000050947,0.0
ENSBTAG00000051038,0.0
ENSBTAG00000050372,0.0
ENSBTAG00000053052,0.0
ENSBTAG00000035031,0.0
ENSBTAG00000035029,0.0
ENSBTAG00000049880,0.0
ENSBTAG00000053431,0.0
ENSBTAG00000052893,0.0
ENSBTAG00000022858,0.0
ENSBTAG00000039110,0.0
ENSBTAG00000013997,0.0
ENSBTAG00000049953,0.0
ENSBTAG00000045739,0.0
ENSBTAG00000040330,0.0
ENSBTAG00000016146,0.0
ENSBTAG00000023542,0.0
ENSBTAG00000026796,0.0
ENSBTAG00000006421,0.0
ENSBTAG00000054047,0.0
ENSBTAG00000055161,0.0
ENSBTAG00000052245,0.0
ENSBTAG00000011549,0.0
ENSBTAG00000014167,0.0
ENSBTAG00000049790,0.0
ENSBTAG00000037928,0.0
ENSBTAG00000038539,0.0
ENSBTAG00000049608,0.0
ENSBTAG00000031017,0.0
ENSBTAG00000045558,0.0
ENSBTAG00000052561,0.0
ENSBTAG00000040008,0.0
ENSBTAG00000049221,0.0
ENSBTAG00000049795,0.0
ENSBTAG00000003930,0.0
ENSBTAG00000052871,0.0
ENSBTAG00000027676,0.0
ENSBTAG00000018449,0.0
ENSBTAG00000054290,0.0
ENSBTAG00000013156,0.0
ENSBTAG00000003023,0.0
ENSBTAG00000055028,0.0
ENSBTAG00000017964,0.0
ENSBTAG00000003001,0.0
ENSBTAG00000046387,0.0
ENSBTAG00000003000,0.0
ENSBTAG00000002999,0.0
ENSBTAG00000050890,0.0
ENSBTAG00000038532,0.0
ENSBTAG00000021007,0.0
ENSBTAG00000055298,0.0
ENSBTAG00000027684,0.0
ENSBTAG00000024952,0.0
ENSBTAG00000053339,0.0
ENSBTAG00000052129,0.0
ENSBTAG00000051491,0.0
ENSBTAG00000019167,0.0
ENSBTAG00000019168,0.0
ENSBTAG00000054643,0.0
ENSBTAG00000051651,0.0
ENSBTAG00000008923,0.0
ENSBTAG00000004206,0.0
ENSBTAG00000027516,0.0
ENSBTAG00000008925,0.0
ENSBTAG00000001280,0.0
ENSBTAG00000009176,0.0
ENSBTAG00000016469,0.0
ENSBTAG00000012279,0.0
ENSBTAG00000014502,0.0
ENSBTAG00000023989,0.0
ENSBTAG00000000375,0.0
ENSBTAG00000000376,0.0
ENSBTAG00000006176,0.0
ENSBTAG00000008419,0.0
ENSBTAG00000014503,0.0
ENSBTAG00000049504,0.0
ENSBTAG00000055258,0.0
ENSBTAG00000002007,0.0
ENSBTAG00000050239,0.0
ENSBTAG00000020884,0.0
ENSBTAG00000053550,0.0
ENSBTAG00000040320,0.0
ENSBTAG00000010060,0.0
ENSBTAG00000012621,0.0
ENSBTAG00000053811,0.0
ENSBTAG00000051613,0.0
ENSBTAG00000052675,0.0
ENSBTAG00000051230,0.0
ENSBTAG00000024701,0.0
ENSBTAG00000027524,0.0
ENSBTAG00000012989,0.0
ENSBTAG00000005934,0.0
ENSBTAG00000053317,0.0
ENSBTAG00000034827,0.0
ENSBTAG00000006493,0.0
ENSBTAG00000002381,0.0
ENSBTAG00000002887,0.0
ENSBTAG00000002389,0.0
ENSBTAG00000002404,0.0
ENSBTAG00000049312,0.0
ENSBTAG00000051741,0.0
ENSBTAG00000050827,0.0
ENSBTAG00000002051,0.0
ENSBTAG00000047461,0.0
ENSBTAG00000002411,0.0
ENSBTAG00000048939,0.0
ENSBTAG00000015182,0.0
ENSBTAG00000019059,0.0
ENSBTAG00000019309,0.0
ENSBTAG00000019062,0.0
ENSBTAG00000003087,0.0
ENSBTAG00000050505,0.0
ENSBTAG00000015059,0.0
ENSBTAG00000007971,0.0
ENSBTAG00000039050,0.0
ENSBTAG00000038737,0.0
ENSBTAG00000012505,0.0
ENSBTAG00000053542,0.0
ENSBTAG00000039893,0.0
ENSBTAG00000037768,0.0
ENSBTAG00000021375,0.0
ENSBTAG00000038267,0.0
ENSBTAG00000048029,0.0
ENSBTAG00000030908,0.0
ENSBTAG00000040197,0.0
ENSBTAG00000049391,0.0
ENSBTAG00000049716,0.0
ENSBTAG00000015818,0.0
ENSBTAG00000055170,0.0
ENSBTAG00000051520,0.0
ENSBTAG00000046732,0.0
ENSBTAG00000016494,0.0
ENSBTAG00000049719,0.0
ENSBTAG00000040150,0.0
ENSBTAG00000053501,0.0
ENSBTAG00000051853,0.0
ENSBTAG00000051379,0.0
ENSBTAG00000046380,0.0
ENSBTAG00000053202,0.0
ENSBTAG00000009830,0.0
ENSBTAG00000036260,0.0
ENSBTAG00000000025,0.0
ENSBTAG00000024657,0.0
ENSBTAG00000053204,0.0
ENSBTAG00000040567,0.0
ENSBTAG00000003624,0.0
ENSBTAG00000008347,0.0
ENSBTAG00000045939,0.0
ENSBTAG00000054199,0.0
ENSBTAG00000003679,0.0
ENSBTAG00000050622,0.0
ENSBTAG00000038058,0.0
ENSBTAG00000014251,0.0
ENSBTAG00000003682,0.0
ENSBTAG00000004594,0.0
ENSBTAG00000052095,0.0
ENSBTAG00000003692,0.0
ENSBTAG00000030847,0.0
ENSBTAG00000005259,0.0
ENSBTAG00000038323,0.0
ENSBTAG00000036016,0.0
ENSBTAG00000049888,0.0
ENSBTAG00000049233,0.0
ENSBTAG00000002907,0.0
ENSBTAG00000013841,0.0
ENSBTAG00000052956,0.0
ENSBTAG00000035735,0.0
ENSBTAG00000054229,0.0
ENSBTAG00000054997,0.0
ENSBTAG00000049655,0.0
ENSBTAG00000027612,0.0
ENSBTAG00000049182,0.0
ENSBTAG00000024918,0.0
ENSBTAG00000051392,0.0
ENSBTAG00000006579,0.0
ENSBTAG00000054605,0.0
ENSBTAG00000027610,0.0
ENSBTAG00000053189,0.0
ENSBTAG00000027490,0.0
ENSBTAG00000053849,0.0
ENSBTAG00000001432,0.0
ENSBTAG00000054375,0.0
ENSBTAG00000048388,0.0
ENSBTAG00000050168,0.0
ENSBTAG00000033509,0.0
ENSBTAG00000049324,0.0
ENSBTAG00000020332,0.0
ENSBTAG00000039307,0.0
ENSBTAG00000015309,0.0
ENSBTAG00000000770,0.0
ENSBTAG00000053524,0.0
ENSBTAG00000011873,0.0
ENSBTAG00000021284,0.0
ENSBTAG00000016869,0.0
ENSBTAG00000005913,0.0
ENSBTAG00000047472,0.0
ENSBTAG00000048032,0.0
ENSBTAG00000020032,0.0
ENSBTAG00000012820,0.0
ENSBTAG00000005308,0.0
ENSBTAG00000021306,0.0
ENSBTAG00000000727,0.0
ENSBTAG00000021188,0.0
ENSBTAG00000054207,0.0
ENSBTAG00000006610,0.0
ENSBTAG00000012057,0.0
ENSBTAG00000050537,0.0
ENSBTAG00000006644,0.0
ENSBTAG00000011227,0.0
ENSBTAG00000027348,0.0
ENSBTAG00000025931,0.0
ENSBTAG00000053835,0.0
ENSBTAG00000020095,0.0
ENSBTAG00000047344,0.0
ENSBTAG00000020096,0.0
ENSBTAG00000048088,0.0
ENSBTAG00000038650,0.0
ENSBTAG00000012899,0.0
ENSBTAG00000004581,0.0
ENSBTAG00000004583,0.0
ENSBTAG00000051592,0.0
ENSBTAG00000030898,0.0
ENSBTAG00000024648,0.0
ENSBTAG00000013205,0.0
ENSBTAG00000053675,0.0
ENSBTAG00000020485,0.0
ENSBTAG00000002260,0.0
ENSBTAG00000046088,0.0
ENSBTAG00000014838,0.0
ENSBTAG00000004423,0.0
ENSBTAG00000012936,0.0
ENSBTAG00000021286,0.0
ENSBTAG00000012937,0.0
ENSBTAG00000015087,0.0
ENSBTAG00000013456,0.0
ENSBTAG00000012229,0.0
ENSBTAG00000001027,0.0
ENSBTAG00000038756,0.0
ENSBTAG00000001028,0.0
ENSBTAG00000018390,0.0
ENSBTAG00000049519,0.0
ENSBTAG00000053794,0.0
ENSBTAG00000006494,0.0
ENSBTAG00000047111,0.0
ENSBTAG00000017443,0.0
ENSBTAG00000015091,0.0
ENSBTAG00000051826,0.0
ENSBTAG00000052936,0.0
ENSBTAG00000020466,0.0
ENSBTAG00000037483,0.0
ENSBTAG00000052237,0.0
ENSBTAG00000016405,0.0
ENSBTAG00000051204,0.0
ENSBTAG00000050224,0.0
ENSBTAG00000053099,0.0
ENSBTAG00000018503,0.0
ENSBTAG00000054100,0.0
ENSBTAG00000016355,0.0
ENSBTAG00000050107,0.0
ENSBTAG00000051087,0.0
ENSBTAG00000037488,0.0
ENSBTAG00000006581,0.0
ENSBTAG00000010820,0.0
ENSBTAG00000051011,0.0
ENSBTAG00000031609,0.0
ENSBTAG00000037962,0.0
ENSBTAG00000052297,0.0
ENSBTAG00000016557,0.0
ENSBTAG00000010826,0.0
ENSBTAG00000016547,0.0
ENSBTAG00000020748,0.0
ENSBTAG00000050674,0.0
ENSBTAG00000051840,0.0
ENSBTAG00000048805,0.0
ENSBTAG00000001301,0.0
ENSBTAG00000051627,0.0
ENSBTAG00000001537,0.0
ENSBTAG00000004034,0.0
ENSBTAG00000024803,0.0
ENSBTAG00000050139,0.0
ENSBTAG00000001704,0.0
ENSBTAG00000007913,0.0
ENSBTAG00000017218,0.0
ENSBTAG00000052260,0.0
ENSBTAG00000008557,0.0
ENSBTAG00000047129,0.0
ENSBTAG00000005034,0.0
ENSBTAG00000018945,0.0
ENSBTAG00000014910,0.0
ENSBTAG00000038062,0.0
ENSBTAG00000040449,0.0
ENSBTAG00000018629,0.0
ENSBTAG00000003955,0.0
ENSBTAG00000044144,0.0
ENSBTAG00000010642,0.0
ENSBTAG00000002691,0.0
ENSBTAG00000048585,0.0
ENSBTAG00000003661,0.0
ENSBTAG00000018246,0.0
ENSBTAG00000012882,0.0
ENSBTAG00000013148,0.0
ENSBTAG00000010286,0.0
ENSBTAG00000003111,0.0
ENSBTAG00000054246,0.0
ENSBTAG00000008709,0.0
ENSBTAG00000008253,0.0
ENSBTAG00000002382,0.0
ENSBTAG00000050066,0.0
ENSBTAG00000051234,0.0
ENSBTAG00000008732,0.0
ENSBTAG00000004672,0.0
ENSBTAG00000011793,0.0
ENSBTAG00000000333,0.0
ENSBTAG00000049167,0.0
ENSBTAG00000044177,0.0
ENSBTAG00000052702,0.0
ENSBTAG00000021025,0.0
ENSBTAG00000050434,0.0
ENSBTAG00000052054,0.0
ENSBTAG00000034346,0.0
ENSBTAG00000034338,0.0
ENSBTAG00000017901,0.0
ENSBTAG00000020272,0.0
ENSBTAG00000020277,0.0
ENSBTAG00000020279,0.0
ENSBTAG00000004949,0.0
ENSBTAG00000004951,0.0
ENSBTAG00000000434,0.0
ENSBTAG00000000440,0.0
ENSBTAG00000008661,0.0
ENSBTAG00000008665,0.0
ENSBTAG00000010709,0.0
ENSBTAG00000005156,0.0
ENSBTAG00000001999,0.0
ENSBTAG00000002000,0.0
ENSBTAG00000016266,0.0
ENSBTAG00000049455,0.0
ENSBTAG00000000277,0.0
ENSBTAG00000016548,0.0
ENSBTAG00000034193,0.0
ENSBTAG00000054599,0.0
ENSBTAG00000049973,0.0
ENSBTAG00000015810,0.0
ENSBTAG00000053780,0.0
ENSBTAG00000054743,0.0
ENSBTAG00000021855,0.0
ENSBTAG00000005710,0.0
ENSBTAG00000027126,0.0
ENSBTAG00000021858,0.0
ENSBTAG00000010008,0.0
ENSBTAG00000006676,0.0
ENSBTAG00000014847,0.0
ENSBTAG00000020066,0.0
ENSBTAG00000021346,0.0
ENSBTAG00000015460,0.0
ENSBTAG00000002323,0.0
ENSBTAG00000001460,0.0
ENSBTAG00000008134,0.0
ENSBTAG00000031330,0.0
ENSBTAG00000002117,0.0
ENSBTAG00000011266,0.0
ENSBTAG00000008564,0.0
ENSBTAG00000003361,0.0
ENSBTAG00000008220,0.0
ENSBTAG00000021819,0.0
ENSBTAG00000005843,0.0
ENSBTAG00000020793,0.0
ENSBTAG00000005945,0.0
ENSBTAG00000010889,0.0
ENSBTAG00000012417,0.0
ENSBTAG00000031362,0.0
ENSBTAG00000020956,0.0
ENSBTAG00000000977,0.0
ENSBTAG00000051561,0.0
ENSBTAG00000054163,0.0
ENSBTAG00000051027,0.0
ENSBTAG00000051331,0.0
ENSBTAG00000048870,0.0
ENSBTAG00000016855,0.0
ENSBTAG00000002650,0.0
ENSBTAG00000006060,0.0
ENSBTAG00000019764,0.0
ENSBTAG00000019770,0.0
ENSBTAG00000012398,0.0
ENSBTAG00000002258,0.0
ENSBTAG00000050888,0.0
ENSBTAG00000015119,0.0
ENSBTAG00000053900,0.0
ENSBTAG00000005627,0.0
ENSBTAG00000023831,0.0
ENSBTAG00000007192,0.0
ENSBTAG00000004561,0.0
ENSBTAG00000053505,0.0
ENSBTAG00000007196,0.0
ENSBTAG00000003052,0.0
ENSBTAG00000019358,0.0
ENSBTAG00000052762,0.0
ENSBTAG00000047362,0.0
ENSBTAG00000019365,0.0
ENSBTAG00000052796,0.0
ENSBTAG00000047268,0.0
ENSBTAG00000014137,0.0
ENSBTAG00000005338,0.0
ENSBTAG00000049128,0.0
ENSBTAG00000050844,0.0
ENSBTAG00000019404,0.0
ENSBTAG00000016692,0.0
ENSBTAG00000020731,0.0
ENSBTAG00000014399,0.0
ENSBTAG00000009828,0.0
ENSBTAG00000021809,0.0
ENSBTAG00000014354,0.0
ENSBTAG00000050169,0.0
ENSBTAG00000008342,0.0
ENSBTAG00000008613,0.0
ENSBTAG00000005215,0.0
ENSBTAG00000021518,0.0
ENSBTAG00000008617,0.0
ENSBTAG00000014884,0.0
ENSBTAG00000039340,0.0
ENSBTAG00000054592,0.0
ENSBTAG00000023283,0.0
ENSBTAG00000001233,0.0
ENSBTAG00000033510,0.0
ENSBTAG00000015710,0.0
ENSBTAG00000012846,0.0
ENSBTAG00000027577,0.0
ENSBTAG00000032538,0.0
ENSBTAG00000002302,0.0
ENSBTAG00000010071,0.0
ENSBTAG00000006453,0.0
ENSBTAG00000019725,0.0
ENSBTAG00000006951,0.0
ENSBTAG00000007332,0.0
ENSBTAG00000016744,0.0
ENSBTAG00000018093,0.0
ENSBTAG00000016747,0.0
ENSBTAG00000012940,0.0
ENSBTAG00000012941,0.0
ENSBTAG00000006690,0.0
ENSBTAG00000016197,0.0
ENSBTAG00000005923,0.0
ENSBTAG00000020980,0.0
ENSBTAG00000012460,0.0
ENSBTAG00000016202,0.0
ENSBTAG00000017150,0.0
ENSBTAG00000009067,0.0
ENSBTAG00000018257,0.0
ENSBTAG00000018261,0.0
ENSBTAG00000046320,0.0
ENSBTAG00000005138,0.0
ENSBTAG00000012750,0.0
ENSBTAG00000014606,0.0
ENSBTAG00000017932,0.0
ENSBTAG00000027772,0.0
ENSBTAG00000008075,0.0
ENSBTAG00000008077,0.0
ENSBTAG00000011578,0.0
ENSBTAG00000010322,0.0
ENSBTAG00000012628,0.0
ENSBTAG00000012630,0.0
ENSBTAG00000005357,0.0
ENSBTAG00000037389,0.0
ENSBTAG00000005364,0.0
ENSBTAG00000005371,0.0
ENSBTAG00000015013,0.0
ENSBTAG00000044158,0.0
ENSBTAG00000019045,0.0
ENSBTAG00000015015,0.0
ENSBTAG00000011800,0.0
ENSBTAG00000021029,0.0
ENSBTAG00000036009,0.0
ENSBTAG00000040293,0.0
ENSBTAG00000031309,0.0
ENSBTAG00000021611,0.0
ENSBTAG00000040569,0.0
ENSBTAG00000012507,0.0
ENSBTAG00000017794,0.0
ENSBTAG00000006817,0.0
ENSBTAG00000007324,0.0
ENSBTAG00000049512,0.0
ENSBTAG00000006835,0.0
ENSBTAG00000012562,0.0
ENSBTAG00000027766,0.0
ENSBTAG00000051591,0.0
ENSBTAG00000009748,0.0
ENSBTAG00000009749,0.0
ENSBTAG00000014474,0.0
ENSBTAG00000021899,0.0
ENSBTAG00000054648,0.0
ENSBTAG00000031299,0.0
ENSBTAG00000015939,0.0
ENSBTAG00000055167,0.0
ENSBTAG00000048487,0.0
ENSBTAG00000009419,0.0
ENSBTAG00000021338,0.0
ENSBTAG00000021340,0.0
ENSBTAG00000021342,0.0
ENSBTAG00000015212,0.0
ENSBTAG00000021343,0.0
ENSBTAG00000009518,0.0
ENSBTAG00000045822,0.0
ENSBTAG00000012053,0.0
ENSBTAG00000008465,0.0
ENSBTAG00000017146,0.0
ENSBTAG00000040051,0.0
ENSBTAG00000018213,0.0
ENSBTAG00000019644,0.0
ENSBTAG00000027563,0.0
ENSBTAG00000004456,0.0
ENSBTAG00000019246,0.0
ENSBTAG00000031252,0.0
ENSBTAG00000051189,0.0
ENSBTAG00000014611,0.0
ENSBTAG00000021484,0.0
ENSBTAG00000053859,0.0
ENSBTAG00000017228,0.0
ENSBTAG00000053620,0.0
ENSBTAG00000054820,0.0
ENSBTAG00000006443,0.0
ENSBTAG00000001703,0.0
ENSBTAG00000050592,0.0
ENSBTAG00000054083,0.0
ENSBTAG00000003721,0.0
ENSBTAG00000000842,0.0
ENSBTAG00000044001,0.0
ENSBTAG00000003199,0.0
ENSBTAG00000021223,0.0
ENSBTAG00000013989,0.0
ENSBTAG00000013994,0.0
ENSBTAG00000013162,0.0
ENSBTAG00000020046,0.0
ENSBTAG00000001410,0.0
ENSBTAG00000016768,0.0
ENSBTAG00000016684,0.0
ENSBTAG00000050079,0.0
ENSBTAG00000008804,0.0
ENSBTAG00000005343,0.0
ENSBTAG00000005340,0.0
ENSBTAG00000005424,0.0
ENSBTAG00000002216,0.0
ENSBTAG00000000987,0.0
ENSBTAG00000000986,0.0
ENSBTAG00000021490,0.0
ENSBTAG00000016170,0.0
ENSBTAG00000050060,0.0
ENSBTAG00000017468,0.0
ENSBTAG00000004901,0.0
ENSBTAG00000032859,0.0
ENSBTAG00000040308,0.0
ENSBTAG00000006974,0.0
ENSBTAG00000006755,0.0
ENSBTAG00000044185,0.0
ENSBTAG00000032782,0.0
ENSBTAG00000047380,0.0
ENSBTAG00000010089,0.0
ENSBTAG00000001516,0.0
ENSBTAG00000048777,0.0
ENSBTAG00000010419,0.0
ENSBTAG00000005218,0.0
ENSBTAG00000006564,0.0
ENSBTAG00000006556,0.0
ENSBTAG00000009359,0.0
ENSBTAG00000011905,0.0
ENSBTAG00000049984,0.0
ENSBTAG00000009061,0.0
ENSBTAG00000013033,0.0
ENSBTAG00000013029,0.0
ENSBTAG00000011914,0.0
ENSBTAG00000032657,0.0
ENSBTAG00000000700,0.0
ENSBTAG00000014855,0.0
ENSBTAG00000004275,0.0
ENSBTAG00000010919,0.0
ENSBTAG00000049052,0.0
ENSBTAG00000002914,0.0
ENSBTAG00000027716,0.0
ENSBTAG00000010568,0.0
ENSBTAG00000020308,0.0
ENSBTAG00000015566,0.0
ENSBTAG00000038174,0.0
ENSBTAG00000007129,0.0
ENSBTAG00000000802,0.0
ENSBTAG00000015824,0.0
ENSBTAG00000015821,0.0
ENSBTAG00000051340,0.0
ENSBTAG00000021048,0.0
ENSBTAG00000043981,0.0
ENSBTAG00000001987,0.0
ENSBTAG00000005278,0.0
ENSBTAG00000016074,0.0
ENSBTAG00000045658,0.0
ENSBTAG00000027722,0.0
ENSBTAG00000051429,0.0
ENSBTAG00000001607,0.0
ENSBTAG00000006322,0.0
ENSBTAG00000020573,0.0
ENSBTAG00000013366,0.0
ENSBTAG00000008310,0.0
ENSBTAG00000004771,0.0
ENSBTAG00000055241,0.0
ENSBTAG00000001922,0.0
ENSBTAG00000005356,0.0
ENSBTAG00000005349,0.0
ENSBTAG00000020890,0.0
ENSBTAG00000011910,0.0
ENSBTAG00000016320,0.0
ENSBTAG00000004863,0.0
ENSBTAG00000004862,0.0
ENSBTAG00000004861,0.0
ENSBTAG00000050520,0.0
ENSBTAG00000053959,0.0
ENSBTAG00000051754,0.0
ENSBTAG00000051548,0.0
ENSBTAG00000052037,0.0
ENSBTAG00000047944,0.0
ENSBTAG00000036222,0.0
ENSBTAG00000003163,0.0
ENSBTAG00000020797,0.0
ENSBTAG00000020795,0.0
ENSBTAG00000001511,0.0
ENSBTAG00000051764,0.0
ENSBTAG00000049042,0.0
ENSBTAG00000022931,0.0
ENSBTAG00000037547,0.0
ENSBTAG00000050526,0.0
ENSBTAG00000040222,0.0
ENSBTAG00000054579,0.0
ENSBTAG00000055039,0.0
ENSBTAG00000040490,0.0
ENSBTAG00000008650,0.0
ENSBTAG00000050894,0.0
ENSBTAG00000053042,0.0
ENSBTAG00000019511,0.0
ENSBTAG00000019509,0.0
ENSBTAG00000019508,0.0
ENSBTAG00000000291,0.0
ENSBTAG00000000288,0.0
ENSBTAG00000054023,0.0
ENSBTAG00000012377,0.0
ENSBTAG00000019488,0.0
ENSBTAG00000003058,0.0
ENSBTAG00000017402,0.0
ENSBTAG00000031625,0.0
ENSBTAG00000014442,0.0
ENSBTAG00000008937,0.0
ENSBTAG00000014438,0.0
ENSBTAG00000005127,0.0
ENSBTAG00000048047,0.0
ENSBTAG00000021558,0.0
ENSBTAG00000047991,0.0
ENSBTAG00000017243,0.0
ENSBTAG00000002836,0.0
ENSBTAG00000013930,0.0
ENSBTAG00000015058,0.0
ENSBTAG00000013925,0.0
ENSBTAG00000051857,0.0
ENSBTAG00000050877,0.0
ENSBTAG00000020261,0.0
ENSBTAG00000014075,0.0
ENSBTAG00000045509,0.0
ENSBTAG00000027397,0.0
ENSBTAG00000003608,0.0
ENSBTAG00000051759,0.0
ENSBTAG00000013004,0.0
ENSBTAG00000051276,0.0
ENSBTAG00000049136,0.0
ENSBTAG00000010664,0.0
ENSBTAG00000008401,0.0
ENSBTAG00000021951,0.0
ENSBTAG00000043993,0.0
ENSBTAG00000015080,0.0
ENSBTAG00000006078,0.0
ENSBTAG00000012109,0.0
ENSBTAG00000003179,0.0
ENSBTAG00000004147,0.0
ENSBTAG00000004402,0.0
ENSBTAG00000039208,0.0
ENSBTAG00000018785,0.0
ENSBTAG00000003064,0.0
ENSBTAG00000018784,0.0
ENSBTAG00000018783,0.0
ENSBTAG00000008288,0.0
ENSBTAG00000047223,0.0
ENSBTAG00000053950,0.0
ENSBTAG00000016445,0.0
ENSBTAG00000052413,0.0
ENSBTAG00000017475,0.0
ENSBTAG00000017271,0.0
ENSBTAG00000054495,0.0
ENSBTAG00000017278,0.0
ENSBTAG00000016724,0.0
ENSBTAG00000003872,0.0
ENSBTAG00000020397,0.0
ENSBTAG00000005136,0.0
ENSBTAG00000017424,0.0
ENSBTAG00000018053,0.0
ENSBTAG00000006529,0.0
ENSBTAG00000052305,0.0
ENSBTAG00000016926,0.0
ENSBTAG00000049443,0.0
ENSBTAG00000048553,0.0
ENSBTAG00000012526,0.0
ENSBTAG00000054668,0.0
ENSBTAG00000054628,0.0
ENSBTAG00000012406,0.0
ENSBTAG00000005492,0.0
ENSBTAG00000051529,0.0
ENSBTAG00000055226,0.0
ENSBTAG00000016060,0.0
ENSBTAG00000001936,0.0
ENSBTAG00000007133,0.0
ENSBTAG00000013079,0.0
ENSBTAG00000008105,0.0
ENSBTAG00000052242,0.0
ENSBTAG00000010934,0.0
ENSBTAG00000014991,0.0
ENSBTAG00000015362,0.0
ENSBTAG00000002065,0.0
ENSBTAG00000024608,0.0
ENSBTAG00000031462,0.0
ENSBTAG00000027390,0.0
ENSBTAG00000006243,0.0
ENSBTAG00000048624,0.0
ENSBTAG00000049499,0.0
ENSBTAG00000014555,0.0
ENSBTAG00000006639,0.0
ENSBTAG00000019866,0.0
ENSBTAG00000048859,0.0
ENSBTAG00000013009,0.0
ENSBTAG00000013007,0.0
ENSBTAG00000004712,0.0
ENSBTAG00000033397,0.0
ENSBTAG00000015910,0.0
ENSBTAG00000006539,0.0
ENSBTAG00000006533,0.0
ENSBTAG00000008303,0.0
ENSBTAG00000053535,0.0
ENSBTAG00000002675,0.0
ENSBTAG00000052136,0.0
ENSBTAG00000052951,0.0
ENSBTAG00000021321,0.0
ENSBTAG00000043964,0.0
ENSBTAG00000048366,0.0
ENSBTAG00000001376,0.0
ENSBTAG00000037969,0.0
ENSBTAG00000017312,0.0
ENSBTAG00000018418,0.0
ENSBTAG00000018417,0.0
ENSBTAG00000021885,0.0
ENSBTAG00000021811,0.0
ENSBTAG00000009475,0.0
ENSBTAG00000008638,0.0
ENSBTAG00000003977,0.0
ENSBTAG00000051867,0.0
ENSBTAG00000013339,0.0
ENSBTAG00000051653,0.0
ENSBTAG00000010913,0.0
ENSBTAG00000005750,0.0
ENSBTAG00000012341,0.0
ENSBTAG00000013330,0.0
ENSBTAG00000048971,0.0
ENSBTAG00000003937,0.0
ENSBTAG00000017002,0.0
ENSBTAG00000017007,0.0
ENSBTAG00000050131,0.0
ENSBTAG00000049246,0.0
ENSBTAG00000027387,0.0
ENSBTAG00000044047,0.0
ENSBTAG00000027386,0.0
ENSBTAG00000002116,0.0
ENSBTAG00000002115,0.0
ENSBTAG00000049760,0.0
ENSBTAG00000048288,0.0
ENSBTAG00000051033,0.0
ENSBTAG00000044074,0.0
ENSBTAG00000053093,0.0
ENSBTAG00000049328,0.0
ENSBTAG00000050556,0.0
ENSBTAG00000052478,0.0
ENSBTAG00000048009,0.0
ENSBTAG00000052743,0.0
ENSBTAG00000003364,0.0
ENSBTAG00000027384,0.0
ENSBTAG00000033315,0.0
ENSBTAG00000025968,0.0
ENSBTAG00000027383,0.0
ENSBTAG00000031254,0.0
ENSBTAG00000051361,0.0
ENSBTAG00000003589,0.0
ENSBTAG00000015584,0.0
ENSBTAG00000014176,0.0
ENSBTAG00000021491,0.0
ENSBTAG00000033291,0.0
ENSBTAG00000016169,0.0
ENSBTAG00000016171,0.0
ENSBTAG00000006526,0.0
ENSBTAG00000048319,0.0
ENSBTAG00000032265,0.0
ENSBTAG00000018033,0.0
ENSBTAG00000020929,0.0
ENSBTAG00000014930,0.0
ENSBTAG00000044112,0.0
ENSBTAG00000047315,0.0
ENSBTAG00000009206,0.0
ENSBTAG00000031214,0.0
ENSBTAG00000054678,0.0
ENSBTAG00000005937,0.0
ENSBTAG00000047752,0.0
ENSBTAG00000009743,0.0
ENSBTAG00000016348,0.0
ENSBTAG00000003063,0.0
ENSBTAG00000007932,0.0
ENSBTAG00000001015,0.0
ENSBTAG00000018395,0.0
ENSBTAG00000018334,0.0
ENSBTAG00000016231,0.0
ENSBTAG00000003215,0.0
ENSBTAG00000021857,0.0
ENSBTAG00000031402,0.0
ENSBTAG00000008348,0.0
ENSBTAG00000052747,0.0
ENSBTAG00000015569,0.0
ENSBTAG00000052613,0.0
ENSBTAG00000009117,0.0
ENSBTAG00000016427,0.0
ENSBTAG00000003901,0.0
ENSBTAG00000023920,0.0
ENSBTAG00000003908,0.0
ENSBTAG00000051503,0.0
ENSBTAG00000002123,0.0
ENSBTAG00000013056,0.0
ENSBTAG00000008056,0.0
ENSBTAG00000019200,0.0
ENSBTAG00000010112,0.0
ENSBTAG00000038687,0.0
ENSBTAG00000003640,0.0
ENSBTAG00000052989,0.0
ENSBTAG00000016401,0.0
ENSBTAG00000016406,0.0
ENSBTAG00000012467,0.0
ENSBTAG00000054631,0.0
ENSBTAG00000047869,0.0
ENSBTAG00000007700,0.0
ENSBTAG00000009144,0.0
ENSBTAG00000008821,0.0
ENSBTAG00000031376,0.0
ENSBTAG00000011704,0.0
ENSBTAG00000020800,0.0
ENSBTAG00000019752,0.0
ENSBTAG00000031373,0.0
ENSBTAG00000006802,0.0
ENSBTAG00000017098,0.0
ENSBTAG00000017244,0.0
ENSBTAG00000015724,0.0
ENSBTAG00000031361,0.0
ENSBTAG00000018535,0.0
ENSBTAG00000031354,0.0
ENSBTAG00000014153,0.0
ENSBTAG00000000512,0.0
ENSBTAG00000010131,0.0
ENSBTAG00000010023,0.0
ENSBTAG00000053051,0.0
ENSBTAG00000053797,0.0
ENSBTAG00000003946,0.0
ENSBTAG00000003962,0.0
ENSBTAG00000003971,0.0
ENSBTAG00000038738,0.0
ENSBTAG00000016450,0.0
ENSBTAG00000016451,0.0
ENSBTAG00000010210,0.0
ENSBTAG00000039313,0.0
ENSBTAG00000010220,0.0
ENSBTAG00000013387,0.0
ENSBTAG00000002856,0.0
ENSBTAG00000016524,0.0
ENSBTAG00000005969,0.0
ENSBTAG00000002858,0.0
ENSBTAG00000007702,0.0
ENSBTAG00000007703,0.0
ENSBTAG00000034077,0.0
ENSBTAG00000018101,0.0
ENSBTAG00000050108,0.0
ENSBTAG00000046623,0.0
ENSBTAG00000000308,0.0
ENSBTAG00000000160,0.0
ENSBTAG00000006134,0.0
ENSBTAG00000006135,0.0
ENSBTAG00000007602,0.0
ENSBTAG00000011620,0.0
ENSBTAG00000005504,0.0
ENSBTAG00000007930,0.0
ENSBTAG00000013301,0.0
ENSBTAG00000013303,0.0
ENSBTAG00000010387,0.0
ENSBTAG00000003504,0.0
ENSBTAG00000003512,0.0
ENSBTAG00000016676,0.0
ENSBTAG00000048616,0.0
ENSBTAG00000016677,0.0
ENSBTAG00000027446,0.0
ENSBTAG00000005072,0.0
ENSBTAG00000020546,0.0
ENSBTAG00000018463,0.0
ENSBTAG00000011366,0.0
ENSBTAG00000002236,0.0
ENSBTAG00000003815,0.0
ENSBTAG00000033089,0.0
ENSBTAG00000002658,0.0
ENSBTAG00000008291,0.0
ENSBTAG00000053135,0.0
ENSBTAG00000010024,0.0
ENSBTAG00000011263,0.0
ENSBTAG00000012706,0.0
ENSBTAG00000006278,0.0
ENSBTAG00000015525,0.0
ENSBTAG00000030990,0.0
ENSBTAG00000004429,0.0
ENSBTAG00000006021,0.0
ENSBTAG00000030976,0.0
ENSBTAG00000006670,0.0
ENSBTAG00000022000,0.0
ENSBTAG00000055031,0.0
ENSBTAG00000006949,0.0
ENSBTAG00000022003,0.0
ENSBTAG00000006955,0.0
ENSBTAG00000001552,0.0
ENSBTAG00000044015,0.0
ENSBTAG00000006962,0.0
ENSBTAG00000027361,0.0
ENSBTAG00000002280,0.0
ENSBTAG00000003949,0.0
ENSBTAG00000012677,0.0
ENSBTAG00000005571,0.0
ENSBTAG00000005573,0.0
ENSBTAG00000002822,0.0
ENSBTAG00000052997,0.0
ENSBTAG00000053403,0.0
ENSBTAG00000001640,0.0
ENSBTAG00000050801,0.0
ENSBTAG00000001645,0.0
ENSBTAG00000020053,0.0
ENSBTAG00000001741,0.0
ENSBTAG00000050858,0.0
ENSBTAG00000011473,0.0
ENSBTAG00000052632,0.0
ENSBTAG00000021805,0.0
ENSBTAG00000040607,0.0
ENSBTAG00000016294,0.0
ENSBTAG00000019621,0.0
ENSBTAG00000027444,0.0
ENSBTAG00000013915,0.0
ENSBTAG00000021669,0.0
ENSBTAG00000054434,0.0
ENSBTAG00000022005,0.0
ENSBTAG00000022007,0.0
ENSBTAG00000054710,0.0
ENSBTAG00000001204,0.0
ENSBTAG00000011541,0.0
ENSBTAG00000004387,0.0
ENSBTAG00000013737,0.0
ENSBTAG00000011600,0.0
ENSBTAG00000055169,0.0
ENSBTAG00000052409,0.0
ENSBTAG00000011645,0.0
ENSBTAG00000010330,0.0
ENSBTAG00000014648,0.0
ENSBTAG00000012710,0.0
ENSBTAG00000000528,0.0
ENSBTAG00000008938,0.0
ENSBTAG00000052053,0.0
ENSBTAG00000003209,0.0
ENSBTAG00000003212,0.0
ENSBTAG00000051086,0.0
ENSBTAG00000003045,0.0
ENSBTAG00000018263,0.0
ENSBTAG00000007658,0.0
ENSBTAG00000003059,0.0
ENSBTAG00000017354,0.0
ENSBTAG00000051355,0.0
ENSBTAG00000004100,0.0
ENSBTAG00000053259,0.0
ENSBTAG00000005086,0.0
ENSBTAG00000016208,0.0
ENSBTAG00000000654,0.0
ENSBTAG00000007678,0.0
ENSBTAG00000019378,0.0
ENSBTAG00000014046,0.0
ENSBTAG00000010357,0.0
ENSBTAG00000053629,0.0
ENSBTAG00000016864,0.0
ENSBTAG00000008687,0.0
ENSBTAG00000047302,0.0
ENSBTAG00000050770,0.0
ENSBTAG00000049520,0.0
ENSBTAG00000003040,0.0
ENSBTAG00000006043,0.0
ENSBTAG00000017310,0.0
ENSBTAG00000047894,0.0
ENSBTAG00000048262,0.0
ENSBTAG00000052551,0.0
ENSBTAG00000000653,0.0
ENSBTAG00000000660,0.0
ENSBTAG00000004039,0.0
ENSBTAG00000053140,0.0
ENSBTAG00000021867,0.0
ENSBTAG00000015434,0.0
ENSBTAG00000049087,0.0
ENSBTAG00000050378,0.0
ENSBTAG00000048871,0.0
ENSBTAG00000015438,0.0
ENSBTAG00000003396,0.0
ENSBTAG00000050269,0.0
ENSBTAG00000004474,0.0
ENSBTAG00000050519,0.0
ENSBTAG00000003422,0.0
ENSBTAG00000007960,0.0
ENSBTAG00000003425,0.0
ENSBTAG00000017584,0.0
ENSBTAG00000008410,0.0
ENSBTAG00000051618,0.0
ENSBTAG00000018978,0.0
ENSBTAG00000004620,0.0
ENSBTAG00000017594,0.0
ENSBTAG00000009165,0.0
ENSBTAG00000004622,0.0
ENSBTAG00000016279,0.0
ENSBTAG00000005733,0.0
ENSBTAG00000052347,0.0
ENSBTAG00000008825,0.0
ENSBTAG00000008826,0.0
ENSBTAG00000018295,0.0
ENSBTAG00000051249,0.0
ENSBTAG00000008964,0.0
ENSBTAG00000012276,0.0
ENSBTAG00000005202,0.0
ENSBTAG00000052758,0.0
ENSBTAG00000055079,0.0
ENSBTAG00000000309,0.0
ENSBTAG00000003134,0.0
ENSBTAG00000032893,0.0
ENSBTAG00000020382,0.0
ENSBTAG00000001144,0.0
ENSBTAG00000008472,0.0
ENSBTAG00000008527,0.0
ENSBTAG00000048526,0.0
ENSBTAG00000009291,0.0
ENSBTAG00000021033,0.0
ENSBTAG00000014178,0.0
ENSBTAG00000019606,0.0
ENSBTAG00000050273,0.0
ENSBTAG00000007783,0.0
ENSBTAG00000011233,0.0
ENSBTAG00000016741,0.0
ENSBTAG00000052404,0.0
ENSBTAG00000016873,0.0
ENSBTAG00000053638,0.0
ENSBTAG00000002593,0.0
ENSBTAG00000006872,0.0
ENSBTAG00000020030,0.0
ENSBTAG00000013220,0.0
ENSBTAG00000012116,0.0
ENSBTAG00000011304,0.0
ENSBTAG00000018873,0.0
ENSBTAG00000002187,0.0
ENSBTAG00000005275,0.0
ENSBTAG00000005280,0.0
ENSBTAG00000006037,0.0
ENSBTAG00000011312,0.0
ENSBTAG00000010277,0.0
ENSBTAG00000035643,0.0
ENSBTAG00000003380,0.0
ENSBTAG00000003382,0.0
ENSBTAG00000016846,0.0
ENSBTAG00000055300,0.0
ENSBTAG00000006742,0.0
ENSBTAG00000016849,0.0
ENSBTAG00000050862,0.0
ENSBTAG00000048400,0.0
ENSBTAG00000003256,0.0
ENSBTAG00000012407,0.0
ENSBTAG00000003257,0.0
ENSBTAG00000048591,0.0
ENSBTAG00000004207,0.0
ENSBTAG00000008870,0.0
ENSBTAG00000030624,0.0
ENSBTAG00000020813,0.0
ENSBTAG00000039446,0.0
ENSBTAG00000004993,0.0
ENSBTAG00000008908,0.0
ENSBTAG00000051099,0.0
ENSBTAG00000032704,0.0
ENSBTAG00000046375,0.0
ENSBTAG00000039028,0.0
ENSBTAG00000051666,0.0
ENSBTAG00000014329,0.0
ENSBTAG00000004148,0.0
ENSBTAG00000037925,0.0
ENSBTAG00000027420,0.0
ENSBTAG00000011279,0.0
ENSBTAG00000011283,0.0
ENSBTAG00000032694,0.0
ENSBTAG00000015949,0.0
ENSBTAG00000000598,0.0
ENSBTAG00000015127,0.0
ENSBTAG00000005181,0.0
ENSBTAG00000005184,0.0
ENSBTAG00000040147,0.0
ENSBTAG00000005186,0.0
ENSBTAG00000016122,0.0
ENSBTAG00000004273,0.0
ENSBTAG00000004278,0.0
ENSBTAG00000052213,0.0
ENSBTAG00000046614,0.0
ENSBTAG00000054274,0.0
ENSBTAG00000004281,0.0
ENSBTAG00000018122,0.0
ENSBTAG00000049036,0.0
ENSBTAG00000013950,0.0
ENSBTAG00000006096,0.0
ENSBTAG00000003335,0.0
ENSBTAG00000045630,0.0
ENSBTAG00000053661,0.0
ENSBTAG00000049782,0.0
ENSBTAG00000009881,0.0
ENSBTAG00000017328,0.0
ENSBTAG00000026119,0.0
ENSBTAG00000004625,0.0
ENSBTAG00000013928,0.0
ENSBTAG00000014727,0.0
ENSBTAG00000001495,0.0
ENSBTAG00000039490,0.0
ENSBTAG00000039071,0.0
ENSBTAG00000050003,0.0
ENSBTAG00000035572,0.0
ENSBTAG00000005316,0.0
ENSBTAG00000030802,0.0
ENSBTAG00000017587,0.0
ENSBTAG00000016742,0.0
ENSBTAG00000016743,0.0
ENSBTAG00000019197,0.0
ENSBTAG00000016746,0.0
ENSBTAG00000018805,0.0
ENSBTAG00000013854,0.0
ENSBTAG00000007648,0.0
ENSBTAG00000046725,0.0
ENSBTAG00000014724,0.0
ENSBTAG00000017740,0.0
ENSBTAG00000020371,0.0
ENSBTAG00000035696,0.0
ENSBTAG00000000958,0.0
ENSBTAG00000000959,0.0
ENSBTAG00000000960,0.0
ENSBTAG00000000961,0.0
ENSBTAG00000027337,0.0
ENSBTAG00000039722,0.0
ENSBTAG00000039356,0.0
ENSBTAG00000000559,0.0
ENSBTAG00000037509,0.0
ENSBTAG00000010126,0.0
ENSBTAG00000017938,0.0
ENSBTAG00000039643,0.0
ENSBTAG00000010130,0.0
ENSBTAG00000051048,0.0
ENSBTAG00000020676,0.0
ENSBTAG00000014179,0.0
ENSBTAG00000014186,0.0
ENSBTAG00000022571,0.0
ENSBTAG00000011437,0.0
ENSBTAG00000022564,0.0
ENSBTAG00000054144,0.0
ENSBTAG00000039289,0.0
ENSBTAG00000021368,0.0
ENSBTAG00000005672,0.0
ENSBTAG00000022570,0.0
ENSBTAG00000003635,0.0
ENSBTAG00000003639,0.0
ENSBTAG00000027419,0.0
ENSBTAG00000037453,0.0
ENSBTAG00000038260,0.0
ENSBTAG00000053641,0.0
ENSBTAG00000054718,0.0
ENSBTAG00000052258,0.0
ENSBTAG00000047336,0.0
ENSBTAG00000027327,0.0
ENSBTAG00000000873,0.0
ENSBTAG00000015188,0.0
ENSBTAG00000052484,0.0
ENSBTAG00000049772,0.0
ENSBTAG00000053032,0.0
ENSBTAG00000027326,0.0
ENSBTAG00000002942,0.0
ENSBTAG00000002685,0.0
ENSBTAG00000002683,0.0
ENSBTAG00000052659,0.0
ENSBTAG00000050649,0.0
ENSBTAG00000013336,0.0
ENSBTAG00000013114,0.0
ENSBTAG00000052654,0.0
ENSBTAG00000054346,0.0
ENSBTAG00000000683,0.0
ENSBTAG00000004075,0.0
ENSBTAG00000014917,0.0
ENSBTAG00000013899,0.0
ENSBTAG00000051962,0.0
ENSBTAG00000007489,0.0
ENSBTAG00000006531,0.0
ENSBTAG00000012412,0.0
ENSBTAG00000002578,0.0
ENSBTAG00000051667,0.0
ENSBTAG00000015609,0.0
ENSBTAG00000048903,0.0
ENSBTAG00000007120,0.0
ENSBTAG00000011010,0.0
ENSBTAG00000017346,0.0
ENSBTAG00000051124,0.0
ENSBTAG00000005957,0.0
ENSBTAG00000032366,0.0
ENSBTAG00000006063,0.0
ENSBTAG00000000241,0.0
ENSBTAG00000051252,0.0
ENSBTAG00000006065,0.0
ENSBTAG00000006671,0.0
ENSBTAG00000020166,0.0
ENSBTAG00000006066,0.0
ENSBTAG00000051151,0.0
ENSBTAG00000020668,0.0
ENSBTAG00000015872,0.0
ENSBTAG00000027320,0.0
ENSBTAG00000008293,0.0
ENSBTAG00000017537,0.0
ENSBTAG00000051557,0.0
ENSBTAG00000053443,0.0
ENSBTAG00000012626,0.0
ENSBTAG00000014048,0.0
ENSBTAG00000011782,0.0
ENSBTAG00000001314,0.0
ENSBTAG00000008969,0.0
ENSBTAG00000018063,0.0
ENSBTAG00000014623,0.0
ENSBTAG00000027317,0.0
ENSBTAG00000000065,0.0
ENSBTAG00000014554,0.0
ENSBTAG00000000066,0.0
ENSBTAG00000027316,0.0
ENSBTAG00000010135,0.0
ENSBTAG00000020465,0.0
ENSBTAG00000051972,0.0
ENSBTAG00000054220,0.0
ENSBTAG00000048499,0.0
ENSBTAG00000006616,0.0
ENSBTAG00000005111,0.0
ENSBTAG00000012297,0.0
ENSBTAG00000007199,0.0
ENSBTAG00000021601,0.0
ENSBTAG00000038929,0.0
ENSBTAG00000000340,0.0
ENSBTAG00000007721,0.0
ENSBTAG00000049509,0.0
ENSBTAG00000019811,0.0
ENSBTAG00000003398,0.0
ENSBTAG00000049099,0.0
ENSBTAG00000023718,0.0
ENSBTAG00000001112,0.0
ENSBTAG00000018270,0.0
ENSBTAG00000007922,0.0
ENSBTAG00000050318,0.0
ENSBTAG00000007920,0.0
ENSBTAG00000053268,0.0
ENSBTAG00000013545,0.0
ENSBTAG00000054341,0.0
ENSBTAG00000007962,0.0
ENSBTAG00000008439,0.0
ENSBTAG00000003101,0.0
ENSBTAG00000008436,0.0
ENSBTAG00000045784,0.0
ENSBTAG00000016619,0.0
ENSBTAG00000018735,0.0
ENSBTAG00000053699,0.0
ENSBTAG00000001512,0.0
ENSBTAG00000018732,0.0
ENSBTAG00000027412,0.0
ENSBTAG00000013167,0.0
ENSBTAG00000013163,0.0
ENSBTAG00000007917,0.0
ENSBTAG00000030556,0.0
ENSBTAG00000049350,0.0
ENSBTAG00000000835,0.0
ENSBTAG00000013160,0.0
ENSBTAG00000002765,0.0
ENSBTAG00000052392,0.0
ENSBTAG00000008812,0.0
ENSBTAG00000003848,0.0
ENSBTAG00000047975,0.0
ENSBTAG00000003494,0.0
ENSBTAG00000027409,0.0
ENSBTAG00000017524,0.0
ENSBTAG00000013776,0.0
ENSBTAG00000013753,0.0
ENSBTAG00000020454,0.0
ENSBTAG00000015379,0.0
ENSBTAG00000051021,0.0
ENSBTAG00000008027,0.0
ENSBTAG00000008026,0.0
ENSBTAG00000000825,0.0
ENSBTAG00000049511,0.0
ENSBTAG00000011425,0.0
ENSBTAG00000048414,0.0
ENSBTAG00000001320,0.0
ENSBTAG00000003863,0.0
ENSBTAG00000021816,0.0
ENSBTAG00000021817,0.0
ENSBTAG00000005122,0.0
ENSBTAG00000050499,0.0
ENSBTAG00000001265,0.0
ENSBTAG00000018813,0.0
ENSBTAG00000018812,0.0
ENSBTAG00000018811,0.0
ENSBTAG00000001038,0.0
ENSBTAG00000037464,0.0
ENSBTAG00000017531,0.0
ENSBTAG00000003561,0.0
ENSBTAG00000045520,0.0
ENSBTAG00000000522,0.0
ENSBTAG00000048087,0.0
ENSBTAG00000051981,0.0
ENSBTAG00000039520,0.0
ENSBTAG00000054594,0.0
ENSBTAG00000011638,0.0
ENSBTAG00000054447,0.0
ENSBTAG00000027221,0.0
ENSBTAG00000019984,0.0
ENSBTAG00000031715,0.0
ENSBTAG00000006352,0.0
ENSBTAG00000049473,0.0
ENSBTAG00000021423,0.0
ENSBTAG00000021837,0.0
ENSBTAG00000021836,0.0
ENSBTAG00000011662,0.0
ENSBTAG00000011656,0.0
ENSBTAG00000011655,0.0
ENSBTAG00000011646,0.0
ENSBTAG00000015798,0.0
ENSBTAG00000015796,0.0
ENSBTAG00000021232,0.0
ENSBTAG00000003151,0.0
ENSBTAG00000016667,0.0
ENSBTAG00000016664,0.0
ENSBTAG00000007498,0.0
ENSBTAG00000007497,0.0
ENSBTAG00000027407,0.0
ENSBTAG00000021096,0.0
ENSBTAG00000017407,0.0
ENSBTAG00000014769,0.0
ENSBTAG00000027405,0.0
ENSBTAG00000001985,0.0
ENSBTAG00000044091,0.0
ENSBTAG00000031800,0.0
ENSBTAG00000021685,0.0
ENSBTAG00000003030,0.0
ENSBTAG00000031764,0.0
ENSBTAG00000017198,0.0
ENSBTAG00000004582,0.0
ENSBTAG00000004916,0.0
ENSBTAG00000010383,0.0
ENSBTAG00000001829,0.0
ENSBTAG00000001827,0.0
ENSBTAG00000006002,0.0
ENSBTAG00000046520,0.0
ENSBTAG00000015581,0.0
ENSBTAG00000031718,0.0
ENSBTAG00000031716,0.0
ENSBTAG00000021727,0.0
ENSBTAG00000016388,0.0
ENSBTAG00000053217,0.0
ENSBTAG00000024891,0.0
ENSBTAG00000051498,0.0
ENSBTAG00000035323,0.0
ENSBTAG00000008338,0.0
ENSBTAG00000050292,0.0
ENSBTAG00000054174,0.0
ENSBTAG00000013116,0.0
ENSBTAG00000055027,0.0
ENSBTAG00000007977,0.0
ENSBTAG00000017679,0.0
ENSBTAG00000035199,0.0
ENSBTAG00000019726,0.0
ENSBTAG00000008323,0.0
ENSBTAG00000034987,0.0
ENSBTAG00000051621,0.0
ENSBTAG00000012817,0.0
ENSBTAG00000049787,0.0
ENSBTAG00000048432,0.0
ENSBTAG00000052360,0.0
ENSBTAG00000014252,0.0
ENSBTAG00000017188,0.0
ENSBTAG00000021614,0.0
ENSBTAG00000007130,0.0
ENSBTAG00000004302,0.0
ENSBTAG00000020120,0.0
ENSBTAG00000048850,0.0
ENSBTAG00000003319,0.0
ENSBTAG00000053216,0.0
ENSBTAG00000034441,0.0
ENSBTAG00000000939,0.0
ENSBTAG00000027506,0.0
ENSBTAG00000000516,0.0
ENSBTAG00000050355,0.0
ENSBTAG00000000686,0.0
ENSBTAG00000023169,0.0
ENSBTAG00000017012,0.0
ENSBTAG00000026320,0.0
ENSBTAG00000013901,0.0
ENSBTAG00000001522,0.0
ENSBTAG00000053637,0.0
ENSBTAG00000046026,0.0
ENSBTAG00000001521,0.0
ENSBTAG00000007687,0.0
ENSBTAG00000051195,0.0
ENSBTAG00000043970,0.0
ENSBTAG00000019581,0.0
ENSBTAG00000008355,0.0
ENSBTAG00000007570,0.0
ENSBTAG00000055158,0.0
ENSBTAG00000011064,0.0
ENSBTAG00000004906,0.0
ENSBTAG00000000857,0.0
ENSBTAG00000004902,0.0
ENSBTAG00000000856,0.0
ENSBTAG00000035158,0.0
ENSBTAG00000050112,0.0
ENSBTAG00000026356,0.0
ENSBTAG00000013621,0.0
ENSBTAG00000021838,0.0
ENSBTAG00000020751,0.0
ENSBTAG00000003789,0.0
ENSBTAG00000009811,0.0
ENSBTAG00000009816,0.0
ENSBTAG00000000632,0.0
ENSBTAG00000014458,0.0
ENSBTAG00000024984,0.0
ENSBTAG00000007596,0.0
ENSBTAG00000039978,0.0
ENSBTAG00000039705,0.0
ENSBTAG00000000658,0.0
ENSBTAG00000021964,0.0
ENSBTAG00000012242,0.0
ENSBTAG00000051469,0.0
ENSBTAG00000012235,0.0
ENSBTAG00000012232,0.0
ENSBTAG00000014610,0.0
ENSBTAG00000014607,0.0
ENSBTAG00000017281,0.0
ENSBTAG00000000199,0.0
ENSBTAG00000003143,0.0
ENSBTAG00000054989,0.0
ENSBTAG00000015040,0.0
ENSBTAG00000026350,0.0
ENSBTAG00000000312,0.0
ENSBTAG00000013408,0.0
ENSBTAG00000009677,0.0
ENSBTAG00000013405,0.0
ENSBTAG00000011922,0.0
ENSBTAG00000047532,0.0
ENSBTAG00000045727,0.0
ENSBTAG00000048879,0.0
ENSBTAG00000008079,0.0
ENSBTAG00000037493,0.0
ENSBTAG00000003140,0.0
ENSBTAG00000048486,0.0
ENSBTAG00000038682,0.0
ENSBTAG00000017339,0.0
ENSBTAG00000019864,0.0
ENSBTAG00000040360,0.0
ENSBTAG00000045791,0.0
ENSBTAG00000017418,0.0
ENSBTAG00000034691,0.0
ENSBTAG00000032301,0.0
ENSBTAG00000016810,0.0
ENSBTAG00000054143,0.0
ENSBTAG00000048160,0.0
ENSBTAG00000053113,0.0
ENSBTAG00000014643,0.0
ENSBTAG00000003481,0.0
ENSBTAG00000039968,0.0
ENSBTAG00000051638,0.0
ENSBTAG00000032281,0.0
ENSBTAG00000014642,0.0
ENSBTAG00000018189,0.0
ENSBTAG00000015924,0.0
ENSBTAG00000019663,0.0
ENSBTAG00000034613,0.0
ENSBTAG00000021474,0.0
ENSBTAG00000013225,0.0
ENSBTAG00000013678,0.0
ENSBTAG00000021472,0.0
ENSBTAG00000026344,0.0
ENSBTAG00000015271,0.0
ENSBTAG00000002104,0.0
ENSBTAG00000053896,0.0
ENSBTAG00000006877,0.0
ENSBTAG00000049014,0.0
ENSBTAG00000003606,0.0
ENSBTAG00000049125,0.0
ENSBTAG00000011939,0.0
ENSBTAG00000000524,0.0
ENSBTAG00000017040,0.0
ENSBTAG00000004596,0.0
ENSBTAG00000051390,0.0
ENSBTAG00000054126,0.0
ENSBTAG00000036304,0.0
ENSBTAG00000015536,0.0
ENSBTAG00000054483,0.0
ENSBTAG00000050161,0.0
ENSBTAG00000034498,0.0
ENSBTAG00000015734,0.0
ENSBTAG00000005762,0.0
ENSBTAG00000016210,0.0
ENSBTAG00000020762,0.0
ENSBTAG00000005063,0.0
ENSBTAG00000047022,0.0
ENSBTAG00000055204,0.0
ENSBTAG00000021639,0.0
ENSBTAG00000003981,0.0
ENSBTAG00000015720,0.0
ENSBTAG00000021092,0.0
ENSBTAG00000006385,0.0
ENSBTAG00000050698,0.0
ENSBTAG00000009974,0.0
ENSBTAG00000046121,0.0
ENSBTAG00000017733,0.0
ENSBTAG00000015214,0.0
ENSBTAG00000049276,0.0
ENSBTAG00000048964,0.0
ENSBTAG00000032236,0.0
ENSBTAG00000046739,0.0
ENSBTAG00000046467,0.0
ENSBTAG00000050186,0.0
ENSBTAG00000001000,0.0
ENSBTAG00000008597,0.0
ENSBTAG00000032227,0.0
ENSBTAG00000009378,0.0
ENSBTAG00000055110,0.0
ENSBTAG00000006132,0.0
ENSBTAG00000003338,0.0
ENSBTAG00000048675,0.0
ENSBTAG00000040461,0.0
ENSBTAG00000038798,0.0
ENSBTAG00000018855,0.0
ENSBTAG00000017717,0.0
ENSBTAG00000046821,0.0
ENSBTAG00000052927,0.0
ENSBTAG00000001579,0.0
ENSBTAG00000049979,0.0
ENSBTAG00000019639,0.0
ENSBTAG00000004792,0.0
ENSBTAG00000003588,0.0
ENSBTAG00000020523,0.0
ENSBTAG00000011709,0.0
ENSBTAG00000013165,0.0
ENSBTAG00000015333,0.0
ENSBTAG00000049935,0.0
ENSBTAG00000015338,0.0
ENSBTAG00000015341,0.0
ENSBTAG00000020226,0.0
ENSBTAG00000049791,0.0
ENSBTAG00000013955,0.0
ENSBTAG00000013369,0.0
ENSBTAG00000047488,0.0
ENSBTAG00000006767,0.0
ENSBTAG00000006770,0.0
ENSBTAG00000044126,0.0
ENSBTAG00000018218,0.0
ENSBTAG00000007302,0.0
ENSBTAG00000002181,0.0
ENSBTAG00000052897,0.0
ENSBTAG00000049181,0.0
ENSBTAG00000053478,0.0
ENSBTAG00000017731,0.0
ENSBTAG00000001156,0.0
ENSBTAG00000000711,0.0
ENSBTAG00000000707,0.0
ENSBTAG00000007823,0.0
ENSBTAG00000007828,0.0
ENSBTAG00000006869,0.0
ENSBTAG00000017138,0.0
ENSBTAG00000010548,0.0
ENSBTAG00000020667,0.0
ENSBTAG00000034196,0.0
ENSBTAG00000007736,0.0
ENSBTAG00000047834,0.0
ENSBTAG00000052596,0.0
ENSBTAG00000003838,0.0
ENSBTAG00000014600,0.0
ENSBTAG00000003185,0.0
ENSBTAG00000020801,0.0
ENSBTAG00000052291,0.0
ENSBTAG00000017478,0.0
ENSBTAG00000050216,0.0
ENSBTAG00000052752,0.0
ENSBTAG00000051356,0.0
ENSBTAG00000052059,0.0
ENSBTAG00000055195,0.0
ENSBTAG00000049835,0.0
ENSBTAG00000008409,0.0
ENSBTAG00000052622,0.0
ENSBTAG00000049356,0.0
ENSBTAG00000026172,0.0
ENSBTAG00000051221,0.0
ENSBTAG00000023179,0.0
ENSBTAG00000009394,0.0
ENSBTAG00000010275,0.0
ENSBTAG00000005498,0.0
ENSBTAG00000009072,0.0
ENSBTAG00000020407,0.0
ENSBTAG00000020405,0.0
ENSBTAG00000033446,0.0
ENSBTAG00000020399,0.0
ENSBTAG00000020398,0.0
ENSBTAG00000022114,0.0
ENSBTAG00000013537,0.0
ENSBTAG00000048373,0.0
ENSBTAG00000005025,0.0
ENSBTAG00000048822,0.0
ENSBTAG00000005585,0.0
ENSBTAG00000016754,0.0
ENSBTAG00000049478,0.0
ENSBTAG00000016194,0.0
ENSBTAG00000009916,0.0
ENSBTAG00000051782,0.0
ENSBTAG00000002002,0.0
ENSBTAG00000015334,0.0
ENSBTAG00000015319,0.0
ENSBTAG00000005877,0.0
ENSBTAG00000021156,0.0
ENSBTAG00000020693,0.0
ENSBTAG00000026309,0.0
ENSBTAG00000049059,0.0
ENSBTAG00000019892,0.0
ENSBTAG00000009474,0.0
ENSBTAG00000054983,0.0
ENSBTAG00000040351,0.0
ENSBTAG00000046307,0.0
ENSBTAG00000044106,0.0
ENSBTAG00000017016,0.0
ENSBTAG00000017019,0.0
ENSBTAG00000017021,0.0
ENSBTAG00000023218,0.0
ENSBTAG00000055270,0.0
ENSBTAG00000050177,0.0
ENSBTAG00000008693,0.0
ENSBTAG00000051547,0.0
ENSBTAG00000013227,0.0
ENSBTAG00000038286,0.0
ENSBTAG00000027760,0.0
ENSBTAG00000054303,0.0
ENSBTAG00000002448,0.0
ENSBTAG00000050544,0.0
ENSBTAG00000017492,0.0
ENSBTAG00000005560,0.0
ENSBTAG00000048814,0.0
ENSBTAG00000000878,0.0
ENSBTAG00000016159,0.0
ENSBTAG00000000914,0.0
ENSBTAG00000003450,0.0
ENSBTAG00000054835,0.0
ENSBTAG00000003454,0.0
ENSBTAG00000003460,0.0
ENSBTAG00000004243,0.0
ENSBTAG00000001174,0.0
ENSBTAG00000055199,0.0
ENSBTAG00000052277,0.0
ENSBTAG00000005748,0.0
ENSBTAG00000011203,0.0
ENSBTAG00000044050,0.0
ENSBTAG00000005893,0.0
ENSBTAG00000005898,0.0
ENSBTAG00000020034,0.0
ENSBTAG00000019147,0.0
ENSBTAG00000019145,0.0
ENSBTAG00000004022,0.0
ENSBTAG00000049910,0.0
ENSBTAG00000054153,0.0
ENSBTAG00000018570,0.0
ENSBTAG00000040321,0.0
ENSBTAG00000004924,0.0
ENSBTAG00000015637,0.0
ENSBTAG00000050550,0.0
ENSBTAG00000047136,0.0
ENSBTAG00000051748,0.0
ENSBTAG00000009138,0.0
ENSBTAG00000005287,0.0
ENSBTAG00000019910,0.0
ENSBTAG00000008958,0.0
ENSBTAG00000004954,0.0
ENSBTAG00000054521,0.0
ENSBTAG00000017529,0.0
ENSBTAG00000000948,0.0
ENSBTAG00000050813,0.0
ENSBTAG00000021841,0.0
ENSBTAG00000053382,0.0
ENSBTAG00000043978,0.0
ENSBTAG00000026283,0.0
ENSBTAG00000054400,0.0
ENSBTAG00000007534,0.0
ENSBTAG00000022471,0.0
ENSBTAG00000018557,0.0
ENSBTAG00000055090,0.0
ENSBTAG00000001299,0.0
ENSBTAG00000015901,0.0
ENSBTAG00000008629,0.0
ENSBTAG00000011614,0.0
ENSBTAG00000055026,0.0
ENSBTAG00000053011,0.0
ENSBTAG00000015229,0.0
ENSBTAG00000021009,0.0
ENSBTAG00000033128,0.0
ENSBTAG00000016716,0.0
ENSBTAG00000004476,0.0
ENSBTAG00000002192,0.0
ENSBTAG00000011981,0.0
ENSBTAG00000006695,0.0
ENSBTAG00000013284,0.0
ENSBTAG00000000620,0.0
ENSBTAG00000048552,0.0
ENSBTAG00000050513,0.0
ENSBTAG00000011205,0.0
ENSBTAG00000002784,0.0
ENSBTAG00000014689,0.0
ENSBTAG00000014691,0.0
ENSBTAG00000044080,0.0
ENSBTAG00000022169,0.0
ENSBTAG00000022588,0.0
ENSBTAG00000004720,0.0
ENSBTAG00000032881,0.0
ENSBTAG00000000060,0.0
ENSBTAG00000020312,0.0
ENSBTAG00000050625,0.0
ENSBTAG00000007562,0.0
ENSBTAG00000001808,0.0
ENSBTAG00000048138,0.0
ENSBTAG00000011298,0.0
ENSBTAG00000020456,0.0
ENSBTAG00000048963,0.0
ENSBTAG00000002062,0.0
ENSBTAG00000053459,0.0
ENSBTAG00000040496,0.0
ENSBTAG00000032982,0.0
ENSBTAG00000017249,0.0
ENSBTAG00000048369,0.0
ENSBTAG00000007100,0.0
ENSBTAG00000020139,0.0
ENSBTAG00000020143,0.0
ENSBTAG00000002076,0.0
ENSBTAG00000048843,0.0
ENSBTAG00000050514,0.0
ENSBTAG00000012920,0.0
ENSBTAG00000008864,0.0
ENSBTAG00000054912,0.0
ENSBTAG00000048533,0.0
ENSBTAG00000032944,0.0
ENSBTAG00000008842,0.0
ENSBTAG00000012608,0.0
ENSBTAG00000019587,0.0
ENSBTAG00000004411,0.0
ENSBTAG00000008280,0.0
ENSBTAG00000033268,0.0
ENSBTAG00000003885,0.0
ENSBTAG00000032831,0.0
ENSBTAG00000039499,0.0
ENSBTAG00000009539,0.0
ENSBTAG00000008150,0.0
ENSBTAG00000018902,0.0
ENSBTAG00000016284,0.0
ENSBTAG00000020099,0.0
ENSBTAG00000032812,0.0
ENSBTAG00000015717,0.0
ENSBTAG00000051337,0.0
ENSBTAG00000037684,0.0
ENSBTAG00000054022,0.0
ENSBTAG00000007335,0.0
ENSBTAG00000003339,0.0
ENSBTAG00000016203,0.0
ENSBTAG00000052076,0.0
ENSBTAG00000000879,0.0
ENSBTAG00000012353,0.0
ENSBTAG00000026327,0.0
ENSBTAG00000018456,0.0
ENSBTAG00000018455,0.0
ENSBTAG00000007186,0.0
ENSBTAG00000046031,0.0
ENSBTAG00000004970,0.0
ENSBTAG00000021743,0.0
ENSBTAG00000004969,0.0
ENSBTAG00000007838,0.0
ENSBTAG00000014026,0.0
ENSBTAG00000007105,0.0
ENSBTAG00000047330,0.0
ENSBTAG00000007834,0.0
ENSBTAG00000004761,0.0
ENSBTAG00000007753,0.0
ENSBTAG00000000071,0.0
ENSBTAG00000039718,0.0
ENSBTAG00000037526,0.0
ENSBTAG00000035254,0.0
ENSBTAG00000047661,0.0
ENSBTAG00000007749,0.0
ENSBTAG00000002080,0.0
ENSBTAG00000011779,0.0
ENSBTAG00000054331,0.0
ENSBTAG00000007423,0.0
ENSBTAG00000043996,0.0
ENSBTAG00000007106,0.0
ENSBTAG00000026254,0.0
ENSBTAG00000052098,0.0
ENSBTAG00000032738,0.0
ENSBTAG00000007303,0.0
ENSBTAG00000040422,0.0
ENSBTAG00000014032,0.0
ENSBTAG00000017694,0.0
ENSBTAG00000055102,0.0
ENSBTAG00000049675,0.0
ENSBTAG00000039068,0.0
ENSBTAG00000038281,0.0
ENSBTAG00000008512,0.0
ENSBTAG00000021747,0.0
ENSBTAG00000032548,0.0
ENSBTAG00000037571,0.0
ENSBTAG00000026247,0.0
ENSBTAG00000007387,0.0
ENSBTAG00000007386,0.0
ENSBTAG00000019997,0.0
ENSBTAG00000039141,0.0
ENSBTAG00000010006,0.0
ENSBTAG00000006702,0.0
ENSBTAG00000013598,0.0
ENSBTAG00000006213,0.0
ENSBTAG00000008257,0.0
ENSBTAG00000014051,0.0
ENSBTAG00000018352,0.0
ENSBTAG00000008285,0.0
ENSBTAG00000001649,0.0
ENSBTAG00000011516,0.0
ENSBTAG00000021887,0.0
ENSBTAG00000021240,0.0
ENSBTAG00000003827,0.0
ENSBTAG00000054448,0.0
ENSBTAG00000021449,0.0
ENSBTAG00000033902,0.0
ENSBTAG00000032591,0.0
ENSBTAG00000010529,0.0
ENSBTAG00000026242,0.0
ENSBTAG00000013513,0.0
ENSBTAG00000007943,0.0
ENSBTAG00000052148,0.0
ENSBTAG00000014396,0.0
ENSBTAG00000003445,0.0
ENSBTAG00000021209,0.0
ENSBTAG00000021208,0.0
ENSBTAG00000005091,0.0
ENSBTAG00000004518,0.0
ENSBTAG00000049789,0.0
ENSBTAG00000051028,0.0
ENSBTAG00000008054,0.0
ENSBTAG00000000236,0.0
ENSBTAG00000046358,0.0
ENSBTAG00000011271,0.0
ENSBTAG00000001254,0.0
ENSBTAG00000054554,0.0
ENSBTAG00000017833,0.0
ENSBTAG00000050156,0.0
ENSBTAG00000014880,0.0
ENSBTAG00000022539,0.0
ENSBTAG00000019793,0.0
ENSBTAG00000014130,0.0
ENSBTAG00000014915,0.0
ENSBTAG00000013213,0.0
ENSBTAG00000026234,0.0
ENSBTAG00000007768,0.0
ENSBTAG00000018206,0.0
ENSBTAG00000012596,0.0
ENSBTAG00000012595,0.0
ENSBTAG00000018493,0.0
ENSBTAG00000016278,0.0
ENSBTAG00000017165,0.0
ENSBTAG00000016959,0.0
ENSBTAG00000003098,0.0
ENSBTAG00000032432,0.0
ENSBTAG00000011290,0.0
ENSBTAG00000011572,0.0
ENSBTAG00000049287,0.0
ENSBTAG00000046135,0.0
ENSBTAG00000011908,0.0
ENSBTAG00000014357,0.0
ENSBTAG00000014882,0.0
ENSBTAG00000024453,0.0
ENSBTAG00000012020,0.0
ENSBTAG00000007110,0.0
ENSBTAG00000053608,0.0
ENSBTAG00000008710,0.0
ENSBTAG00000048628,0.0
ENSBTAG00000010850,0.0
ENSBTAG00000046723,0.0
ENSBTAG00000020886,0.0
ENSBTAG00000002849,0.0
ENSBTAG00000002848,0.0
ENSBTAG00000002846,0.0
ENSBTAG00000015086,0.0
ENSBTAG00000021109,0.0
ENSBTAG00000016542,0.0
ENSBTAG00000000511,0.0
ENSBTAG00000000072,0.0
ENSBTAG00000033180,0.0
ENSBTAG00000012715,0.0
ENSBTAG00000024555,0.0
ENSBTAG00000047437,0.0
ENSBTAG00000016541,0.0
ENSBTAG00000007606,0.0
ENSBTAG00000001173,0.0
ENSBTAG00000033136,0.0
ENSBTAG00000010562,0.0
ENSBTAG00000001478,0.0
ENSBTAG00000044066,0.0
ENSBTAG00000051625,0.0
ENSBTAG00000049747,0.0
ENSBTAG00000013885,0.0
ENSBTAG00000033127,0.0
ENSBTAG00000005397,0.0
ENSBTAG00000000385,0.0
ENSBTAG00000017788,0.0
ENSBTAG00000017775,0.0
ENSBTAG00000007566,0.0
ENSBTAG00000033056,0.0
ENSBTAG00000052620,0.0
ENSBTAG00000052901,0.0
ENSBTAG00000013700,0.0
ENSBTAG00000011305,0.0
ENSBTAG00000009396,0.0
ENSBTAG00000050070,0.0
ENSBTAG00000030910,0.0
ENSBTAG00000005200,0.0
ENSBTAG00000048618,0.0
ENSBTAG00000010803,0.0
ENSBTAG00000000070,0.0
ENSBTAG00000014439,0.0
ENSBTAG00000021688,0.0
ENSBTAG00000038171,0.0
ENSBTAG00000007860,0.0
ENSBTAG00000002291,0.0
ENSBTAG00000005410,0.0
ENSBTAG00000008944,0.0
ENSBTAG00000053912,0.0
ENSBTAG00000012433,0.0
ENSBTAG00000009943,0.0
ENSBTAG00000051004,0.0
ENSBTAG00000009938,0.0
ENSBTAG00000013499,0.0
ENSBTAG00000051237,0.0
ENSBTAG00000051933,0.0
ENSBTAG00000021211,0.0
ENSBTAG00000050432,0.0
ENSBTAG00000016943,0.0
ENSBTAG00000049638,0.0
ENSBTAG00000002688,0.0
ENSBTAG00000019890,0.0
ENSBTAG00000054124,0.0
ENSBTAG00000049945,0.0
ENSBTAG00000002689,0.0
ENSBTAG00000017839,0.0
ENSBTAG00000046345,0.0
ENSBTAG00000050713,0.0
ENSBTAG00000048631,0.0
ENSBTAG00000024548,0.0
ENSBTAG00000020264,0.0
ENSBTAG00000020266,0.0
ENSBTAG00000017722,0.0
ENSBTAG00000009265,0.0
ENSBTAG00000052560,0.0
ENSBTAG00000047428,0.0
ENSBTAG00000055184,0.0
ENSBTAG00000052684,0.0
ENSBTAG00000020755,0.0
ENSBTAG00000021874,0.0
ENSBTAG00000011515,0.0
ENSBTAG00000007307,0.0
ENSBTAG00000021671,0.0
ENSBTAG00000020563,0.0
ENSBTAG00000014793,0.0
ENSBTAG00000008153,0.0
ENSBTAG00000014794,0.0
ENSBTAG00000053928,0.0
ENSBTAG00000047972,0.0
ENSBTAG00000053707,0.0
ENSBTAG00000017727,0.0
ENSBTAG00000047274,0.0
ENSBTAG00000003295,0.0
ENSBTAG00000004570,0.0
ENSBTAG00000006408,0.0
ENSBTAG00000020597,0.0
ENSBTAG00000047256,0.0
ENSBTAG00000001697,0.0
ENSBTAG00000021408,0.0
ENSBTAG00000016685,0.0
ENSBTAG00000001821,0.0
ENSBTAG00000020342,0.0
ENSBTAG00000020591,0.0
ENSBTAG00000017721,0.0
ENSBTAG00000014319,0.0
ENSBTAG00000048915,0.0
ENSBTAG00000051882,0.0
ENSBTAG00000024542,0.0
ENSBTAG00000010169,0.0
ENSBTAG00000032808,0.0
ENSBTAG00000016347,0.0
ENSBTAG00000047412,0.0
ENSBTAG00000052047,0.0
ENSBTAG00000053302,0.0
ENSBTAG00000002894,0.0
ENSBTAG00000020550,0.0
ENSBTAG00000055061,0.0
ENSBTAG00000024493,0.0
ENSBTAG00000016080,0.0
ENSBTAG00000024928,0.0
ENSBTAG00000039937,0.0
ENSBTAG00000019556,0.0
ENSBTAG00000005314,0.0
ENSBTAG00000002052,0.0
ENSBTAG00000019388,0.0
ENSBTAG00000021739,0.0
ENSBTAG00000006709,0.0
ENSBTAG00000020700,0.0
ENSBTAG00000020698,0.0
ENSBTAG00000009384,0.0
ENSBTAG00000014359,0.0
ENSBTAG00000013275,0.0
ENSBTAG00000014777,0.0
ENSBTAG00000032617,0.0
ENSBTAG00000007223,0.0
ENSBTAG00000015533,0.0
ENSBTAG00000049854,0.0
ENSBTAG00000034869,0.0
ENSBTAG00000046804,0.0
ENSBTAG00000015325,0.0
ENSBTAG00000015517,0.0
ENSBTAG00000039944,0.0
ENSBTAG00000002874,0.0
ENSBTAG00000015885,0.0
ENSBTAG00000006030,0.0
ENSBTAG00000049875,0.0
ENSBTAG00000048925,0.0
ENSBTAG00000050274,0.0
ENSBTAG00000011461,0.0
ENSBTAG00000011465,0.0
ENSBTAG00000018223,0.0
ENSBTAG00000051203,0.0
ENSBTAG00000054445,0.0
ENSBTAG00000015812,0.0
ENSBTAG00000014912,0.0
ENSBTAG00000017834,0.0
ENSBTAG00000013764,0.0
ENSBTAG00000050662,0.0
ENSBTAG00000012349,0.0
ENSBTAG00000054173,0.0
ENSBTAG00000050748,0.0
ENSBTAG00000017352,0.0
ENSBTAG00000050925,0.0
ENSBTAG00000050130,0.0
ENSBTAG00000052913,0.0
ENSBTAG00000023393,0.0
ENSBTAG00000018509,0.0
ENSBTAG00000021333,0.0
ENSBTAG00000021200,0.0
ENSBTAG00000010177,0.0
ENSBTAG00000004641,0.0
ENSBTAG00000054185,0.0
ENSBTAG00000013074,0.0
ENSBTAG00000024633,0.0
ENSBTAG00000006255,0.0
ENSBTAG00000009111,0.0
ENSBTAG00000045895,0.0
ENSBTAG00000014645,0.0
ENSBTAG00000015945,0.0
ENSBTAG00000015946,0.0
ENSBTAG00000016618,0.0
ENSBTAG00000002361,0.0
ENSBTAG00000018774,0.0
ENSBTAG00000052340,0.0
ENSBTAG00000051122,0.0
ENSBTAG00000012673,0.0
ENSBTAG00000048831,0.0
ENSBTAG00000001749,0.0
ENSBTAG00000004953,0.0
ENSBTAG00000001535,0.0
ENSBTAG00000008001,0.0
ENSBTAG00000003232,0.0
ENSBTAG00000005379,0.0
ENSBTAG00000008734,0.0
ENSBTAG00000001382,0.0
ENSBTAG00000012774,0.0
ENSBTAG00000052530,0.0
ENSBTAG00000017115,0.0
ENSBTAG00000017301,0.0
ENSBTAG00000050299,0.0
ENSBTAG00000020227,0.0
ENSBTAG00000001483,0.0
ENSBTAG00000010408,0.0
ENSBTAG00000010427,0.0
ENSBTAG00000010432,0.0
ENSBTAG00000013294,0.0
ENSBTAG00000038107,0.0
ENSBTAG00000006685,0.0
ENSBTAG00000006692,0.0
ENSBTAG00000002757,0.0
ENSBTAG00000007851,0.0
ENSBTAG00000019796,0.0
ENSBTAG00000019798,0.0
ENSBTAG00000019799,0.0
ENSBTAG00000018143,0.0
ENSBTAG00000020273,0.0
ENSBTAG00000002126,0.0
ENSBTAG00000017714,0.0
ENSBTAG00000009876,0.0
ENSBTAG00000054751,0.0
ENSBTAG00000053066,0.0
ENSBTAG00000039196,0.0
ENSBTAG00000047621,0.0
ENSBTAG00000006984,0.0
ENSBTAG00000045783,0.0
ENSBTAG00000038496,0.0
ENSBTAG00000015340,0.0
ENSBTAG00000002590,0.0
ENSBTAG00000005304,0.0
ENSBTAG00000054015,0.0
ENSBTAG00000003697,0.0
ENSBTAG00000039995,0.0
ENSBTAG00000019818,0.0
ENSBTAG00000013538,0.0
ENSBTAG00000049359,0.0
ENSBTAG00000013535,0.0
ENSBTAG00000046494,0.0
ENSBTAG00000013531,0.0
ENSBTAG00000013527,0.0
ENSBTAG00000040409,0.0
ENSBTAG00000048790,0.0
ENSBTAG00000048747,0.0
ENSBTAG00000051723,0.0
ENSBTAG00000048780,0.0
ENSBTAG00000054239,0.0
ENSBTAG00000023177,0.0
ENSBTAG00000010401,0.0
ENSBTAG00000016729,0.0
ENSBTAG00000052457,0.0
ENSBTAG00000015574,0.0
ENSBTAG00000051897,0.0
ENSBTAG00000051745,0.0
ENSBTAG00000051085,0.0
ENSBTAG00000005933,0.0
ENSBTAG00000020953,0.0
ENSBTAG00000011823,0.0
ENSBTAG00000018984,0.0
ENSBTAG00000014862,0.0
ENSBTAG00000003180,0.0
ENSBTAG00000003177,0.0
ENSBTAG00000049485,0.0
ENSBTAG00000016703,0.0
ENSBTAG00000051579,0.0
ENSBTAG00000019859,0.0
ENSBTAG00000004246,0.0
ENSBTAG00000052912,0.0
ENSBTAG00000015972,0.0
ENSBTAG00000049838,0.0
ENSBTAG00000013812,0.0
ENSBTAG00000013620,0.0
ENSBTAG00000012605,0.0
ENSBTAG00000034323,0.0
ENSBTAG00000009515,0.0
ENSBTAG00000034366,0.0
ENSBTAG00000052428,0.0
ENSBTAG00000013411,0.0
ENSBTAG00000013849,0.0
ENSBTAG00000021672,0.0
ENSBTAG00000048443,0.0
ENSBTAG00000037494,0.0
ENSBTAG00000051553,0.0
ENSBTAG00000018272,0.0
ENSBTAG00000013064,0.0
ENSBTAG00000051700,0.0
ENSBTAG00000053584,0.0
ENSBTAG00000052649,0.0
ENSBTAG00000008420,0.0
ENSBTAG00000006186,0.0
ENSBTAG00000006188,0.0
ENSBTAG00000001401,0.0
ENSBTAG00000053468,0.0
ENSBTAG00000049475,0.0
ENSBTAG00000049941,0.0
ENSBTAG00000050082,0.0
ENSBTAG00000010392,0.0
ENSBTAG00000051448,0.0
ENSBTAG00000050133,0.0
ENSBTAG00000006609,0.0
ENSBTAG00000020518,0.0
ENSBTAG00000003313,0.0
ENSBTAG00000048839,0.0
ENSBTAG00000046177,0.0
ENSBTAG00000051176,0.0
ENSBTAG00000001574,0.0
ENSBTAG00000046350,0.0
ENSBTAG00000039602,0.0
ENSBTAG00000019931,0.0
ENSBTAG00000019927,0.0
ENSBTAG00000009727,0.0
ENSBTAG00000009726,0.0
ENSBTAG00000052073,0.0
ENSBTAG00000013560,0.0
ENSBTAG00000016189,0.0
ENSBTAG00000006175,0.0
ENSBTAG00000009838,0.0
ENSBTAG00000047648,0.0
ENSBTAG00000005359,0.0
ENSBTAG00000049657,0.0
ENSBTAG00000054938,0.0
ENSBTAG00000049406,0.0
ENSBTAG00000011772,0.0
ENSBTAG00000011217,0.0
ENSBTAG00000049238,0.0
ENSBTAG00000011214,0.0
ENSBTAG00000015384,0.0
ENSBTAG00000015534,0.0
ENSBTAG00000008350,0.0
ENSBTAG00000016735,0.0
ENSBTAG00000016734,0.0
ENSBTAG00000004414,0.0
ENSBTAG00000006898,0.0
ENSBTAG00000016733,0.0
ENSBTAG00000016728,0.0
ENSBTAG00000006519,0.0
ENSBTAG00000004064,0.0
ENSBTAG00000004790,0.0
ENSBTAG00000006515,0.0
ENSBTAG00000004789,0.0
ENSBTAG00000012582,0.0
ENSBTAG00000021210,0.0
ENSBTAG00000017103,0.0
ENSBTAG00000012585,0.0
ENSBTAG00000047073,0.0
ENSBTAG00000003016,0.0
ENSBTAG00000006574,0.0
ENSBTAG00000013071,0.0
ENSBTAG00000048433,0.0
ENSBTAG00000014992,0.0
ENSBTAG00000048308,0.0
ENSBTAG00000049594,0.0
ENSBTAG00000009075,0.0
ENSBTAG00000008756,0.0
ENSBTAG00000013726,0.0
ENSBTAG00000010460,0.0
ENSBTAG00000014423,0.0
ENSBTAG00000048856,0.0
ENSBTAG00000047059,0.0
ENSBTAG00000053321,0.0
ENSBTAG00000016277,0.0
ENSBTAG00000021576,0.0
ENSBTAG00000050933,0.0
ENSBTAG00000047287,0.0
ENSBTAG00000054740,0.0
ENSBTAG00000051034,0.0
ENSBTAG00000004452,0.0
ENSBTAG00000014560,0.0
ENSBTAG00000052412,0.0
ENSBTAG00000040477,0.0
ENSBTAG00000054727,0.0
ENSBTAG00000021919,0.0
ENSBTAG00000001729,0.0
ENSBTAG00000008125,0.0
ENSBTAG00000017561,0.0
ENSBTAG00000013483,0.0
ENSBTAG00000049173,0.0
ENSBTAG00000050642,0.0
ENSBTAG00000016057,0.0
ENSBTAG00000053086,0.0
ENSBTAG00000047231,0.0
ENSBTAG00000024663,0.0
ENSBTAG00000018824,0.0
ENSBTAG00000007593,0.0
ENSBTAG00000008126,0.0
ENSBTAG00000007595,0.0
ENSBTAG00000049754,0.0
ENSBTAG00000000792,0.0
ENSBTAG00000049277,0.0
ENSBTAG00000049777,0.0
ENSBTAG00000053297,0.0
ENSBTAG00000000477,0.0
ENSBTAG00000024520,0.0
ENSBTAG00000020015,0.0
ENSBTAG00000020014,0.0
ENSBTAG00000020989,0.0
ENSBTAG00000006704,0.0
ENSBTAG00000004738,0.0
ENSBTAG00000045754,0.0
ENSBTAG00000054042,0.0
ENSBTAG00000003600,0.0
ENSBTAG00000046007,0.0
ENSBTAG00000005812,0.0
ENSBTAG00000015859,0.0
ENSBTAG00000012778,0.0
ENSBTAG00000015857,0.0
ENSBTAG00000050522,0.0
ENSBTAG00000012781,0.0
ENSBTAG00000019538,0.0
ENSBTAG00000012705,0.0
ENSBTAG00000020837,0.0
ENSBTAG00000010658,0.0
ENSBTAG00000006718,0.0
ENSBTAG00000048972,0.0
ENSBTAG00000001642,0.0
ENSBTAG00000037933,0.0
ENSBTAG00000001727,0.0
ENSBTAG00000002483,0.0
ENSBTAG00000002479,0.0
ENSBTAG00000002464,0.0
ENSBTAG00000009309,0.0
ENSBTAG00000009307,0.0
ENSBTAG00000009306,0.0
ENSBTAG00000055221,0.0
ENSBTAG00000038716,0.0
ENSBTAG00000014136,0.0
ENSBTAG00000014119,0.0
ENSBTAG00000008672,0.0
ENSBTAG00000050044,0.0
ENSBTAG00000053757,0.0
ENSBTAG00000005231,0.0
ENSBTAG00000052711,0.0
ENSBTAG00000024509,0.0
ENSBTAG00000000215,0.0
ENSBTAG00000000212,0.0
ENSBTAG00000019471,0.0
ENSBTAG00000011785,0.0
ENSBTAG00000031749,0.0
ENSBTAG00000010737,0.0
ENSBTAG00000053199,0.0
ENSBTAG00000039728,0.0
ENSBTAG00000010732,0.0
ENSBTAG00000010720,0.0
ENSBTAG00000050720,0.0
ENSBTAG00000047755,0.0
ENSBTAG00000002575,0.0
ENSBTAG00000046073,0.0
ENSBTAG00000008449,0.0
ENSBTAG00000052202,0.0
ENSBTAG00000021294,0.0
ENSBTAG00000023784,0.0
ENSBTAG00000039055,0.0
ENSBTAG00000004872,0.0
ENSBTAG00000004873,0.0
ENSBTAG00000008453,0.0
ENSBTAG00000004874,0.0
ENSBTAG00000012247,0.0
ENSBTAG00000010696,0.0
ENSBTAG00000051410,0.0
ENSBTAG00000007623,0.0
ENSBTAG00000016185,0.0
ENSBTAG00000007620,0.0
ENSBTAG00000033322,0.0
ENSBTAG00000007619,0.0
ENSBTAG00000009856,0.0
ENSBTAG00000000140,0.0
ENSBTAG00000017674,0.0
ENSBTAG00000002854,0.0
ENSBTAG00000015882,0.0
ENSBTAG00000046384,0.0
ENSBTAG00000037523,0.0
ENSBTAG00000015642,0.0
ENSBTAG00000019625,0.0
ENSBTAG00000019589,0.0
ENSBTAG00000018028,0.0
ENSBTAG00000055022,0.0
ENSBTAG00000005835,0.0
ENSBTAG00000014511,0.0
ENSBTAG00000054752,0.0
ENSBTAG00000012787,0.0
ENSBTAG00000024492,0.0
ENSBTAG00000024561,0.0
ENSBTAG00000013191,0.0
ENSBTAG00000013128,0.0
ENSBTAG00000002139,0.0
ENSBTAG00000033267,0.0
ENSBTAG00000039820,0.0
ENSBTAG00000014705,0.0
ENSBTAG00000039255,0.0
ENSBTAG00000013813,0.0
ENSBTAG00000000837,0.0
ENSBTAG00000016528,0.0
ENSBTAG00000024560,0.0
ENSBTAG00000033252,0.0
ENSBTAG00000053007,0.0
ENSBTAG00000013197,0.0
ENSBTAG00000008739,0.0
ENSBTAG00000021880,0.0
ENSBTAG00000007296,0.0
ENSBTAG00000049057,0.0
ENSBTAG00000013949,0.0
ENSBTAG00000049714,0.0
ENSBTAG00000003804,0.0
ENSBTAG00000011508,0.0
ENSBTAG00000018730,0.0
ENSBTAG00000018729,0.0
ENSBTAG00000048320,0.0
ENSBTAG00000018725,0.0
ENSBTAG00000018724,0.0
ENSBTAG00000018723,0.0
ENSBTAG00000018722,0.0
ENSBTAG00000039662,0.0
ENSBTAG00000002478,0.0
ENSBTAG00000002476,0.0
ENSBTAG00000002472,0.0
ENSBTAG00000024496,0.0
ENSBTAG00000024497,0.0
ENSBTAG00000009048,0.0
ENSBTAG00000002408,0.0
ENSBTAG00000005300,0.0
ENSBTAG00000015606,0.0
ENSBTAG00000054228,0.0
ENSBTAG00000049488,0.0
ENSBTAG00000051583,0.0
ENSBTAG00000020552,0.0
ENSBTAG00000001788,0.0
ENSBTAG00000017883,0.0
ENSBTAG00000024791,0.0
ENSBTAG00000050422,0.0
ENSBTAG00000054147,0.0
ENSBTAG00000051014,0.0
ENSBTAG00000046630,0.0
ENSBTAG00000054475,0.0
ENSBTAG00000053200,0.0
ENSBTAG00000031507,0.0
ENSBTAG00000053765,0.0
ENSBTAG00000053475,0.0
ENSBTAG00000052938,0.0
ENSBTAG00000054186,0.0
ENSBTAG00000052006,0.0
ENSBTAG00000051707,0.0
ENSBTAG00000012389,0.0
ENSBTAG00000012158,0.0
ENSBTAG00000005212,0.0
ENSBTAG00000017882,0.0
ENSBTAG00000002231,0.0
ENSBTAG00000044117,0.0
ENSBTAG00000046799,0.0
ENSBTAG00000024485,0.0
ENSBTAG00000006925,0.0
ENSBTAG00000004358,0.0
ENSBTAG00000050891,0.0
ENSBTAG00000005209,0.0
ENSBTAG00000004362,0.0
ENSBTAG00000052708,0.0
ENSBTAG00000027809,0.0
ENSBTAG00000049490,0.0
ENSBTAG00000055112,0.0
ENSBTAG00000024482,0.0
ENSBTAG00000001107,0.0
ENSBTAG00000001109,0.0
ENSBTAG00000015650,0.0
ENSBTAG00000017691,0.0
ENSBTAG00000051894,0.0
ENSBTAG00000011706,0.0
ENSBTAG00000031385,0.0
ENSBTAG00000018303,0.0
ENSBTAG00000012953,0.0
ENSBTAG00000013715,0.0
ENSBTAG00000054279,0.0
ENSBTAG00000038238,0.0
ENSBTAG00000000854,0.0
ENSBTAG00000046172,0.0
ENSBTAG00000015537,0.0
ENSBTAG00000004941,0.0
ENSBTAG00000018607,0.0
ENSBTAG00000010719,0.0
ENSBTAG00000013999,0.0
ENSBTAG00000014006,0.0
ENSBTAG00000055119,0.0
ENSBTAG00000015026,0.0
ENSBTAG00000004059,0.0
ENSBTAG00000002164,0.0
ENSBTAG00000002167,0.0
ENSBTAG00000002407,0.0
ENSBTAG00000049599,0.0
ENSBTAG00000035230,0.0
ENSBTAG00000035226,0.0
ENSBTAG00000008082,0.0
ENSBTAG00000014191,0.0
ENSBTAG00000003992,0.0
ENSBTAG00000046502,0.0
ENSBTAG00000009169,0.0
ENSBTAG00000006260,0.0
ENSBTAG00000020458,0.0
ENSBTAG00000009924,0.0
ENSBTAG00000052226,0.0
ENSBTAG00000020887,0.0
ENSBTAG00000046243,0.0
ENSBTAG00000052482,0.0
ENSBTAG00000027426,0.0
ENSBTAG00000053265,0.0
ENSBTAG00000034854,0.0
ENSBTAG00000021432,0.0
ENSBTAG00000000772,0.0
ENSBTAG00000018220,0.0
ENSBTAG00000040291,0.0
ENSBTAG00000004305,0.0
ENSBTAG00000026481,0.0
ENSBTAG00000002266,0.0
ENSBTAG00000019821,0.0
ENSBTAG00000018610,0.0
ENSBTAG00000011966,0.0
ENSBTAG00000048090,0.0
ENSBTAG00000049987,0.0
ENSBTAG00000000795,0.0
ENSBTAG00000008003,0.0
ENSBTAG00000008004,0.0
ENSBTAG00000045582,0.0
ENSBTAG00000047395,0.0
ENSBTAG00000019630,0.0
ENSBTAG00000035836,0.0
ENSBTAG00000016369,0.0
ENSBTAG00000038079,0.0
ENSBTAG00000019264,0.0
ENSBTAG00000014548,0.0
ENSBTAG00000000023,0.0
ENSBTAG00000011285,0.0
ENSBTAG00000004492,0.0
ENSBTAG00000014249,0.0
ENSBTAG00000045729,0.0
ENSBTAG00000015235,0.0
ENSBTAG00000054031,0.0
ENSBTAG00000050415,0.0
ENSBTAG00000011932,0.0
ENSBTAG00000047559,0.0
ENSBTAG00000011946,0.0
ENSBTAG00000004176,0.0
ENSBTAG00000014127,0.0
ENSBTAG00000013298,0.0
ENSBTAG00000004407,0.0
ENSBTAG00000024449,0.0
ENSBTAG00000021553,0.0
ENSBTAG00000013166,0.0
ENSBTAG00000017321,0.0
ENSBTAG00000001181,0.0
ENSBTAG00000003702,0.0
ENSBTAG00000003701,0.0
ENSBTAG00000015974,0.0
ENSBTAG00000010016,0.0
ENSBTAG00000024443,0.0
ENSBTAG00000011340,0.0
ENSBTAG00000011982,0.0
ENSBTAG00000008545,0.0
ENSBTAG00000000759,0.0
ENSBTAG00000004139,0.0
ENSBTAG00000000754,0.0
ENSBTAG00000018142,0.0
ENSBTAG00000007444,0.0
ENSBTAG00000005137,0.0
ENSBTAG00000009618,0.0
ENSBTAG00000048992,0.0
ENSBTAG00000010909,0.0
ENSBTAG00000048697,0.0
ENSBTAG00000001164,0.0
ENSBTAG00000048331,0.0
ENSBTAG00000050648,0.0
ENSBTAG00000051558,0.0
ENSBTAG00000008963,0.0
ENSBTAG00000005940,0.0
ENSBTAG00000048560,0.0
ENSBTAG00000004693,0.0
ENSBTAG00000050932,0.0
ENSBTAG00000008676,0.0
ENSBTAG00000019757,0.0
ENSBTAG00000012550,0.0
ENSBTAG00000018115,0.0
ENSBTAG00000007139,0.0
ENSBTAG00000007137,0.0
ENSBTAG00000044119,0.0
ENSBTAG00000002023,0.0
ENSBTAG00000032097,0.0
ENSBTAG00000044078,0.0
ENSBTAG00000053074,0.0
ENSBTAG00000036183,0.0
ENSBTAG00000037415,0.0
ENSBTAG00000051326,0.0
ENSBTAG00000043976,0.0
ENSBTAG00000047139,0.0
ENSBTAG00000053055,0.0
ENSBTAG00000001888,0.0
ENSBTAG00000052624,0.0
ENSBTAG00000054284,0.0
ENSBTAG00000049877,0.0
ENSBTAG00000052755,0.0
ENSBTAG00000021706,0.0
ENSBTAG00000011384,0.0
ENSBTAG00000031824,0.0
ENSBTAG00000053520,0.0
ENSBTAG00000053362,0.0
ENSBTAG00000051737,0.0
ENSBTAG00000003107,0.0
ENSBTAG00000008945,0.0
ENSBTAG00000048837,0.0
ENSBTAG00000019040,0.0
ENSBTAG00000050125,0.0
ENSBTAG00000019014,0.0
ENSBTAG00000016739,0.0
ENSBTAG00000011924,0.0
ENSBTAG00000011930,0.0
ENSBTAG00000011937,0.0
ENSBTAG00000001806,0.0
ENSBTAG00000011102,0.0
ENSBTAG00000011103,0.0
ENSBTAG00000014628,0.0
ENSBTAG00000050833,0.0
ENSBTAG00000053807,0.0
ENSBTAG00000037527,0.0
ENSBTAG00000004247,0.0
ENSBTAG00000050792,0.0
ENSBTAG00000002048,0.0
ENSBTAG00000031723,0.0
ENSBTAG00000008762,0.0
ENSBTAG00000008761,0.0
ENSBTAG00000006666,0.0
ENSBTAG00000054534,0.0
ENSBTAG00000006665,0.0
ENSBTAG00000006659,0.0
ENSBTAG00000054901,0.0
ENSBTAG00000009346,0.0
ENSBTAG00000008743,0.0
ENSBTAG00000053705,0.0
ENSBTAG00000003696,0.0
ENSBTAG00000022044,0.0
ENSBTAG00000017379,0.0
ENSBTAG00000017389,0.0
ENSBTAG00000018108,0.0
ENSBTAG00000021168,0.0
ENSBTAG00000026732,0.0
ENSBTAG00000009800,0.0
ENSBTAG00000012788,0.0
ENSBTAG00000012790,0.0
ENSBTAG00000012791,0.0
ENSBTAG00000012792,0.0
ENSBTAG00000024605,0.0
ENSBTAG00000015761,0.0
ENSBTAG00000015767,0.0
ENSBTAG00000005385,0.0
ENSBTAG00000020049,0.0
ENSBTAG00000020050,0.0
ENSBTAG00000007483,0.0
ENSBTAG00000007484,0.0
ENSBTAG00000016338,0.0
ENSBTAG00000021795,0.0
ENSBTAG00000021796,0.0
ENSBTAG00000003297,0.0
ENSBTAG00000046887,0.0
ENSBTAG00000051177,0.0
ENSBTAG00000032047,0.0
ENSBTAG00000014376,0.0
ENSBTAG00000050202,0.0
ENSBTAG00000006506,0.0
ENSBTAG00000006504,0.0
ENSBTAG00000002591,0.0
ENSBTAG00000000031,0.0
ENSBTAG00000050459,0.0
ENSBTAG00000005183,0.0
ENSBTAG00000005178,0.0
ENSBTAG00000049138,0.0
ENSBTAG00000002698,0.0
ENSBTAG00000002697,0.0
ENSBTAG00000002695,0.0
ENSBTAG00000010847,0.0
ENSBTAG00000022058,0.0
ENSBTAG00000019846,0.0
ENSBTAG00000019845,0.0
ENSBTAG00000018833,0.0
ENSBTAG00000018831,0.0
ENSBTAG00000018825,0.0
ENSBTAG00000007993,0.0
ENSBTAG00000023431,0.0
ENSBTAG00000031851,0.0
ENSBTAG00000031849,0.0
ENSBTAG00000011787,0.0
ENSBTAG00000031846,0.0
ENSBTAG00000011771,0.0
ENSBTAG00000022039,0.0
ENSBTAG00000013686,0.0
ENSBTAG00000055141,0.0
ENSBTAG00000054184,0.0
ENSBTAG00000015526,0.0
ENSBTAG00000006592,0.0
ENSBTAG00000006594,0.0
ENSBTAG00000044022,0.0
ENSBTAG00000021771,0.0
ENSBTAG00000001255,0.0
ENSBTAG00000004088,0.0
ENSBTAG00000000005,0.0
ENSBTAG00000000698,0.0
ENSBTAG00000006569,0.0
ENSBTAG00000037832,0.0
ENSBTAG00000017038,0.0
ENSBTAG00000012277,0.0
ENSBTAG00000012288,0.0
ENSBTAG00000010368,0.0
ENSBTAG00000019280,0.0
ENSBTAG00000019282,0.0
ENSBTAG00000048778,0.0
ENSBTAG00000048554,0.0
ENSBTAG00000031468,0.0
ENSBTAG00000053312,0.0
ENSBTAG00000010464,0.0
ENSBTAG00000017799,0.0
ENSBTAG00000017060,0.0
ENSBTAG00000012193,0.0
ENSBTAG00000004956,0.0
ENSBTAG00000015075,0.0
ENSBTAG00000003557,0.0
ENSBTAG00000005970,0.0
ENSBTAG00000047107,0.0
ENSBTAG00000022036,0.0
ENSBTAG00000012892,0.0
ENSBTAG00000009773,0.0
ENSBTAG00000017738,0.0
ENSBTAG00000017750,0.0
ENSBTAG00000017755,0.0
ENSBTAG00000014233,0.0
ENSBTAG00000001187,0.0
ENSBTAG00000001189,0.0
ENSBTAG00000049779,0.0
ENSBTAG00000013147,0.0
ENSBTAG00000013150,0.0
ENSBTAG00000013152,0.0
ENSBTAG00000054291,0.0
ENSBTAG00000013153,0.0
ENSBTAG00000017886,0.0
ENSBTAG00000017890,0.0
ENSBTAG00000000913,0.0
ENSBTAG00000002452,0.0
ENSBTAG00000001030,0.0
ENSBTAG00000050802,0.0
ENSBTAG00000013877,0.0
ENSBTAG00000007424,0.0
ENSBTAG00000016163,0.0
ENSBTAG00000018084,0.0
ENSBTAG00000018086,0.0
ENSBTAG00000003390,0.0
ENSBTAG00000003393,0.0
ENSBTAG00000003394,0.0
ENSBTAG00000017404,0.0
ENSBTAG00000018116,0.0
ENSBTAG00000014464,0.0
ENSBTAG00000031351,0.0
ENSBTAG00000014232,0.0
ENSBTAG00000005313,0.0
ENSBTAG00000002770,0.0
ENSBTAG00000002385,0.0
ENSBTAG00000017459,0.0
ENSBTAG00000017438,0.0
ENSBTAG00000050682,0.0
ENSBTAG00000019146,0.0
ENSBTAG00000049259,0.0
ENSBTAG00000009963,0.0
ENSBTAG00000003100,0.0
ENSBTAG00000008343,0.0
ENSBTAG00000017023,0.0
ENSBTAG00000011962,0.0
ENSBTAG00000002828,0.0
ENSBTAG00000010662,0.0
ENSBTAG00000010667,0.0
ENSBTAG00000005478,0.0
ENSBTAG00000048754,0.0
ENSBTAG00000008990,0.0
ENSBTAG00000008991,0.0
ENSBTAG00000008996,0.0
ENSBTAG00000009006,0.0
ENSBTAG00000001295,0.0
ENSBTAG00000031134,0.0
ENSBTAG00000012851,0.0
ENSBTAG00000008117,0.0
ENSBTAG00000050653,0.0
ENSBTAG00000053220,0.0
ENSBTAG00000050376,0.0
ENSBTAG00000002878,0.0
ENSBTAG00000050373,0.0
ENSBTAG00000050496,0.0
ENSBTAG00000047529,0.0
ENSBTAG00000052689,0.0
ENSBTAG00000054609,0.0
ENSBTAG00000053980,0.0
ENSBTAG00000047986,0.0
ENSBTAG00000052233,0.0
ENSBTAG00000050165,0.0
ENSBTAG00000046322,0.0
ENSBTAG00000000476,0.0
ENSBTAG00000048730,0.0
ENSBTAG00000045810,0.0
ENSBTAG00000020122,0.0
ENSBTAG00000051483,0.0
ENSBTAG00000031160,0.0
ENSBTAG00000001005,0.0
ENSBTAG00000046083,0.0
ENSBTAG00000033890,0.0
ENSBTAG00000049563,0.0
ENSBTAG00000054090,0.0
ENSBTAG00000055016,0.0
ENSBTAG00000051734,0.0
ENSBTAG00000054009,0.0
ENSBTAG00000040199,0.0
ENSBTAG00000048832,0.0
ENSBTAG00000017305,0.0
ENSBTAG00000050062,0.0
ENSBTAG00000053568,0.0
ENSBTAG00000017010,0.0
ENSBTAG00000053509,0.0
ENSBTAG00000006108,0.0
ENSBTAG00000009988,0.0
ENSBTAG00000022028,0.0
ENSBTAG00000018647,0.0
ENSBTAG00000007375,0.0
ENSBTAG00000053662,0.0
ENSBTAG00000000170,0.0
ENSBTAG00000040298,0.0
ENSBTAG00000008587,0.0
ENSBTAG00000022027,0.0
ENSBTAG00000024708,0.0
ENSBTAG00000006730,0.0
ENSBTAG00000006608,0.0
ENSBTAG00000046900,0.0
ENSBTAG00000021262,0.0
ENSBTAG00000022022,0.0
ENSBTAG00000001325,0.0
ENSBTAG00000012284,0.0
ENSBTAG00000021656,0.0
ENSBTAG00000020566,0.0
ENSBTAG00000050741,0.0
ENSBTAG00000036113,0.0
ENSBTAG00000047664,0.0
ENSBTAG00000023007,0.0
ENSBTAG00000055118,0.0
ENSBTAG00000053372,0.0
ENSBTAG00000006938,0.0
ENSBTAG00000010312,0.0
ENSBTAG00000017867,0.0
ENSBTAG00000021121,0.0
ENSBTAG00000022019,0.0
ENSBTAG00000000067,0.0
ENSBTAG00000006173,0.0
ENSBTAG00000013036,0.0
ENSBTAG00000013038,0.0
ENSBTAG00000047538,0.0
ENSBTAG00000051992,0.0
ENSBTAG00000005951,0.0
ENSBTAG00000030927,0.0
ENSBTAG00000013971,0.0
ENSBTAG00000013973,0.0
ENSBTAG00000020760,0.0
ENSBTAG00000045548,0.0
ENSBTAG00000038132,0.0
ENSBTAG00000011292,0.0
ENSBTAG00000044198,0.0
ENSBTAG00000030979,0.0
ENSBTAG00000053023,0.0
ENSBTAG00000009145,0.0
ENSBTAG00000038258,0.0
ENSBTAG00000014646,0.0
ENSBTAG00000002130,0.0
ENSBTAG00000031018,0.0
ENSBTAG00000018048,0.0
ENSBTAG00000020161,0.0
ENSBTAG00000019375,0.0
ENSBTAG00000016257,0.0
ENSBTAG00000000429,0.0
ENSBTAG00000045955,0.0
ENSBTAG00000048123,0.0
ENSBTAG00000018534,0.0
ENSBTAG00000047526,0.0
ENSBTAG00000035265,0.0
ENSBTAG00000008528,0.0
ENSBTAG00000017486,0.0
ENSBTAG00000019888,0.0
ENSBTAG00000019891,0.0
ENSBTAG00000048885,0.0
ENSBTAG00000004284,0.0
ENSBTAG00000003068,0.0
ENSBTAG00000016514,0.0
ENSBTAG00000004286,0.0
ENSBTAG00000022020,0.0
ENSBTAG00000008320,0.0
ENSBTAG00000005968,0.0
ENSBTAG00000048862,0.0
ENSBTAG00000019053,0.0
ENSBTAG00000051225,0.0
ENSBTAG00000021052,0.0
ENSBTAG00000016633,0.0
ENSBTAG00000043581,0.0
ENSBTAG00000019516,0.0
ENSBTAG00000001696,0.0
ENSBTAG00000001473,0.0
ENSBTAG00000017167,0.0
ENSBTAG00000048413,0.0
ENSBTAG00000006745,0.0
ENSBTAG00000012421,0.0
ENSBTAG00000049742,0.0
ENSBTAG00000019869,0.0
ENSBTAG00000001638,0.0
ENSBTAG00000019871,0.0
ENSBTAG00000006656,0.0
ENSBTAG00000006657,0.0
ENSBTAG00000047626,0.0
ENSBTAG00000046677,0.0
ENSBTAG00000007818,0.0
ENSBTAG00000047299,0.0
ENSBTAG00000022120,0.0
ENSBTAG00000007234,0.0
ENSBTAG00000020121,0.0
ENSBTAG00000049878,0.0
ENSBTAG00000024545,0.0
ENSBTAG00000018563,0.0
ENSBTAG00000019426,0.0
ENSBTAG00000008008,0.0
ENSBTAG00000016625,0.0
ENSBTAG00000000281,0.0
ENSBTAG00000000201,0.0
ENSBTAG00000043963,0.0
ENSBTAG00000008438,0.0
ENSBTAG00000048590,0.0
ENSBTAG00000054071,0.0
ENSBTAG00000048983,0.0
ENSBTAG00000007953,0.0
ENSBTAG00000013914,0.0
ENSBTAG00000012273,0.0
ENSBTAG00000016813,0.0
ENSBTAG00000004633,0.0
ENSBTAG00000009908,0.0
ENSBTAG00000018546,0.0
ENSBTAG00000047924,0.0
ENSBTAG00000038433,0.0
ENSBTAG00000049242,0.0
ENSBTAG00000027182,0.0
ENSBTAG00000002531,0.0
ENSBTAG00000010381,0.0
ENSBTAG00000010376,0.0
ENSBTAG00000013674,0.0
ENSBTAG00000049121,0.0
ENSBTAG00000004167,0.0
ENSBTAG00000005648,0.0
ENSBTAG00000034522,0.0
ENSBTAG00000054105,0.0
ENSBTAG00000014060,0.0
ENSBTAG00000012738,0.0
ENSBTAG00000049365,0.0
ENSBTAG00000012800,0.0
ENSBTAG00000002835,0.0
ENSBTAG00000049153,0.0
ENSBTAG00000019857,0.0
ENSBTAG00000019854,0.0
ENSBTAG00000013326,0.0
ENSBTAG00000016071,0.0
ENSBTAG00000054798,0.0
ENSBTAG00000039325,0.0
ENSBTAG00000047331,0.0
ENSBTAG00000049621,0.0
ENSBTAG00000003399,0.0
ENSBTAG00000002813,0.0
ENSBTAG00000001356,0.0
ENSBTAG00000050339,0.0
ENSBTAG00000049218,0.0
ENSBTAG00000014111,0.0
ENSBTAG00000018200,0.0
ENSBTAG00000000297,0.0
ENSBTAG00000048704,0.0
ENSBTAG00000049010,0.0
ENSBTAG00000018951,0.0
ENSBTAG00000004647,0.0
ENSBTAG00000014007,0.0
ENSBTAG00000034281,0.0
ENSBTAG00000001580,0.0
ENSBTAG00000022109,0.0
ENSBTAG00000052398,0.0
ENSBTAG00000055020,0.0
ENSBTAG00000011373,0.0
ENSBTAG00000021779,0.0
ENSBTAG00000012881,0.0
ENSBTAG00000003581,0.0
ENSBTAG00000003208,0.0
ENSBTAG00000004745,0.0
ENSBTAG00000039582,0.0
ENSBTAG00000050478,0.0
ENSBTAG00000020594,0.0
ENSBTAG00000005998,0.0
ENSBTAG00000055067,0.0
ENSBTAG00000034075,0.0
ENSBTAG00000015549,0.0
ENSBTAG00000023895,0.0
ENSBTAG00000033967,0.0
ENSBTAG00000046902,0.0
ENSBTAG00000019977,0.0
ENSBTAG00000055086,0.0
ENSBTAG00000049817,0.0
ENSBTAG00000044159,0.0
ENSBTAG00000013611,0.0
ENSBTAG00000017493,0.0
ENSBTAG00000054056,0.0
ENSBTAG00000009824,0.0
ENSBTAG00000010843,0.0
ENSBTAG00000012135,0.0
ENSBTAG00000010630,0.0
ENSBTAG00000044058,0.0
ENSBTAG00000039552,0.0
ENSBTAG00000015692,0.0
ENSBTAG00000052090,0.0
ENSBTAG00000012826,0.0
ENSBTAG00000012824,0.0
ENSBTAG00000003345,0.0
ENSBTAG00000001117,0.0
ENSBTAG00000052376,0.0
ENSBTAG00000021245,0.0
ENSBTAG00000000125,0.0
ENSBTAG00000005695,0.0
ENSBTAG00000005691,0.0
ENSBTAG00000007564,0.0
ENSBTAG00000016147,0.0
ENSBTAG00000012368,0.0
ENSBTAG00000020883,0.0
ENSBTAG00000046191,0.0
ENSBTAG00000048798,0.0
ENSBTAG00000051886,0.0
ENSBTAG00000019021,0.0
ENSBTAG00000005660,0.0
ENSBTAG00000055004,0.0
ENSBTAG00000000648,0.0
ENSBTAG00000033547,0.0
ENSBTAG00000011970,0.0
ENSBTAG00000016680,0.0
ENSBTAG00000016679,0.0
ENSBTAG00000033486,0.0
ENSBTAG00000010306,0.0
ENSBTAG00000052985,0.0
ENSBTAG00000005658,0.0
ENSBTAG00000055144,0.0
ENSBTAG00000017069,0.0
ENSBTAG00000004775,0.0
ENSBTAG00000021764,0.0
ENSBTAG00000043959,0.0
ENSBTAG00000054886,0.0
ENSBTAG00000049769,0.0
ENSBTAG00000011063,0.0
ENSBTAG00000011062,0.0
ENSBTAG00000044109,0.0
ENSBTAG00000003840,0.0
ENSBTAG00000051096,0.0
ENSBTAG00000014576,0.0
ENSBTAG00000049458,0.0
ENSBTAG00000005240,0.0
ENSBTAG00000053385,0.0
ENSBTAG00000054451,0.0
ENSBTAG00000053029,0.0
ENSBTAG00000013001,0.0
ENSBTAG00000040072,0.0
ENSBTAG00000054305,0.0
ENSBTAG00000039242,0.0
ENSBTAG00000040336,0.0
ENSBTAG00000039316,0.0
ENSBTAG00000006753,0.0
ENSBTAG00000006758,0.0
ENSBTAG00000026626,0.0
ENSBTAG00000013951,0.0
ENSBTAG00000009755,0.0
ENSBTAG00000033339,0.0
ENSBTAG00000007513,0.0
ENSBTAG00000054166,0.0
ENSBTAG00000007510,0.0
ENSBTAG00000000590,0.0
ENSBTAG00000007496,0.0
ENSBTAG00000049454,0.0
ENSBTAG00000039766,0.0
ENSBTAG00000005644,0.0
ENSBTAG00000011889,0.0
ENSBTAG00000017219,0.0
ENSBTAG00000020423,0.0
ENSBTAG00000012990,0.0
ENSBTAG00000012987,0.0
ENSBTAG00000002145,0.0
ENSBTAG00000000439,0.0
ENSBTAG00000013848,0.0
ENSBTAG00000055033,0.0
ENSBTAG00000007988,0.0
ENSBTAG00000009797,0.0
ENSBTAG00000006468,0.0
ENSBTAG00000007047,0.0
ENSBTAG00000002950,0.0
ENSBTAG00000020430,0.0
ENSBTAG00000050393,0.0
ENSBTAG00000009167,0.0
ENSBTAG00000046256,0.0
ENSBTAG00000049587,0.0
ENSBTAG00000020532,0.0
ENSBTAG00000000706,0.0
ENSBTAG00000005678,0.0
ENSBTAG00000001543,0.0
ENSBTAG00000020414,0.0
ENSBTAG00000050714,0.0
ENSBTAG00000032436,0.0
ENSBTAG00000014269,0.0
ENSBTAG00000024603,0.0
ENSBTAG00000039688,0.0
ENSBTAG00000020346,0.0
ENSBTAG00000016523,0.0
ENSBTAG00000007272,0.0
ENSBTAG00000024162,0.0
ENSBTAG00000007270,0.0
ENSBTAG00000007269,0.0
ENSBTAG00000007266,0.0
ENSBTAG00000039630,0.0
ENSBTAG00000008061,0.0
ENSBTAG00000008060,0.0
ENSBTAG00000007804,0.0
ENSBTAG00000000139,0.0
ENSBTAG00000020505,0.0
ENSBTAG00000020504,0.0
ENSBTAG00000020503,0.0
ENSBTAG00000008470,0.0
ENSBTAG00000001597,0.0
ENSBTAG00000001594,0.0
ENSBTAG00000001593,0.0
ENSBTAG00000008464,0.0
ENSBTAG00000048809,0.0
ENSBTAG00000021595,0.0
ENSBTAG00000003527,0.0
ENSBTAG00000050187,0.0
ENSBTAG00000032433,0.0
ENSBTAG00000000908,0.0
ENSBTAG00000049993,0.0
ENSBTAG00000047904,0.0
ENSBTAG00000019278,0.0
ENSBTAG00000006118,0.0
ENSBTAG00000006114,0.0
ENSBTAG00000016779,0.0
ENSBTAG00000004203,0.0
ENSBTAG00000053397,0.0
ENSBTAG00000004199,0.0
ENSBTAG00000004197,0.0
ENSBTAG00000004192,0.0
ENSBTAG00000049892,0.0
ENSBTAG00000004189,0.0
ENSBTAG00000032517,0.0
ENSBTAG00000004187,0.0
ENSBTAG00000004179,0.0
ENSBTAG00000004175,0.0
ENSBTAG00000052582,0.0
ENSBTAG00000004172,0.0
ENSBTAG00000048982,0.0
ENSBTAG00000032534,0.0
ENSBTAG00000050914,0.0
ENSBTAG00000004458,0.0
ENSBTAG00000051007,0.0
ENSBTAG00000004457,0.0
ENSBTAG00000002328,0.0
ENSBTAG00000002315,0.0
ENSBTAG00000003092,0.0
ENSBTAG00000010815,0.0
ENSBTAG00000010812,0.0
ENSBTAG00000008948,0.0
ENSBTAG00000020584,0.0
ENSBTAG00000005657,0.0
ENSBTAG00000052539,0.0
ENSBTAG00000016675,0.0
ENSBTAG00000005345,0.0
ENSBTAG00000053945,0.0
ENSBTAG00000005347,0.0
ENSBTAG00000022067,0.0
ENSBTAG00000008417,0.0
ENSBTAG00000018330,0.0
ENSBTAG00000018332,0.0
ENSBTAG00000009208,0.0
ENSBTAG00000009216,0.0
ENSBTAG00000011198,0.0
ENSBTAG00000051586,0.0
ENSBTAG00000018369,0.0
ENSBTAG00000008571,0.0
ENSBTAG00000052103,0.0
ENSBTAG00000009101,0.0
ENSBTAG00000022069,0.0
ENSBTAG00000001168,0.0
ENSBTAG00000030775,0.0
ENSBTAG00000055189,0.0
ENSBTAG00000000494,0.0
ENSBTAG00000052931,0.0
ENSBTAG00000007306,0.0
ENSBTAG00000016770,0.0
ENSBTAG00000016771,0.0
ENSBTAG00000046468,0.0
ENSBTAG00000026505,0.0
ENSBTAG00000012124,0.0
ENSBTAG00000053164,0.0
ENSBTAG00000014248,0.0
ENSBTAG00000013426,0.0
ENSBTAG00000013790,0.0
ENSBTAG00000005652,0.0
ENSBTAG00000040399,0.0
ENSBTAG00000054651,0.0
ENSBTAG00000001001,0.0
ENSBTAG00000051655,0.0
ENSBTAG00000017745,0.0
ENSBTAG00000004351,0.0
ENSBTAG00000008871,0.0
ENSBTAG00000033313,0.0
ENSBTAG00000010526,0.0
ENSBTAG00000010518,0.0
ENSBTAG00000010510,0.0
ENSBTAG00000048821,0.0
ENSBTAG00000047594,0.0
ENSBTAG00000047087,0.0
ENSBTAG00000048418,0.0
ENSBTAG00000021959,0.0
ENSBTAG00000021960,0.0
ENSBTAG00000021958,0.0
ENSBTAG00000048318,0.0
ENSBTAG00000005164,0.0
ENSBTAG00000004221,0.0
ENSBTAG00000003200,0.0
ENSBTAG00000004920,0.0
ENSBTAG00000027924,0.0
ENSBTAG00000022714,0.0
ENSBTAG00000019834,0.0
ENSBTAG00000003728,0.0
ENSBTAG00000011802,0.0
ENSBTAG00000005380,0.0
ENSBTAG00000019289,0.0
ENSBTAG00000016525,0.0
ENSBTAG00000003268,0.0
ENSBTAG00000001241,0.0
ENSBTAG00000004066,0.0
ENSBTAG00000020106,0.0
ENSBTAG00000017753,0.0
ENSBTAG00000043948,0.0
ENSBTAG00000054476,0.0
ENSBTAG00000000084,0.0
ENSBTAG00000011657,0.0
ENSBTAG00000051910,0.0
ENSBTAG00000033187,0.0
ENSBTAG00000011885,0.0
ENSBTAG00000020376,0.0
ENSBTAG00000049623,0.0
ENSBTAG00000007461,0.0
ENSBTAG00000001457,0.0
ENSBTAG00000001557,0.0
ENSBTAG00000011839,0.0
ENSBTAG00000048672,0.0
ENSBTAG00000006233,0.0
ENSBTAG00000015504,0.0
ENSBTAG00000054352,0.0
ENSBTAG00000054085,0.0
ENSBTAG00000033221,0.0
ENSBTAG00000001335,0.0
ENSBTAG00000016981,0.0
ENSBTAG00000004929,0.0
ENSBTAG00000033186,0.0
ENSBTAG00000049771,0.0
ENSBTAG00000010822,0.0
ENSBTAG00000014177,0.0
ENSBTAG00000001997,0.0
ENSBTAG00000011766,0.0
ENSBTAG00000014374,0.0
ENSBTAG00000005142,0.0
ENSBTAG00000000013,0.0
ENSBTAG00000000012,0.0
ENSBTAG00000014972,0.0
ENSBTAG00000016152,0.0
ENSBTAG00000054984,0.0
ENSBTAG00000016149,0.0
ENSBTAG00000001492,0.0
ENSBTAG00000006697,0.0
ENSBTAG00000033107,0.0
ENSBTAG00000010423,0.0
ENSBTAG00000052650,0.0
ENSBTAG00000019595,0.0
ENSBTAG00000005176,0.0
ENSBTAG00000033095,0.0
ENSBTAG00000002458,0.0
ENSBTAG00000000586,0.0
ENSBTAG00000000579,0.0
ENSBTAG00000050782,0.0
ENSBTAG00000018245,0.0
ENSBTAG00000054657,0.0
ENSBTAG00000052326,0.0
ENSBTAG00000053704,0.0
ENSBTAG00000008430,0.0
ENSBTAG00000011334,0.0
ENSBTAG00000013562,0.0
ENSBTAG00000020142,0.0
ENSBTAG00000002701,0.0
ENSBTAG00000050563,0.0
ENSBTAG00000012688,0.0
ENSBTAG00000019975,0.0
ENSBTAG00000023529,0.0
ENSBTAG00000019336,0.0
ENSBTAG00000007690,0.0
ENSBTAG00000015648,0.0
ENSBTAG00000019211,0.0
ENSBTAG00000019209,0.0
ENSBTAG00000032933,0.0
ENSBTAG00000007071,0.0
ENSBTAG00000017071,0.0
ENSBTAG00000021813,0.0
ENSBTAG00000018235,0.0
ENSBTAG00000039929,0.0
ENSBTAG00000012558,0.0
ENSBTAG00000014261,0.0
ENSBTAG00000052313,0.0
ENSBTAG00000007665,0.0
ENSBTAG00000021965,0.0
ENSBTAG00000008414,0.0
ENSBTAG00000012278,0.0
ENSBTAG00000032848,0.0
ENSBTAG00000014455,0.0
ENSBTAG00000017569,0.0
ENSBTAG00000017551,0.0
ENSBTAG00000012992,0.0
ENSBTAG00000053606,0.0
ENSBTAG00000051934,0.0
ENSBTAG00000018234,0.0
ENSBTAG00000002845,0.0
ENSBTAG00000051407,0.0
ENSBTAG00000051955,0.0
ENSBTAG00000025893,0.0
ENSBTAG00000013660,0.0
ENSBTAG00000037844,0.0
ENSBTAG00000052828,0.0
ENSBTAG00000053660,0.0
ENSBTAG00000012971,0.0
ENSBTAG00000053528,0.0
ENSBTAG00000048565,0.0
ENSBTAG00000020126,0.0
ENSBTAG00000016444,0.0
ENSBTAG00000016441,0.0
ENSBTAG00000037576,0.0
ENSBTAG00000003219,0.0
ENSBTAG00000048498,0.0
ENSBTAG00000013391,0.0
ENSBTAG00000003186,0.0
ENSBTAG00000000672,0.0
ENSBTAG00000005514,0.0
ENSBTAG00000054860,0.0
ENSBTAG00000049583,0.0
ENSBTAG00000021972,0.0
ENSBTAG00000053006,0.0
ENSBTAG00000049263,0.0
ENSBTAG00000017222,0.0
ENSBTAG00000052290,0.0
ENSBTAG00000006346,0.0
ENSBTAG00000011337,0.0
ENSBTAG00000003539,0.0
ENSBTAG00000003536,0.0
ENSBTAG00000010801,0.0
ENSBTAG00000017889,0.0
ENSBTAG00000017885,0.0
ENSBTAG00000051332,0.0
ENSBTAG00000032508,0.0
ENSBTAG00000005021,0.0
ENSBTAG00000051674,0.0
ENSBTAG00000009401,0.0
ENSBTAG00000009400,0.0
ENSBTAG00000055034,0.0
ENSBTAG00000019210,0.0
ENSBTAG00000032442,0.0
ENSBTAG00000053158,0.0
ENSBTAG00000003381,0.0
ENSBTAG00000015478,0.0
ENSBTAG00000015466,0.0
ENSBTAG00000048851,0.0
ENSBTAG00000008130,0.0
ENSBTAG00000049304,0.0
ENSBTAG00000018501,0.0
ENSBTAG00000018460,0.0
ENSBTAG00000000809,0.0
ENSBTAG00000051384,0.0
ENSBTAG00000050065,0.0
ENSBTAG00000047499,0.0
ENSBTAG00000054006,0.0
ENSBTAG00000015907,0.0
ENSBTAG00000009914,0.0
ENSBTAG00000050317,0.0
ENSBTAG00000051832,0.0
ENSBTAG00000000944,0.0
ENSBTAG00000015843,0.0
ENSBTAG00000011414,0.0
ENSBTAG00000012567,0.0
ENSBTAG00000012559,0.0
ENSBTAG00000045695,0.0
ENSBTAG00000053495,0.0
ENSBTAG00000049547,0.0
ENSBTAG00000006775,0.0
ENSBTAG00000016624,0.0
ENSBTAG00000006972,0.0
ENSBTAG00000006971,0.0
ENSBTAG00000054687,0.0
ENSBTAG00000052982,0.0
ENSBTAG00000052247,0.0
ENSBTAG00000011405,0.0
ENSBTAG00000004629,0.0
ENSBTAG00000008606,0.0
ENSBTAG00000026527,0.0
ENSBTAG00000052375,0.0
ENSBTAG00000046493,0.0
ENSBTAG00000046019,0.0
ENSBTAG00000045954,0.0
ENSBTAG00000047780,0.0
ENSBTAG00000019269,0.0
ENSBTAG00000039011,0.0
ENSBTAG00000017666,0.0
ENSBTAG00000020409,0.0
ENSBTAG00000045666,0.0
ENSBTAG00000045579,0.0
ENSBTAG00000047333,0.0
ENSBTAG00000000617,0.0
ENSBTAG00000024593,0.0
ENSBTAG00000011895,0.0
ENSBTAG00000052825,0.0
ENSBTAG00000008180,0.0
ENSBTAG00000014612,0.0
ENSBTAG00000002134,0.0
ENSBTAG00000014620,0.0
ENSBTAG00000009381,0.0
ENSBTAG00000002985,0.0
ENSBTAG00000002865,0.0
ENSBTAG00000002779,0.0
ENSBTAG00000024801,0.0
ENSBTAG00000015316,0.0
ENSBTAG00000000128,0.0
ENSBTAG00000054615,0.0
ENSBTAG00000053610,0.0
ENSBTAG00000015376,0.0
ENSBTAG00000017457,0.0
ENSBTAG00000008876,0.0
ENSBTAG00000034659,0.0
ENSBTAG00000009019,0.0
ENSBTAG00000001429,0.0
ENSBTAG00000013863,0.0
ENSBTAG00000015955,0.0
ENSBTAG00000015099,0.0
ENSBTAG00000014460,0.0
ENSBTAG00000002020,0.0
ENSBTAG00000002021,0.0
ENSBTAG00000020568,0.0
ENSBTAG00000048827,0.0
ENSBTAG00000001823,0.0
ENSBTAG00000034598,0.0
ENSBTAG00000049048,0.0
ENSBTAG00000050409,0.0
ENSBTAG00000049683,0.0
ENSBTAG00000009995,0.0
ENSBTAG00000054459,0.0
ENSBTAG00000000564,0.0
ENSBTAG00000048786,0.0
ENSBTAG00000013873,0.0
ENSBTAG00000016002,0.0
ENSBTAG00000003066,0.0
ENSBTAG00000015519,0.0
ENSBTAG00000015512,0.0
ENSBTAG00000034138,0.0
ENSBTAG00000026369,0.0
ENSBTAG00000054487,0.0
ENSBTAG00000005633,0.0
ENSBTAG00000053205,0.0
ENSBTAG00000006843,0.0
ENSBTAG00000018452,0.0
ENSBTAG00000018936,0.0
ENSBTAG00000053489,0.0
ENSBTAG00000010012,0.0
ENSBTAG00000052818,0.0
ENSBTAG00000032705,0.0
ENSBTAG00000049168,0.0
ENSBTAG00000051401,0.0
ENSBTAG00000003377,0.0
ENSBTAG00000008494,0.0
ENSBTAG00000014459,0.0
ENSBTAG00000017545,0.0
ENSBTAG00000007979,0.0
ENSBTAG00000020601,0.0
ENSBTAG00000019043,0.0
ENSBTAG00000000605,0.0
ENSBTAG00000053736,0.0
ENSBTAG00000001961,0.0
ENSBTAG00000047486,0.0
ENSBTAG00000044160,0.0
ENSBTAG00000000363,0.0
ENSBTAG00000034360,0.0
ENSBTAG00000005743,0.0
ENSBTAG00000003326,0.0
ENSBTAG00000003148,0.0
ENSBTAG00000027983,0.0
ENSBTAG00000000561,0.0
ENSBTAG00000040001,0.0
ENSBTAG00000002073,0.0
ENSBTAG00000046192,0.0
ENSBTAG00000027980,0.0
ENSBTAG00000017011,0.0
ENSBTAG00000011046,0.0
ENSBTAG00000011045,0.0
ENSBTAG00000014246,0.0
ENSBTAG00000014239,0.0
ENSBTAG00000001013,0.0
ENSBTAG00000052104,0.0
ENSBTAG00000010989,0.0
ENSBTAG00000034170,0.0
ENSBTAG00000055154,0.0
ENSBTAG00000006360,0.0
ENSBTAG00000025964,0.0
ENSBTAG00000049964,0.0
ENSBTAG00000053341,0.0
ENSBTAG00000049763,0.0
ENSBTAG00000007321,0.0
ENSBTAG00000000415,0.0
ENSBTAG00000016903,0.0
ENSBTAG00000016902,0.0
ENSBTAG00000016900,0.0
ENSBTAG00000047828,0.0
ENSBTAG00000009519,0.0
ENSBTAG00000014451,0.0
ENSBTAG00000044175,0.0
ENSBTAG00000016963,0.0
ENSBTAG00000049355,0.0
ENSBTAG00000000037,0.0
ENSBTAG00000050031,0.0
ENSBTAG00000009469,0.0
ENSBTAG00000009468,0.0
ENSBTAG00000005169,0.0
ENSBTAG00000043992,0.0
ENSBTAG00000040439,0.0
ENSBTAG00000053188,0.0
ENSBTAG00000018616,0.0
ENSBTAG00000011812,0.0
ENSBTAG00000015022,0.0
ENSBTAG00000053444,0.0
ENSBTAG00000021224,0.0
ENSBTAG00000051158,0.0
ENSBTAG00000053323,0.0
ENSBTAG00000021607,0.0
ENSBTAG00000021606,0.0
ENSBTAG00000007704,0.0
ENSBTAG00000049955,0.0
ENSBTAG00000017026,0.0
ENSBTAG00000018642,0.0
ENSBTAG00000018639,0.0
ENSBTAG00000018637,0.0
ENSBTAG00000018905,0.0
ENSBTAG00000002941,0.0
ENSBTAG00000002939,0.0
ENSBTAG00000020301,0.0
ENSBTAG00000010915,0.0
ENSBTAG00000013060,0.0
ENSBTAG00000047955,0.0
ENSBTAG00000001385,0.0
ENSBTAG00000050196,0.0
ENSBTAG00000001387,0.0
ENSBTAG00000049326,0.0
ENSBTAG00000054714,0.0
ENSBTAG00000050493,0.0
ENSBTAG00000051788,0.0
ENSBTAG00000011239,0.0
ENSBTAG00000020192,0.0
ENSBTAG00000001616,0.0
ENSBTAG00000001618,0.0
ENSBTAG00000020250,0.0
ENSBTAG00000016598,0.0
ENSBTAG00000015909,0.0
ENSBTAG00000000622,0.0
ENSBTAG00000000623,0.0
ENSBTAG00000008495,0.0
ENSBTAG00000053547,0.0
ENSBTAG00000015018,0.0
ENSBTAG00000017711,0.0
ENSBTAG00000017715,0.0
ENSBTAG00000027069,0.0
ENSBTAG00000016522,0.0
ENSBTAG00000052904,0.0
ENSBTAG00000003161,0.0
ENSBTAG00000003410,0.0
ENSBTAG00000003414,0.0
ENSBTAG00000006270,0.0
ENSBTAG00000054196,0.0
ENSBTAG00000007007,0.0
ENSBTAG00000007008,0.0
ENSBTAG00000051009,0.0
ENSBTAG00000004645,0.0
ENSBTAG00000000603,0.0
ENSBTAG00000049439,0.0
ENSBTAG00000010993,0.0
ENSBTAG00000010995,0.0
ENSBTAG00000012143,0.0
ENSBTAG00000010882,0.0
ENSBTAG00000015462,0.0
ENSBTAG00000002336,0.0
ENSBTAG00000046633,0.0
ENSBTAG00000013475,0.0
ENSBTAG00000021984,0.0
ENSBTAG00000012926,0.0
ENSBTAG00000015750,0.0
ENSBTAG00000021341,0.0
ENSBTAG00000010988,0.0
ENSBTAG00000010992,0.0
ENSBTAG00000016456,0.0
ENSBTAG00000019940,0.0
ENSBTAG00000026893,0.0
ENSBTAG00000049333,0.0
ENSBTAG00000020195,0.0
ENSBTAG00000000807,0.0
ENSBTAG00000035995,0.0
ENSBTAG00000047319,0.0
ENSBTAG00000007094,0.0
ENSBTAG00000014449,0.0
ENSBTAG00000048602,0.0
ENSBTAG00000020023,0.0
ENSBTAG00000016282,0.0
ENSBTAG00000000735,0.0
ENSBTAG00000012321,0.0
ENSBTAG00000052838,0.0
ENSBTAG00000013410,0.0
ENSBTAG00000012338,0.0
ENSBTAG00000017450,0.0
ENSBTAG00000050863,0.0
ENSBTAG00000031327,0.0
ENSBTAG00000051798,0.0
ENSBTAG00000053240,0.0
ENSBTAG00000021199,0.0
ENSBTAG00000012351,0.0
ENSBTAG00000017299,0.0
ENSBTAG00000032951,0.0
ENSBTAG00000049375,0.0
ENSBTAG00000009966,0.0
ENSBTAG00000007431,0.0
ENSBTAG00000003556,0.0
ENSBTAG00000003559,0.0
ENSBTAG00000026886,0.0
ENSBTAG00000020402,0.0
ENSBTAG00000001565,0.0
ENSBTAG00000011861,0.0
ENSBTAG00000049620,0.0
ENSBTAG00000010963,0.0
ENSBTAG00000010964,0.0
ENSBTAG00000012166,0.0
ENSBTAG00000046401,0.0
ENSBTAG00000017194,0.0
ENSBTAG00000035247,0.0
ENSBTAG00000009854,0.0
ENSBTAG00000009855,0.0
ENSBTAG00000021904,0.0
ENSBTAG00000014422,0.0
ENSBTAG00000001639,0.0
ENSBTAG00000022775,0.0
ENSBTAG00000054381,0.0
ENSBTAG00000006673,0.0
ENSBTAG00000054250,0.0
ENSBTAG00000051090,0.0
ENSBTAG00000007187,0.0
ENSBTAG00000054717,0.0
ENSBTAG00000051487,0.0
ENSBTAG00000017616,0.0
ENSBTAG00000025764,0.0
ENSBTAG00000017622,0.0
ENSBTAG00000017636,0.0
ENSBTAG00000020413,0.0
ENSBTAG00000005038,0.0
ENSBTAG00000004802,0.0
ENSBTAG00000015160,0.0
ENSBTAG00000048906,0.0
ENSBTAG00000003435,0.0
ENSBTAG00000010370,0.0
ENSBTAG00000031242,0.0
ENSBTAG00000005647,0.0
ENSBTAG00000015398,0.0
ENSBTAG00000007319,0.0
ENSBTAG00000048010,0.0
ENSBTAG00000012753,0.0
ENSBTAG00000012751,0.0
ENSBTAG00000046346,0.0
ENSBTAG00000050568,0.0
ENSBTAG00000051324,0.0
ENSBTAG00000047606,0.0
ENSBTAG00000053646,0.0
ENSBTAG00000051001,0.0
ENSBTAG00000047229,0.0
ENSBTAG00000049082,0.0
ENSBTAG00000046857,0.0
ENSBTAG00000049275,0.0
ENSBTAG00000051777,0.0
ENSBTAG00000045594,0.0
ENSBTAG00000049989,0.0
ENSBTAG00000049368,0.0
ENSBTAG00000007651,0.0
ENSBTAG00000007649,0.0
ENSBTAG00000053962,0.0
ENSBTAG00000006675,0.0
ENSBTAG00000013593,0.0
ENSBTAG00000003957,0.0
ENSBTAG00000015775,0.0
ENSBTAG00000006868,0.0
ENSBTAG00000049380,0.0
ENSBTAG00000001396,0.0
ENSBTAG00000012022,0.0
ENSBTAG00000047166,0.0
ENSBTAG00000010981,0.0
ENSBTAG00000006227,0.0
ENSBTAG00000006231,0.0
ENSBTAG00000015942,0.0
ENSBTAG00000015944,0.0
ENSBTAG00000012909,0.0
ENSBTAG00000002504,0.0
ENSBTAG00000001786,0.0
ENSBTAG00000014440,0.0
ENSBTAG00000013657,0.0
ENSBTAG00000003130,0.0
ENSBTAG00000003132,0.0
ENSBTAG00000004024,0.0
ENSBTAG00000048528,0.0
ENSBTAG00000002833,0.0
ENSBTAG00000048792,0.0
ENSBTAG00000012489,0.0
ENSBTAG00000012490,0.0
ENSBTAG00000016651,0.0
ENSBTAG00000007382,0.0
ENSBTAG00000052779,0.0
ENSBTAG00000015780,0.0
ENSBTAG00000021144,0.0
ENSBTAG00000002415,0.0
ENSBTAG00000005145,0.0
ENSBTAG00000020441,0.0
ENSBTAG00000023147,0.0
ENSBTAG00000052746,0.0
ENSBTAG00000024311,0.0
ENSBTAG00000051111,0.0
ENSBTAG00000019506,0.0
ENSBTAG00000012219,0.0
ENSBTAG00000012206,0.0
ENSBTAG00000021293,0.0
ENSBTAG00000016984,0.0
ENSBTAG00000009985,0.0
ENSBTAG00000007368,0.0
ENSBTAG00000007365,0.0
ENSBTAG00000007346,0.0
ENSBTAG00000052944,0.0
ENSBTAG00000052403,0.0
ENSBTAG00000021021,0.0
ENSBTAG00000014089,0.0
ENSBTAG00000021318,0.0
ENSBTAG00000021693,0.0
ENSBTAG00000017267,0.0
ENSBTAG00000005846,0.0
ENSBTAG00000005845,0.0
ENSBTAG00000005844,0.0
ENSBTAG00000005838,0.0
ENSBTAG00000021426,0.0
ENSBTAG00000021425,0.0
ENSBTAG00000021424,0.0
ENSBTAG00000050048,0.0
ENSBTAG00000000085,0.0
ENSBTAG00000001021,0.0
ENSBTAG00000007308,0.0
ENSBTAG00000007304,0.0
ENSBTAG00000011828,0.0
ENSBTAG00000049104,0.0
ENSBTAG00000000010,0.0
ENSBTAG00000011446,0.0
ENSBTAG00000006934,0.0
ENSBTAG00000006912,0.0
ENSBTAG00000050030,0.0
ENSBTAG00000007348,0.0
ENSBTAG00000006024,0.0
ENSBTAG00000037951,0.0
ENSBTAG00000051314,0.0
ENSBTAG00000015779,0.0
ENSBTAG00000015772,0.0
ENSBTAG00000009086,0.0
ENSBTAG00000052449,0.0
ENSBTAG00000019542,0.0
ENSBTAG00000053015,0.0
ENSBTAG00000039813,0.0
ENSBTAG00000038159,0.0
ENSBTAG00000050353,0.0
ENSBTAG00000040134,0.0
ENSBTAG00000010828,0.0
ENSBTAG00000013055,0.0
ENSBTAG00000038080,0.0
ENSBTAG00000010057,0.0
ENSBTAG00000021291,0.0
ENSBTAG00000054263,0.0
ENSBTAG00000002170,0.0
ENSBTAG00000031558,0.0
ENSBTAG00000011113,0.0
ENSBTAG00000012789,0.0
ENSBTAG00000001617,0.0
ENSBTAG00000017565,0.0
ENSBTAG00000021844,0.0
ENSBTAG00000021845,0.0
ENSBTAG00000017201,0.0
ENSBTAG00000032477,0.0
ENSBTAG00000022847,0.0
ENSBTAG00000038020,0.0
ENSBTAG00000044121,0.0
ENSBTAG00000050424,0.0
ENSBTAG00000055201,0.0
ENSBTAG00000027024,0.0
ENSBTAG00000017719,0.0
ENSBTAG00000004462,0.0
ENSBTAG00000008172,0.0
ENSBTAG00000050690,0.0
ENSBTAG00000051703,0.0
ENSBTAG00000013981,0.0
ENSBTAG00000003419,0.0
ENSBTAG00000012873,0.0
ENSBTAG00000015053,0.0
ENSBTAG00000020164,0.0
ENSBTAG00000037938,0.0
ENSBTAG00000019085,0.0
ENSBTAG00000000425,0.0
ENSBTAG00000009680,0.0
ENSBTAG00000009681,0.0
ENSBTAG00000049281,0.0
ENSBTAG00000009683,0.0
ENSBTAG00000016683,0.0
ENSBTAG00000027013,0.0
ENSBTAG00000001282,0.0
ENSBTAG00000018400,0.0
ENSBTAG00000009941,0.0
ENSBTAG00000049414,0.0
ENSBTAG00000000541,0.0
ENSBTAG00000009186,0.0
ENSBTAG00000019350,0.0
ENSBTAG00000054035,0.0
ENSBTAG00000000655,0.0
ENSBTAG00000013888,0.0
ENSBTAG00000015095,0.0
ENSBTAG00000006582,0.0
ENSBTAG00000006130,0.0
ENSBTAG00000003708,0.0
ENSBTAG00000051859,0.0
ENSBTAG00000020930,0.0
ENSBTAG00000054660,0.0
ENSBTAG00000015023,0.0
ENSBTAG00000030670,0.0
ENSBTAG00000006819,0.0
ENSBTAG00000006836,0.0
ENSBTAG00000003684,0.0
ENSBTAG00000006363,0.0
ENSBTAG00000031934,0.0
ENSBTAG00000052854,0.0
ENSBTAG00000016062,0.0
ENSBTAG00000020042,0.0
ENSBTAG00000039117,0.0
ENSBTAG00000011495,0.0
ENSBTAG00000038900,0.0
ENSBTAG00000001219,0.0
ENSBTAG00000051751,0.0
ENSBTAG00000010394,0.0
ENSBTAG00000001213,0.0
ENSBTAG00000032217,0.0
ENSBTAG00000054702,0.0
ENSBTAG00000048048,0.0
ENSBTAG00000053508,0.0
ENSBTAG00000051010,0.0
ENSBTAG00000046161,0.0
ENSBTAG00000010397,0.0
ENSBTAG00000054133,0.0
ENSBTAG00000050088,0.0
ENSBTAG00000053635,0.0
ENSBTAG00000053916,0.0
ENSBTAG00000045998,0.0
ENSBTAG00000002186,0.0
ENSBTAG00000008251,0.0
ENSBTAG00000002603,0.0
ENSBTAG00000054948,0.0
ENSBTAG00000049003,0.0
ENSBTAG00000050853,0.0
ENSBTAG00000006552,0.0
ENSBTAG00000053856,0.0
ENSBTAG00000002612,0.0
ENSBTAG00000048764,0.0
ENSBTAG00000052727,0.0
ENSBTAG00000002613,0.0
ENSBTAG00000048520,0.0
ENSBTAG00000032059,0.0
ENSBTAG00000002487,0.0
ENSBTAG00000015412,0.0
ENSBTAG00000014472,0.0
ENSBTAG00000014476,0.0
ENSBTAG00000014478,0.0
ENSBTAG00000014479,0.0
ENSBTAG00000027081,0.0
ENSBTAG00000021304,0.0
ENSBTAG00000014001,0.0
ENSBTAG00000013422,0.0
ENSBTAG00000003392,0.0
ENSBTAG00000014005,0.0
ENSBTAG00000051536,0.0
ENSBTAG00000050898,0.0
ENSBTAG00000035184,0.0
ENSBTAG00000052298,0.0
ENSBTAG00000007502,0.0
ENSBTAG00000034398,0.0
ENSBTAG00000000640,0.0
ENSBTAG00000007503,0.0
ENSBTAG00000007357,0.0
ENSBTAG00000054436,0.0
ENSBTAG00000001567,0.0
ENSBTAG00000009125,0.0
ENSBTAG00000048684,0.0
ENSBTAG00000010514,0.0
ENSBTAG00000032130,0.0
ENSBTAG00000017196,0.0
ENSBTAG00000016495,0.0
ENSBTAG00000006987,0.0
ENSBTAG00000006548,0.0
ENSBTAG00000049667,0.0
ENSBTAG00000017211,0.0
ENSBTAG00000047694,0.0
ENSBTAG00000017212,0.0
ENSBTAG00000017213,0.0
ENSBTAG00000017215,0.0
ENSBTAG00000019823,0.0
ENSBTAG00000017216,0.0
ENSBTAG00000006738,0.0
ENSBTAG00000000838,0.0
ENSBTAG00000005040,0.0
ENSBTAG00000010192,0.0
ENSBTAG00000010649,0.0
ENSBTAG00000018709,0.0
ENSBTAG00000003375,0.0
ENSBTAG00000018123,0.0
ENSBTAG00000000539,0.0
ENSBTAG00000026953,0.0
ENSBTAG00000005786,0.0
ENSBTAG00000011185,0.0
ENSBTAG00000015156,0.0
ENSBTAG00000010227,0.0
ENSBTAG00000011752,0.0
ENSBTAG00000054024,0.0
ENSBTAG00000006620,0.0
ENSBTAG00000010416,0.0
ENSBTAG00000021527,0.0
ENSBTAG00000046979,0.0
ENSBTAG00000021531,0.0
ENSBTAG00000004598,0.0
ENSBTAG00000009836,0.0
ENSBTAG00000020514,0.0
ENSBTAG00000009845,0.0
ENSBTAG00000031885,0.0
ENSBTAG00000046990,0.0
ENSBTAG00000004310,0.0
ENSBTAG00000018252,0.0
ENSBTAG00000049351,0.0
ENSBTAG00000018007,0.0
ENSBTAG00000046185,0.0
ENSBTAG00000048512,0.0
ENSBTAG00000049981,0.0
ENSBTAG00000050362,0.0
ENSBTAG00000049211,0.0
ENSBTAG00000055234,0.0
ENSBTAG00000013689,0.0
ENSBTAG00000033335,0.0
ENSBTAG00000049690,0.0
ENSBTAG00000008017,0.0
ENSBTAG00000027075,0.0
ENSBTAG00000018603,0.0
ENSBTAG00000051831,0.0
ENSBTAG00000017776,0.0
ENSBTAG00000048002,0.0
ENSBTAG00000054998,0.0
ENSBTAG00000022990,0.0
ENSBTAG00000053841,0.0
ENSBTAG00000022989,0.0
ENSBTAG00000048501,0.0
ENSBTAG00000001652,0.0
ENSBTAG00000015880,0.0
ENSBTAG00000027074,0.0
ENSBTAG00000046590,0.0
ENSBTAG00000007109,0.0
ENSBTAG00000016112,0.0
ENSBTAG00000014981,0.0
ENSBTAG00000003423,0.0
ENSBTAG00000031834,0.0
ENSBTAG00000037383,0.0
ENSBTAG00000004272,0.0
ENSBTAG00000003152,0.0
ENSBTAG00000051533,0.0
ENSBTAG00000003155,0.0
ENSBTAG00000049663,0.0
ENSBTAG00000016091,0.0
ENSBTAG00000049604,0.0
ENSBTAG00000009894,0.0
ENSBTAG00000039808,0.0
ENSBTAG00000052574,0.0
ENSBTAG00000018843,0.0
ENSBTAG00000038361,0.0
ENSBTAG00000007392,0.0
ENSBTAG00000049332,0.0
ENSBTAG00000006191,0.0
ENSBTAG00000049909,0.0
ENSBTAG00000007041,0.0
ENSBTAG00000048094,0.0
ENSBTAG00000046540,0.0
ENSBTAG00000047543,0.0
ENSBTAG00000010407,0.0
ENSBTAG00000051418,0.0
ENSBTAG00000012852,0.0
ENSBTAG00000019830,0.0
ENSBTAG00000019831,0.0
ENSBTAG00000000967,0.0
ENSBTAG00000017632,0.0
ENSBTAG00000014762,0.0
ENSBTAG00000048516,0.0
ENSBTAG00000050172,0.0
ENSBTAG00000019916,0.0
ENSBTAG00000001308,0.0
ENSBTAG00000045929,0.0
ENSBTAG00000002786,0.0
ENSBTAG00000049570,0.0
ENSBTAG00000003526,0.0
ENSBTAG00000004777,0.0
ENSBTAG00000004339,0.0
ENSBTAG00000013423,0.0
ENSBTAG00000005503,0.0
ENSBTAG00000053832,0.0
ENSBTAG00000053802,0.0
ENSBTAG00000048096,0.0
ENSBTAG00000016158,0.0
ENSBTAG00000049435,0.0
ENSBTAG00000021717,0.0
ENSBTAG00000012833,0.0
ENSBTAG00000001740,0.0
ENSBTAG00000003300,0.0
ENSBTAG00000019836,0.0
ENSBTAG00000050279,0.0
ENSBTAG00000019954,0.0
ENSBTAG00000016854,0.0
ENSBTAG00000051339,0.0
ENSBTAG00000053657,0.0
ENSBTAG00000033721,0.0
ENSBTAG00000004054,0.0
ENSBTAG00000009097,0.0
ENSBTAG00000009098,0.0
ENSBTAG00000005471,0.0
ENSBTAG00000002418,0.0
ENSBTAG00000002440,0.0
ENSBTAG00000050851,0.0
ENSBTAG00000015350,0.0
ENSBTAG00000006140,0.0
ENSBTAG00000006141,0.0
ENSBTAG00000055143,0.0
ENSBTAG00000014230,0.0
ENSBTAG00000052215,0.0
ENSBTAG00000027058,0.0
ENSBTAG00000016881,0.0
ENSBTAG00000049199,0.0
ENSBTAG00000052737,0.0
ENSBTAG00000050524,0.0
ENSBTAG00000001407,0.0
ENSBTAG00000027059,0.0
ENSBTAG00000018019,0.0
ENSBTAG00000051901,0.0
ENSBTAG00000019174,0.0
ENSBTAG00000014093,0.0
ENSBTAG00000012797,0.0
ENSBTAG00000018636,0.0
ENSBTAG00000022947,0.0
ENSBTAG00000021273,0.0
ENSBTAG00000025181,0.0
ENSBTAG00000021275,0.0
ENSBTAG00000026913,0.0
ENSBTAG00000005174,0.0
ENSBTAG00000035544,0.0
ENSBTAG00000052625,0.0
ENSBTAG00000014505,0.0
ENSBTAG00000000026,0.0
ENSBTAG00000018643,0.0
ENSBTAG00000013491,0.0
ENSBTAG00000009293,0.0
ENSBTAG00000009294,0.0
ENSBTAG00000045497,0.0
ENSBTAG00000020819,0.0
ENSBTAG00000013666,0.0
ENSBTAG00000052513,0.0
ENSBTAG00000004679,0.0
ENSBTAG00000007233,0.0
ENSBTAG00000017716,0.0
ENSBTAG00000052188,0.0
ENSBTAG00000037899,0.0
ENSBTAG00000046585,0.0
ENSBTAG00000048448,0.0
ENSBTAG00000003301,0.0
ENSBTAG00000050420,0.0
ENSBTAG00000007039,0.0
ENSBTAG00000048204,0.0
ENSBTAG00000017672,0.0
ENSBTAG00000039491,0.0
ENSBTAG00000014593,0.0
ENSBTAG00000050920,0.0
ENSBTAG00000038487,0.0
ENSBTAG00000006954,0.0
ENSBTAG00000003541,0.0
ENSBTAG00000010046,0.0
ENSBTAG00000049500,0.0
ENSBTAG00000051766,0.0
ENSBTAG00000048680,0.0
ENSBTAG00000052289,0.0
ENSBTAG00000019851,0.0
ENSBTAG00000046864,0.0
ENSBTAG00000018162,0.0
ENSBTAG00000050064,0.0
ENSBTAG00000049460,0.0
ENSBTAG00000054547,0.0
ENSBTAG00000050488,0.0
ENSBTAG00000053131,0.0
ENSBTAG00000002398,0.0
ENSBTAG00000018770,0.0
ENSBTAG00000038903,0.0
ENSBTAG00000050486,0.0
ENSBTAG00000051725,0.0
ENSBTAG00000033523,0.0
ENSBTAG00000018771,0.0
ENSBTAG00000043957,0.0
ENSBTAG00000049736,0.0
ENSBTAG00000055293,0.0
ENSBTAG00000017651,0.0
ENSBTAG00000033563,0.0
ENSBTAG00000018772,0.0
ENSBTAG00000011052,0.0
ENSBTAG00000034283,0.0
ENSBTAG00000053241,0.0
ENSBTAG00000050843,0.0
ENSBTAG00000053123,0.0
ENSBTAG00000055074,0.0
ENSBTAG00000033604,0.0
ENSBTAG00000055276,0.0
ENSBTAG00000031686,0.0
ENSBTAG00000030470,0.0
ENSBTAG00000054728,0.0
ENSBTAG00000051227,0.0
ENSBTAG00000045571,0.0
ENSBTAG00000052943,0.0
ENSBTAG00000054155,0.0
ENSBTAG00000050174,0.0
ENSBTAG00000054310,0.0
ENSBTAG00000023464,0.0
ENSBTAG00000049788,0.0
ENSBTAG00000050993,0.0
ENSBTAG00000053679,0.0
ENSBTAG00000048389,0.0
ENSBTAG00000000945,0.0
ENSBTAG00000052265,0.0
ENSBTAG00000021742,0.0
ENSBTAG00000050438,0.0
ENSBTAG00000047712,0.0
ENSBTAG00000052599,0.0
ENSBTAG00000030454,0.0
ENSBTAG00000016315,0.0
ENSBTAG00000052124,0.0
ENSBTAG00000047219,0.0
ENSBTAG00000008385,0.0
ENSBTAG00000040063,0.0
ENSBTAG00000038627,0.0
ENSBTAG00000046367,0.0
ENSBTAG00000009446,0.0
ENSBTAG00000050359,0.0
ENSBTAG00000038869,0.0
ENSBTAG00000051367,0.0
ENSBTAG00000011844,0.0
ENSBTAG00000049640,0.0
ENSBTAG00000054322,0.0
ENSBTAG00000039075,0.0
ENSBTAG00000050562,0.0
ENSBTAG00000052631,0.0
ENSBTAG00000049645,0.0
ENSBTAG00000021433,0.0
ENSBTAG00000054418,0.0
ENSBTAG00000054088,0.0
ENSBTAG00000025023,0.0
ENSBTAG00000045985,0.0
ENSBTAG00000051883,0.0
ENSBTAG00000004939,0.0
ENSBTAG00000004925,0.0
ENSBTAG00000000472,0.0
ENSBTAG00000055311,0.0
ENSBTAG00000038674,0.0
ENSBTAG00000038050,0.0
ENSBTAG00000052430,0.0
ENSBTAG00000053759,0.0
ENSBTAG00000008902,0.0
ENSBTAG00000021176,0.0
ENSBTAG00000047301,0.0
ENSBTAG00000030440,0.0
ENSBTAG00000051435,0.0
ENSBTAG00000008502,0.0
ENSBTAG00000037699,0.0
ENSBTAG00000054358,0.0
ENSBTAG00000034090,0.0
ENSBTAG00000002639,0.0
ENSBTAG00000020835,0.0
ENSBTAG00000020836,0.0
ENSBTAG00000040318,0.0
ENSBTAG00000038442,0.0
ENSBTAG00000053237,0.0
ENSBTAG00000053293,0.0
ENSBTAG00000045581,0.0
ENSBTAG00000018225,0.0
ENSBTAG00000038702,0.0
ENSBTAG00000007216,0.0
ENSBTAG00000033642,0.0
ENSBTAG00000048990,0.0
ENSBTAG00000051088,0.0
ENSBTAG00000023472,0.0
ENSBTAG00000038755,0.0
ENSBTAG00000000182,0.0
ENSBTAG00000054406,0.0
ENSBTAG00000009918,0.0
ENSBTAG00000027711,0.0
ENSBTAG00000023562,0.0
ENSBTAG00000052394,0.0
ENSBTAG00000039849,0.0
ENSBTAG00000000621,0.0
ENSBTAG00000016513,0.0
ENSBTAG00000049523,0.0
ENSBTAG00000002290,0.0
ENSBTAG00000044006,0.0
ENSBTAG00000052744,0.0
ENSBTAG00000016075,0.0
ENSBTAG00000053000,0.0
ENSBTAG00000031641,0.0
ENSBTAG00000005363,0.0
ENSBTAG00000017678,0.0
ENSBTAG00000039593,0.0
ENSBTAG00000006998,0.0
ENSBTAG00000040392,0.0
ENSBTAG00000038149,0.0
ENSBTAG00000017824,0.0
ENSBTAG00000036224,0.0
ENSBTAG00000049639,0.0
ENSBTAG00000054270,0.0
ENSBTAG00000000009,0.0
ENSBTAG00000000290,0.0
ENSBTAG00000012465,0.0
ENSBTAG00000050591,0.0
ENSBTAG00000051264,0.0
ENSBTAG00000014953,0.0
ENSBTAG00000000336,0.0
ENSBTAG00000009171,0.0
ENSBTAG00000002226,0.0
ENSBTAG00000015061,0.0
ENSBTAG00000014328,0.0
ENSBTAG00000054918,0.0
ENSBTAG00000013345,0.0
ENSBTAG00000009364,0.0
ENSBTAG00000015987,0.0
ENSBTAG00000006999,0.0
ENSBTAG00000011632,0.0
ENSBTAG00000051856,0.0
ENSBTAG00000046447,0.0
ENSBTAG00000006899,0.0
ENSBTAG00000006905,0.0
ENSBTAG00000004742,0.0
ENSBTAG00000046961,0.0
ENSBTAG00000010151,0.0
ENSBTAG00000023745,0.0
ENSBTAG00000015766,0.0
ENSBTAG00000019520,0.0
ENSBTAG00000051149,0.0
ENSBTAG00000030416,0.0
ENSBTAG00000015139,0.0
ENSBTAG00000051907,0.0
ENSBTAG00000012059,0.0
ENSBTAG00000017528,0.0
ENSBTAG00000020943,0.0
ENSBTAG00000020942,0.0
ENSBTAG00000018682,0.0
ENSBTAG00000018152,0.0
ENSBTAG00000013550,0.0
ENSBTAG00000023384,0.0
ENSBTAG00000007506,0.0
ENSBTAG00000000639,0.0
ENSBTAG00000007509,0.0
ENSBTAG00000021657,0.0
ENSBTAG00000004568,0.0
ENSBTAG00000002596,0.0
ENSBTAG00000019184,0.0
ENSBTAG00000051657,0.0
ENSBTAG00000023752,0.0
ENSBTAG00000052278,0.0
ENSBTAG00000004725,0.0
ENSBTAG00000010927,0.0
ENSBTAG00000053115,0.0
ENSBTAG00000049020,0.0
ENSBTAG00000015968,0.0
ENSBTAG00000046996,0.0
ENSBTAG00000011530,0.0
ENSBTAG00000002830,0.0
ENSBTAG00000011517,0.0
ENSBTAG00000045864,0.0
ENSBTAG00000047508,0.0
ENSBTAG00000012333,0.0
ENSBTAG00000011533,0.0
ENSBTAG00000016299,0.0
ENSBTAG00000030403,0.0
ENSBTAG00000051917,0.0
ENSBTAG00000006121,0.0
ENSBTAG00000030885,0.0
ENSBTAG00000016006,0.0
ENSBTAG00000019051,0.0
ENSBTAG00000038034,0.0
ENSBTAG00000012041,0.0
ENSBTAG00000051978,0.0
ENSBTAG00000050011,0.0
ENSBTAG00000015950,0.0
ENSBTAG00000012044,0.0
ENSBTAG00000008932,0.0
ENSBTAG00000012215,0.0
ENSBTAG00000009211,0.0
ENSBTAG00000023343,0.0
ENSBTAG00000033326,0.0
ENSBTAG00000021057,0.0
ENSBTAG00000044157,0.0
ENSBTAG00000007200,0.0
ENSBTAG00000033331,0.0
ENSBTAG00000014087,0.0
ENSBTAG00000052192,0.0
ENSBTAG00000033333,0.0
ENSBTAG00000033334,0.0
ENSBTAG00000022813,0.0
ENSBTAG00000021165,0.0
ENSBTAG00000001904,0.0
ENSBTAG00000015226,0.0
ENSBTAG00000001906,0.0
ENSBTAG00000051071,0.0
ENSBTAG00000003644,0.0
ENSBTAG00000052342,0.0
ENSBTAG00000049905,0.0
ENSBTAG00000021157,0.0
ENSBTAG00000051212,0.0
ENSBTAG00000040559,0.0
ENSBTAG00000012102,0.0
ENSBTAG00000002522,0.0
ENSBTAG00000023731,0.0
ENSBTAG00000023730,0.0
ENSBTAG00000002515,0.0
ENSBTAG00000039014,0.0
ENSBTAG00000006419,0.0
ENSBTAG00000038051,0.0
ENSBTAG00000020318,0.0
ENSBTAG00000017847,0.0
ENSBTAG00000007096,0.0
ENSBTAG00000055124,0.0
ENSBTAG00000033441,0.0
ENSBTAG00000025283,0.0
ENSBTAG00000030629,0.0
ENSBTAG00000001872,0.0
ENSBTAG00000014818,0.0
ENSBTAG00000003503,0.0
ENSBTAG00000002980,0.0
ENSBTAG00000003757,0.0
ENSBTAG00000009512,0.0
ENSBTAG00000054464,0.0
ENSBTAG00000053070,0.0
ENSBTAG00000030393,0.0
ENSBTAG00000018688,0.0
ENSBTAG00000014370,0.0
ENSBTAG00000053690,0.0
ENSBTAG00000047175,0.0
ENSBTAG00000004805,0.0
ENSBTAG00000047953,0.0
ENSBTAG00000004806,0.0
ENSBTAG00000046383,0.0
ENSBTAG00000045854,0.0
ENSBTAG00000047473,0.0
ENSBTAG00000053201,0.0
ENSBTAG00000021647,0.0
ENSBTAG00000039215,0.0
ENSBTAG00000054741,0.0
ENSBTAG00000022807,0.0
ENSBTAG00000045951,0.0
ENSBTAG00000052880,0.0
ENSBTAG00000054818,0.0
ENSBTAG00000049820,0.0
ENSBTAG00000047270,0.0
ENSBTAG00000045795,0.0
ENSBTAG00000039413,0.0
ENSBTAG00000039086,0.0
ENSBTAG00000026080,0.0
ENSBTAG00000003470,0.0
ENSBTAG00000011689,0.0
ENSBTAG00000011693,0.0
ENSBTAG00000045989,0.0
ENSBTAG00000052741,0.0
ENSBTAG00000050536,0.0
ENSBTAG00000048420,0.0
ENSBTAG00000004043,0.0
ENSBTAG00000038797,0.0
ENSBTAG00000048411,0.0
ENSBTAG00000049178,0.0
ENSBTAG00000006487,0.0
ENSBTAG00000006486,0.0
ENSBTAG00000015908,0.0
ENSBTAG00000020062,0.0
ENSBTAG00000044191,0.0
ENSBTAG00000023333,0.0
ENSBTAG00000014900,0.0
ENSBTAG00000010858,0.0
ENSBTAG00000007757,0.0
ENSBTAG00000007756,0.0
ENSBTAG00000007754,0.0
ENSBTAG00000010867,0.0
ENSBTAG00000001051,0.0
ENSBTAG00000045861,0.0
ENSBTAG00000050838,0.0
ENSBTAG00000054608,0.0
ENSBTAG00000054213,0.0
ENSBTAG00000051005,0.0
ENSBTAG00000048343,0.0
ENSBTAG00000050175,0.0
ENSBTAG00000052498,0.0
ENSBTAG00000010868,0.0
ENSBTAG00000019938,0.0
ENSBTAG00000050047,0.0
ENSBTAG00000006961,0.0
ENSBTAG00000006965,0.0
ENSBTAG00000015194,0.0
ENSBTAG00000050940,0.0
ENSBTAG00000013247,0.0
ENSBTAG00000008720,0.0
ENSBTAG00000002904,0.0
ENSBTAG00000046111,0.0
ENSBTAG00000055190,0.0
ENSBTAG00000017397,0.0
ENSBTAG00000014306,0.0
ENSBTAG00000053137,0.0
ENSBTAG00000000803,0.0
ENSBTAG00000033078,0.0
ENSBTAG00000000801,0.0
ENSBTAG00000016640,0.0
ENSBTAG00000030348,0.0
ENSBTAG00000050395,0.0
ENSBTAG00000054887,0.0
ENSBTAG00000053375,0.0
ENSBTAG00000054544,0.0
ENSBTAG00000051066,0.0
ENSBTAG00000046101,0.0
ENSBTAG00000002055,0.0
ENSBTAG00000050453,0.0
ENSBTAG00000048927,0.0
ENSBTAG00000007942,0.0
ENSBTAG00000054360,0.0
ENSBTAG00000051081,0.0
ENSBTAG00000011664,0.0
ENSBTAG00000006208,0.0
ENSBTAG00000055216,0.0
ENSBTAG00000000597,0.0
ENSBTAG00000052336,0.0
ENSBTAG00000048466,0.0
ENSBTAG00000021575,0.0
ENSBTAG00000011876,0.0
ENSBTAG00000038926,0.0
ENSBTAG00000049557,0.0
ENSBTAG00000012295,0.0
ENSBTAG00000017872,0.0
ENSBTAG00000039341,0.0
ENSBTAG00000037375,0.0
ENSBTAG00000048682,0.0
ENSBTAG00000000195,0.0
ENSBTAG00000003961,0.0
ENSBTAG00000054041,0.0
ENSBTAG00000054074,0.0
ENSBTAG00000053810,0.0
ENSBTAG00000040358,0.0
ENSBTAG00000020936,0.0
ENSBTAG00000017613,0.0
ENSBTAG00000051941,0.0
ENSBTAG00000009460,0.0
ENSBTAG00000048481,0.0
ENSBTAG00000054988,0.0
ENSBTAG00000006291,0.0
ENSBTAG00000037981,0.0
ENSBTAG00000048261,0.0
ENSBTAG00000049688,0.0
ENSBTAG00000055070,0.0
ENSBTAG00000038240,0.0
ENSBTAG00000047568,0.0
ENSBTAG00000053290,0.0
ENSBTAG00000049011,0.0
ENSBTAG00000049069,0.0
ENSBTAG00000038635,0.0
ENSBTAG00000040169,0.0
ENSBTAG00000008544,0.0
ENSBTAG00000048588,0.0
ENSBTAG00000015866,0.0
ENSBTAG00000054731,0.0
ENSBTAG00000038947,0.0
ENSBTAG00000055250,0.0
ENSBTAG00000051871,0.0
ENSBTAG00000052877,0.0
ENSBTAG00000003447,0.0
ENSBTAG00000053246,0.0
ENSBTAG00000038088,0.0
ENSBTAG00000038715,0.0
ENSBTAG00000052402,0.0
ENSBTAG00000049127,0.0
ENSBTAG00000054370,0.0
ENSBTAG00000040442,0.0
ENSBTAG00000039946,0.0
ENSBTAG00000027787,0.0
ENSBTAG00000003456,0.0
ENSBTAG00000051756,0.0
ENSBTAG00000003465,0.0
ENSBTAG00000000418,0.0
ENSBTAG00000003462,0.0
ENSBTAG00000049705,0.0
ENSBTAG00000013353,0.0
ENSBTAG00000049556,0.0
ENSBTAG00000052906,0.0
ENSBTAG00000009735,0.0
ENSBTAG00000002287,0.0
ENSBTAG00000015989,0.0
ENSBTAG00000037882,0.0
ENSBTAG00000003267,0.0
ENSBTAG00000052922,0.0
ENSBTAG00000039453,0.0
ENSBTAG00000038534,0.0
ENSBTAG00000052100,0.0
ENSBTAG00000015164,0.0
ENSBTAG00000051830,0.0
ENSBTAG00000006422,0.0
ENSBTAG00000016243,0.0
ENSBTAG00000013882,0.0
ENSBTAG00000012744,0.0
ENSBTAG00000037581,0.0
ENSBTAG00000054839,0.0
ENSBTAG00000049866,0.0
ENSBTAG00000016250,0.0
ENSBTAG00000012499,0.0
ENSBTAG00000012501,0.0
ENSBTAG00000012083,0.0
ENSBTAG00000050178,0.0
ENSBTAG00000054639,0.0
ENSBTAG00000004838,0.0
ENSBTAG00000016407,0.0
ENSBTAG00000019267,0.0
ENSBTAG00000019272,0.0
ENSBTAG00000003353,0.0
ENSBTAG00000011021,0.0
ENSBTAG00000001851,0.0
ENSBTAG00000054808,0.0
ENSBTAG00000038706,0.0
ENSBTAG00000001595,0.0
ENSBTAG00000023659,0.0
ENSBTAG00000016886,0.0
ENSBTAG00000049538,0.0
ENSBTAG00000015084,0.0
ENSBTAG00000014923,0.0
ENSBTAG00000001171,0.0
ENSBTAG00000010207,0.0
ENSBTAG00000003798,0.0
ENSBTAG00000011880,0.0
ENSBTAG00000011164,0.0
ENSBTAG00000001852,0.0
ENSBTAG00000053753,0.0
ENSBTAG00000006611,0.0
ENSBTAG00000021145,0.0
ENSBTAG00000006630,0.0
ENSBTAG00000011212,0.0
ENSBTAG00000011215,0.0
ENSBTAG00000016896,0.0
ENSBTAG00000005413,0.0
ENSBTAG00000013239,0.0
ENSBTAG00000054234,0.0
ENSBTAG00000052748,0.0
ENSBTAG00000016312,0.0
ENSBTAG00000016313,0.0
ENSBTAG00000002233,0.0
ENSBTAG00000002242,0.0
ENSBTAG00000001055,0.0
ENSBTAG00000004842,0.0
ENSBTAG00000001775,0.0
ENSBTAG00000004844,0.0
ENSBTAG00000011700,0.0
ENSBTAG00000024889,0.0
ENSBTAG00000001776,0.0
ENSBTAG00000017718,0.0
ENSBTAG00000000588,0.0
ENSBTAG00000001191,0.0
ENSBTAG00000001778,0.0
ENSBTAG00000001854,0.0
ENSBTAG00000046295,0.0
ENSBTAG00000001855,0.0
ENSBTAG00000001780,0.0
ENSBTAG00000001856,0.0
ENSBTAG00000001857,0.0
ENSBTAG00000001782,0.0
ENSBTAG00000049203,0.0
ENSBTAG00000053706,0.0
ENSBTAG00000049752,0.0
ENSBTAG00000030585,0.0
ENSBTAG00000005170,0.0
ENSBTAG00000012590,0.0
ENSBTAG00000013958,0.0
ENSBTAG00000021447,0.0
ENSBTAG00000014296,0.0
ENSBTAG00000045930,0.0
ENSBTAG00000050090,0.0
ENSBTAG00000050878,0.0
ENSBTAG00000050296,0.0
ENSBTAG00000018704,0.0
ENSBTAG00000006221,0.0
ENSBTAG00000047158,0.0
ENSBTAG00000008005,0.0
ENSBTAG00000005390,0.0
ENSBTAG00000001848,0.0
ENSBTAG00000009785,0.0
ENSBTAG00000020428,0.0
ENSBTAG00000007181,0.0
ENSBTAG00000020429,0.0
ENSBTAG00000008573,0.0
ENSBTAG00000004017,0.0
ENSBTAG00000021093,0.0
ENSBTAG00000052512,0.0
ENSBTAG00000005702,0.0
ENSBTAG00000010467,0.0
ENSBTAG00000010480,0.0
ENSBTAG00000010483,0.0
ENSBTAG00000010501,0.0
ENSBTAG00000004869,0.0
ENSBTAG00000012785,0.0
ENSBTAG00000047030,0.0
ENSBTAG00000015260,0.0
ENSBTAG00000046425,0.0
ENSBTAG00000012509,0.0
ENSBTAG00000002579,0.0
ENSBTAG00000045572,0.0
ENSBTAG00000015758,0.0
ENSBTAG00000005261,0.0
ENSBTAG00000009414,0.0
ENSBTAG00000012919,0.0
ENSBTAG00000048769,0.0
ENSBTAG00000033679,0.0
ENSBTAG00000013874,0.0
ENSBTAG00000051916,0.0
ENSBTAG00000052176,0.0
ENSBTAG00000017618,0.0
ENSBTAG00000014144,0.0
ENSBTAG00000014147,0.0
ENSBTAG00000009363,0.0
ENSBTAG00000046666,0.0
ENSBTAG00000046626,0.0
ENSBTAG00000001400,0.0
ENSBTAG00000003894,0.0
ENSBTAG00000018859,0.0
ENSBTAG00000053453,0.0
ENSBTAG00000019150,0.0
ENSBTAG00000040067,0.0
ENSBTAG00000020781,0.0
ENSBTAG00000017333,0.0
ENSBTAG00000010493,0.0
ENSBTAG00000054337,0.0
ENSBTAG00000010508,0.0
ENSBTAG00000020782,0.0
ENSBTAG00000004751,0.0
ENSBTAG00000004755,0.0
ENSBTAG00000007170,0.0
ENSBTAG00000004757,0.0
ENSBTAG00000007172,0.0
ENSBTAG00000051834,0.0
ENSBTAG00000050240,0.0
ENSBTAG00000022783,0.0
ENSBTAG00000032092,0.0
ENSBTAG00000019461,0.0
ENSBTAG00000007421,0.0
ENSBTAG00000019462,0.0
ENSBTAG00000009762,0.0
ENSBTAG00000005152,0.0
ENSBTAG00000049507,0.0
ENSBTAG00000038858,0.0
ENSBTAG00000032576,0.0
ENSBTAG00000019465,0.0
ENSBTAG00000023453,0.0
ENSBTAG00000009077,0.0
ENSBTAG00000054188,0.0
ENSBTAG00000009078,0.0
ENSBTAG00000001104,0.0
ENSBTAG00000009079,0.0
ENSBTAG00000000458,0.0
ENSBTAG00000017996,0.0
ENSBTAG00000016438,0.0
ENSBTAG00000010132,0.0
ENSBTAG00000049893,0.0
ENSBTAG00000020889,0.0
ENSBTAG00000001350,0.0
ENSBTAG00000046708,0.0
ENSBTAG00000046805,0.0
ENSBTAG00000009585,0.0
ENSBTAG00000013929,0.0
ENSBTAG00000054384,0.0
ENSBTAG00000013931,0.0
ENSBTAG00000005093,0.0
ENSBTAG00000053883,0.0
ENSBTAG00000047815,0.0
ENSBTAG00000003272,0.0
ENSBTAG00000038325,0.0
ENSBTAG00000048763,0.0
ENSBTAG00000016103,0.0
ENSBTAG00000005058,0.0
ENSBTAG00000049665,0.0
ENSBTAG00000012642,0.0
ENSBTAG00000023632,0.0
ENSBTAG00000003514,0.0
ENSBTAG00000003871,0.0
ENSBTAG00000055107,0.0
ENSBTAG00000003521,0.0
ENSBTAG00000012035,0.0
ENSBTAG00000018240,0.0
ENSBTAG00000003166,0.0
ENSBTAG00000012063,0.0
ENSBTAG00000001286,0.0
ENSBTAG00000003168,0.0
ENSBTAG00000039635,0.0
ENSBTAG00000001287,0.0
ENSBTAG00000020457,0.0
ENSBTAG00000002327,0.0
ENSBTAG00000023452,0.0
ENSBTAG00000038711,0.0
ENSBTAG00000016034,0.0
ENSBTAG00000016037,0.0
ENSBTAG00000032427,0.0
ENSBTAG00000016041,0.0
ENSBTAG00000009449,0.0
ENSBTAG00000047423,0.0
ENSBTAG00000050227,0.0
ENSBTAG00000039190,0.0
ENSBTAG00000021570,0.0
ENSBTAG00000005615,0.0
ENSBTAG00000032396,0.0
ENSBTAG00000054537,0.0
ENSBTAG00000001838,0.0
ENSBTAG00000046690,0.0
ENSBTAG00000019822,0.0
ENSBTAG00000038134,0.0
ENSBTAG00000005685,0.0
ENSBTAG00000052955,0.0
ENSBTAG00000038321,0.0
ENSBTAG00000014553,0.0
ENSBTAG00000031004,0.0
ENSBTAG00000014556,0.0
ENSBTAG00000049049,0.0
ENSBTAG00000031001,0.0
ENSBTAG00000008860,0.0
ENSBTAG00000013757,0.0
ENSBTAG00000018900,0.0
ENSBTAG00000018903,0.0
ENSBTAG00000023734,0.0
ENSBTAG00000018904,0.0
ENSBTAG00000018906,0.0
ENSBTAG00000018908,0.0
ENSBTAG00000032763,0.0
ENSBTAG00000006387,0.0
ENSBTAG00000006404,0.0
ENSBTAG00000006411,0.0
ENSBTAG00000006414,0.0
ENSBTAG00000008167,0.0
ENSBTAG00000006417,0.0
ENSBTAG00000013283,0.0
ENSBTAG00000019787,0.0
ENSBTAG00000053192,0.0
ENSBTAG00000019785,0.0
ENSBTAG00000018037,0.0
ENSBTAG00000018040,0.0
ENSBTAG00000000332,0.0
ENSBTAG00000020756,0.0
ENSBTAG00000004791,0.0
ENSBTAG00000018045,0.0
ENSBTAG00000020754,0.0
ENSBTAG00000005761,0.0
ENSBTAG00000002824,0.0
ENSBTAG00000008556,0.0
ENSBTAG00000021789,0.0
ENSBTAG00000054584,0.0
ENSBTAG00000011723,0.0
ENSBTAG00000039426,0.0
ENSBTAG00000018635,0.0
ENSBTAG00000004290,0.0
ENSBTAG00000014644,0.0
ENSBTAG00000018633,0.0
ENSBTAG00000053222,0.0
ENSBTAG00000018912,0.0
ENSBTAG00000004368,0.0
ENSBTAG00000007512,0.0
ENSBTAG00000001882,0.0
ENSBTAG00000011963,0.0
ENSBTAG00000019273,0.0
ENSBTAG00000012112,0.0
ENSBTAG00000009636,0.0
ENSBTAG00000009638,0.0
ENSBTAG00000020251,0.0
ENSBTAG00000006859,0.0
ENSBTAG00000049346,0.0
ENSBTAG00000052343,0.0
ENSBTAG00000054156,0.0
ENSBTAG00000018652,0.0
ENSBTAG00000009639,0.0
ENSBTAG00000002976,0.0
ENSBTAG00000053572,0.0
ENSBTAG00000054799,0.0
ENSBTAG00000007488,0.0
ENSBTAG00000016777,0.0
ENSBTAG00000003886,0.0
ENSBTAG00000019314,0.0
ENSBTAG00000018882,0.0
ENSBTAG00000033248,0.0
ENSBTAG00000023434,0.0
ENSBTAG00000015991,0.0
ENSBTAG00000018077,0.0
ENSBTAG00000004377,0.0
ENSBTAG00000004379,0.0
ENSBTAG00000013941,0.0
ENSBTAG00000050602,0.0
ENSBTAG00000001698,0.0
ENSBTAG00000030939,0.0
ENSBTAG00000006347,0.0
ENSBTAG00000016268,0.0
ENSBTAG00000001260,0.0
ENSBTAG00000052481,0.0
ENSBTAG00000030933,0.0
ENSBTAG00000012796,0.0
ENSBTAG00000049726,0.0
ENSBTAG00000015984,0.0
ENSBTAG00000013125,0.0
ENSBTAG00000001654,0.0
ENSBTAG00000001659,0.0
ENSBTAG00000023439,0.0
ENSBTAG00000013766,0.0
ENSBTAG00000001663,0.0
ENSBTAG00000001665,0.0
ENSBTAG00000030922,0.0
ENSBTAG00000011815,0.0
ENSBTAG00000052575,0.0
ENSBTAG00000007616,0.0
ENSBTAG00000007617,0.0
ENSBTAG00000001771,0.0
ENSBTAG00000002412,0.0
ENSBTAG00000037888,0.0
ENSBTAG00000052425,0.0
ENSBTAG00000054585,0.0
ENSBTAG00000012522,0.0
ENSBTAG00000012915,0.0
ENSBTAG00000026263,0.0
ENSBTAG00000050035,0.0
ENSBTAG00000049610,0.0
ENSBTAG00000052086,0.0
ENSBTAG00000013412,0.0
ENSBTAG00000047293,0.0
ENSBTAG00000027431,0.0
ENSBTAG00000007714,0.0
ENSBTAG00000040209,0.0
ENSBTAG00000054742,0.0
ENSBTAG00000006805,0.0
ENSBTAG00000037616,0.0
ENSBTAG00000051298,0.0
ENSBTAG00000015313,0.0
ENSBTAG00000037983,0.0
ENSBTAG00000018421,0.0
ENSBTAG00000009493,0.0
ENSBTAG00000053559,0.0
ENSBTAG00000009495,0.0
ENSBTAG00000015318,0.0
ENSBTAG00000001781,0.0
ENSBTAG00000018425,0.0
ENSBTAG00000010123,0.0
ENSBTAG00000020556,0.0
ENSBTAG00000020558,0.0
ENSBTAG00000014636,0.0
ENSBTAG00000020560,0.0
ENSBTAG00000000973,0.0
ENSBTAG00000013697,0.0
ENSBTAG00000013266,0.0
ENSBTAG00000002623,0.0
ENSBTAG00000013265,0.0
ENSBTAG00000010668,0.0
ENSBTAG00000018834,0.0
ENSBTAG00000006353,0.0
ENSBTAG00000006354,0.0
ENSBTAG00000020074,0.0
ENSBTAG00000007065,0.0
ENSBTAG00000007070,0.0
ENSBTAG00000052172,0.0
ENSBTAG00000015836,0.0
ENSBTAG00000030882,0.0
ENSBTAG00000019887,0.0
ENSBTAG00000002682,0.0
ENSBTAG00000019884,0.0
ENSBTAG00000013921,0.0
ENSBTAG00000012908,0.0
ENSBTAG00000002070,0.0
ENSBTAG00000021438,0.0
ENSBTAG00000002072,0.0
ENSBTAG00000046255,0.0
ENSBTAG00000047787,0.0
ENSBTAG00000011001,0.0
ENSBTAG00000002769,0.0
ENSBTAG00000023601,0.0
ENSBTAG00000017355,0.0
ENSBTAG00000048873,0.0
ENSBTAG00000008182,0.0
ENSBTAG00000007545,0.0
ENSBTAG00000008185,0.0
ENSBTAG00000007544,0.0
ENSBTAG00000014187,0.0
ENSBTAG00000019604,0.0
ENSBTAG00000002214,0.0
ENSBTAG00000049026,0.0
ENSBTAG00000048511,0.0
ENSBTAG00000019605,0.0
ENSBTAG00000018398,0.0
ENSBTAG00000015764,0.0
ENSBTAG00000016968,0.0
ENSBTAG00000005527,0.0
ENSBTAG00000032018,0.0
ENSBTAG00000050281,0.0
ENSBTAG00000053994,0.0
ENSBTAG00000001075,0.0
ENSBTAG00000012177,0.0
ENSBTAG00000012176,0.0
ENSBTAG00000048966,0.0
ENSBTAG00000013346,0.0
ENSBTAG00000013347,0.0
ENSBTAG00000047367,0.0
ENSBTAG00000021417,0.0
ENSBTAG00000012097,0.0
ENSBTAG00000012101,0.0
ENSBTAG00000012104,0.0
ENSBTAG00000051512,0.0
ENSBTAG00000050077,0.0
ENSBTAG00000045708,0.0
ENSBTAG00000047505,0.0
ENSBTAG00000054214,0.0
ENSBTAG00000005819,0.0
ENSBTAG00000002223,0.0
ENSBTAG00000002635,0.0
ENSBTAG00000023367,0.0
ENSBTAG00000018948,0.0
ENSBTAG00000008625,0.0
ENSBTAG00000020434,0.0
ENSBTAG00000008014,0.0
ENSBTAG00000052565,0.0
ENSBTAG00000004735,0.0
ENSBTAG00000049095,0.0
ENSBTAG00000007559,0.0
ENSBTAG00000014583,0.0
ENSBTAG00000014585,0.0
ENSBTAG00000017762,0.0
ENSBTAG00000030705,0.0
ENSBTAG00000052862,0.0
ENSBTAG00000015599,0.0
ENSBTAG00000005830,0.0
ENSBTAG00000007262,0.0
ENSBTAG00000054574,0.0
ENSBTAG00000050243,0.0
ENSBTAG00000013577,0.0
ENSBTAG00000014123,0.0
ENSBTAG00000015165,0.0
ENSBTAG00000010584,0.0
ENSBTAG00000009304,0.0
ENSBTAG00000015543,0.0
ENSBTAG00000015576,0.0
ENSBTAG00000015579,0.0
ENSBTAG00000009305,0.0
ENSBTAG00000009286,0.0
ENSBTAG00000002676,0.0
ENSBTAG00000009214,0.0
ENSBTAG00000014117,0.0
ENSBTAG00000053132,0.0
ENSBTAG00000020872,0.0
ENSBTAG00000039441,0.0
ENSBTAG00000037735,0.0
ENSBTAG00000023614,0.0
ENSBTAG00000006848,0.0
ENSBTAG00000019266,0.0
ENSBTAG00000006862,0.0
ENSBTAG00000010856,0.0
ENSBTAG00000030769,0.0
ENSBTAG00000013084,0.0
ENSBTAG00000034347,0.0
ENSBTAG00000054677,0.0
ENSBTAG00000013338,0.0
ENSBTAG00000004864,0.0
ENSBTAG00000010403,0.0
ENSBTAG00000003089,0.0
ENSBTAG00000004138,0.0
ENSBTAG00000049582,0.0
ENSBTAG00000053809,0.0
ENSBTAG00000000721,0.0
ENSBTAG00000038512,0.0
ENSBTAG00000021192,0.0
ENSBTAG00000031810,0.0
ENSBTAG00000046786,0.0
ENSBTAG00000047062,0.0
ENSBTAG00000046544,0.0
ENSBTAG00000021185,0.0
ENSBTAG00000023419,0.0
ENSBTAG00000017560,0.0
ENSBTAG00000039971,0.0
ENSBTAG00000054373,0.0
ENSBTAG00000040054,0.0
ENSBTAG00000016113,0.0
ENSBTAG00000016114,0.0
ENSBTAG00000014595,0.0
ENSBTAG00000031941,0.0
ENSBTAG00000018244,0.0
ENSBTAG00000023795,0.0
ENSBTAG00000052589,0.0
ENSBTAG00000038322,0.0
ENSBTAG00000011119,0.0
ENSBTAG00000047616,0.0
ENSBTAG00000030667,0.0
ENSBTAG00000018013,0.0
ENSBTAG00000047670,0.0
ENSBTAG00000048954,0.0
ENSBTAG00000009358,0.0
ENSBTAG00000050669,0.0
ENSBTAG00000050004,0.0
ENSBTAG00000007107,0.0
ENSBTAG00000050915,0.0
ENSBTAG00000009357,0.0
ENSBTAG00000008546,0.0
ENSBTAG00000004463,0.0
ENSBTAG00000023369,0.0
ENSBTAG00000000630,0.0
ENSBTAG00000000080,0.0
ENSBTAG00000013175,0.0
ENSBTAG00000000082,0.0
ENSBTAG00000001498,0.0
ENSBTAG00000010627,0.0
ENSBTAG00000006396,0.0
ENSBTAG00000012016,0.0
ENSBTAG00000002571,0.0
ENSBTAG00000002573,0.0
ENSBTAG00000012988,0.0
ENSBTAG00000045498,0.0
ENSBTAG00000046291,0.0
ENSBTAG00000048127,0.0
ENSBTAG00000015388,0.0
ENSBTAG00000012985,0.0
ENSBTAG00000007841,0.0
ENSBTAG00000009872,0.0
ENSBTAG00000050865,0.0
ENSBTAG00000006754,0.0
ENSBTAG00000051319,0.0
ENSBTAG00000006757,0.0
ENSBTAG00000045737,0.0
ENSBTAG00000048578,0.0
ENSBTAG00000052946,0.0
ENSBTAG00000047571,0.0
ENSBTAG00000047724,0.0
ENSBTAG00000003570,0.0
ENSBTAG00000014514,0.0
ENSBTAG00000021557,0.0
ENSBTAG00000011617,0.0
ENSBTAG00000052209,0.0
ENSBTAG00000049101,0.0
ENSBTAG00000023998,0.0
ENSBTAG00000050955,0.0
ENSBTAG00000009889,0.0
ENSBTAG00000011619,0.0
ENSBTAG00000009895,0.0
ENSBTAG00000011621,0.0
ENSBTAG00000053155,0.0
ENSBTAG00000020714,0.0
ENSBTAG00000023374,0.0
ENSBTAG00000011624,0.0
ENSBTAG00000009172,0.0
ENSBTAG00000002370,0.0
ENSBTAG00000051250,0.0
ENSBTAG00000053632,0.0
ENSBTAG00000003820,0.0
ENSBTAG00000009174,0.0
ENSBTAG00000019810,0.0
ENSBTAG00000023513,0.0
ENSBTAG00000003829,0.0
ENSBTAG00000009177,0.0
ENSBTAG00000053923,0.0
ENSBTAG00000051242,0.0
ENSBTAG00000016457,0.0
ENSBTAG00000002368,0.0
ENSBTAG00000002378,0.0
ENSBTAG00000004766,0.0
ENSBTAG00000054525,0.0
ENSBTAG00000017814,0.0
ENSBTAG00000013337,0.0
ENSBTAG00000016471,0.0
ENSBTAG00000017816,0.0
ENSBTAG00000013340,0.0
ENSBTAG00000013343,0.0
ENSBTAG00000039958,0.0
ENSBTAG00000049998,0.0
ENSBTAG00000018326,0.0
ENSBTAG00000002303,0.0
ENSBTAG00000031441,0.0
ENSBTAG00000023417,0.0
ENSBTAG00000051389,0.0
ENSBTAG00000001994,0.0
ENSBTAG00000017033,0.0
ENSBTAG00000038735,0.0
ENSBTAG00000052788,0.0
ENSBTAG00000031420,0.0
ENSBTAG00000016125,0.0
ENSBTAG00000048800,0.0
ENSBTAG00000017035,0.0
ENSBTAG00000001996,0.0
ENSBTAG00000023415,0.0
ENSBTAG00000017042,0.0
ENSBTAG00000017044,0.0
ENSBTAG00000002844,0.0
ENSBTAG00000011887,0.0
ENSBTAG00000046755,0.0
ENSBTAG00000013791,0.0
ENSBTAG00000002853,0.0
ENSBTAG00000045656,0.0
ENSBTAG00000004460,0.0
ENSBTAG00000006566,0.0
ENSBTAG00000012216,0.0
ENSBTAG00000012222,0.0
ENSBTAG00000006139,0.0
ENSBTAG00000053121,0.0
ENSBTAG00000030505,0.0
ENSBTAG00000005330,0.0
ENSBTAG00000030502,0.0
ENSBTAG00000016878,0.0
ENSBTAG00000030543,0.0
ENSBTAG00000015912,0.0
ENSBTAG00000015915,0.0
ENSBTAG00000015917,0.0
ENSBTAG00000016349,0.0
ENSBTAG00000015920,0.0
ENSBTAG00000011421,0.0
ENSBTAG00000012186,0.0
ENSBTAG00000008777,0.0
ENSBTAG00000008614,0.0
ENSBTAG00000049126,0.0
ENSBTAG00000047277,0.0
ENSBTAG00000001062,0.0
ENSBTAG00000013436,0.0
ENSBTAG00000054265,0.0
ENSBTAG00000007036,0.0
ENSBTAG00000016526,0.0
ENSBTAG00000034689,0.0
ENSBTAG00000006779,0.0
ENSBTAG00000000330,0.0
ENSBTAG00000000868,0.0
ENSBTAG00000013440,0.0
ENSBTAG00000013444,0.0
ENSBTAG00000055082,0.0
ENSBTAG00000039914,0.0
ENSBTAG00000038045,0.0
ENSBTAG00000012002,0.0
ENSBTAG00000020543,0.0
ENSBTAG00000023611,0.0
ENSBTAG00000005296,0.0
ENSBTAG00000002763,0.0
ENSBTAG00000015427,0.0
ENSBTAG00000013924,0.0
ENSBTAG00000009805,0.0
ENSBTAG00000013926,0.0
ENSBTAG00000030600,0.0
ENSBTAG00000015428,0.0
ENSBTAG00000040000,0.0
ENSBTAG00000002764,0.0
ENSBTAG00000015432,0.0
ENSBTAG00000006550,0.0
ENSBTAG00000023610,0.0
ENSBTAG00000021799,0.0
ENSBTAG00000018593,0.0
ENSBTAG00000018594,0.0
ENSBTAG00000014450,0.0
ENSBTAG00000018598,0.0
ENSBTAG00000015669,0.0
ENSBTAG00000018599,0.0
ENSBTAG00000009714,0.0
ENSBTAG00000030563,0.0
ENSBTAG00000052808,0.0
ENSBTAG00000031772,0.0
ENSBTAG00000014454,0.0
ENSBTAG00000049577,0.0
ENSBTAG00000007821,0.0
ENSBTAG00000020983,0.0
ENSBTAG00000034185,0.0
ENSBTAG00000006612,0.0
ENSBTAG00000015677,0.0
ENSBTAG00000006633,0.0
ENSBTAG00000015686,0.0
ENSBTAG00000048387,0.0
ENSBTAG00000006638,0.0
ENSBTAG00000007826,0.0
ENSBTAG00000006646,0.0
ENSBTAG00000001151,0.0
ENSBTAG00000007338,0.0
ENSBTAG00000049114,0.0
ENSBTAG00000026004,0.0
ENSBTAG00000007334,0.0
ENSBTAG00000007336,0.0
ENSBTAG00000000153,0.0
ENSBTAG00000012131,0.0
ENSBTAG00000037461,0.0
ENSBTAG00000020787,0.0
ENSBTAG00000019679,0.0
ENSBTAG00000012837,0.0
ENSBTAG00000019678,0.0
ENSBTAG00000019674,0.0
ENSBTAG00000001010,0.0
ENSBTAG00000014995,0.0
ENSBTAG00000012205,0.0
ENSBTAG00000007184,0.0
ENSBTAG00000018146,0.0
ENSBTAG00000001969,0.0
ENSBTAG00000015894,0.0
ENSBTAG00000050959,0.0
ENSBTAG00000044192,0.0
ENSBTAG00000054787,0.0
ENSBTAG00000017752,0.0
ENSBTAG00000017112,0.0
ENSBTAG00000017009,0.0
ENSBTAG00000011635,0.0
ENSBTAG00000008213,0.0
ENSBTAG00000023765,0.0
ENSBTAG00000006795,0.0
ENSBTAG00000012693,0.0
ENSBTAG00000051615,0.0
ENSBTAG00000001026,0.0
ENSBTAG00000052847,0.0
ENSBTAG00000009428,0.0
ENSBTAG00000001968,0.0
ENSBTAG00000054540,0.0
ENSBTAG00000013524,0.0
ENSBTAG00000002103,0.0
ENSBTAG00000015001,0.0
ENSBTAG00000015002,0.0
ENSBTAG00000015004,0.0
ENSBTAG00000014872,0.0
ENSBTAG00000010462,0.0
ENSBTAG00000009521,0.0
ENSBTAG00000031687,0.0
ENSBTAG00000018394,0.0
ENSBTAG00000003234,0.0
ENSBTAG00000009746,0.0
ENSBTAG00000054821,0.0
ENSBTAG00000019179,0.0
ENSBTAG00000034373,0.0
ENSBTAG00000049122,0.0
ENSBTAG00000053436,0.0
ENSBTAG00000051717,0.0
ENSBTAG00000004248,0.0
ENSBTAG00000019183,0.0
ENSBTAG00000012508,0.0
ENSBTAG00000008518,0.0
ENSBTAG00000040086,0.0
ENSBTAG00000009851,0.0
ENSBTAG00000010170,0.0
ENSBTAG00000001834,0.0
ENSBTAG00000005763,0.0
ENSBTAG00000047035,0.0
ENSBTAG00000005766,0.0
ENSBTAG00000050948,0.0
ENSBTAG00000003457,0.0
ENSBTAG00000016997,0.0
ENSBTAG00000005367,0.0
ENSBTAG00000012064,0.0
ENSBTAG00000053998,0.0
ENSBTAG00000044113,0.0
ENSBTAG00000053322,0.0
ENSBTAG00000013219,0.0
ENSBTAG00000039935,0.0
ENSBTAG00000006780,0.0
ENSBTAG00000048283,0.0
ENSBTAG00000003264,0.0
ENSBTAG00000011083,0.0
ENSBTAG00000005946,0.0
ENSBTAG00000006479,0.0
ENSBTAG00000020082,0.0
ENSBTAG00000045510,0.0
ENSBTAG00000048515,0.0
ENSBTAG00000006839,0.0
ENSBTAG00000006841,0.0
ENSBTAG00000002463,0.0
ENSBTAG00000013106,0.0
ENSBTAG00000013107,0.0
ENSBTAG00000005576,0.0
ENSBTAG00000011079,0.0
ENSBTAG00000002462,0.0
ENSBTAG00000018545,0.0
ENSBTAG00000015125,0.0
ENSBTAG00000030482,0.0
ENSBTAG00000030483,0.0
ENSBTAG00000040177,0.0
ENSBTAG00000015129,0.0
ENSBTAG00000002257,0.0
ENSBTAG00000030484,0.0
ENSBTAG00000009382,0.0
ENSBTAG00000012538,0.0
ENSBTAG00000039212,0.0
ENSBTAG00000004611,0.0
ENSBTAG00000049744,0.0
ENSBTAG00000004608,0.0
ENSBTAG00000049494,0.0
ENSBTAG00000037537,0.0
ENSBTAG00000037710,0.0
ENSBTAG00000048678,0.0
ENSBTAG00000038526,0.0
ENSBTAG00000019473,0.0
ENSBTAG00000020447,0.0
ENSBTAG00000020450,0.0
ENSBTAG00000009137,0.0
ENSBTAG00000003231,0.0
ENSBTAG00000054003,0.0
ENSBTAG00000023377,0.0
ENSBTAG00000008851,0.0
ENSBTAG00000047675,0.0
ENSBTAG00000053414,0.0
ENSBTAG00000040603,0.0
ENSBTAG00000023365,0.0
ENSBTAG00000045880,0.0
ENSBTAG00000050510,0.0
ENSBTAG00000017790,0.0
ENSBTAG00000004723,0.0
ENSBTAG00000017771,0.0
ENSBTAG00000012066,0.0
ENSBTAG00000003707,0.0
ENSBTAG00000003700,0.0
ENSBTAG00000007409,0.0
ENSBTAG00000018420,0.0
ENSBTAG00000018423,0.0
ENSBTAG00000014002,0.0
ENSBTAG00000019853,0.0
ENSBTAG00000003705,0.0
ENSBTAG00000012225,0.0
ENSBTAG00000014858,0.0
ENSBTAG00000053910,0.0
ENSBTAG00000014598,0.0
ENSBTAG00000017094,0.0
ENSBTAG00000017090,0.0
ENSBTAG00000015951,0.0
ENSBTAG00000017087,0.0
ENSBTAG00000044065,0.0
ENSBTAG00000048626,0.0
ENSBTAG00000010155,0.0
ENSBTAG00000048980,0.0
ENSBTAG00000010738,0.0
ENSBTAG00000053578,0.0
ENSBTAG00000053649,0.0
ENSBTAG00000017081,0.0
ENSBTAG00000002850,0.0
ENSBTAG00000007354,0.0
ENSBTAG00000016161,0.0
ENSBTAG00000002423,0.0
ENSBTAG00000004635,0.0
ENSBTAG00000004787,0.0
ENSBTAG00000052072,0.0
ENSBTAG00000030592,0.0
ENSBTAG00000006086,0.0
ENSBTAG00000015414,0.0
ENSBTAG00000045621,0.0
ENSBTAG00000018519,0.0
ENSBTAG00000018518,0.0
ENSBTAG00000020316,0.0
ENSBTAG00000025046,0.0
ENSBTAG00000052097,0.0
ENSBTAG00000019723,0.0
ENSBTAG00000039206,0.0
ENSBTAG00000023375,0.0
ENSBTAG00000051396,0.0
ENSBTAG00000006517,0.0
ENSBTAG00000025219,0.0
ENSBTAG00000008802,0.0
ENSBTAG00000002898,0.0
ENSBTAG00000008801,0.0
ENSBTAG00000019094,0.0
ENSBTAG00000008798,0.0
ENSBTAG00000015406,0.0
ENSBTAG00000015390,0.0
ENSBTAG00000019092,0.0
ENSBTAG00000019082,0.0
ENSBTAG00000015387,0.0
ENSBTAG00000017645,0.0
ENSBTAG00000003983,0.0
ENSBTAG00000003695,0.0
ENSBTAG00000013645,0.0
ENSBTAG00000018689,0.0
ENSBTAG00000007884,0.0
ENSBTAG00000020340,0.0
ENSBTAG00000020338,0.0
ENSBTAG00000003687,0.0
ENSBTAG00000048918,0.0
ENSBTAG00000030230,0.0
ENSBTAG00000018178,0.0
ENSBTAG00000004768,0.0
ENSBTAG00000018176,0.0
ENSBTAG00000018175,0.0
ENSBTAG00000016432,0.0
ENSBTAG00000018172,0.0
ENSBTAG00000050312,0.0
ENSBTAG00000053776,0.0
ENSBTAG00000020520,0.0
ENSBTAG00000019202,0.0
ENSBTAG00000039765,0.0
ENSBTAG00000055047,0.0
ENSBTAG00000040323,0.0
ENSBTAG00000024915,0.0
ENSBTAG00000030820,0.0
ENSBTAG00000018973,0.0
ENSBTAG00000038910,0.0
ENSBTAG00000024934,0.0
ENSBTAG00000008010,0.0
ENSBTAG00000050786,0.0
ENSBTAG00000008009,0.0
ENSBTAG00000002680,0.0
ENSBTAG00000010534,0.0
ENSBTAG00000011359,0.0
ENSBTAG00000019986,0.0
ENSBTAG00000017461,0.0
ENSBTAG00000054275,0.0
ENSBTAG00000019321,0.0
ENSBTAG00000008832,0.0
ENSBTAG00000014113,0.0
ENSBTAG00000051541,0.0
ENSBTAG00000040193,0.0
ENSBTAG00000037811,0.0
ENSBTAG00000015980,0.0
ENSBTAG00000008978,0.0
ENSBTAG00000054465,0.0
ENSBTAG00000010559,0.0
ENSBTAG00000054307,0.0
ENSBTAG00000002460,0.0
ENSBTAG00000010576,0.0
ENSBTAG00000025200,0.0
ENSBTAG00000020061,0.0
ENSBTAG00000020629,0.0
ENSBTAG00000047760,0.0
ENSBTAG00000009407,0.0
ENSBTAG00000019317,0.0
ENSBTAG00000047186,0.0
ENSBTAG00000004651,0.0
ENSBTAG00000011575,0.0
ENSBTAG00000000344,0.0
ENSBTAG00000008913,0.0
ENSBTAG00000012293,0.0
ENSBTAG00000047043,0.0
ENSBTAG00000015527,0.0
ENSBTAG00000051698,0.0
ENSBTAG00000049579,0.0
ENSBTAG00000022927,0.0
ENSBTAG00000002767,0.0
ENSBTAG00000004475,0.0
ENSBTAG00000000731,0.0
ENSBTAG00000018897,0.0
ENSBTAG00000025183,0.0
ENSBTAG00000002279,0.0
ENSBTAG00000008747,0.0
ENSBTAG00000002267,0.0
ENSBTAG00000053257,0.0
ENSBTAG00000004111,0.0
ENSBTAG00000020070,0.0
ENSBTAG00000008883,0.0
ENSBTAG00000004108,0.0
ENSBTAG00000004632,0.0
ENSBTAG00000054449,0.0
ENSBTAG00000054982,0.0
ENSBTAG00000020994,0.0
ENSBTAG00000009835,0.0
ENSBTAG00000053558,0.0
ENSBTAG00000010485,0.0
ENSBTAG00000010001,0.0
ENSBTAG00000000044,0.0
ENSBTAG00000003718,0.0
ENSBTAG00000000040,0.0
ENSBTAG00000004155,0.0
ENSBTAG00000000039,0.0
ENSBTAG00000015893,0.0
ENSBTAG00000001868,0.0
ENSBTAG00000017225,0.0
ENSBTAG00000003334,0.0
ENSBTAG00000018386,0.0
ENSBTAG00000051813,0.0
ENSBTAG00000014355,0.0
ENSBTAG00000013898,0.0
ENSBTAG00000001937,0.0
ENSBTAG00000008359,0.0
ENSBTAG00000021303,0.0
ENSBTAG00000030209,0.0
ENSBTAG00000018383,0.0
ENSBTAG00000021301,0.0
ENSBTAG00000018381,0.0
ENSBTAG00000006045,0.0
ENSBTAG00000025202,0.0
ENSBTAG00000018752,0.0
ENSBTAG00000015612,0.0
ENSBTAG00000021302,0.0
ENSBTAG00000006072,0.0
ENSBTAG00000024929,0.0
ENSBTAG00000019812,0.0
ENSBTAG00000021723,0.0
ENSBTAG00000003786,0.0
ENSBTAG00000053536,0.0
ENSBTAG00000055145,0.0
ENSBTAG00000021720,0.0
ENSBTAG00000049483,0.0
ENSBTAG00000009298,0.0
ENSBTAG00000000417,0.0
ENSBTAG00000016972,0.0
ENSBTAG00000000411,0.0
ENSBTAG00000054481,0.0
ENSBTAG00000053129,0.0
ENSBTAG00000000356,0.0
ENSBTAG00000050242,0.0
ENSBTAG00000000355,0.0
ENSBTAG00000000354,0.0
ENSBTAG00000013103,0.0
ENSBTAG00000009354,0.0
ENSBTAG00000009353,0.0
ENSBTAG00000050978,0.0
ENSBTAG00000019105,0.0
ENSBTAG00000011829,0.0
ENSBTAG00000050314,0.0
ENSBTAG00000003956,0.0
ENSBTAG00000019104,0.0
ENSBTAG00000024932,0.0
ENSBTAG00000043979,0.0
ENSBTAG00000049864,0.0
ENSBTAG00000006189,0.0
ENSBTAG00000040521,0.0
ENSBTAG00000005008,0.0
ENSBTAG00000008744,0.0
ENSBTAG00000016776,0.0
ENSBTAG00000006601,0.0
ENSBTAG00000037393,0.0
ENSBTAG00000017409,0.0
ENSBTAG00000007353,0.0
ENSBTAG00000053450,0.0
ENSBTAG00000049677,0.0
ENSBTAG00000018699,0.0
ENSBTAG00000018271,0.0
ENSBTAG00000052793,0.0
ENSBTAG00000006886,0.0
ENSBTAG00000006881,0.0
ENSBTAG00000053886,0.0
ENSBTAG00000019972,0.0
ENSBTAG00000000875,0.0
ENSBTAG00000005824,0.0
ENSBTAG00000054985,0.0
ENSBTAG00000019129,0.0
ENSBTAG00000019049,0.0
ENSBTAG00000020979,0.0
ENSBTAG00000019044,0.0
ENSBTAG00000017120,0.0
ENSBTAG00000046372,0.0
ENSBTAG00000006846,0.0
ENSBTAG00000051909,0.0
ENSBTAG00000001919,0.0
ENSBTAG00000000033,0.0
ENSBTAG00000000032,0.0
ENSBTAG00000038745,0.0
ENSBTAG00000047325,0.0
ENSBTAG00000055056,0.0
ENSBTAG00000009864,0.0
ENSBTAG00000009235,0.0
ENSBTAG00000015339,0.0
ENSBTAG00000006894,0.0
ENSBTAG00000011736,0.0
ENSBTAG00000005045,0.0
ENSBTAG00000018803,0.0
ENSBTAG00000009232,0.0
ENSBTAG00000050737,0.0
ENSBTAG00000033298,0.0
ENSBTAG00000048943,0.0
ENSBTAG00000018802,0.0
ENSBTAG00000018339,0.0
ENSBTAG00000007935,0.0
ENSBTAG00000014825,0.0
ENSBTAG00000008109,0.0
ENSBTAG00000008110,0.0
ENSBTAG00000008115,0.0
ENSBTAG00000008116,0.0
ENSBTAG00000022489,0.0
ENSBTAG00000008120,0.0
ENSBTAG00000009332,0.0
ENSBTAG00000033270,0.0
ENSBTAG00000014663,0.0
ENSBTAG00000016151,0.0
ENSBTAG00000054623,0.0
ENSBTAG00000002816,0.0
ENSBTAG00000054162,0.0
ENSBTAG00000005546,0.0
ENSBTAG00000050006,0.0
ENSBTAG00000045835,0.0
ENSBTAG00000002817,0.0
ENSBTAG00000039599,0.0
ENSBTAG00000021427,0.0
ENSBTAG00000009979,0.0
ENSBTAG00000007603,0.0
ENSBTAG00000008788,0.0
ENSBTAG00000013095,0.0
ENSBTAG00000000641,0.0
ENSBTAG00000013096,0.0
ENSBTAG00000020321,0.0
ENSBTAG00000002949,0.0
ENSBTAG00000013098,0.0
ENSBTAG00000013653,0.0
ENSBTAG00000054655,0.0
ENSBTAG00000013100,0.0
ENSBTAG00000039954,0.0
ENSBTAG00000011984,0.0
ENSBTAG00000011988,0.0
ENSBTAG00000014202,0.0
ENSBTAG00000012249,0.0
ENSBTAG00000012259,0.0
ENSBTAG00000012845,0.0
ENSBTAG00000013740,0.0
ENSBTAG00000009036,0.0
ENSBTAG00000001825,0.0
ENSBTAG00000001828,0.0
ENSBTAG00000001830,0.0
ENSBTAG00000001832,0.0
ENSBTAG00000017268,0.0
ENSBTAG00000013523,0.0
ENSBTAG00000046129,0.0
ENSBTAG00000024815,0.0
ENSBTAG00000011280,0.0
ENSBTAG00000046394,0.0
ENSBTAG00000006777,0.0
ENSBTAG00000015535,0.0
ENSBTAG00000038990,0.0
ENSBTAG00000006586,0.0
ENSBTAG00000036262,0.0
ENSBTAG00000047717,0.0
ENSBTAG00000011377,0.0
ENSBTAG00000011435,0.0
ENSBTAG00000010073,0.0
ENSBTAG00000025001,0.0
ENSBTAG00000049522,0.0
ENSBTAG00000001804,0.0
ENSBTAG00000008535,0.0
ENSBTAG00000013501,0.0
ENSBTAG00000015976,0.0
ENSBTAG00000015979,0.0
ENSBTAG00000016911,0.0
ENSBTAG00000053071,0.0
ENSBTAG00000007946,0.0
ENSBTAG00000017380,0.0
ENSBTAG00000050110,0.0
ENSBTAG00000039440,0.0
ENSBTAG00000005352,0.0
ENSBTAG00000033077,0.0
ENSBTAG00000000827,0.0
ENSBTAG00000025167,0.0
ENSBTAG00000014687,0.0
ENSBTAG00000012040,0.0
ENSBTAG00000017233,0.0
ENSBTAG00000001119,0.0
ENSBTAG00000001120,0.0
ENSBTAG00000015276,0.0
ENSBTAG00000011011,0.0
ENSBTAG00000019122,0.0
ENSBTAG00000013469,0.0
ENSBTAG00000015267,0.0
ENSBTAG00000019341,0.0
ENSBTAG00000015261,0.0
ENSBTAG00000019349,0.0
ENSBTAG00000053767,0.0
ENSBTAG00000048067,0.0
ENSBTAG00000021370,0.0
ENSBTAG00000011532,0.0
ENSBTAG00000002609,0.0
ENSBTAG00000016023,0.0
ENSBTAG00000046569,0.0
ENSBTAG00000016021,0.0
ENSBTAG00000011539,0.0
ENSBTAG00000012371,0.0
ENSBTAG00000030186,0.0
ENSBTAG00000004961,0.0
ENSBTAG00000016017,0.0
ENSBTAG00000019379,0.0
ENSBTAG00000003830,0.0
ENSBTAG00000003192,0.0
ENSBTAG00000006499,0.0
ENSBTAG00000051372,0.0
ENSBTAG00000030591,0.0
ENSBTAG00000049156,0.0
ENSBTAG00000008424,0.0
ENSBTAG00000009107,0.0
ENSBTAG00000044056,0.0
ENSBTAG00000038306,0.0
ENSBTAG00000003229,0.0
ENSBTAG00000001965,0.0
ENSBTAG00000030587,0.0
ENSBTAG00000024983,0.0
ENSBTAG00000008423,0.0
ENSBTAG00000054142,0.0
ENSBTAG00000048429,0.0
ENSBTAG00000050181,0.0
ENSBTAG00000006280,0.0
ENSBTAG00000019162,0.0
ENSBTAG00000019160,0.0
ENSBTAG00000008240,0.0
ENSBTAG00000013393,0.0
ENSBTAG00000013395,0.0
ENSBTAG00000046273,0.0
ENSBTAG00000018126,0.0
ENSBTAG00000006277,0.0
ENSBTAG00000003916,0.0
ENSBTAG00000006276,0.0
ENSBTAG00000009991,0.0
ENSBTAG00000001368,0.0
ENSBTAG00000054644,0.0
ENSBTAG00000006606,0.0
ENSBTAG00000002060,0.0
ENSBTAG00000050597,0.0
ENSBTAG00000054907,0.0
ENSBTAG00000008368,0.0
ENSBTAG00000046148,0.0
ENSBTAG00000010899,0.0
ENSBTAG00000039819,0.0
ENSBTAG00000008371,0.0
ENSBTAG00000021505,0.0
ENSBTAG00000025140,0.0
ENSBTAG00000006663,0.0
ENSBTAG00000049264,0.0
ENSBTAG00000005664,0.0
ENSBTAG00000053091,0.0
ENSBTAG00000005665,0.0
ENSBTAG00000049630,0.0
ENSBTAG00000001332,0.0
ENSBTAG00000013238,0.0
ENSBTAG00000053488,0.0
ENSBTAG00000004119,0.0
ENSBTAG00000006035,0.0
ENSBTAG00000011729,0.0
ENSBTAG00000011731,0.0
ENSBTAG00000052049,0.0
ENSBTAG00000054316,0.0
ENSBTAG00000011732,0.0
ENSBTAG00000011479,0.0
ENSBTAG00000021798,0.0
ENSBTAG00000011480,0.0
ENSBTAG00000021802,0.0
ENSBTAG00000004891,0.0
ENSBTAG00000011483,0.0
ENSBTAG00000038889,0.0
ENSBTAG00000011488,0.0
ENSBTAG00000000920,0.0
ENSBTAG00000017366,0.0
ENSBTAG00000034681,0.0
ENSBTAG00000011490,0.0
ENSBTAG00000048952,0.0
ENSBTAG00000011491,0.0
ENSBTAG00000047948,0.0
ENSBTAG00000011003,0.0
ENSBTAG00000020859,0.0
ENSBTAG00000030523,0.0
ENSBTAG00000009705,0.0
ENSBTAG00000012854,0.0
ENSBTAG00000009708,0.0
ENSBTAG00000013855,0.0
ENSBTAG00000009711,0.0
ENSBTAG00000039933,0.0
ENSBTAG00000050854,0.0
ENSBTAG00000010070,0.0
ENSBTAG00000051565,0.0
ENSBTAG00000021461,0.0
ENSBTAG00000012302,0.0
ENSBTAG00000030593,0.0
ENSBTAG00000021462,0.0
ENSBTAG00000017345,0.0
ENSBTAG00000047926,0.0
ENSBTAG00000021468,0.0
ENSBTAG00000017221,0.0
ENSBTAG00000025130,0.0
ENSBTAG00000000267,0.0
ENSBTAG00000004223,0.0
ENSBTAG00000007013,0.0
ENSBTAG00000004225,0.0
ENSBTAG00000007015,0.0
ENSBTAG00000045500,0.0
ENSBTAG00000010745,0.0
ENSBTAG00000025129,0.0
ENSBTAG00000012178,0.0
ENSBTAG00000035144,0.0
ENSBTAG00000016806,0.0
ENSBTAG00000010375,0.0
ENSBTAG00000016078,0.0
ENSBTAG00000006250,0.0
ENSBTAG00000007443,0.0
ENSBTAG00000006618,0.0
ENSBTAG00000015232,0.0
ENSBTAG00000000205,0.0
ENSBTAG00000038126,0.0
ENSBTAG00000011786,0.0
ENSBTAG00000053510,0.0
ENSBTAG00000010384,0.0
ENSBTAG00000009292,0.0
ENSBTAG00000020000,0.0
ENSBTAG00000038770,0.0
ENSBTAG00000012500,0.0
ENSBTAG00000049426,0.0
ENSBTAG00000052844,0.0
ENSBTAG00000018706,0.0
ENSBTAG00000019262,0.0
ENSBTAG00000053407,0.0
ENSBTAG00000039563,0.0
ENSBTAG00000008611,0.0
ENSBTAG00000007958,0.0
ENSBTAG00000049401,0.0
ENSBTAG00000052339,0.0
ENSBTAG00000021292,0.0
ENSBTAG00000054909,0.0
ENSBTAG00000039018,0.0
ENSBTAG00000015133,0.0
ENSBTAG00000038823,0.0
ENSBTAG00000050539,0.0
ENSBTAG00000050394,0.0
ENSBTAG00000039633,0.0
ENSBTAG00000019391,0.0
ENSBTAG00000015308,0.0
ENSBTAG00000055314,0.0
ENSBTAG00000050183,0.0
ENSBTAG00000052445,0.0
ENSBTAG00000049756,0.0
ENSBTAG00000054458,0.0
ENSBTAG00000037529,0.0
ENSBTAG00000030539,0.0
ENSBTAG00000049018,0.0
ENSBTAG00000049224,0.0
ENSBTAG00000054200,0.0
ENSBTAG00000054980,0.0
ENSBTAG00000035147,0.0
ENSBTAG00000050053,0.0
ENSBTAG00000047458,0.0
ENSBTAG00000004449,0.0
ENSBTAG00000015763,0.0
ENSBTAG00000003629,0.0
ENSBTAG00000009948,0.0
ENSBTAG00000000020,0.0
ENSBTAG00000040279,0.0
ENSBTAG00000030542,0.0
ENSBTAG00000030546,0.0
ENSBTAG00000018880,0.0
ENSBTAG00000030548,0.0
ENSBTAG00000017275,0.0
ENSBTAG00000030555,0.0
ENSBTAG00000052235,0.0
ENSBTAG00000020824,0.0
ENSBTAG00000007893,0.0
ENSBTAG00000015518,0.0
ENSBTAG00000007794,0.0
ENSBTAG00000040460,0.0
ENSBTAG00000000829,0.0
ENSBTAG00000000831,0.0
ENSBTAG00000025320,0.0
ENSBTAG00000020078,0.0
ENSBTAG00000017408,0.0
ENSBTAG00000000833,0.0
ENSBTAG00000025121,0.0
ENSBTAG00000054927,0.0
ENSBTAG00000054542,0.0
ENSBTAG00000052919,0.0
ENSBTAG00000024995,0.0
ENSBTAG00000004406,0.0
ENSBTAG00000015258,0.0
ENSBTAG00000030559,0.0
ENSBTAG00000039644,0.0
ENSBTAG00000024839,0.0
ENSBTAG00000038386,0.0
ENSBTAG00000054462,0.0
ENSBTAG00000053670,0.0
ENSBTAG00000047272,0.0
ENSBTAG00000054189,0.0
ENSBTAG00000054957,0.0
ENSBTAG00000051336,0.0
ENSBTAG00000012366,0.0
ENSBTAG00000050842,0.0
ENSBTAG00000052160,0.0
ENSBTAG00000049110,0.0
ENSBTAG00000015264,0.0
ENSBTAG00000007147,0.0
ENSBTAG00000048895,0.0
ENSBTAG00000052164,0.0
ENSBTAG00000050447,0.0
ENSBTAG00000037553,0.0
ENSBTAG00000004193,0.0
ENSBTAG00000030519,0.0
ENSBTAG00000049467,0.0
ENSBTAG00000014766,0.0
ENSBTAG00000025313,0.0
ENSBTAG00000037560,0.0
ENSBTAG00000051687,0.0
ENSBTAG00000053408,0.0
ENSBTAG00000052644,0.0
ENSBTAG00000050939,0.0
ENSBTAG00000051648,0.0
ENSBTAG00000049319,0.0
ENSBTAG00000049775,0.0
ENSBTAG00000050293,0.0
ENSBTAG00000013685,0.0
ENSBTAG00000034963,0.0
ENSBTAG00000000573,0.0
ENSBTAG00000053139,0.0
ENSBTAG00000016384,0.0
ENSBTAG00000012780,0.0
ENSBTAG00000011616,0.0
ENSBTAG00000006807,0.0
ENSBTAG00000046124,0.0
ENSBTAG00000050581,0.0
ENSBTAG00000004903,0.0
ENSBTAG00000004905,0.0
ENSBTAG00000051752,0.0
ENSBTAG00000047165,0.0
ENSBTAG00000007583,0.0
ENSBTAG00000046321,0.0
ENSBTAG00000033766,0.0
ENSBTAG00000006806,0.0
ENSBTAG00000054315,0.0
ENSBTAG00000002282,0.0
ENSBTAG00000017663,0.0
ENSBTAG00000052414,0.0
ENSBTAG00000049588,0.0
ENSBTAG00000020119,0.0
ENSBTAG00000001166,0.0
ENSBTAG00000054327,0.0
ENSBTAG00000015352,0.0
ENSBTAG00000025752,0.0
ENSBTAG00000011454,0.0
ENSBTAG00000011456,0.0
ENSBTAG00000011459,0.0
ENSBTAG00000050549,0.0
ENSBTAG00000016740,0.0
ENSBTAG00000015368,0.0
ENSBTAG00000048605,0.0
ENSBTAG00000010167,0.0
ENSBTAG00000050335,0.0
ENSBTAG00000013698,0.0
ENSBTAG00000025762,0.0
ENSBTAG00000002654,0.0
ENSBTAG00000003280,0.0
ENSBTAG00000002657,0.0
ENSBTAG00000015036,0.0
ENSBTAG00000046283,0.0
ENSBTAG00000046162,0.0
ENSBTAG00000010788,0.0
ENSBTAG00000048660,0.0
ENSBTAG00000046580,0.0
ENSBTAG00000044019,0.0
ENSBTAG00000006982,0.0
ENSBTAG00000001195,0.0
ENSBTAG00000021677,0.0
ENSBTAG00000000665,0.0
ENSBTAG00000000666,0.0
ENSBTAG00000010125,0.0
ENSBTAG00000021680,0.0
ENSBTAG00000052763,0.0
ENSBTAG00000021681,0.0
ENSBTAG00000009496,0.0
ENSBTAG00000003365,0.0
ENSBTAG00000019806,0.0
ENSBTAG00000021523,0.0
ENSBTAG00000049561,0.0
ENSBTAG00000020774,0.0
ENSBTAG00000017868,0.0
ENSBTAG00000016708,0.0
ENSBTAG00000032372,0.0
ENSBTAG00000016621,0.0
ENSBTAG00000007166,0.0
ENSBTAG00000007169,0.0
ENSBTAG00000039684,0.0
ENSBTAG00000053969,0.0
ENSBTAG00000014806,0.0
ENSBTAG00000019218,0.0
ENSBTAG00000016710,0.0
ENSBTAG00000011623,0.0
ENSBTAG00000016316,0.0
ENSBTAG00000047956,0.0
ENSBTAG00000047604,0.0
ENSBTAG00000001290,0.0
ENSBTAG00000046746,0.0
ENSBTAG00000016319,0.0
ENSBTAG00000016851,0.0
ENSBTAG00000046670,0.0
ENSBTAG00000009747,0.0
ENSBTAG00000020907,0.0
ENSBTAG00000032493,0.0
ENSBTAG00000000502,0.0
ENSBTAG00000048152,0.0
ENSBTAG00000030347,0.0
ENSBTAG00000011721,0.0
ENSBTAG00000019090,0.0
ENSBTAG00000019095,0.0
ENSBTAG00000019097,0.0
ENSBTAG00000012070,0.0
ENSBTAG00000021918,0.0
ENSBTAG00000000675,0.0
ENSBTAG00000008441,0.0
ENSBTAG00000052691,0.0
ENSBTAG00000009029,0.0
ENSBTAG00000024926,0.0
ENSBTAG00000019903,0.0
ENSBTAG00000045974,0.0
ENSBTAG00000019906,0.0
ENSBTAG00000007125,0.0
ENSBTAG00000019907,0.0
ENSBTAG00000007121,0.0
ENSBTAG00000019069,0.0
ENSBTAG00000019911,0.0
ENSBTAG00000019912,0.0
ENSBTAG00000019067,0.0
ENSBTAG00000019914,0.0
ENSBTAG00000018661,0.0
ENSBTAG00000019918,0.0
ENSBTAG00000030334,0.0
ENSBTAG00000030333,0.0
ENSBTAG00000039321,0.0
ENSBTAG00000012068,0.0
ENSBTAG00000001041,0.0
ENSBTAG00000018658,0.0
ENSBTAG00000010184,0.0
ENSBTAG00000009968,0.0
ENSBTAG00000014278,0.0
ENSBTAG00000015136,0.0
ENSBTAG00000049464,0.0
ENSBTAG00000054793,0.0
ENSBTAG00000049300,0.0
ENSBTAG00000015140,0.0
ENSBTAG00000017441,0.0
ENSBTAG00000034506,0.0
ENSBTAG00000007389,0.0
ENSBTAG00000007390,0.0
ENSBTAG00000002663,0.0
ENSBTAG00000007393,0.0
ENSBTAG00000014433,0.0
ENSBTAG00000002633,0.0
ENSBTAG00000022520,0.0
ENSBTAG00000013677,0.0
ENSBTAG00000009427,0.0
ENSBTAG00000046974,0.0
ENSBTAG00000004489,0.0
ENSBTAG00000016175,0.0
ENSBTAG00000018391,0.0
ENSBTAG00000007429,0.0
ENSBTAG00000034433,0.0
ENSBTAG00000007430,0.0
ENSBTAG00000020089,0.0
ENSBTAG00000007436,0.0
ENSBTAG00000007437,0.0
ENSBTAG00000017969,0.0
ENSBTAG00000020605,0.0
ENSBTAG00000051647,0.0
ENSBTAG00000018345,0.0
ENSBTAG00000052583,0.0
ENSBTAG00000012672,0.0
ENSBTAG00000018260,0.0
ENSBTAG00000001632,0.0
ENSBTAG00000012675,0.0
ENSBTAG00000011343,0.0
ENSBTAG00000004680,0.0
ENSBTAG00000018258,0.0
ENSBTAG00000051989,0.0
ENSBTAG00000054943,0.0
ENSBTAG00000054776,0.0
ENSBTAG00000051146,0.0
ENSBTAG00000015593,0.0
ENSBTAG00000009942,0.0
ENSBTAG00000044138,0.0
ENSBTAG00000019153,0.0
ENSBTAG00000050938,0.0
ENSBTAG00000002981,0.0
ENSBTAG00000034396,0.0
ENSBTAG00000006801,0.0
ENSBTAG00000051982,0.0
ENSBTAG00000010290,0.0
ENSBTAG00000001998,0.0
ENSBTAG00000010297,0.0
ENSBTAG00000015255,0.0
ENSBTAG00000010311,0.0
ENSBTAG00000008318,0.0
ENSBTAG00000015656,0.0
ENSBTAG00000053829,0.0
ENSBTAG00000005556,0.0
ENSBTAG00000049193,0.0
ENSBTAG00000000560,0.0
ENSBTAG00000033562,0.0
ENSBTAG00000053118,0.0
ENSBTAG00000050735,0.0
ENSBTAG00000049347,0.0
ENSBTAG00000050098,0.0
ENSBTAG00000053634,0.0
ENSBTAG00000030305,0.0
ENSBTAG00000016847,0.0
ENSBTAG00000020433,0.0
ENSBTAG00000021927,0.0
ENSBTAG00000008339,0.0
ENSBTAG00000020115,0.0
ENSBTAG00000008333,0.0
ENSBTAG00000008507,0.0
ENSBTAG00000025126,0.0
ENSBTAG00000020432,0.0
ENSBTAG00000020431,0.0
ENSBTAG00000030172,0.0
ENSBTAG00000032083,0.0
ENSBTAG00000017567,0.0
ENSBTAG00000012739,0.0
ENSBTAG00000015751,0.0
ENSBTAG00000030173,0.0
ENSBTAG00000053970,0.0
ENSBTAG00000025149,0.0
ENSBTAG00000048417,0.0
ENSBTAG00000017536,0.0
ENSBTAG00000011507,0.0
ENSBTAG00000013792,0.0
ENSBTAG00000050198,0.0
ENSBTAG00000007916,0.0
ENSBTAG00000007434,0.0
ENSBTAG00000011505,0.0
ENSBTAG00000007910,0.0
ENSBTAG00000001279,0.0
ENSBTAG00000055017,0.0
ENSBTAG00000002441,0.0
ENSBTAG00000013906,0.0
ENSBTAG00000009219,0.0
ENSBTAG00000003699,0.0
ENSBTAG00000045652,0.0
ENSBTAG00000016249,0.0
ENSBTAG00000001349,0.0
ENSBTAG00000016251,0.0
ENSBTAG00000016252,0.0
ENSBTAG00000016253,0.0
ENSBTAG00000007906,0.0
ENSBTAG00000016254,0.0
ENSBTAG00000024910,0.0
ENSBTAG00000009228,0.0
ENSBTAG00000008593,0.0
ENSBTAG00000008591,0.0
ENSBTAG00000010517,0.0
ENSBTAG00000055281,0.0
ENSBTAG00000008590,0.0
ENSBTAG00000025242,0.0
ENSBTAG00000030581,0.0
ENSBTAG00000004464,0.0
ENSBTAG00000010509,0.0
ENSBTAG00000014677,0.0
ENSBTAG00000019658,0.0
ENSBTAG00000044038,0.0
ENSBTAG00000030174,0.0
ENSBTAG00000019660,0.0
ENSBTAG00000019662,0.0
ENSBTAG00000010279,0.0
ENSBTAG00000049992,0.0
ENSBTAG00000005067,0.0
ENSBTAG00000030175,0.0
ENSBTAG00000004915,0.0
ENSBTAG00000004913,0.0
ENSBTAG00000050012,0.0
ENSBTAG00000004910,0.0
ENSBTAG00000022009,0.0
ENSBTAG00000010292,0.0
ENSBTAG00000022006,0.0
ENSBTAG00000018920,0.0
ENSBTAG00000001610,0.0
ENSBTAG00000008634,0.0
ENSBTAG00000004909,0.0
ENSBTAG00000013556,0.0
ENSBTAG00000004908,0.0
ENSBTAG00000047992,0.0
ENSBTAG00000016287,0.0
ENSBTAG00000004907,0.0
ENSBTAG00000010313,0.0
ENSBTAG00000004710,0.0
ENSBTAG00000050280,0.0
ENSBTAG00000053331,0.0
ENSBTAG00000024909,0.0
ENSBTAG00000009635,0.0
ENSBTAG00000014964,0.0
ENSBTAG00000001615,0.0
ENSBTAG00000053991,0.0
ENSBTAG00000025258,0.0
ENSBTAG00000021910,0.0
ENSBTAG00000019463,0.0
ENSBTAG00000025250,0.0
ENSBTAG00000039504,0.0
ENSBTAG00000018823,0.0
ENSBTAG00000046944,0.0
ENSBTAG00000025257,0.0
ENSBTAG00000051377,0.0
ENSBTAG00000003289,0.0
ENSBTAG00000011447,0.0
ENSBTAG00000008165,0.0
ENSBTAG00000011717,0.0
ENSBTAG00000038316,0.0
ENSBTAG00000051141,0.0
ENSBTAG00000011715,0.0
ENSBTAG00000013392,0.0
ENSBTAG00000047510,0.0
ENSBTAG00000010758,0.0
ENSBTAG00000011713,0.0
ENSBTAG00000020590,0.0
ENSBTAG00000039485,0.0
ENSBTAG00000005693,0.0
ENSBTAG00000005696,0.0
ENSBTAG00000020067,0.0
ENSBTAG00000013390,0.0
ENSBTAG00000048034,0.0
ENSBTAG00000045946,0.0
ENSBTAG00000003733,0.0
ENSBTAG00000054926,0.0
ENSBTAG00000000824,0.0
ENSBTAG00000007220,0.0
ENSBTAG00000026156,0.0
ENSBTAG00000031998,0.0
ENSBTAG00000018314,0.0
ENSBTAG00000018315,0.0
ENSBTAG00000035587,0.0
ENSBTAG00000011990,0.0
ENSBTAG00000007217,0.0
ENSBTAG00000031933,0.0
ENSBTAG00000053786,0.0
ENSBTAG00000021933,0.0
ENSBTAG00000021932,0.0
ENSBTAG00000021931,0.0
ENSBTAG00000020854,0.0
ENSBTAG00000020853,0.0
ENSBTAG00000021158,0.0
ENSBTAG00000017895,0.0
ENSBTAG00000025101,0.0
ENSBTAG00000012071,0.0
ENSBTAG00000007939,0.0
ENSBTAG00000003072,0.0
ENSBTAG00000003075,0.0
ENSBTAG00000014881,0.0
ENSBTAG00000014883,0.0
ENSBTAG00000019443,0.0
ENSBTAG00000019446,0.0
ENSBTAG00000019448,0.0
ENSBTAG00000009190,0.0
ENSBTAG00000009126,0.0
ENSBTAG00000002018,0.0
ENSBTAG00000010513,0.0
ENSBTAG00000010519,0.0
ENSBTAG00000045892,0.0
ENSBTAG00000010532,0.0
ENSBTAG00000052395,0.0
ENSBTAG00000017739,0.0
ENSBTAG00000017747,0.0
ENSBTAG00000009128,0.0
ENSBTAG00000031752,0.0
ENSBTAG00000020252,0.0
ENSBTAG00000000202,0.0
ENSBTAG00000020253,0.0
ENSBTAG00000048416,0.0
ENSBTAG00000031737,0.0
ENSBTAG00000030168,0.0
ENSBTAG00000019242,0.0
ENSBTAG00000016133,0.0
ENSBTAG00000008289,0.0
ENSBTAG00000016128,0.0
ENSBTAG00000046765,0.0
ENSBTAG00000016126,0.0
ENSBTAG00000030169,0.0
ENSBTAG00000053047,0.0
ENSBTAG00000030170,0.0
ENSBTAG00000011527,0.0
ENSBTAG00000014799,0.0
ENSBTAG00000031725,0.0
ENSBTAG00000001110,0.0
ENSBTAG00000000130,0.0
ENSBTAG00000000131,0.0
ENSBTAG00000000132,0.0
ENSBTAG00000026645,0.0
ENSBTAG00000021231,0.0
ENSBTAG00000000133,0.0
ENSBTAG00000021227,0.0
ENSBTAG00000000134,0.0
ENSBTAG00000005461,0.0
ENSBTAG00000005462,0.0
ENSBTAG00000003303,0.0
ENSBTAG00000039151,0.0
ENSBTAG00000010809,0.0
ENSBTAG00000004222,0.0
ENSBTAG00000004226,0.0
ENSBTAG00000040111,0.0
ENSBTAG00000021257,0.0
ENSBTAG00000017252,0.0
ENSBTAG00000017248,0.0
ENSBTAG00000013680,0.0
ENSBTAG00000046959,0.0
ENSBTAG00000006525,0.0
ENSBTAG00000001069,0.0
ENSBTAG00000001071,0.0
ENSBTAG00000052025,0.0
ENSBTAG00000023675,0.0
ENSBTAG00000040042,0.0
ENSBTAG00000011389,0.0
ENSBTAG00000048062,0.0
ENSBTAG00000014693,0.0
ENSBTAG00000007970,0.0
ENSBTAG00000051958,0.0
ENSBTAG00000053909,0.0
ENSBTAG00000014377,0.0
ENSBTAG00000011382,0.0
ENSBTAG00000008092,0.0
ENSBTAG00000002773,0.0
ENSBTAG00000053365,0.0
ENSBTAG00000051381,0.0
ENSBTAG00000024901,0.0
ENSBTAG00000014940,0.0
ENSBTAG00000045590,0.0
ENSBTAG00000047214,0.0
ENSBTAG00000008328,0.0
ENSBTAG00000052102,0.0
ENSBTAG00000000812,0.0
ENSBTAG00000047756,0.0
ENSBTAG00000012798,0.0
ENSBTAG00000004036,0.0
ENSBTAG00000048415,0.0
ENSBTAG00000004617,0.0
ENSBTAG00000016736,0.0
ENSBTAG00000013526,0.0
ENSBTAG00000016732,0.0
ENSBTAG00000049540,0.0
ENSBTAG00000013532,0.0
ENSBTAG00000011007,0.0
ENSBTAG00000013534,0.0
ENSBTAG00000008088,0.0
ENSBTAG00000030164,0.0
ENSBTAG00000011759,0.0
ENSBTAG00000054141,0.0
ENSBTAG00000052244,0.0
ENSBTAG00000051790,0.0
ENSBTAG00000054807,0.0
ENSBTAG00000053720,0.0
ENSBTAG00000006048,0.0
ENSBTAG00000006051,0.0
ENSBTAG00000006052,0.0
ENSBTAG00000006054,0.0
ENSBTAG00000006056,0.0
ENSBTAG00000044195,0.0
ENSBTAG00000008773,0.0
ENSBTAG00000024974,0.0
ENSBTAG00000053044,0.0
ENSBTAG00000008779,0.0
ENSBTAG00000006089,0.0
ENSBTAG00000006088,0.0
ENSBTAG00000012475,0.0
ENSBTAG00000006087,0.0
ENSBTAG00000017136,0.0
ENSBTAG00000012478,0.0
ENSBTAG00000018837,0.0
ENSBTAG00000003889,0.0
ENSBTAG00000055157,0.0
ENSBTAG00000050290,0.0
ENSBTAG00000054934,0.0
ENSBTAG00000053402,0.0
ENSBTAG00000001702,0.0
ENSBTAG00000051950,0.0
ENSBTAG00000045824,0.0
ENSBTAG00000001711,0.0
ENSBTAG00000049613,0.0
ENSBTAG00000051578,0.0
ENSBTAG00000053529,0.0
ENSBTAG00000048685,0.0
ENSBTAG00000001717,0.0
ENSBTAG00000007117,0.0
ENSBTAG00000008294,0.0
ENSBTAG00000048493,0.0
ENSBTAG00000053428,0.0
ENSBTAG00000051979,0.0
ENSBTAG00000049077,0.0
ENSBTAG00000031509,0.0
ENSBTAG00000018809,0.0
ENSBTAG00000001609,0.0
ENSBTAG00000018808,0.0
ENSBTAG00000020688,0.0
ENSBTAG00000004196,0.0
ENSBTAG00000014443,0.0
ENSBTAG00000002747,0.0
ENSBTAG00000054068,0.0
ENSBTAG00000050388,0.0
ENSBTAG00000012344,0.0
ENSBTAG00000039299,0.0
ENSBTAG00000048507,0.0
ENSBTAG00000049286,0.0
ENSBTAG00000011994,0.0
ENSBTAG00000006937,0.0
ENSBTAG00000021151,0.0
ENSBTAG00000018416,0.0
ENSBTAG00000039012,0.0
ENSBTAG00000016344,0.0
ENSBTAG00000005978,0.0
ENSBTAG00000006921,0.0
ENSBTAG00000012137,0.0
ENSBTAG00000017815,0.0
ENSBTAG00000006397,0.0
ENSBTAG00000017823,0.0
ENSBTAG00000000120,0.0
ENSBTAG00000005048,0.0
ENSBTAG00000005052,0.0
ENSBTAG00000025088,0.0
ENSBTAG00000019107,0.0
ENSBTAG00000025337,0.0
ENSBTAG00000053276,0.0
ENSBTAG00000009702,0.0
ENSBTAG00000037794,0.0
ENSBTAG00000018204,0.0
ENSBTAG00000007090,0.0
ENSBTAG00000011803,0.0
ENSBTAG00000021780,0.0
ENSBTAG00000046919,0.0
ENSBTAG00000003958,0.0
ENSBTAG00000054790,0.0
ENSBTAG00000046290,0.0
ENSBTAG00000055042,0.0
ENSBTAG00000048344,0.0
ENSBTAG00000022509,0.0
ENSBTAG00000004675,0.0
ENSBTAG00000012103,0.0
ENSBTAG00000035706,0.0
ENSBTAG00000021938,0.0
ENSBTAG00000021939,0.0
ENSBTAG00000031107,0.0
ENSBTAG00000015294,0.0
ENSBTAG00000007866,0.0
ENSBTAG00000019070,0.0
ENSBTAG00000003802,0.0
ENSBTAG00000031084,0.0
ENSBTAG00000048965,0.0
ENSBTAG00000048771,0.0
ENSBTAG00000002605,0.0
ENSBTAG00000000943,0.0
ENSBTAG00000031071,0.0
ENSBTAG00000049358,0.0
ENSBTAG00000025078,0.0
ENSBTAG00000003014,0.0
ENSBTAG00000054411,0.0
ENSBTAG00000053643,0.0
ENSBTAG00000017246,0.0
ENSBTAG00000051159,0.0
ENSBTAG00000013806,0.0
ENSBTAG00000013273,0.0
ENSBTAG00000013271,0.0
ENSBTAG00000013270,0.0
ENSBTAG00000044099,0.0
ENSBTAG00000007581,0.0
ENSBTAG00000000928,0.0
ENSBTAG00000003439,0.0
ENSBTAG00000024975,0.0
ENSBTAG00000007084,0.0
ENSBTAG00000000571,0.0
ENSBTAG00000054347,0.0
ENSBTAG00000054137,0.0
ENSBTAG00000030977,0.0
ENSBTAG00000021113,0.0
ENSBTAG00000050083,0.0
ENSBTAG00000020359,0.0
ENSBTAG00000038548,0.0
ENSBTAG00000050518,0.0
ENSBTAG00000027274,0.0
ENSBTAG00000050086,0.0
ENSBTAG00000039161,0.0
ENSBTAG00000000030,0.0
ENSBTAG00000000029,0.0
ENSBTAG00000024942,0.0
ENSBTAG00000015958,0.0
ENSBTAG00000048984,0.0
ENSBTAG00000048668,0.0
ENSBTAG00000000540,0.0
ENSBTAG00000002664,0.0
ENSBTAG00000016012,0.0
ENSBTAG00000008442,0.0
ENSBTAG00000006187,0.0
ENSBTAG00000001014,0.0
ENSBTAG00000006785,0.0
ENSBTAG00000002749,0.0
ENSBTAG00000052240,0.0
ENSBTAG00000017512,0.0
ENSBTAG00000046385,0.0
ENSBTAG00000046260,0.0
ENSBTAG00000002726,0.0
ENSBTAG00000006896,0.0
ENSBTAG00000049330,0.0
ENSBTAG00000024899,0.0
ENSBTAG00000001085,0.0
ENSBTAG00000021916,0.0
ENSBTAG00000009987,0.0
ENSBTAG00000008621,0.0
ENSBTAG00000051312,0.0
ENSBTAG00000055001,0.0
ENSBTAG00000051497,0.0
ENSBTAG00000006943,0.0
ENSBTAG00000039556,0.0
ENSBTAG00000009458,0.0
ENSBTAG00000010637,0.0
ENSBTAG00000015713,0.0
ENSBTAG00000003074,0.0
ENSBTAG00000009345,0.0
ENSBTAG00000015739,0.0
ENSBTAG00000054453,0.0
ENSBTAG00000046174,0.0
ENSBTAG00000054225,0.0
ENSBTAG00000017751,0.0
ENSBTAG00000004637,0.0
ENSBTAG00000051385,0.0
ENSBTAG00000030162,0.0
ENSBTAG00000054102,0.0
ENSBTAG00000050389,0.0
ENSBTAG00000004249,0.0
ENSBTAG00000020810,0.0
ENSBTAG00000024950,0.0
ENSBTAG00000051482,0.0
ENSBTAG00000033680,0.0
ENSBTAG00000038138,0.0
ENSBTAG00000016613,0.0
ENSBTAG00000001915,0.0
ENSBTAG00000003500,0.0
ENSBTAG00000009885,0.0
ENSBTAG00000008151,0.0
ENSBTAG00000008154,0.0
ENSBTAG00000001061,0.0
ENSBTAG00000000056,0.0
ENSBTAG00000011834,0.0
ENSBTAG00000012311,0.0
ENSBTAG00000054931,0.0
ENSBTAG00000007547,0.0
ENSBTAG00000004746,0.0
ENSBTAG00000021058,0.0
ENSBTAG00000021060,0.0
ENSBTAG00000021061,0.0
ENSBTAG00000021062,0.0
ENSBTAG00000004061,0.0
ENSBTAG00000017220,0.0
ENSBTAG00000006811,0.0
ENSBTAG00000004770,0.0
ENSBTAG00000019432,0.0
ENSBTAG00000055302,0.0
ENSBTAG00000016799,0.0
ENSBTAG00000046337,0.0
ENSBTAG00000011250,0.0
ENSBTAG00000017983,0.0
ENSBTAG00000010542,0.0
ENSBTAG00000046928,0.0
ENSBTAG00000010547,0.0
ENSBTAG00000010552,0.0
ENSBTAG00000010563,0.0
ENSBTAG00000010792,0.0
ENSBTAG00000013380,0.0
ENSBTAG00000009139,0.0
ENSBTAG00000009141,0.0
ENSBTAG00000009142,0.0
ENSBTAG00000009143,0.0
ENSBTAG00000011038,0.0
ENSBTAG00000046153,0.0
ENSBTAG00000018088,0.0
ENSBTAG00000002099,0.0
ENSBTAG00000019870,0.0
ENSBTAG00000016620,0.0
ENSBTAG00000012067,0.0
ENSBTAG00000031891,0.0
ENSBTAG00000002507,0.0
ENSBTAG00000002512,0.0
ENSBTAG00000032964,0.0
ENSBTAG00000001128,0.0
ENSBTAG00000048422,0.0
ENSBTAG00000015210,0.0
ENSBTAG00000023652,0.0
ENSBTAG00000007833,0.0
ENSBTAG00000047547,0.0
ENSBTAG00000019331,0.0
ENSBTAG00000011893,0.0
ENSBTAG00000032961,0.0
ENSBTAG00000032962,0.0
ENSBTAG00000039916,0.0
ENSBTAG00000013306,0.0
ENSBTAG00000018901,0.0
ENSBTAG00000012441,0.0
ENSBTAG00000049363,0.0
ENSBTAG00000000024,0.0
ENSBTAG00000021334,0.0
ENSBTAG00000000746,0.0
ENSBTAG00000046279,0.0
ENSBTAG00000002863,0.0
ENSBTAG00000012401,0.0
ENSBTAG00000003801,0.0
ENSBTAG00000021884,0.0
ENSBTAG00000018216,0.0
ENSBTAG00000009907,0.0
ENSBTAG00000047635,0.0
ENSBTAG00000016269,0.0
ENSBTAG00000005683,0.0
ENSBTAG00000006919,0.0
ENSBTAG00000014886,0.0
ENSBTAG00000049503,0.0
ENSBTAG00000048378,0.0
ENSBTAG00000037457,0.0
ENSBTAG00000049603,0.0
ENSBTAG00000009129,0.0
ENSBTAG00000008168,0.0
ENSBTAG00000008169,0.0
ENSBTAG00000048804,0.0
ENSBTAG00000013871,0.0
ENSBTAG00000005155,0.0
ENSBTAG00000008158,0.0
ENSBTAG00000016462,0.0
ENSBTAG00000015731,0.0
ENSBTAG00000004005,0.0
ENSBTAG00000007347,0.0
ENSBTAG00000022819,0.0
ENSBTAG00000006393,0.0
ENSBTAG00000019271,0.0
ENSBTAG00000005738,0.0
ENSBTAG00000005412,0.0
ENSBTAG00000051924,0.0
ENSBTAG00000005162,0.0
ENSBTAG00000015728,0.0
ENSBTAG00000027916,0.0
ENSBTAG00000013588,0.0
ENSBTAG00000022829,0.0
ENSBTAG00000011954,0.0
ENSBTAG00000038739,0.0
ENSBTAG00000006833,0.0
ENSBTAG00000008723,0.0
ENSBTAG00000049851,0.0
ENSBTAG00000019676,0.0
ENSBTAG00000000531,0.0
ENSBTAG00000054502,0.0
ENSBTAG00000047569,0.0
ENSBTAG00000048683,0.0
ENSBTAG00000001739,0.0
ENSBTAG00000050028,0.0
ENSBTAG00000016663,0.0
ENSBTAG00000016666,0.0
ENSBTAG00000007569,0.0
ENSBTAG00000050848,0.0
ENSBTAG00000045832,0.0
ENSBTAG00000019302,0.0
ENSBTAG00000007723,0.0
ENSBTAG00000031802,0.0
ENSBTAG00000002019,0.0
ENSBTAG00000035171,0.0
ENSBTAG00000035182,0.0
ENSBTAG00000054882,0.0
ENSBTAG00000048835,0.0
ENSBTAG00000052162,0.0
ENSBTAG00000051132,0.0
ENSBTAG00000048720,0.0
ENSBTAG00000052206,0.0
ENSBTAG00000005324,0.0
ENSBTAG00000050427,0.0
ENSBTAG00000023198,0.0
ENSBTAG00000001102,0.0
ENSBTAG00000055063,0.0
ENSBTAG00000055111,0.0
ENSBTAG00000054925,0.0
ENSBTAG00000052892,0.0
ENSBTAG00000052363,0.0
ENSBTAG00000050400,0.0
ENSBTAG00000005917,0.0
ENSBTAG00000005916,0.0
ENSBTAG00000036297,0.0
ENSBTAG00000036298,0.0
ENSBTAG00000013587,0.0
ENSBTAG00000050688,0.0
ENSBTAG00000054103,0.0
ENSBTAG00000013665,0.0
ENSBTAG00000053484,0.0
ENSBTAG00000000656,0.0
ENSBTAG00000001224,0.0
ENSBTAG00000050200,0.0
ENSBTAG00000049175,0.0
ENSBTAG00000053596,0.0
ENSBTAG00000021003,0.0
ENSBTAG00000022890,0.0
ENSBTAG00000017517,0.0
ENSBTAG00000053937,0.0
ENSBTAG00000048945,0.0
ENSBTAG00000034182,0.0
ENSBTAG00000053860,0.0
ENSBTAG00000054593,0.0
ENSBTAG00000000422,0.0
ENSBTAG00000049661,0.0
ENSBTAG00000001724,0.0
ENSBTAG00000054164,0.0
ENSBTAG00000022887,0.0
ENSBTAG00000021428,0.0
ENSBTAG00000009841,0.0
ENSBTAG00000000106,0.0
ENSBTAG00000022466,0.0
ENSBTAG00000012012,0.0
ENSBTAG00000009687,0.0
ENSBTAG00000023814,0.0
ENSBTAG00000051304,0.0
ENSBTAG00000012889,0.0
ENSBTAG00000005985,0.0
ENSBTAG00000017412,0.0
ENSBTAG00000013221,0.0
ENSBTAG00000009266,0.0
ENSBTAG00000046957,0.0
ENSBTAG00000006726,0.0
ENSBTAG00000007567,0.0
ENSBTAG00000034676,0.0
ENSBTAG00000053985,0.0
ENSBTAG00000037907,0.0
ENSBTAG00000052830,0.0
ENSBTAG00000023270,0.0
ENSBTAG00000014488,0.0
ENSBTAG00000001207,0.0
ENSBTAG00000023026,0.0
ENSBTAG00000034656,0.0
ENSBTAG00000001801,0.0
ENSBTAG00000045568,0.0
ENSBTAG00000026290,0.0
ENSBTAG00000053048,0.0
ENSBTAG00000011094,0.0
ENSBTAG00000004940,0.0
ENSBTAG00000044087,0.0
ENSBTAG00000048612,0.0
ENSBTAG00000021583,0.0
ENSBTAG00000021581,0.0
ENSBTAG00000012252,0.0
ENSBTAG00000018954,0.0
ENSBTAG00000000998,0.0
ENSBTAG00000005497,0.0
ENSBTAG00000011622,0.0
ENSBTAG00000052576,0.0
ENSBTAG00000048349,0.0
ENSBTAG00000011206,0.0
ENSBTAG00000012426,0.0
ENSBTAG00000049413,0.0
ENSBTAG00000010255,0.0
ENSBTAG00000010252,0.0
ENSBTAG00000054149,0.0
ENSBTAG00000015315,0.0
ENSBTAG00000007520,0.0
ENSBTAG00000012307,0.0
ENSBTAG00000010299,0.0
ENSBTAG00000047003,0.0
ENSBTAG00000000138,0.0
ENSBTAG00000020003,0.0
ENSBTAG00000020286,0.0
ENSBTAG00000020391,0.0
ENSBTAG00000020160,0.0
ENSBTAG00000050258,0.0
ENSBTAG00000053711,0.0
ENSBTAG00000007696,0.0
ENSBTAG00000020073,0.0
ENSBTAG00000010991,0.0
ENSBTAG00000021923,0.0
ENSBTAG00000039483,0.0
ENSBTAG00000040126,0.0
ENSBTAG00000013831,0.0
ENSBTAG00000019876,0.0
ENSBTAG00000040584,0.0
ENSBTAG00000015238,0.0
ENSBTAG00000048556,0.0
ENSBTAG00000018994,0.0
ENSBTAG00000044212,0.0
ENSBTAG00000014082,0.0
ENSBTAG00000051072,0.0
ENSBTAG00000010874,0.0
ENSBTAG00000044111,0.0
ENSBTAG00000017698,0.0
ENSBTAG00000011531,0.0
ENSBTAG00000050912,0.0
ENSBTAG00000007383,0.0
ENSBTAG00000000752,0.0
ENSBTAG00000019376,0.0
ENSBTAG00000023259,0.0
ENSBTAG00000005638,0.0
ENSBTAG00000005635,0.0
ENSBTAG00000055205,0.0
ENSBTAG00000027181,0.0
ENSBTAG00000051310,0.0
ENSBTAG00000000517,0.0
ENSBTAG00000015195,0.0
ENSBTAG00000015190,0.0
ENSBTAG00000010042,0.0
ENSBTAG00000010037,0.0
ENSBTAG00000052335,0.0
ENSBTAG00000048908,0.0
ENSBTAG00000008705,0.0
ENSBTAG00000006743,0.0
ENSBTAG00000050310,0.0
ENSBTAG00000005734,0.0
ENSBTAG00000049105,0.0
ENSBTAG00000049158,0.0
ENSBTAG00000054792,0.0
ENSBTAG00000007467,0.0
ENSBTAG00000005709,0.0
ENSBTAG00000008292,0.0
ENSBTAG00000017597,0.0
ENSBTAG00000008275,0.0
ENSBTAG00000019199,0.0
ENSBTAG00000008403,0.0
ENSBTAG00000019214,0.0
ENSBTAG00000050160,0.0
ENSBTAG00000019215,0.0
ENSBTAG00000007705,0.0
ENSBTAG00000012320,0.0
ENSBTAG00000014012,0.0
ENSBTAG00000007003,0.0
ENSBTAG00000007000,0.0
ENSBTAG00000001523,0.0
ENSBTAG00000020650,0.0
ENSBTAG00000021668,0.0
ENSBTAG00000021673,0.0
ENSBTAG00000003354,0.0
ENSBTAG00000003880,0.0
ENSBTAG00000055206,0.0
ENSBTAG00000019585,0.0
ENSBTAG00000004538,0.0
ENSBTAG00000026266,0.0
ENSBTAG00000007718,0.0
ENSBTAG00000005372,0.0
ENSBTAG00000053533,0.0
ENSBTAG00000038970,0.0
ENSBTAG00000050610,0.0
ENSBTAG00000019251,0.0
ENSBTAG00000050884,0.0
ENSBTAG00000046396,0.0
ENSBTAG00000049449,0.0
ENSBTAG00000010091,0.0
ENSBTAG00000018160,0.0
ENSBTAG00000046046,0.0
ENSBTAG00000048323,0.0
ENSBTAG00000024015,0.0
ENSBTAG00000048535,0.0
ENSBTAG00000010356,0.0
ENSBTAG00000009459,0.0
ENSBTAG00000004871,0.0
ENSBTAG00000002755,0.0
ENSBTAG00000047147,0.0
ENSBTAG00000021250,0.0
ENSBTAG00000009822,0.0
ENSBTAG00000046533,0.0
ENSBTAG00000051035,0.0
ENSBTAG00000017276,0.0
ENSBTAG00000017279,0.0
ENSBTAG00000051502,0.0
ENSBTAG00000005154,0.0
ENSBTAG00000005158,0.0
ENSBTAG00000053401,0.0
ENSBTAG00000011171,0.0
ENSBTAG00000002125,0.0
ENSBTAG00000002128,0.0
ENSBTAG00000043951,0.0
ENSBTAG00000046547,0.0
ENSBTAG00000020221,0.0
ENSBTAG00000049764,0.0
ENSBTAG00000013117,0.0
ENSBTAG00000013124,0.0
ENSBTAG00000032374,0.0
ENSBTAG00000011180,0.0
ENSBTAG00000011178,0.0
ENSBTAG00000010027,0.0
ENSBTAG00000010026,0.0
ENSBTAG00000010863,0.0
ENSBTAG00000052138,0.0
ENSBTAG00000003758,0.0
ENSBTAG00000008719,0.0
ENSBTAG00000020973,0.0
ENSBTAG00000011345,0.0
ENSBTAG00000011344,0.0
ENSBTAG00000032531,0.0
ENSBTAG00000007850,0.0
ENSBTAG00000007846,0.0
ENSBTAG00000007843,0.0
ENSBTAG00000004749,0.0
ENSBTAG00000053918,0.0
ENSBTAG00000014550,0.0
ENSBTAG00000014549,0.0
ENSBTAG00000014786,0.0
ENSBTAG00000044079,0.0
ENSBTAG00000014784,0.0
ENSBTAG00000014782,0.0
ENSBTAG00000014779,0.0
ENSBTAG00000045757,0.0
ENSBTAG00000046924,0.0
ENSBTAG00000047658,0.0
ENSBTAG00000045817,0.0
ENSBTAG00000047794,0.0
ENSBTAG00000054920,0.0
ENSBTAG00000021695,0.0
ENSBTAG00000002960,0.0
ENSBTAG00000002962,0.0
ENSBTAG00000054131,0.0
ENSBTAG00000018198,0.0
ENSBTAG00000004118,0.0
ENSBTAG00000001471,0.0
ENSBTAG00000021912,0.0
ENSBTAG00000018628,0.0
ENSBTAG00000032304,0.0
ENSBTAG00000053854,0.0
ENSBTAG00000037377,0.0
ENSBTAG00000018622,0.0
ENSBTAG00000013442,0.0
ENSBTAG00000000671,0.0
ENSBTAG00000000670,0.0
ENSBTAG00000032279,0.0
ENSBTAG00000000805,0.0
ENSBTAG00000054379,0.0
ENSBTAG00000037410,0.0
ENSBTAG00000045942,0.0
ENSBTAG00000039664,0.0
ENSBTAG00000001067,0.0
ENSBTAG00000034796,0.0
ENSBTAG00000032253,0.0
ENSBTAG00000006501,0.0
ENSBTAG00000006500,0.0
ENSBTAG00000031797,0.0
ENSBTAG00000054457,0.0
ENSBTAG00000049586,0.0
ENSBTAG00000007398,0.0
ENSBTAG00000009453,0.0
ENSBTAG00000003997,0.0
ENSBTAG00000017547,0.0
ENSBTAG00000014547,0.0
ENSBTAG00000012073,0.0
ENSBTAG00000018026,0.0
ENSBTAG00000011628,0.0
ENSBTAG00000014971,0.0
ENSBTAG00000001874,0.0
ENSBTAG00000000220,0.0
ENSBTAG00000006174,0.0
ENSBTAG00000016920,0.0
ENSBTAG00000035286,0.0
ENSBTAG00000004117,0.0
ENSBTAG00000022751,0.0
ENSBTAG00000050982,0.0
ENSBTAG00000048601,0.0
ENSBTAG00000052346,0.0
ENSBTAG00000044062,0.0
ENSBTAG00000019832,0.0
ENSBTAG00000007131,0.0
ENSBTAG00000052171,0.0
ENSBTAG00000007438,0.0
ENSBTAG00000009194,0.0
ENSBTAG00000040393,0.0
ENSBTAG00000051758,0.0
ENSBTAG00000001712,0.0
ENSBTAG00000050895,0.0
ENSBTAG00000019526,0.0
ENSBTAG00000014700,0.0
ENSBTAG00000054555,0.0
ENSBTAG00000004834,0.0
ENSBTAG00000022744,0.0
ENSBTAG00000052446,0.0
ENSBTAG00000034883,0.0
ENSBTAG00000015254,0.0
ENSBTAG00000034871,0.0
ENSBTAG00000021442,0.0
ENSBTAG00000005327,0.0
ENSBTAG00000003952,0.0
ENSBTAG00000003968,0.0
ENSBTAG00000011333,0.0
ENSBTAG00000054240,0.0
ENSBTAG00000017426,0.0
ENSBTAG00000051119,0.0
ENSBTAG00000007732,0.0
ENSBTAG00000050443,0.0
ENSBTAG00000006735,0.0
ENSBTAG00000016760,0.0
ENSBTAG00000016758,0.0
ENSBTAG00000022733,0.0
ENSBTAG00000055239,0.0
ENSBTAG00000021452,0.0
ENSBTAG00000039727,0.0
ENSBTAG00000016563,0.0
ENSBTAG00000016566,0.0
ENSBTAG00000015546,0.0
ENSBTAG00000012963,0.0
ENSBTAG00000037726,0.0
ENSBTAG00000008567,0.0
ENSBTAG00000018283,0.0
ENSBTAG00000054286,0.0
ENSBTAG00000000563,0.0
ENSBTAG00000014927,0.0
ENSBTAG00000050531,0.0
ENSBTAG00000008463,0.0
ENSBTAG00000011278,0.0
ENSBTAG00000018105,0.0
ENSBTAG00000019305,0.0
ENSBTAG00000009155,0.0
ENSBTAG00000046911,0.0
ENSBTAG00000017174,0.0
ENSBTAG00000003745,0.0
ENSBTAG00000047135,0.0
ENSBTAG00000050991,0.0
ENSBTAG00000010477,0.0
ENSBTAG00000003845,0.0
ENSBTAG00000046512,0.0
ENSBTAG00000002923,0.0
ENSBTAG00000050995,0.0
ENSBTAG00000053383,0.0
ENSBTAG00000015483,0.0
ENSBTAG00000015493,0.0
ENSBTAG00000022721,0.0
ENSBTAG00000009760,0.0
ENSBTAG00000009757,0.0
ENSBTAG00000009774,0.0
ENSBTAG00000049890,0.0
ENSBTAG00000009430,0.0
ENSBTAG00000019106,0.0
ENSBTAG00000011702,0.0
ENSBTAG00000002038,0.0
ENSBTAG00000053485,0.0
ENSBTAG00000018057,0.0
ENSBTAG00000051328,0.0
ENSBTAG00000047441,0.0
ENSBTAG00000053059,0.0
ENSBTAG00000016420,0.0
ENSBTAG00000051466,0.0
ENSBTAG00000054498,0.0
ENSBTAG00000016076,0.0
ENSBTAG00000013027,0.0
ENSBTAG00000018601,0.0
ENSBTAG00000006567,0.0
ENSBTAG00000048844,0.0
ENSBTAG00000006570,0.0
ENSBTAG00000053695,0.0
ENSBTAG00000002795,0.0
ENSBTAG00000017365,0.0
ENSBTAG00000006563,0.0
ENSBTAG00000033422,0.0
ENSBTAG00000013015,0.0
ENSBTAG00000014162,0.0
ENSBTAG00000038640,0.0
ENSBTAG00000034106,0.0
ENSBTAG00000052731,0.0
ENSBTAG00000000459,0.0
ENSBTAG00000050413,0.0
ENSBTAG00000053758,0.0
ENSBTAG00000003325,0.0
ENSBTAG00000008893,0.0
ENSBTAG00000008416,0.0
ENSBTAG00000051037,0.0
ENSBTAG00000017102,0.0
ENSBTAG00000044167,0.0
ENSBTAG00000016622,0.0
ENSBTAG00000046301,0.0
ENSBTAG00000052626,0.0
ENSBTAG00000003622,0.0
ENSBTAG00000055104,0.0
ENSBTAG00000037803,0.0
ENSBTAG00000034005,0.0
ENSBTAG00000001416,0.0
ENSBTAG00000016725,0.0
ENSBTAG00000016726,0.0
ENSBTAG00000047611,0.0
ENSBTAG00000019479,0.0
ENSBTAG00000006193,0.0
ENSBTAG00000016101,0.0
ENSBTAG00000016098,0.0
ENSBTAG00000010094,0.0
ENSBTAG00000010077,0.0
ENSBTAG00000003882,0.0
ENSBTAG00000048619,0.0
ENSBTAG00000010836,0.0
ENSBTAG00000010835,0.0
ENSBTAG00000033669,0.0
ENSBTAG00000010833,0.0
ENSBTAG00000010832,0.0
ENSBTAG00000007969,0.0
ENSBTAG00000007968,0.0
ENSBTAG00000007966,0.0
ENSBTAG00000007964,0.0
ENSBTAG00000007961,0.0
ENSBTAG00000007780,0.0
ENSBTAG00000007777,0.0
ENSBTAG00000007776,0.0
ENSBTAG00000011551,0.0
ENSBTAG00000009765,0.0
ENSBTAG00000048523,0.0
ENSBTAG00000010916,0.0
ENSBTAG00000019193,0.0
ENSBTAG00000003112,0.0
ENSBTAG00000004685,0.0
ENSBTAG00000012142,0.0
ENSBTAG00000019772,0.0
ENSBTAG00000022699,0.0
ENSBTAG00000005433,0.0
ENSBTAG00000054415,0.0
ENSBTAG00000005431,0.0
ENSBTAG00000048630,0.0
ENSBTAG00000054748,0.0
ENSBTAG00000012904,0.0
ENSBTAG00000052329,0.0
ENSBTAG00000012902,0.0
ENSBTAG00000054232,0.0
ENSBTAG00000048736,0.0
ENSBTAG00000022622,0.0
ENSBTAG00000004120,0.0
ENSBTAG00000020455,0.0
ENSBTAG00000010165,0.0
ENSBTAG00000039855,0.0
ENSBTAG00000017490,0.0
ENSBTAG00000034496,0.0
ENSBTAG00000018935,0.0
ENSBTAG00000019161,0.0
ENSBTAG00000019163,0.0
ENSBTAG00000001176,0.0
ENSBTAG00000020965,0.0
ENSBTAG00000054956,0.0
ENSBTAG00000020963,0.0
ENSBTAG00000019536,0.0
ENSBTAG00000000484,0.0
ENSBTAG00000019534,0.0
ENSBTAG00000000483,0.0
ENSBTAG00000052388,0.0
ENSBTAG00000000273,0.0
ENSBTAG00000038084,0.0
ENSBTAG00000000480,0.0
ENSBTAG00000033225,0.0
ENSBTAG00000000478,0.0
ENSBTAG00000010138,0.0
ENSBTAG00000020645,0.0
ENSBTAG00000003592,0.0
ENSBTAG00000008509,0.0
ENSBTAG00000006727,0.0
ENSBTAG00000018020,0.0
ENSBTAG00000002471,0.0
ENSBTAG00000018307,0.0
ENSBTAG00000006330,0.0
ENSBTAG00000054298,0.0
ENSBTAG00000006328,0.0
ENSBTAG00000053287,0.0
ENSBTAG00000020047,0.0
ENSBTAG00000015046,0.0
ENSBTAG00000040083,0.0
ENSBTAG00000004878,0.0
ENSBTAG00000004877,0.0
ENSBTAG00000007615,0.0
ENSBTAG00000012335,0.0
ENSBTAG00000012322,0.0
ENSBTAG00000005728,0.0
ENSBTAG00000011595,0.0
ENSBTAG00000032026,0.0
ENSBTAG00000011588,0.0
ENSBTAG00000045547,0.0
ENSBTAG00000011585,0.0
ENSBTAG00000018644,0.0
ENSBTAG00000002147,0.0
ENSBTAG00000020481,0.0
ENSBTAG00000011583,0.0
ENSBTAG00000011581,0.0
ENSBTAG00000005436,0.0
ENSBTAG00000055263,0.0
ENSBTAG00000011580,0.0
ENSBTAG00000000387,0.0
ENSBTAG00000002321,0.0
ENSBTAG00000022689,0.0
ENSBTAG00000054670,0.0
ENSBTAG00000022632,0.0
ENSBTAG00000004279,0.0
ENSBTAG00000054195,0.0
ENSBTAG00000019330,0.0
ENSBTAG00000011899,0.0
ENSBTAG00000053030,0.0
ENSBTAG00000050320,0.0
ENSBTAG00000018862,0.0
ENSBTAG00000011894,0.0
ENSBTAG00000052330,0.0
ENSBTAG00000051584,0.0
ENSBTAG00000052742,0.0
ENSBTAG00000000981,0.0
ENSBTAG00000013932,0.0
ENSBTAG00000051784,0.0
ENSBTAG00000016533,0.0
ENSBTAG00000048900,0.0
ENSBTAG00000009220,0.0
ENSBTAG00000051905,0.0
ENSBTAG00000006679,0.0
ENSBTAG00000018921,0.0
ENSBTAG00000018928,0.0
ENSBTAG00000018924,0.0
ENSBTAG00000031837,0.0
ENSBTAG00000018918,0.0
ENSBTAG00000018913,0.0
ENSBTAG00000018910,0.0
ENSBTAG00000005490,0.0
ENSBTAG00000007624,0.0
ENSBTAG00000005488,0.0
ENSBTAG00000000191,0.0
ENSBTAG00000014205,0.0
ENSBTAG00000021853,0.0
ENSBTAG00000021850,0.0
ENSBTAG00000021846,0.0
ENSBTAG00000013059,0.0
ENSBTAG00000021508,0.0
ENSBTAG00000021506,0.0
ENSBTAG00000015556,0.0
ENSBTAG00000038381,0.0
ENSBTAG00000021390,0.0
ENSBTAG00000019096,0.0
ENSBTAG00000015554,0.0
ENSBTAG00000022681,0.0
ENSBTAG00000003110,0.0
ENSBTAG00000049502,0.0
ENSBTAG00000049917,0.0
ENSBTAG00000052088,0.0
ENSBTAG00000049028,0.0
ENSBTAG00000019078,0.0
ENSBTAG00000006752,0.0
ENSBTAG00000009183,0.0
ENSBTAG00000048942,0.0
ENSBTAG00000008406,0.0
ENSBTAG00000008399,0.0
ENSBTAG00000019041,0.0
ENSBTAG00000048492,0.0
ENSBTAG00000053755,0.0
ENSBTAG00000013413,0.0
ENSBTAG00000013407,0.0
ENSBTAG00000009541,0.0
ENSBTAG00000011081,0.0
ENSBTAG00000010360,0.0
ENSBTAG00000051201,0.0
ENSBTAG00000037972,0.0
ENSBTAG00000051801,0.0
ENSBTAG00000050439,0.0
ENSBTAG00000010581,0.0
ENSBTAG00000053231,0.0
ENSBTAG00000003025,0.0
ENSBTAG00000003022,0.0
ENSBTAG00000013356,0.0
ENSBTAG00000052903,0.0
ENSBTAG00000039879,0.0
ENSBTAG00000024852,0.0
ENSBTAG00000049629,0.0
ENSBTAG00000020076,0.0
ENSBTAG00000051566,0.0
ENSBTAG00000054831,0.0
ENSBTAG00000015839,0.0
ENSBTAG00000015833,0.0
ENSBTAG00000031567,0.0
ENSBTAG00000002309,0.0
ENSBTAG00000011478,0.0
ENSBTAG00000015782,0.0
ENSBTAG00000051878,0.0
ENSBTAG00000002774,0.0
ENSBTAG00000031519,0.0
ENSBTAG00000055088,0.0
ENSBTAG00000006573,0.0
ENSBTAG00000019841,0.0
ENSBTAG00000050457,0.0
ENSBTAG00000053089,0.0
ENSBTAG00000002948,0.0
ENSBTAG00000022598,0.0
ENSBTAG00000011311,0.0
ENSBTAG00000016948,0.0
ENSBTAG00000008394,0.0
ENSBTAG00000031454,0.0
ENSBTAG00000037821,0.0
ENSBTAG00000052304,0.0
ENSBTAG00000049544,0.0
ENSBTAG00000050911,0.0
ENSBTAG00000031447,0.0
ENSBTAG00000038616,0.0
ENSBTAG00000005019,0.0
ENSBTAG00000052515,0.0
ENSBTAG00000017812,0.0
ENSBTAG00000008013,0.0
ENSBTAG00000021119,0.0
ENSBTAG00000018767,0.0
ENSBTAG00000001292,0.0
ENSBTAG00000006155,0.0
ENSBTAG00000008099,0.0
ENSBTAG00000013586,0.0
ENSBTAG00000055019,0.0
ENSBTAG00000001338,0.0
ENSBTAG00000031355,0.0
ENSBTAG00000019428,0.0
ENSBTAG00000052050,0.0
ENSBTAG00000054150,0.0
ENSBTAG00000020019,0.0
ENSBTAG00000015698,0.0
ENSBTAG00000050543,0.0
ENSBTAG00000031348,0.0
ENSBTAG00000001484,0.0
ENSBTAG00000031340,0.0
ENSBTAG00000049505,0.0
ENSBTAG00000003501,0.0
ENSBTAG00000052122,0.0
ENSBTAG00000007315,0.0
ENSBTAG00000050113,0.0
ENSBTAG00000031287,0.0
ENSBTAG00000049575,0.0
ENSBTAG00000049354,0.0
ENSBTAG00000012482,0.0
ENSBTAG00000026650,0.0
ENSBTAG00000018331,0.0
ENSBTAG00000018329,0.0
ENSBTAG00000011484,0.0
ENSBTAG00000003165,0.0
ENSBTAG00000016731,0.0
ENSBTAG00000012328,0.0
ENSBTAG00000037965,0.0
ENSBTAG00000021835,0.0
ENSBTAG00000015112,0.0
ENSBTAG00000052900,0.0
ENSBTAG00000001305,0.0
ENSBTAG00000011287,0.0
ENSBTAG00000032872,0.0
ENSBTAG00000039133,0.0
ENSBTAG00000051113,0.0
ENSBTAG00000013026,0.0
ENSBTAG00000038962,0.0
ENSBTAG00000000265,0.0
ENSBTAG00000005857,0.0
ENSBTAG00000005321,0.0
ENSBTAG00000035827,0.0
ENSBTAG00000020302,0.0
ENSBTAG00000001889,0.0
ENSBTAG00000021911,0.0
ENSBTAG00000012867,0.0
ENSBTAG00000051322,0.0
ENSBTAG00000051455,0.0
ENSBTAG00000003328,0.0
ENSBTAG00000006614,0.0
ENSBTAG00000014418,0.0
ENSBTAG00000001814,0.0
ENSBTAG00000001812,0.0
ENSBTAG00000054841,0.0
ENSBTAG00000050960,0.0
ENSBTAG00000002896,0.0
ENSBTAG00000019121,0.0
ENSBTAG00000021645,0.0
ENSBTAG00000021643,0.0
ENSBTAG00000020373,0.0
ENSBTAG00000015283,0.0
ENSBTAG00000015273,0.0
ENSBTAG00000000161,0.0
ENSBTAG00000023207,0.0
ENSBTAG00000051695,0.0
ENSBTAG00000045748,0.0
ENSBTAG00000046763,0.0
ENSBTAG00000004178,0.0
ENSBTAG00000004512,0.0
ENSBTAG00000022656,0.0
ENSBTAG00000024991,0.0
ENSBTAG00000021724,0.0
ENSBTAG00000037980,0.0
ENSBTAG00000019989,0.0
ENSBTAG00000001333,0.0
ENSBTAG00000052393,0.0
ENSBTAG00000019987,0.0
ENSBTAG00000020260,0.0
ENSBTAG00000016615,0.0
ENSBTAG00000020263,0.0
ENSBTAG00000048746,0.0
ENSBTAG00000018294,0.0
ENSBTAG00000031115,0.0
ENSBTAG00000053167,0.0
ENSBTAG00000027782,0.0
ENSBTAG00000013723,0.0
ENSBTAG00000013716,0.0
ENSBTAG00000050620,0.0
ENSBTAG00000020996,0.0
ENSBTAG00000040133,0.0
ENSBTAG00000038298,0.0
ENSBTAG00000053422,0.0
ENSBTAG00000021164,0.0
ENSBTAG00000011896,0.0
ENSBTAG00000018433,0.0
ENSBTAG00000016069,0.0
ENSBTAG00000015563,0.0
ENSBTAG00000048558,0.0
ENSBTAG00000011088,0.0
ENSBTAG00000007363,0.0
ENSBTAG00000007362,0.0
ENSBTAG00000007360,0.0
ENSBTAG00000015529,0.0
ENSBTAG00000023918,0.0
ENSBTAG00000017173,0.0
ENSBTAG00000001668,0.0
ENSBTAG00000004014,0.0
ENSBTAG00000007208,0.0
ENSBTAG00000020802,0.0
ENSBTAG00000003665,0.0
ENSBTAG00000003237,0.0
ENSBTAG00000003242,0.0
ENSBTAG00000003244,0.0
ENSBTAG00000005922,0.0
ENSBTAG00000049543,0.0
ENSBTAG00000053386,0.0
ENSBTAG00000030915,0.0
ENSBTAG00000012159,0.0
ENSBTAG00000050387,0.0
ENSBTAG00000013212,0.0
ENSBTAG00000030930,0.0
ENSBTAG00000040116,0.0
ENSBTAG00000010193,0.0
ENSBTAG00000030941,0.0
ENSBTAG00000005191,0.0
ENSBTAG00000051509,0.0
ENSBTAG00000016954,0.0
ENSBTAG00000030962,0.0
ENSBTAG00000020998,0.0
ENSBTAG00000004937,0.0
ENSBTAG00000011547,0.0
ENSBTAG00000018248,0.0
ENSBTAG00000018238,0.0
ENSBTAG00000018031,0.0
ENSBTAG00000014380,0.0
ENSBTAG00000020997,0.0
ENSBTAG00000054145,0.0
ENSBTAG00000009159,0.0
ENSBTAG00000030855,0.0
ENSBTAG00000011795,0.0
ENSBTAG00000039194,0.0
ENSBTAG00000004124,0.0
ENSBTAG00000008774,0.0
ENSBTAG00000009874,0.0
ENSBTAG00000005617,0.0
ENSBTAG00000014470,0.0
ENSBTAG00000052462,0.0
ENSBTAG00000008313,0.0
ENSBTAG00000019402,0.0
ENSBTAG00000046534,0.0
ENSBTAG00000052842,0.0
ENSBTAG00000016013,0.0
ENSBTAG00000006824,0.0
ENSBTAG00000001439,0.0
ENSBTAG00000010999,0.0
ENSBTAG00000014091,0.0
ENSBTAG00000019748,0.0
ENSBTAG00000019746,0.0
ENSBTAG00000010029,0.0
ENSBTAG00000049258,0.0
ENSBTAG00000023666,0.0
ENSBTAG00000048345,0.0
ENSBTAG00000031747,0.0
ENSBTAG00000031753,0.0
ENSBTAG00000048838,0.0
ENSBTAG00000051300,0.0
ENSBTAG00000000396,0.0
ENSBTAG00000045936,0.0
ENSBTAG00000002369,0.0
ENSBTAG00000014253,0.0
ENSBTAG00000010852,0.0
ENSBTAG00000054314,0.0
ENSBTAG00000049949,0.0
ENSBTAG00000050080,0.0
ENSBTAG00000052895,0.0
ENSBTAG00000048666,0.0
ENSBTAG00000008321,0.0
ENSBTAG00000049555,0.0
ENSBTAG00000048478,0.0
ENSBTAG00000017091,0.0
ENSBTAG00000048743,0.0
ENSBTAG00000031769,0.0
ENSBTAG00000049598,0.0
ENSBTAG00000053792,0.0
ENSBTAG00000031774,0.0
ENSBTAG00000040277,0.0
ENSBTAG00000031776,0.0
ENSBTAG00000031778,0.0
ENSBTAG00000047206,0.0
ENSBTAG00000039657,0.0
ENSBTAG00000050874,0.0
ENSBTAG00000012069,0.0
ENSBTAG00000052382,0.0
ENSBTAG00000005888,0.0
ENSBTAG00000011671,0.0
ENSBTAG00000052609,0.0
ENSBTAG00000000527,0.0
ENSBTAG00000013065,0.0
ENSBTAG00000011677,0.0
ENSBTAG00000050477,0.0
ENSBTAG00000048567,0.0
ENSBTAG00000050614,0.0
ENSBTAG00000000529,0.0
ENSBTAG00000050209,0.0
ENSBTAG00000054933,0.0
ENSBTAG00000053034,0.0
ENSBTAG00000054582,0.0
ENSBTAG00000012703,0.0
ENSBTAG00000050149,0.0
ENSBTAG00000050998,0.0
ENSBTAG00000018523,0.0
ENSBTAG00000002642,0.0
ENSBTAG00000014063,0.0
ENSBTAG00000003797,0.0
ENSBTAG00000037917,0.0
ENSBTAG00000037738,0.0
ENSBTAG00000046992,0.0
ENSBTAG00000019926,0.0
ENSBTAG00000016549,0.0
ENSBTAG00000008491,0.0
ENSBTAG00000003892,0.0
ENSBTAG00000018165,0.0
ENSBTAG00000051964,0.0
ENSBTAG00000017329,0.0
ENSBTAG00000018224,0.0
ENSBTAG00000020496,0.0
ENSBTAG00000016337,0.0
ENSBTAG00000000365,0.0
ENSBTAG00000021903,0.0
ENSBTAG00000001074,0.0
ENSBTAG00000011112,0.0
ENSBTAG00000049814,0.0
ENSBTAG00000010352,0.0
ENSBTAG00000012497,0.0
ENSBTAG00000021381,0.0
ENSBTAG00000021902,0.0
ENSBTAG00000004982,0.0
ENSBTAG00000004979,0.0
ENSBTAG00000009798,0.0
ENSBTAG00000009180,0.0
ENSBTAG00000038430,0.0
ENSBTAG00000025304,0.0
ENSBTAG00000025314,0.0
ENSBTAG00000025302,0.0
ENSBTAG00000049869,0.0
ENSBTAG00000051382,0.0
ENSBTAG00000049075,0.0
ENSBTAG00000052064,0.0
ENSBTAG00000031640,0.0
ENSBTAG00000010449,0.0
ENSBTAG00000006761,0.0
ENSBTAG00000048842,0.0
ENSBTAG00000015274,0.0
ENSBTAG00000015130,0.0
ENSBTAG00000017971,0.0
ENSBTAG00000049649,0.0
ENSBTAG00000048544,0.0
ENSBTAG00000050671,0.0
ENSBTAG00000002919,0.0
ENSBTAG00000005974,0.0
ENSBTAG00000005975,0.0
ENSBTAG00000009905,0.0
ENSBTAG00000051245,0.0
ENSBTAG00000053076,0.0
ENSBTAG00000049335,0.0
ENSBTAG00000053846,0.0
ENSBTAG00000021359,0.0
ENSBTAG00000006485,0.0
ENSBTAG00000007275,0.0
ENSBTAG00000025589,0.0
ENSBTAG00000004471,0.0
ENSBTAG00000017593,0.0
ENSBTAG00000051493,0.0
ENSBTAG00000050887,0.0
ENSBTAG00000014211,0.0
ENSBTAG00000021045,0.0
ENSBTAG00000016519,0.0
ENSBTAG00000019343,0.0
ENSBTAG00000012384,0.0
ENSBTAG00000003818,0.0
ENSBTAG00000009861,0.0
ENSBTAG00000052562,0.0
ENSBTAG00000049541,0.0
ENSBTAG00000009055,0.0
ENSBTAG00000014889,0.0
ENSBTAG00000008981,0.0
ENSBTAG00000012865,0.0
ENSBTAG00000010100,0.0
ENSBTAG00000010101,0.0
ENSBTAG00000014608,0.0
ENSBTAG00000010106,0.0
ENSBTAG00000011339,0.0
ENSBTAG00000054479,0.0
ENSBTAG00000051116,0.0
ENSBTAG00000012822,0.0
ENSBTAG00000051956,0.0
ENSBTAG00000012439,0.0
ENSBTAG00000015301,0.0
ENSBTAG00000053124,0.0
ENSBTAG00000015321,0.0
ENSBTAG00000005967,0.0
ENSBTAG00000019300,0.0
ENSBTAG00000048340,0.0
ENSBTAG00000012087,0.0
ENSBTAG00000019217,0.0
ENSBTAG00000005971,0.0
ENSBTAG00000000940,0.0
ENSBTAG00000014814,0.0
ENSBTAG00000018478,0.0
ENSBTAG00000052790,0.0
ENSBTAG00000017097,0.0
ENSBTAG00000015900,0.0
ENSBTAG00000051534,0.0
ENSBTAG00000017128,0.0
ENSBTAG00000051935,0.0
ENSBTAG00000051409,0.0
ENSBTAG00000005532,0.0
ENSBTAG00000005533,0.0
ENSBTAG00000005536,0.0
ENSBTAG00000050753,0.0
ENSBTAG00000017118,0.0
ENSBTAG00000050696,0.0
ENSBTAG00000053873,0.0
ENSBTAG00000012749,0.0
ENSBTAG00000016924,0.0
ENSBTAG00000012752,0.0
ENSBTAG00000012755,0.0
ENSBTAG00000012761,0.0
ENSBTAG00000015396,0.0
ENSBTAG00000020559,0.0
ENSBTAG00000048460,0.0
ENSBTAG00000012777,0.0
ENSBTAG00000019908,0.0
ENSBTAG00000019675,0.0
ENSBTAG00000019672,0.0
ENSBTAG00000019913,0.0
ENSBTAG00000046107,0.0
ENSBTAG00000006350,0.0
ENSBTAG00000015743,0.0
ENSBTAG00000013662,0.0
ENSBTAG00000004115,0.0
ENSBTAG00000010217,0.0
ENSBTAG00000005842,0.0
ENSBTAG00000005850,0.0
ENSBTAG00000012939,0.0
ENSBTAG00000011189,0.0
ENSBTAG00000025554,0.0
ENSBTAG00000012938,0.0
ENSBTAG00000018967,0.0
ENSBTAG00000053577,0.0
ENSBTAG00000050334,0.0
ENSBTAG00000018969,0.0
ENSBTAG00000054058,0.0
ENSBTAG00000001475,0.0
ENSBTAG00000021556,0.0
ENSBTAG00000018970,0.0
ENSBTAG00000021554,0.0
ENSBTAG00000014904,0.0
ENSBTAG00000048652,0.0
ENSBTAG00000049619,0.0
ENSBTAG00000050742,0.0
ENSBTAG00000017160,0.0
ENSBTAG00000012039,0.0
ENSBTAG00000008096,0.0
ENSBTAG00000001252,0.0
ENSBTAG00000049966,0.0
ENSBTAG00000019533,0.0
ENSBTAG00000010256,0.0
ENSBTAG00000006287,0.0
ENSBTAG00000046160,0.0
ENSBTAG00000002497,0.0
ENSBTAG00000051266,0.0
ENSBTAG00000031377,0.0
ENSBTAG00000018787,0.0
ENSBTAG00000014053,0.0
ENSBTAG00000005808,0.0
ENSBTAG00000018674,0.0
ENSBTAG00000049554,0.0
ENSBTAG00000039326,0.0
ENSBTAG00000001250,0.0
ENSBTAG00000009157,0.0
ENSBTAG00000002534,0.0
ENSBTAG00000039732,0.0
ENSBTAG00000019237,0.0
ENSBTAG00000019234,0.0
ENSBTAG00000054759,0.0
ENSBTAG00000001123,0.0
ENSBTAG00000015106,0.0
ENSBTAG00000013821,0.0
ENSBTAG00000022731,0.0
ENSBTAG00000005980,0.0
ENSBTAG00000031444,0.0
ENSBTAG00000007268,0.0
ENSBTAG00000009873,0.0
ENSBTAG00000049778,0.0
ENSBTAG00000051873,0.0
ENSBTAG00000018072,0.0
ENSBTAG00000031432,0.0
ENSBTAG00000018309,0.0
ENSBTAG00000054777,0.0
ENSBTAG00000053483,0.0
ENSBTAG00000051366,0.0
ENSBTAG00000006015,0.0
ENSBTAG00000013664,0.0
ENSBTAG00000006016,0.0
ENSBTAG00000016397,0.0
ENSBTAG00000009548,0.0
ENSBTAG00000009549,0.0
ENSBTAG00000025571,0.0
ENSBTAG00000050989,0.0
ENSBTAG00000005339,0.0
ENSBTAG00000052017,0.0
ENSBTAG00000052458,0.0
ENSBTAG00000049965,0.0
ENSBTAG00000015178,0.0
ENSBTAG00000050249,0.0
ENSBTAG00000032680,0.0
ENSBTAG00000021066,0.0
ENSBTAG00000050117,0.0
ENSBTAG00000002089,0.0
ENSBTAG00000013667,0.0
ENSBTAG00000053897,0.0
ENSBTAG00000015131,0.0
ENSBTAG00000002086,0.0
ENSBTAG00000000778,0.0
ENSBTAG00000051079,0.0
ENSBTAG00000053564,0.0
ENSBTAG00000008076,0.0
ENSBTAG00000013705,0.0
ENSBTAG00000050799,0.0
ENSBTAG00000050049,0.0
ENSBTAG00000013722,0.0
ENSBTAG00000010943,0.0
ENSBTAG00000015010,0.0
ENSBTAG00000004833,0.0
ENSBTAG00000053813,0.0
ENSBTAG00000020012,0.0
ENSBTAG00000048485,0.0
ENSBTAG00000006379,0.0
ENSBTAG00000006378,0.0
ENSBTAG00000051842,0.0
ENSBTAG00000032887,0.0
ENSBTAG00000000786,0.0
ENSBTAG00000049906,0.0
ENSBTAG00000053741,0.0
ENSBTAG00000054098,0.0
ENSBTAG00000050155,0.0
ENSBTAG00000004104,0.0
ENSBTAG00000053511,0.0
ENSBTAG00000031267,0.0
ENSBTAG00000011975,0.0
ENSBTAG00000010244,0.0
ENSBTAG00000006166,0.0
ENSBTAG00000003499,0.0
ENSBTAG00000015829,0.0
ENSBTAG00000012079,0.0
ENSBTAG00000009302,0.0
ENSBTAG00000052038,0.0
ENSBTAG00000003632,0.0
ENSBTAG00000012058,0.0
ENSBTAG00000016302,0.0
ENSBTAG00000011742,0.0
ENSBTAG00000050875,0.0
ENSBTAG00000026896,0.0
ENSBTAG00000019315,0.0
ENSBTAG00000052132,0.0
ENSBTAG00000051218,0.0
ENSBTAG00000053579,0.0
ENSBTAG00000048529,0.0
ENSBTAG00000051427,0.0
ENSBTAG00000047009,0.0
ENSBTAG00000004345,0.0
ENSBTAG00000004347,0.0
ENSBTAG00000020215,0.0
ENSBTAG00000002929,0.0
ENSBTAG00000014302,0.0
ENSBTAG00000027375,0.0
ENSBTAG00000050337,0.0
ENSBTAG00000020054,0.0
ENSBTAG00000000322,0.0
ENSBTAG00000037687,0.0
ENSBTAG00000002934,0.0
ENSBTAG00000016499,0.0
ENSBTAG00000021415,0.0
ENSBTAG00000051749,0.0
ENSBTAG00000053275,0.0
ENSBTAG00000047485,0.0
ENSBTAG00000014272,0.0
ENSBTAG00000020710,0.0
ENSBTAG00000025535,0.0
ENSBTAG00000047591,0.0
ENSBTAG00000034442,0.0
ENSBTAG00000002166,0.0
ENSBTAG00000012606,0.0
ENSBTAG00000053808,0.0
ENSBTAG00000008085,0.0
ENSBTAG00000054219,0.0
ENSBTAG00000054396,0.0
ENSBTAG00000051453,0.0
ENSBTAG00000046711,0.0
ENSBTAG00000020425,0.0
ENSBTAG00000020426,0.0
ENSBTAG00000053324,0.0
ENSBTAG00000011237,0.0
ENSBTAG00000050626,0.0
ENSBTAG00000002150,0.0
ENSBTAG00000016835,0.0
ENSBTAG00000013321,0.0
ENSBTAG00000025494,0.0
ENSBTAG00000004459,0.0
ENSBTAG00000009112,0.0
ENSBTAG00000055192,0.0
ENSBTAG00000005206,0.0
ENSBTAG00000006546,0.0
ENSBTAG00000021516,0.0
ENSBTAG00000037949,0.0
ENSBTAG00000032642,0.0
ENSBTAG00000004288,0.0
ENSBTAG00000015590,0.0
ENSBTAG00000015083,0.0
ENSBTAG00000008148,0.0
ENSBTAG00000003359,0.0
ENSBTAG00000009656,0.0
ENSBTAG00000021077,0.0
ENSBTAG00000012140,0.0
ENSBTAG00000019588,0.0
ENSBTAG00000037605,0.0
ENSBTAG00000013919,0.0
ENSBTAG00000048364,0.0
ENSBTAG00000016363,0.0
ENSBTAG00000015565,0.0
ENSBTAG00000010645,0.0
ENSBTAG00000034939,0.0
ENSBTAG00000034945,0.0
ENSBTAG00000007618,0.0
ENSBTAG00000026163,0.0
ENSBTAG00000050817,0.0
ENSBTAG00000023541,0.0
ENSBTAG00000048304,0.0
ENSBTAG00000023563,0.0
ENSBTAG00000025424,0.0
ENSBTAG00000054438,0.0
ENSBTAG00000014421,0.0
ENSBTAG00000014420,0.0
ENSBTAG00000025413,0.0
ENSBTAG00000004442,0.0
ENSBTAG00000025410,0.0
ENSBTAG00000004436,0.0
ENSBTAG00000038904,0.0
ENSBTAG00000037781,0.0
ENSBTAG00000026836,0.0
ENSBTAG00000001444,0.0
ENSBTAG00000047039,0.0
ENSBTAG00000006864,0.0
ENSBTAG00000001443,0.0
ENSBTAG00000037533,0.0
ENSBTAG00000005589,0.0
ENSBTAG00000005588,0.0
ENSBTAG00000005587,0.0
ENSBTAG00000007453,0.0
ENSBTAG00000046158,0.0
ENSBTAG00000007450,0.0
ENSBTAG00000053387,0.0
ENSBTAG00000005676,0.0
ENSBTAG00000005675,0.0
ENSBTAG00000005674,0.0
ENSBTAG00000053399,0.0
ENSBTAG00000025441,0.0
ENSBTAG00000025442,0.0
ENSBTAG00000005634,0.0
ENSBTAG00000005631,0.0
ENSBTAG00000005630,0.0
ENSBTAG00000015662,0.0
ENSBTAG00000019790,0.0
ENSBTAG00000013533,0.0
ENSBTAG00000013530,0.0
ENSBTAG00000013525,0.0
ENSBTAG00000000585,0.0
ENSBTAG00000053561,0.0
ENSBTAG00000000582,0.0
ENSBTAG00000000580,0.0
ENSBTAG00000000578,0.0
ENSBTAG00000025449,0.0
ENSBTAG00000039740,0.0
ENSBTAG00000008837,0.0
ENSBTAG00000008835,0.0
ENSBTAG00000023628,0.0
ENSBTAG00000008833,0.0
ENSBTAG00000019685,0.0
ENSBTAG00000019682,0.0
ENSBTAG00000020554,0.0
ENSBTAG00000018343,0.0
ENSBTAG00000053179,0.0
ENSBTAG00000020674,0.0
ENSBTAG00000025471,0.0
ENSBTAG00000000016,0.0
ENSBTAG00000014492,0.0
ENSBTAG00000014491,0.0
ENSBTAG00000014490,0.0
ENSBTAG00000045577,0.0
ENSBTAG00000031913,0.0
ENSBTAG00000016932,0.0
ENSBTAG00000005182,0.0
ENSBTAG00000054342,0.0
ENSBTAG00000010166,0.0
ENSBTAG00000012208,0.0
ENSBTAG00000051047,0.0
ENSBTAG00000001476,0.0
ENSBTAG00000007075,0.0
ENSBTAG00000053433,0.0
ENSBTAG00000021111,0.0
ENSBTAG00000014435,0.0
ENSBTAG00000014434,0.0
ENSBTAG00000025531,0.0
ENSBTAG00000021721,0.0
ENSBTAG00000004539,0.0
ENSBTAG00000038810,0.0
ENSBTAG00000010698,0.0
ENSBTAG00000046757,0.0
ENSBTAG00000010682,0.0
ENSBTAG00000011358,0.0
ENSBTAG00000009960,0.0
ENSBTAG00000006969,0.0
ENSBTAG00000025526,0.0
ENSBTAG00000006966,0.0
ENSBTAG00000039695,0.0
ENSBTAG00000006960,0.0
ENSBTAG00000006958,0.0
ENSBTAG00000006941,0.0
ENSBTAG00000006936,0.0
ENSBTAG00000006933,0.0
ENSBTAG00000006927,0.0
ENSBTAG00000006914,0.0
ENSBTAG00000025516,0.0
ENSBTAG00000050907,0.0
ENSBTAG00000007643,0.0
ENSBTAG00000038619,0.0
ENSBTAG00000053664,0.0
ENSBTAG00000005146,0.0
ENSBTAG00000019386,0.0
ENSBTAG00000020116,0.0
ENSBTAG00000037421,0.0
ENSBTAG00000002069,0.0
ENSBTAG00000035744,0.0
ENSBTAG00000007532,0.0
ENSBTAG00000007530,0.0
ENSBTAG00000037381,0.0
ENSBTAG00000004490,0.0
ENSBTAG00000054439,0.0
ENSBTAG00000052499,0.0
ENSBTAG00000032247,0.0
ENSBTAG00000031792,0.0
ENSBTAG00000054588,0.0
ENSBTAG00000017836,0.0
ENSBTAG00000017818,0.0
ENSBTAG00000051539,0.0
ENSBTAG00000017239,0.0
ENSBTAG00000031825,0.0
ENSBTAG00000025398,0.0
ENSBTAG00000052703,0.0
ENSBTAG00000003250,0.0
ENSBTAG00000027245,0.0
ENSBTAG00000027246,0.0
ENSBTAG00000017227,0.0
ENSBTAG00000045586,0.0
ENSBTAG00000012956,0.0
ENSBTAG00000048946,0.0
ENSBTAG00000053227,0.0
ENSBTAG00000031832,0.0
ENSBTAG00000049031,0.0
ENSBTAG00000050146,0.0
ENSBTAG00000053370,0.0
ENSBTAG00000031835,0.0
ENSBTAG00000050879,0.0
ENSBTAG00000052867,0.0
ENSBTAG00000051434,0.0
ENSBTAG00000049292,0.0
ENSBTAG00000040188,0.0
ENSBTAG00000052547,0.0
ENSBTAG00000039116,0.0
ENSBTAG00000039562,0.0
ENSBTAG00000048441,0.0
ENSBTAG00000052463,0.0
ENSBTAG00000038472,0.0
ENSBTAG00000013654,0.0
ENSBTAG00000054679,0.0
ENSBTAG00000031843,0.0
ENSBTAG00000039534,0.0
ENSBTAG00000047086,0.0
ENSBTAG00000046023,0.0
ENSBTAG00000038608,0.0
ENSBTAG00000000228,0.0
ENSBTAG00000037628,0.0
ENSBTAG00000050455,0.0
ENSBTAG00000054760,0.0
ENSBTAG00000006339,0.0
ENSBTAG00000027279,0.0
ENSBTAG00000050351,0.0
ENSBTAG00000049353,0.0
ENSBTAG00000040582,0.0
ENSBTAG00000053092,0.0
ENSBTAG00000051716,0.0
ENSBTAG00000051060,0.0
ENSBTAG00000054689,0.0
ENSBTAG00000052149,0.0
ENSBTAG00000054399,0.0
ENSBTAG00000053389,0.0
ENSBTAG00000049302,0.0
ENSBTAG00000049750,0.0
ENSBTAG00000051617,0.0
ENSBTAG00000051052,0.0
ENSBTAG00000054401,0.0
ENSBTAG00000040457,0.0
ENSBTAG00000015175,0.0
ENSBTAG00000000214,0.0
ENSBTAG00000008349,0.0
ENSBTAG00000052294,0.0
ENSBTAG00000000871,0.0
ENSBTAG00000053198,0.0
ENSBTAG00000051628,0.0
ENSBTAG00000050752,0.0
ENSBTAG00000049252,0.0
ENSBTAG00000008943,0.0
ENSBTAG00000048996,0.0
ENSBTAG00000037988,0.0
ENSBTAG00000018731,0.0
ENSBTAG00000031869,0.0
ENSBTAG00000031871,0.0
ENSBTAG00000003575,0.0
ENSBTAG00000040168,0.0
ENSBTAG00000051292,0.0
ENSBTAG00000051500,0.0
ENSBTAG00000007074,0.0
ENSBTAG00000031873,0.0
ENSBTAG00000049545,0.0
ENSBTAG00000031874,0.0
ENSBTAG00000013384,0.0
ENSBTAG00000054480,0.0
ENSBTAG00000055279,0.0
ENSBTAG00000055288,0.0
ENSBTAG00000054581,0.0
ENSBTAG00000050507,0.0
ENSBTAG00000054795,0.0
ENSBTAG00000040307,0.0
ENSBTAG00000005885,0.0
ENSBTAG00000038597,0.0
ENSBTAG00000039677,0.0
ENSBTAG00000039145,0.0
ENSBTAG00000039274,0.0
ENSBTAG00000050532,0.0
ENSBTAG00000051969,0.0
ENSBTAG00000054340,0.0
ENSBTAG00000031886,0.0
ENSBTAG00000053627,0.0
ENSBTAG00000053621,0.0
ENSBTAG00000054176,0.0
ENSBTAG00000052713,0.0
ENSBTAG00000054889,0.0
ENSBTAG00000051743,0.0
ENSBTAG00000055174,0.0
ENSBTAG00000011498,0.0
ENSBTAG00000009152,0.0
ENSBTAG00000024169,0.0
ENSBTAG00000012461,0.0
ENSBTAG00000054548,0.0
ENSBTAG00000038173,0.0
ENSBTAG00000046096,0.0
ENSBTAG00000048599,0.0
ENSBTAG00000054812,0.0
ENSBTAG00000031741,0.0
ENSBTAG00000054898,0.0
ENSBTAG00000048661,0.0
ENSBTAG00000010784,0.0
ENSBTAG00000043990,0.0
ENSBTAG00000007937,0.0
ENSBTAG00000047911,0.0
ENSBTAG00000005362,0.0
ENSBTAG00000005355,0.0
ENSBTAG00000018879,0.0
ENSBTAG00000008228,0.0
ENSBTAG00000051082,0.0
ENSBTAG00000021237,0.0
ENSBTAG00000033515,0.0
ENSBTAG00000046193,0.0
ENSBTAG00000012870,0.0
ENSBTAG00000025718,0.0
ENSBTAG00000012973,0.0
ENSBTAG00000011719,0.0
ENSBTAG00000016058,0.0
ENSBTAG00000012652,0.0
ENSBTAG00000014581,0.0
ENSBTAG00000017533,0.0
ENSBTAG00000018167,0.0
ENSBTAG00000015571,0.0
ENSBTAG00000024027,0.0
ENSBTAG00000002581,0.0
ENSBTAG00000045923,0.0
ENSBTAG00000015069,0.0
ENSBTAG00000003038,0.0
ENSBTAG00000003039,0.0
ENSBTAG00000008953,0.0
ENSBTAG00000008954,0.0
ENSBTAG00000051545,0.0
ENSBTAG00000012451,0.0
ENSBTAG00000015730,0.0
ENSBTAG00000052980,0.0
ENSBTAG00000011074,0.0
ENSBTAG00000013460,0.0
ENSBTAG00000000601,0.0
ENSBTAG00000000602,0.0
ENSBTAG00000008191,0.0
ENSBTAG00000020927,0.0
ENSBTAG00000018884,0.0
ENSBTAG00000002643,0.0
ENSBTAG00000002648,0.0
ENSBTAG00000025669,0.0
ENSBTAG00000016824,0.0
ENSBTAG00000010723,0.0
ENSBTAG00000016827,0.0
ENSBTAG00000016828,0.0
ENSBTAG00000016829,0.0
ENSBTAG00000016830,0.0
ENSBTAG00000001631,0.0
ENSBTAG00000001634,0.0
ENSBTAG00000001635,0.0
ENSBTAG00000020975,0.0
ENSBTAG00000038888,0.0
ENSBTAG00000013461,0.0
ENSBTAG00000011057,0.0
ENSBTAG00000052352,0.0
ENSBTAG00000013245,0.0
ENSBTAG00000054726,0.0
ENSBTAG00000033603,0.0
ENSBTAG00000049331,0.0
ENSBTAG00000015538,0.0
ENSBTAG00000015550,0.0
ENSBTAG00000013632,0.0
ENSBTAG00000034529,0.0
ENSBTAG00000034519,0.0
ENSBTAG00000019684,0.0
ENSBTAG00000014274,0.0
ENSBTAG00000015598,0.0
ENSBTAG00000013464,0.0
ENSBTAG00000010987,0.0
ENSBTAG00000050760,0.0
ENSBTAG00000034493,0.0
ENSBTAG00000024549,0.0
ENSBTAG00000009267,0.0
ENSBTAG00000016887,0.0
ENSBTAG00000054676,0.0
ENSBTAG00000016891,0.0
ENSBTAG00000009226,0.0
ENSBTAG00000006170,0.0
ENSBTAG00000025622,0.0
ENSBTAG00000017542,0.0
ENSBTAG00000019492,0.0
ENSBTAG00000019494,0.0
ENSBTAG00000019495,0.0
ENSBTAG00000053636,0.0
ENSBTAG00000034287,0.0
ENSBTAG00000047502,0.0
ENSBTAG00000010877,0.0
ENSBTAG00000048447,0.0
ENSBTAG00000016833,0.0
ENSBTAG00000016834,0.0
ENSBTAG00000016838,0.0
ENSBTAG00000046180,0.0
ENSBTAG00000003666,0.0
ENSBTAG00000020783,0.0
ENSBTAG00000010007,0.0
ENSBTAG00000013316,0.0
ENSBTAG00000050747,0.0
ENSBTAG00000017617,0.0
ENSBTAG00000052568,0.0
ENSBTAG00000053750,0.0
ENSBTAG00000020595,0.0
ENSBTAG00000011126,0.0
ENSBTAG00000004219,0.0
ENSBTAG00000040006,0.0
ENSBTAG00000025617,0.0
ENSBTAG00000008353,0.0
ENSBTAG00000045551,0.0
ENSBTAG00000050445,0.0
ENSBTAG00000007514,0.0
ENSBTAG00000002376,0.0
ENSBTAG00000002393,0.0
ENSBTAG00000005386,0.0
ENSBTAG00000033453,0.0
ENSBTAG00000022917,0.0
ENSBTAG00000012444,0.0
ENSBTAG00000011587,0.0
ENSBTAG00000031890,0.0
ENSBTAG00000021015,0.0
ENSBTAG00000035282,0.0
ENSBTAG00000046109,0.0
ENSBTAG00000006218,0.0
ENSBTAG00000047054,0.0
ENSBTAG00000020796,0.0
ENSBTAG00000055208,0.0
ENSBTAG00000003634,0.0
ENSBTAG00000002435,0.0
ENSBTAG00000011197,0.0
ENSBTAG00000002444,0.0
ENSBTAG00000055115,0.0
ENSBTAG00000052992,0.0
ENSBTAG00000010550,0.0
ENSBTAG00000053738,0.0
ENSBTAG00000053844,0.0
ENSBTAG00000052774,0.0
ENSBTAG00000002655,0.0
ENSBTAG00000053625,0.0
ENSBTAG00000050386,0.0
ENSBTAG00000054930,0.0
ENSBTAG00000008272,0.0
ENSBTAG00000051402,0.0
ENSBTAG00000005027,0.0
ENSBTAG00000055308,0.0
ENSBTAG00000035072,0.0
ENSBTAG00000018365,0.0
ENSBTAG00000005267,0.0
ENSBTAG00000045905,0.0
ENSBTAG00000010461,0.0
ENSBTAG00000007248,0.0
ENSBTAG00000049317,0.0
ENSBTAG00000005965,0.0
ENSBTAG00000019919,0.0
ENSBTAG00000015651,0.0
ENSBTAG00000054665,0.0
ENSBTAG00000009181,0.0
ENSBTAG00000054967,0.0
ENSBTAG00000051139,0.0
ENSBTAG00000017804,0.0
ENSBTAG00000050527,0.0
ENSBTAG00000000951,0.0
ENSBTAG00000007394,0.0
ENSBTAG00000017780,0.0
ENSBTAG00000011562,0.0
ENSBTAG00000050923,0.0
ENSBTAG00000013057,0.0
ENSBTAG00000052910,0.0
ENSBTAG00000019519,0.0
ENSBTAG00000039406,0.0
ENSBTAG00000007049,0.0
ENSBTAG00000014218,0.0
ENSBTAG00000018404,0.0
ENSBTAG00000018406,0.0
ENSBTAG00000021195,0.0
ENSBTAG00000003529,0.0
ENSBTAG00000011748,0.0
ENSBTAG00000005928,0.0
ENSBTAG00000051961,0.0
ENSBTAG00000003196,0.0
ENSBTAG00000000806,0.0
ENSBTAG00000009498,0.0
ENSBTAG00000048748,0.0
ENSBTAG00000054881,0.0
ENSBTAG00000038063,0.0
ENSBTAG00000006445,0.0
ENSBTAG00000039234,0.0
ENSBTAG00000024911,0.0
ENSBTAG00000013364,0.0
ENSBTAG00000013368,0.0
ENSBTAG00000048462,0.0
ENSBTAG00000001298,0.0
ENSBTAG00000049887,0.0
ENSBTAG00000014614,0.0
ENSBTAG00000010785,0.0
ENSBTAG00000052813,0.0
ENSBTAG00000050262,0.0
ENSBTAG00000054811,0.0
ENSBTAG00000003636,0.0
ENSBTAG00000034918,0.0
ENSBTAG00000009768,0.0
ENSBTAG00000016323,0.0
ENSBTAG00000019060,0.0
ENSBTAG00000004662,0.0
ENSBTAG00000010442,0.0
ENSBTAG00000005708,0.0
ENSBTAG00000048815,0.0
ENSBTAG00000034597,0.0
ENSBTAG00000008783,0.0
ENSBTAG00000002973,0.0
ENSBTAG00000011734,0.0
ENSBTAG00000004964,0.0
ENSBTAG00000011651,0.0
ENSBTAG00000014831,0.0
ENSBTAG00000009279,0.0
ENSBTAG00000048707,0.0
ENSBTAG00000016104,0.0
ENSBTAG00000015450,0.0
ENSBTAG00000043382,0.0
ENSBTAG00000020981,0.0
ENSBTAG00000019759,0.0
ENSBTAG00000009383,0.0
ENSBTAG00000014217,0.0
ENSBTAG00000049226,0.0
ENSBTAG00000021116,0.0
ENSBTAG00000039973,0.0
ENSBTAG00000021118,0.0
ENSBTAG00000016918,0.0
ENSBTAG00000049134,0.0
ENSBTAG00000005129,0.0
ENSBTAG00000000437,0.0
ENSBTAG00000000442,0.0
ENSBTAG00000000445,0.0
ENSBTAG00000000447,0.0
ENSBTAG00000046514,0.0
ENSBTAG00000047418,0.0
ENSBTAG00000051075,0.0
ENSBTAG00000052863,0.0
ENSBTAG00000052720,0.0
ENSBTAG00000005106,0.0
ENSBTAG00000010105,0.0
ENSBTAG00000018966,0.0
ENSBTAG00000011368,0.0
ENSBTAG00000009693,0.0
ENSBTAG00000051299,0.0
ENSBTAG00000049089,0.0
ENSBTAG00000005979,0.0
ENSBTAG00000037559,0.0
ENSBTAG00000052836,0.0
ENSBTAG00000037795,0.0
ENSBTAG00000053354,0.0
ENSBTAG00000049120,0.0
ENSBTAG00000023549,0.0
ENSBTAG00000049496,0.0
ENSBTAG00000054237,0.0
ENSBTAG00000011182,0.0
ENSBTAG00000002880,0.0
ENSBTAG00000011832,0.0
ENSBTAG00000011841,0.0
ENSBTAG00000020589,0.0
ENSBTAG00000039132,0.0
ENSBTAG00000053861,0.0
ENSBTAG00000033685,0.0
ENSBTAG00000021357,0.0
ENSBTAG00000004154,0.0
ENSBTAG00000020427,0.0
ENSBTAG00000011740,0.0
ENSBTAG00000011743,0.0
ENSBTAG00000016298,0.0
ENSBTAG00000019872,0.0
ENSBTAG00000055267,0.0
ENSBTAG00000046239,0.0
ENSBTAG00000043991,0.0
ENSBTAG00000050121,0.0
ENSBTAG00000052424,0.0
ENSBTAG00000040427,0.0
ENSBTAG00000050994,0.0
ENSBTAG00000007956,0.0
ENSBTAG00000046701,0.0
ENSBTAG00000002191,0.0
ENSBTAG00000050033,0.0
ENSBTAG00000012697,0.0
ENSBTAG00000012699,0.0
ENSBTAG00000012702,0.0
ENSBTAG00000012704,0.0
ENSBTAG00000012719,0.0
ENSBTAG00000012720,0.0
ENSBTAG00000012721,0.0
ENSBTAG00000011137,0.0
ENSBTAG00000002010,0.0
ENSBTAG00000049676,0.0
ENSBTAG00000048632,0.0
ENSBTAG00000013478,0.0
ENSBTAG00000018564,0.0
ENSBTAG00000018566,0.0
ENSBTAG00000008100,0.0
ENSBTAG00000008102,0.0
ENSBTAG00000021856,0.0
ENSBTAG00000020895,0.0
ENSBTAG00000014313,0.0
ENSBTAG00000014314,0.0
ENSBTAG00000054120,0.0
ENSBTAG00000050951,0.0
ENSBTAG00000011956,0.0
ENSBTAG00000011960,0.0
ENSBTAG00000021397,0.0
ENSBTAG00000012107,0.0
ENSBTAG00000047077,0.0
ENSBTAG00000045703,0.0
ENSBTAG00000002971,0.0
ENSBTAG00000008936,0.0
ENSBTAG00000008939,0.0
ENSBTAG00000023941,0.0
ENSBTAG00000023939,0.0
ENSBTAG00000007588,0.0
ENSBTAG00000007591,0.0
ENSBTAG00000007594,0.0
ENSBTAG00000010739,0.0
ENSBTAG00000010742,0.0
ENSBTAG00000027715,0.0
ENSBTAG00000055207,0.0
ENSBTAG00000012914,0.0
ENSBTAG00000000090,0.0
ENSBTAG00000000091,0.0
ENSBTAG00000000092,0.0
ENSBTAG00000021566,0.0
ENSBTAG00000012077,0.0
ENSBTAG00000018604,0.0
ENSBTAG00000003294,0.0
ENSBTAG00000003296,0.0
ENSBTAG00000003298,0.0
ENSBTAG00000039834,0.0
ENSBTAG00000016928,0.0
ENSBTAG00000005015,0.0
ENSBTAG00000011489,0.0
ENSBTAG00000001403,0.0
ENSBTAG00000007476,0.0
ENSBTAG00000003576,0.0
ENSBTAG00000003578,0.0
ENSBTAG00000003579,0.0
ENSBTAG00000053939,0.0
ENSBTAG00000051094,0.0
ENSBTAG00000001530,0.0
ENSBTAG00000016335,0.0
ENSBTAG00000016336,0.0
ENSBTAG00000016343,0.0
ENSBTAG00000013120,0.0
ENSBTAG00000021942,0.0
ENSBTAG00000005780,0.0
ENSBTAG00000007427,0.0
ENSBTAG00000007435,0.0
ENSBTAG00000015700,0.0
ENSBTAG00000015702,0.0
ENSBTAG00000006014,0.0
ENSBTAG00000013938,0.0
ENSBTAG00000003580,0.0
ENSBTAG00000002500,0.0
ENSBTAG00000002501,0.0
ENSBTAG00000021065,0.0
ENSBTAG00000021067,0.0
ENSBTAG00000021068,0.0
ENSBTAG00000021071,0.0
ENSBTAG00000006893,0.0
ENSBTAG00000004321,0.0
ENSBTAG00000050509,0.0
ENSBTAG00000014336,0.0
ENSBTAG00000049558,0.0
ENSBTAG00000054516,0.0
ENSBTAG00000014335,0.0
ENSBTAG00000053826,0.0
ENSBTAG00000036127,0.0
ENSBTAG00000053360,0.0
ENSBTAG00000054629,0.0
ENSBTAG00000012857,0.0
ENSBTAG00000012858,0.0
ENSBTAG00000002717,0.0
ENSBTAG00000009879,0.0
ENSBTAG00000009709,0.0
ENSBTAG00000009713,0.0
ENSBTAG00000009715,0.0
ENSBTAG00000009719,0.0
ENSBTAG00000007044,0.0
ENSBTAG00000032761,0.0
ENSBTAG00000003741,0.0
ENSBTAG00000044153,0.0
ENSBTAG00000048488,0.0
ENSBTAG00000015019,0.0
ENSBTAG00000001017,0.0
ENSBTAG00000002430,0.0
ENSBTAG00000047450,0.0
ENSBTAG00000014574,0.0
ENSBTAG00000038540,0.0
ENSBTAG00000003989,0.0
ENSBTAG00000040290,0.0
ENSBTAG00000003990,0.0
ENSBTAG00000007243,0.0
ENSBTAG00000052009,0.0
ENSBTAG00000004612,0.0
ENSBTAG00000050119,0.0
ENSBTAG00000010522,0.0
ENSBTAG00000053977,0.0
ENSBTAG00000047474,0.0
ENSBTAG00000020304,0.0
ENSBTAG00000018321,0.0
ENSBTAG00000017710,0.0
ENSBTAG00000005715,0.0
ENSBTAG00000013717,0.0
ENSBTAG00000000791,0.0
ENSBTAG00000052345,0.0
ENSBTAG00000046499,0.0
ENSBTAG00000012416,0.0
ENSBTAG00000006395,0.0
ENSBTAG00000023832,0.0
ENSBTAG00000054763,0.0
ENSBTAG00000055185,0.0
ENSBTAG00000007948,0.0
ENSBTAG00000053932,0.0
ENSBTAG00000048825,0.0
ENSBTAG00000004438,0.0
ENSBTAG00000054944,0.0
ENSBTAG00000003265,0.0
ENSBTAG00000017263,0.0
ENSBTAG00000000551,0.0
ENSBTAG00000020283,0.0
ENSBTAG00000013905,0.0
ENSBTAG00000048011,0.0
ENSBTAG00000019434,0.0
ENSBTAG00000046362,0.0
ENSBTAG00000007709,0.0
ENSBTAG00000045991,0.0
ENSBTAG00000052084,0.0
ENSBTAG00000039442,0.0
ENSBTAG00000054529,0.0
ENSBTAG00000011917,0.0
ENSBTAG00000006689,0.0
ENSBTAG00000006707,0.0
ENSBTAG00000006713,0.0
ENSBTAG00000018228,0.0
ENSBTAG00000053344,0.0
ENSBTAG00000021574,0.0
ENSBTAG00000019322,0.0
ENSBTAG00000019327,0.0
ENSBTAG00000006615,0.0
ENSBTAG00000011487,0.0
ENSBTAG00000020193,0.0
ENSBTAG00000003690,0.0
ENSBTAG00000051735,0.0
ENSBTAG00000001242,0.0
ENSBTAG00000006409,0.0
ENSBTAG00000006855,0.0
ENSBTAG00000006860,0.0
ENSBTAG00000004895,0.0
ENSBTAG00000004899,0.0
ENSBTAG00000053538,0.0
ENSBTAG00000003062,0.0
ENSBTAG00000012955,0.0
ENSBTAG00000017709,0.0
ENSBTAG00000019297,0.0
ENSBTAG00000019690,0.0
ENSBTAG00000039671,0.0
ENSBTAG00000032237,0.0
ENSBTAG00000052800,0.0
ENSBTAG00000000765,0.0
ENSBTAG00000013763,0.0
ENSBTAG00000013779,0.0
ENSBTAG00000004330,0.0
ENSBTAG00000007578,0.0
ENSBTAG00000013875,0.0
ENSBTAG00000015062,0.0
ENSBTAG00000004739,0.0
ENSBTAG00000011401,0.0
ENSBTAG00000051596,0.0
ENSBTAG00000003027,0.0
ENSBTAG00000053353,0.0
ENSBTAG00000051247,0.0
ENSBTAG00000049634,0.0
ENSBTAG00000007460,0.0
ENSBTAG00000005057,0.0
ENSBTAG00000047842,0.0
ENSBTAG00000022808,0.0
ENSBTAG00000051003,0.0
ENSBTAG00000052883,0.0
ENSBTAG00000002528,0.0
ENSBTAG00000008729,0.0
ENSBTAG00000008730,0.0
ENSBTAG00000008731,0.0
ENSBTAG00000007981,0.0
ENSBTAG00000002647,0.0
ENSBTAG00000004080,0.0
ENSBTAG00000013641,0.0
ENSBTAG00000021801,0.0
ENSBTAG00000009877,0.0
ENSBTAG00000048455,0.0
ENSBTAG00000007441,0.0
ENSBTAG00000032106,0.0
ENSBTAG00000049781,0.0
ENSBTAG00000021540,0.0
ENSBTAG00000052381,0.0
ENSBTAG00000049064,0.0
ENSBTAG00000048568,0.0
ENSBTAG00000054395,0.0
ENSBTAG00000014064,0.0
ENSBTAG00000003178,0.0
ENSBTAG00000013142,0.0
ENSBTAG00000019166,0.0
ENSBTAG00000010786,0.0
ENSBTAG00000008819,0.0
ENSBTAG00000004636,0.0
ENSBTAG00000013141,0.0
ENSBTAG00000053891,0.0
ENSBTAG00000052092,0.0
ENSBTAG00000053545,0.0
ENSBTAG00000008029,0.0
ENSBTAG00000010796,0.0
ENSBTAG00000010797,0.0
ENSBTAG00000039755,0.0
ENSBTAG00000055162,0.0
ENSBTAG00000023846,0.0
ENSBTAG00000023845,0.0
ENSBTAG00000014028,0.0
ENSBTAG00000023847,0.0
ENSBTAG00000018041,0.0
ENSBTAG00000048256,0.0
ENSBTAG00000001006,0.0
ENSBTAG00000017911,0.0
ENSBTAG00000017913,0.0
ENSBTAG00000052558,0.0
ENSBTAG00000051105,0.0
ENSBTAG00000018941,0.0
ENSBTAG00000003312,0.0
ENSBTAG00000049849,0.0
ENSBTAG00000006928,0.0
ENSBTAG00000020918,0.0
ENSBTAG00000010957,0.0
ENSBTAG00000012970,0.0
ENSBTAG00000050151,0.0
ENSBTAG00000023840,0.0
ENSBTAG00000003395,0.0
ENSBTAG00000003397,0.0
ENSBTAG00000009439,0.0
ENSBTAG00000005791,0.0
ENSBTAG00000005792,0.0
ENSBTAG00000005795,0.0
ENSBTAG00000004212,0.0
ENSBTAG00000049717,0.0
ENSBTAG00000016465,0.0
ENSBTAG00000052628,0.0
ENSBTAG00000048192,0.0
ENSBTAG00000016470,0.0
ENSBTAG00000054172,0.0
ENSBTAG00000003585,0.0
ENSBTAG00000049703,0.0
ENSBTAG00000052253,0.0
ENSBTAG00000054659,0.0
ENSBTAG00000021215,0.0
ENSBTAG00000048043,0.0
ENSBTAG00000039517,0.0
ENSBTAG00000016647,0.0
ENSBTAG00000001077,0.0
ENSBTAG00000050659,0.0
ENSBTAG00000054973,0.0
ENSBTAG00000052112,0.0
ENSBTAG00000039129,0.0
ENSBTAG00000047144,0.0
ENSBTAG00000051690,0.0
ENSBTAG00000017495,0.0
ENSBTAG00000054921,0.0
ENSBTAG00000047730,0.0
ENSBTAG00000048649,0.0
ENSBTAG00000035631,0.0
ENSBTAG00000051976,0.0
ENSBTAG00000022160,0.0
ENSBTAG00000048898,0.0
ENSBTAG00000051619,0.0
ENSBTAG00000054353,0.0
ENSBTAG00000050278,0.0
ENSBTAG00000046130,0.0
ENSBTAG00000031194,0.0
ENSBTAG00000055113,0.0
ENSBTAG00000048465,0.0
ENSBTAG00000012742,0.0
ENSBTAG00000049729,0.0
ENSBTAG00000051999,0.0
ENSBTAG00000048828,0.0
ENSBTAG00000050103,0.0
ENSBTAG00000031184,0.0
ENSBTAG00000006629,0.0
ENSBTAG00000014305,0.0
ENSBTAG00000022372,0.0
ENSBTAG00000051852,0.0
ENSBTAG00000010986,0.0
ENSBTAG00000053843,0.0
ENSBTAG00000052261,0.0
ENSBTAG00000048018,0.0
ENSBTAG00000052940,0.0
ENSBTAG00000050897,0.0
ENSBTAG00000052004,0.0
ENSBTAG00000046662,0.0
ENSBTAG00000054033,0.0
ENSBTAG00000048913,0.0
ENSBTAG00000009409,0.0
ENSBTAG00000009410,0.0
ENSBTAG00000009412,0.0
ENSBTAG00000033464,0.0
ENSBTAG00000005787,0.0
ENSBTAG00000022379,0.0
ENSBTAG00000001004,0.0
ENSBTAG00000011248,0.0
ENSBTAG00000004355,0.0
ENSBTAG00000047793,0.0
ENSBTAG00000047495,0.0
ENSBTAG00000002702,0.0
ENSBTAG00000026769,0.0
ENSBTAG00000004356,0.0
ENSBTAG00000026768,0.0
ENSBTAG00000018650,0.0
ENSBTAG00000013066,0.0
ENSBTAG00000003985,0.0
ENSBTAG00000052359,0.0
ENSBTAG00000054745,0.0
ENSBTAG00000016704,0.0
ENSBTAG00000000103,0.0
ENSBTAG00000022382,0.0
ENSBTAG00000048480,0.0
ENSBTAG00000053603,0.0
ENSBTAG00000022158,0.0
ENSBTAG00000048504,0.0
ENSBTAG00000010447,0.0
ENSBTAG00000018397,0.0
ENSBTAG00000009124,0.0
ENSBTAG00000010880,0.0
ENSBTAG00000005871,0.0
ENSBTAG00000007202,0.0
ENSBTAG00000007622,0.0
ENSBTAG00000007203,0.0
ENSBTAG00000047996,0.0
ENSBTAG00000053793,0.0
ENSBTAG00000018399,0.0
ENSBTAG00000033384,0.0
ENSBTAG00000052794,0.0
ENSBTAG00000019579,0.0
ENSBTAG00000051211,0.0
ENSBTAG00000011249,0.0
ENSBTAG00000023301,0.0
ENSBTAG00000051470,0.0
ENSBTAG00000049707,0.0
ENSBTAG00000052368,0.0
ENSBTAG00000054135,0.0
ENSBTAG00000052688,0.0
ENSBTAG00000050966,0.0
ENSBTAG00000048986,0.0
ENSBTAG00000008237,0.0
ENSBTAG00000050639,0.0
ENSBTAG00000033377,0.0
ENSBTAG00000010859,0.0
ENSBTAG00000052981,0.0
ENSBTAG00000008274,0.0
ENSBTAG00000014339,0.0
ENSBTAG00000004266,0.0
ENSBTAG00000050398,0.0
ENSBTAG00000009315,0.0
ENSBTAG00000020900,0.0
ENSBTAG00000017140,0.0
ENSBTAG00000012169,0.0
ENSBTAG00000014105,0.0
ENSBTAG00000014122,0.0
ENSBTAG00000021504,0.0
ENSBTAG00000002879,0.0
ENSBTAG00000016506,0.0
ENSBTAG00000006804,0.0
ENSBTAG00000009915,0.0
ENSBTAG00000050013,0.0
ENSBTAG00000052770,0.0
ENSBTAG00000009899,0.0
ENSBTAG00000002341,0.0
ENSBTAG00000054027,0.0
ENSBTAG00000053319,0.0
ENSBTAG00000031061,0.0
ENSBTAG00000019569,0.0
ENSBTAG00000008283,0.0
ENSBTAG00000017805,0.0
ENSBTAG00000005144,0.0
ENSBTAG00000001777,0.0
ENSBTAG00000019634,0.0
ENSBTAG00000049130,0.0
ENSBTAG00000001228,0.0
ENSBTAG00000000008,0.0
ENSBTAG00000006902,0.0
ENSBTAG00000010348,0.0
ENSBTAG00000024731,0.0
ENSBTAG00000015905,0.0
ENSBTAG00000010336,0.0
ENSBTAG00000020643,0.0
ENSBTAG00000055310,0.0
ENSBTAG00000051277,0.0
ENSBTAG00000022147,0.0
ENSBTAG00000009032,0.0
ENSBTAG00000050837,0.0
ENSBTAG00000051042,0.0
ENSBTAG00000003176,0.0
ENSBTAG00000054832,0.0
ENSBTAG00000047914,0.0
ENSBTAG00000052082,0.0
ENSBTAG00000047680,0.0
ENSBTAG00000046359,0.0
ENSBTAG00000014224,0.0
ENSBTAG00000045834,0.0
ENSBTAG00000014651,0.0
ENSBTAG00000047713,0.0
ENSBTAG00000048263,0.0
ENSBTAG00000020769,0.0
ENSBTAG00000033030,0.0
ENSBTAG00000046644,0.0
ENSBTAG00000046869,0.0
ENSBTAG00000010032,0.0
ENSBTAG00000049685,0.0
ENSBTAG00000054911,0.0
ENSBTAG00000017602,0.0
ENSBTAG00000011149,0.0
ENSBTAG00000017610,0.0
ENSBTAG00000048098,0.0
ENSBTAG00000019001,0.0
ENSBTAG00000024814,0.0
ENSBTAG00000053729,0.0
ENSBTAG00000016502,0.0
ENSBTAG00000016168,0.0
ENSBTAG00000049108,0.0
ENSBTAG00000050127,0.0
ENSBTAG00000033237,0.0
ENSBTAG00000054693,0.0
ENSBTAG00000019712,0.0
ENSBTAG00000020460,0.0
ENSBTAG00000019015,0.0
ENSBTAG00000019017,0.0
ENSBTAG00000053521,0.0
ENSBTAG00000020242,0.0
ENSBTAG00000053929,0.0
ENSBTAG00000009210,0.0
ENSBTAG00000010411,0.0
ENSBTAG00000016857,0.0
ENSBTAG00000050640,0.0
ENSBTAG00000013076,0.0
ENSBTAG00000022460,0.0
ENSBTAG00000009289,0.0
ENSBTAG00000038312,0.0
ENSBTAG00000038103,0.0
ENSBTAG00000001734,0.0
ENSBTAG00000014215,0.0
ENSBTAG00000039652,0.0
ENSBTAG00000014366,0.0
ENSBTAG00000054996,0.0
ENSBTAG00000018362,0.0
ENSBTAG00000018364,0.0
ENSBTAG00000018366,0.0
ENSBTAG00000018367,0.0
ENSBTAG00000013730,0.0
ENSBTAG00000008064,0.0
ENSBTAG00000048600,0.0
ENSBTAG00000004116,0.0
ENSBTAG00000033096,0.0
ENSBTAG00000019173,0.0
ENSBTAG00000024611,0.0
ENSBTAG00000054663,0.0
ENSBTAG00000048542,0.0
ENSBTAG00000039036,0.0
ENSBTAG00000047141,0.0
ENSBTAG00000045670,0.0
ENSBTAG00000054191,0.0
ENSBTAG00000046038,0.0
ENSBTAG00000053183,0.0
ENSBTAG00000051614,0.0
ENSBTAG00000039970,0.0
ENSBTAG00000050440,0.0
ENSBTAG00000040340,0.0
ENSBTAG00000054180,0.0
ENSBTAG00000048202,0.0
ENSBTAG00000054803,0.0
ENSBTAG00000051196,0.0
ENSBTAG00000047892,0.0
ENSBTAG00000035736,0.0
ENSBTAG00000026016,0.0
ENSBTAG00000046686,0.0
ENSBTAG00000037784,0.0
ENSBTAG00000054470,0.0
ENSBTAG00000038506,0.0
ENSBTAG00000026102,0.0
ENSBTAG00000022348,0.0
ENSBTAG00000006304,0.0
ENSBTAG00000022759,0.0
ENSBTAG00000031483,0.0
ENSBTAG00000013214,0.0
ENSBTAG00000040257,0.0
ENSBTAG00000051501,0.0
ENSBTAG00000019226,0.0
ENSBTAG00000014761,0.0
ENSBTAG00000021568,0.0
ENSBTAG00000021569,0.0
ENSBTAG00000018201,0.0
ENSBTAG00000018202,0.0
ENSBTAG00000021604,0.0
ENSBTAG00000053752,0.0
ENSBTAG00000021517,0.0
ENSBTAG00000015263,0.0
ENSBTAG00000015266,0.0
ENSBTAG00000014830,0.0
ENSBTAG00000047786,0.0
ENSBTAG00000019947,0.0
ENSBTAG00000013942,0.0
ENSBTAG00000006990,0.0
ENSBTAG00000022275,0.0
ENSBTAG00000000064,0.0
ENSBTAG00000022294,0.0
ENSBTAG00000015505,0.0
ENSBTAG00000015511,0.0
ENSBTAG00000015745,0.0
ENSBTAG00000011186,0.0
ENSBTAG00000011184,0.0
ENSBTAG00000050061,0.0
ENSBTAG00000040070,0.0
ENSBTAG00000015940,0.0
ENSBTAG00000006910,0.0
ENSBTAG00000032918,0.0
ENSBTAG00000013468,0.0
ENSBTAG00000011843,0.0
ENSBTAG00000011846,0.0
ENSBTAG00000011865,0.0
ENSBTAG00000011872,0.0
ENSBTAG00000001188,0.0
ENSBTAG00000016950,0.0
ENSBTAG00000016956,0.0
ENSBTAG00000010455,0.0
ENSBTAG00000010465,0.0
ENSBTAG00000022293,0.0
ENSBTAG00000010470,0.0
ENSBTAG00000010481,0.0
ENSBTAG00000010484,0.0
ENSBTAG00000002503,0.0
ENSBTAG00000002508,0.0
ENSBTAG00000002510,0.0
ENSBTAG00000000773,0.0
ENSBTAG00000021329,0.0
ENSBTAG00000009483,0.0
ENSBTAG00000009484,0.0
ENSBTAG00000009486,0.0
ENSBTAG00000009487,0.0
ENSBTAG00000009488,0.0
ENSBTAG00000009490,0.0
ENSBTAG00000048482,0.0
ENSBTAG00000009491,0.0
ENSBTAG00000054053,0.0
ENSBTAG00000013240,0.0
ENSBTAG00000050000,0.0
ENSBTAG00000011579,0.0
ENSBTAG00000047110,0.0
ENSBTAG00000013642,0.0
ENSBTAG00000013644,0.0
ENSBTAG00000050899,0.0
ENSBTAG00000050277,0.0
ENSBTAG00000037570,0.0
ENSBTAG00000038655,0.0
ENSBTAG00000014584,0.0
ENSBTAG00000000518,0.0
ENSBTAG00000039463,0.0
ENSBTAG00000003236,0.0
ENSBTAG00000032730,0.0
ENSBTAG00000007108,0.0
ENSBTAG00000037645,0.0
ENSBTAG00000011019,0.0
ENSBTAG00000054910,0.0
ENSBTAG00000052238,0.0
ENSBTAG00000015248,0.0
ENSBTAG00000003330,0.0
ENSBTAG00000019204,0.0
ENSBTAG00000019208,0.0
ENSBTAG00000018022,0.0
ENSBTAG00000007825,0.0
ENSBTAG00000007827,0.0
ENSBTAG00000003073,0.0
ENSBTAG00000055013,0.0
ENSBTAG00000052272,0.0
ENSBTAG00000003967,0.0
ENSBTAG00000017181,0.0
ENSBTAG00000048264,0.0
ENSBTAG00000053576,0.0
ENSBTAG00000015663,0.0
ENSBTAG00000045862,0.0
ENSBTAG00000016555,0.0
ENSBTAG00000016559,0.0
ENSBTAG00000016560,0.0
ENSBTAG00000047567,0.0
ENSBTAG00000013606,0.0
ENSBTAG00000047265,0.0
ENSBTAG00000012511,0.0
ENSBTAG00000012512,0.0
ENSBTAG00000008644,0.0
ENSBTAG00000008645,0.0
ENSBTAG00000008646,0.0
ENSBTAG00000008648,0.0
ENSBTAG00000040190,0.0
ENSBTAG00000039153,0.0
ENSBTAG00000018792,0.0
ENSBTAG00000018762,0.0
ENSBTAG00000000244,0.0
ENSBTAG00000001029,0.0
ENSBTAG00000051495,0.0
ENSBTAG00000001035,0.0
ENSBTAG00000001037,0.0
ENSBTAG00000002095,0.0
ENSBTAG00000009736,0.0
ENSBTAG00000050712,0.0
ENSBTAG00000007058,0.0
ENSBTAG00000007061,0.0
ENSBTAG00000007063,0.0
ENSBTAG00000011467,0.0
ENSBTAG00000002238,0.0
ENSBTAG00000002243,0.0
ENSBTAG00000002248,0.0
ENSBTAG00000002249,0.0
ENSBTAG00000054862,0.0
ENSBTAG00000026971,0.0
ENSBTAG00000015479,0.0
ENSBTAG00000054077,0.0
ENSBTAG00000015499,0.0
ENSBTAG00000005069,0.0
ENSBTAG00000005073,0.0
ENSBTAG00000020807,0.0
ENSBTAG00000005075,0.0
ENSBTAG00000005076,0.0
ENSBTAG00000005772,0.0
ENSBTAG00000010230,0.0
ENSBTAG00000010233,0.0
ENSBTAG00000011455,0.0
ENSBTAG00000032089,0.0
ENSBTAG00000003077,0.0
ENSBTAG00000003079,0.0
ENSBTAG00000008568,0.0
ENSBTAG00000002039,0.0
ENSBTAG00000051191,0.0
ENSBTAG00000006740,0.0
ENSBTAG00000006747,0.0
ENSBTAG00000003713,0.0
ENSBTAG00000003712,0.0
ENSBTAG00000009554,0.0
ENSBTAG00000010802,0.0
ENSBTAG00000004114,0.0
ENSBTAG00000003759,0.0
ENSBTAG00000013884,0.0
ENSBTAG00000013895,0.0
ENSBTAG00000005578,0.0
ENSBTAG00000005577,0.0
ENSBTAG00000046875,0.0
ENSBTAG00000012656,0.0
ENSBTAG00000051131,0.0
ENSBTAG00000021455,0.0
ENSBTAG00000021456,0.0
ENSBTAG00000021457,0.0
ENSBTAG00000020773,0.0
ENSBTAG00000020775,0.0
ENSBTAG00000049377,0.0
ENSBTAG00000006194,0.0
ENSBTAG00000006195,0.0
ENSBTAG00000006199,0.0
ENSBTAG00000003093,0.0
ENSBTAG00000003094,0.0
ENSBTAG00000020186,0.0
ENSBTAG00000051229,0.0
ENSBTAG00000031875,0.0
ENSBTAG00000046587,0.0
ENSBTAG00000014720,0.0
ENSBTAG00000054019,0.0
ENSBTAG00000046335,0.0
ENSBTAG00000002772,0.0
ENSBTAG00000002778,0.0
ENSBTAG00000012010,0.0
ENSBTAG00000022960,0.0
ENSBTAG00000009026,0.0
ENSBTAG00000002751,0.0
ENSBTAG00000003552,0.0
ENSBTAG00000019334,0.0
ENSBTAG00000046485,0.0
ENSBTAG00000003550,0.0
ENSBTAG00000050992,0.0
ENSBTAG00000003545,0.0
ENSBTAG00000004829,0.0
ENSBTAG00000018727,0.0
ENSBTAG00000044073,0.0
ENSBTAG00000017681,0.0
ENSBTAG00000001902,0.0
ENSBTAG00000017689,0.0
ENSBTAG00000022238,0.0
ENSBTAG00000012024,0.0
ENSBTAG00000014925,0.0
ENSBTAG00000053687,0.0
ENSBTAG00000021097,0.0
ENSBTAG00000033621,0.0
ENSBTAG00000035110,0.0
ENSBTAG00000022242,0.0
ENSBTAG00000008530,0.0
ENSBTAG00000020147,0.0
ENSBTAG00000005756,0.0
ENSBTAG00000022244,0.0
ENSBTAG00000004081,0.0
ENSBTAG00000049527,0.0
ENSBTAG00000010994,0.0
ENSBTAG00000031704,0.0
ENSBTAG00000004342,0.0
ENSBTAG00000004343,0.0
ENSBTAG00000013615,0.0
ENSBTAG00000001225,0.0
ENSBTAG00000000284,0.0
ENSBTAG00000031688,0.0
ENSBTAG00000016293,0.0
ENSBTAG00000000423,0.0
ENSBTAG00000052850,0.0
ENSBTAG00000005929,0.0
ENSBTAG00000034940,0.0
ENSBTAG00000046740,0.0
ENSBTAG00000033656,0.0
ENSBTAG00000053004,0.0
ENSBTAG00000034921,0.0
ENSBTAG00000019689,0.0
ENSBTAG00000048894,0.0
ENSBTAG00000051846,0.0
ENSBTAG00000053272,0.0
ENSBTAG00000053102,0.0
ENSBTAG00000019696,0.0
ENSBTAG00000054977,0.0
ENSBTAG00000009197,0.0
ENSBTAG00000019700,0.0
ENSBTAG00000049646,0.0
ENSBTAG00000037404,0.0
ENSBTAG00000022246,0.0
ENSBTAG00000048802,0.0
ENSBTAG00000038169,0.0
ENSBTAG00000003369,0.0
ENSBTAG00000020600,0.0
ENSBTAG00000039825,0.0
ENSBTAG00000007397,0.0
ENSBTAG00000044032,0.0
ENSBTAG00000005832,0.0
ENSBTAG00000033360,0.0
ENSBTAG00000031590,0.0
ENSBTAG00000017951,0.0
ENSBTAG00000018540,0.0
ENSBTAG00000046110,0.0
ENSBTAG00000011813,0.0
ENSBTAG00000012141,0.0
ENSBTAG00000048061,0.0
ENSBTAG00000012146,0.0
ENSBTAG00000013133,0.0
ENSBTAG00000034845,0.0
ENSBTAG00000011100,0.0
ENSBTAG00000017690,0.0
ENSBTAG00000009175,0.0
ENSBTAG00000015793,0.0
ENSBTAG00000049723,0.0
ENSBTAG00000050697,0.0
ENSBTAG00000004782,0.0
ENSBTAG00000004783,0.0
ENSBTAG00000046728,0.0
ENSBTAG00000004785,0.0
ENSBTAG00000005482,0.0
ENSBTAG00000004786,0.0
ENSBTAG00000040128,0.0
ENSBTAG00000053116,0.0
ENSBTAG00000010478,0.0
ENSBTAG00000054558,0.0
ENSBTAG00000010482,0.0
ENSBTAG00000002121,0.0
ENSBTAG00000000246,0.0
ENSBTAG00000022209,0.0
ENSBTAG00000003548,0.0
ENSBTAG00000051210,0.0
ENSBTAG00000046374,0.0
ENSBTAG00000021776,0.0
ENSBTAG00000020009,0.0
ENSBTAG00000012708,0.0
ENSBTAG00000019995,0.0
ENSBTAG00000007847,0.0
ENSBTAG00000011816,0.0
ENSBTAG00000012054,0.0
ENSBTAG00000001193,0.0
ENSBTAG00000001657,0.0
ENSBTAG00000013093,0.0
ENSBTAG00000012072,0.0
ENSBTAG00000000292,0.0
ENSBTAG00000010304,0.0
ENSBTAG00000001185,0.0
ENSBTAG00000011132,0.0
ENSBTAG00000004392,0.0
ENSBTAG00000054641,0.0
ENSBTAG00000000460,0.0
ENSBTAG00000005903,0.0
ENSBTAG00000011830,0.0
ENSBTAG00000009584,0.0
ENSBTAG00000000457,0.0
ENSBTAG00000000455,0.0
ENSBTAG00000000451,0.0
ENSBTAG00000020596,0.0
ENSBTAG00000009393,0.0
ENSBTAG00000053418,0.0
ENSBTAG00000050024,0.0
ENSBTAG00000053218,0.0
ENSBTAG00000021999,0.0
ENSBTAG00000004348,0.0
ENSBTAG00000022185,0.0
ENSBTAG00000046090,0.0
ENSBTAG00000016774,0.0
ENSBTAG00000015185,0.0
ENSBTAG00000015183,0.0
ENSBTAG00000027868,0.0
ENSBTAG00000050252,0.0
ENSBTAG00000048705,0.0
ENSBTAG00000011898,0.0
ENSBTAG00000017514,0.0
ENSBTAG00000007479,0.0
ENSBTAG00000001391,0.0
ENSBTAG00000012563,0.0
ENSBTAG00000015277,0.0
ENSBTAG00000002417,0.0
ENSBTAG00000009997,0.0
ENSBTAG00000011636,0.0
ENSBTAG00000033731,0.0
ENSBTAG00000018274,0.0
ENSBTAG00000053788,0.0
ENSBTAG00000006812,0.0
ENSBTAG00000022188,0.0
ENSBTAG00000022427,0.0
ENSBTAG00000006071,0.0
ENSBTAG00000007439,0.0
ENSBTAG00000003171,0.0
ENSBTAG00000040202,0.0
ENSBTAG00000039943,0.0
ENSBTAG00000002922,0.0
ENSBTAG00000012944,0.0
ENSBTAG00000051637,0.0
ENSBTAG00000054429,0.0
ENSBTAG00000018192,0.0
ENSBTAG00000018188,0.0
ENSBTAG00000011666,0.0
ENSBTAG00000011668,0.0
ENSBTAG00000010505,0.0
ENSBTAG00000017298,0.0
ENSBTAG00000020268,0.0
ENSBTAG00000049245,0.0
ENSBTAG00000051290,0.0
ENSBTAG00000019930,0.0
ENSBTAG00000019928,0.0
ENSBTAG00000009268,0.0
ENSBTAG00000010191,0.0
ENSBTAG00000000886,0.0
ENSBTAG00000034536,0.0
ENSBTAG00000001043,0.0
ENSBTAG00000031709,0.0
ENSBTAG00000021654,0.0
ENSBTAG00000007230,0.0
ENSBTAG00000038347,0.0
ENSBTAG00000019394,0.0
ENSBTAG00000050228,0.0
ENSBTAG00000048576,0.0
ENSBTAG00000014300,0.0
ENSBTAG00000013421,0.0
ENSBTAG00000013419,0.0
ENSBTAG00000008684,0.0
ENSBTAG00000002733,0.0
ENSBTAG00000018431,0.0
ENSBTAG00000017446,0.0
ENSBTAG00000011869,0.0
ENSBTAG00000020642,0.0
ENSBTAG00000002245,0.0
ENSBTAG00000020257,0.0
ENSBTAG00000048059,0.0
ENSBTAG00000001660,0.0
ENSBTAG00000013568,0.0
ENSBTAG00000013563,0.0
ENSBTAG00000002488,0.0
ENSBTAG00000008683,0.0
ENSBTAG00000005160,0.0
ENSBTAG00000005147,0.0
ENSBTAG00000049589,0.0
ENSBTAG00000054278,0.0
ENSBTAG00000040020,0.0
ENSBTAG00000052437,0.0
ENSBTAG00000037485,0.0
ENSBTAG00000038802,0.0
ENSBTAG00000006634,0.0
ENSBTAG00000049492,0.0
ENSBTAG00000010752,0.0
ENSBTAG00000033508,0.0
ENSBTAG00000050511,0.0
ENSBTAG00000054446,0.0
ENSBTAG00000050226,0.0
ENSBTAG00000050150,0.0
ENSBTAG00000052356,0.0
ENSBTAG00000050677,0.0
ENSBTAG00000013769,0.0
ENSBTAG00000054635,0.0
ENSBTAG00000051862,0.0
ENSBTAG00000038178,0.0
ENSBTAG00000050818,0.0
ENSBTAG00000052174,0.0
ENSBTAG00000013592,0.0
ENSBTAG00000051876,0.0
ENSBTAG00000012878,0.0
ENSBTAG00000000570,0.0
ENSBTAG00000005165,0.0
ENSBTAG00000006870,0.0
ENSBTAG00000051295,0.0
ENSBTAG00000008853,0.0
ENSBTAG00000010694,0.0
ENSBTAG00000049908,0.0
ENSBTAG00000010947,0.0
ENSBTAG00000017540,0.0
ENSBTAG00000051182,0.0
ENSBTAG00000019792,0.0
ENSBTAG00000054999,0.0
ENSBTAG00000003189,0.0
ENSBTAG00000019052,0.0
ENSBTAG00000050189,0.0
ENSBTAG00000050407,0.0
ENSBTAG00000010109,0.0
ENSBTAG00000035206,0.0
ENSBTAG00000019164,0.0
ENSBTAG00000014484,0.0
ENSBTAG00000010967,0.0
ENSBTAG00000051333,0.0
ENSBTAG00000040018,0.0
ENSBTAG00000014020,0.0
ENSBTAG00000048926,0.0
ENSBTAG00000010591,0.0
ENSBTAG00000048611,0.0
ENSBTAG00000045717,0.0
ENSBTAG00000046409,0.0
ENSBTAG00000055021,0.0
ENSBTAG00000012476,0.0
ENSBTAG00000001573,0.0
ENSBTAG00000019755,0.0
ENSBTAG00000036111,0.0
ENSBTAG00000045699,0.0
ENSBTAG00000016885,0.0
ENSBTAG00000045493,0.0
ENSBTAG00000053803,0.0
ENSBTAG00000010932,0.0
ENSBTAG00000051268,0.0
ENSBTAG00000014023,0.0
ENSBTAG00000014029,0.0
ENSBTAG00000017509,0.0
ENSBTAG00000017521,0.0
ENSBTAG00000014315,0.0
ENSBTAG00000014316,0.0
ENSBTAG00000002614,0.0
ENSBTAG00000002620,0.0
ENSBTAG00000023054,0.0
ENSBTAG00000037756,0.0
ENSBTAG00000033457,0.0
ENSBTAG00000019028,0.0
ENSBTAG00000033413,0.0
ENSBTAG00000014558,0.0
ENSBTAG00000014561,0.0
ENSBTAG00000017863,0.0
ENSBTAG00000051145,0.0
ENSBTAG00000016882,0.0
ENSBTAG00000001044,0.0
ENSBTAG00000033398,0.0
ENSBTAG00000012380,0.0
ENSBTAG00000021664,0.0
ENSBTAG00000000224,0.0
ENSBTAG00000006431,0.0
ENSBTAG00000016527,0.0
ENSBTAG00000052275,0.0
ENSBTAG00000011741,0.0
ENSBTAG00000050007,0.0
ENSBTAG00000001163,0.0
ENSBTAG00000001165,0.0
ENSBTAG00000038845,0.0
ENSBTAG00000016858,0.0
ENSBTAG00000007836,0.0
ENSBTAG00000010930,0.0
ENSBTAG00000005666,0.0
ENSBTAG00000053726,0.0
ENSBTAG00000013090,0.0
ENSBTAG00000008583,0.0
ENSBTAG00000031618,0.0
ENSBTAG00000021177,0.0
ENSBTAG00000011423,0.0
ENSBTAG00000009984,0.0
ENSBTAG00000054819,0.0
ENSBTAG00000011866,0.0
ENSBTAG00000014270,0.0
ENSBTAG00000046357,0.0
ENSBTAG00000021497,0.0
ENSBTAG00000045826,0.0
ENSBTAG00000010888,0.0
ENSBTAG00000021499,0.0
ENSBTAG00000011014,0.0
ENSBTAG00000051459,0.0
ENSBTAG00000008827,0.0
ENSBTAG00000000392,0.0
ENSBTAG00000052269,0.0
ENSBTAG00000000162,0.0
ENSBTAG00000000163,0.0
ENSBTAG00000013651,0.0
ENSBTAG00000005807,0.0
ENSBTAG00000003876,0.0
ENSBTAG00000054039,0.0
ENSBTAG00000009348,0.0
ENSBTAG00000009350,0.0
ENSBTAG00000055209,0.0
ENSBTAG00000032996,0.0
ENSBTAG00000000313,0.0
ENSBTAG00000000315,0.0
ENSBTAG00000019130,0.0
ENSBTAG00000000949,0.0
ENSBTAG00000000950,0.0
ENSBTAG00000050814,0.0
ENSBTAG00000020218,0.0
ENSBTAG00000020219,0.0
ENSBTAG00000019525,0.0
ENSBTAG00000011108,0.0
ENSBTAG00000033008,0.0
ENSBTAG00000021132,0.0
ENSBTAG00000035710,0.0
ENSBTAG00000002792,0.0
ENSBTAG00000012654,0.0
ENSBTAG00000012657,0.0
ENSBTAG00000012664,0.0
ENSBTAG00000012667,0.0
ENSBTAG00000005947,0.0
ENSBTAG00000021879,0.0
ENSBTAG00000021883,0.0
ENSBTAG00000011072,0.0
ENSBTAG00000051166,0.0
ENSBTAG00000050192,0.0
ENSBTAG00000002920,0.0
ENSBTAG00000002924,0.0
ENSBTAG00000023039,0.0
ENSBTAG00000008619,0.0
ENSBTAG00000012975,0.0
ENSBTAG00000012977,0.0
ENSBTAG00000013585,0.0
ENSBTAG00000051443,0.0
ENSBTAG00000014506,0.0
ENSBTAG00000052007,0.0
ENSBTAG00000013300,0.0
ENSBTAG00000053094,0.0
ENSBTAG00000014441,0.0
ENSBTAG00000013259,0.0
ENSBTAG00000013264,0.0
ENSBTAG00000051468,0.0
ENSBTAG00000053285,0.0
ENSBTAG00000019313,0.0
ENSBTAG00000016711,0.0
ENSBTAG00000003877,0.0
ENSBTAG00000020940,0.0
ENSBTAG00000020939,0.0
ENSBTAG00000001656,0.0
ENSBTAG00000047317,0.0
ENSBTAG00000006536,0.0
ENSBTAG00000052810,0.0
ENSBTAG00000054756,0.0
ENSBTAG00000048082,0.0
ENSBTAG00000046421,0.0
ENSBTAG00000054761,0.0
ENSBTAG00000023032,0.0
ENSBTAG00000052322,0.0
ENSBTAG00000005963,0.0
ENSBTAG00000032858,0.0
ENSBTAG00000032862,0.0
ENSBTAG00000021416,0.0
ENSBTAG00000003907,0.0
ENSBTAG00000003910,0.0
ENSBTAG00000009587,0.0
ENSBTAG00000051629,0.0
ENSBTAG00000052588,0.0
ENSBTAG00000032829,0.0
ENSBTAG00000050197,0.0
ENSBTAG00000001231,0.0
ENSBTAG00000023987,0.0
ENSBTAG00000003442,0.0
ENSBTAG00000015681,0.0
ENSBTAG00000017611,0.0
ENSBTAG00000020609,0.0
ENSBTAG00000019623,0.0
ENSBTAG00000012213,0.0
ENSBTAG00000032800,0.0
ENSBTAG00000018707,0.0
ENSBTAG00000012646,0.0
ENSBTAG00000003510,0.0
ENSBTAG00000003515,0.0
ENSBTAG00000032774,0.0
ENSBTAG00000017946,0.0
ENSBTAG00000007540,0.0
ENSBTAG00000019194,0.0
ENSBTAG00000018356,0.0
ENSBTAG00000046597,0.0
ENSBTAG00000004760,0.0
ENSBTAG00000051015,0.0
ENSBTAG00000018499,0.0
ENSBTAG00000052797,0.0
ENSBTAG00000052872,0.0
ENSBTAG00000053530,0.0
ENSBTAG00000005003,0.0
ENSBTAG00000005004,0.0
ENSBTAG00000001019,0.0
ENSBTAG00000005568,0.0
ENSBTAG00000007876,0.0
ENSBTAG00000007878,0.0
ENSBTAG00000011139,0.0
ENSBTAG00000005996,0.0
ENSBTAG00000006288,0.0
ENSBTAG00000047402,0.0
ENSBTAG00000006042,0.0
ENSBTAG00000054349,0.0
ENSBTAG00000047155,0.0
ENSBTAG00000032527,0.0
ENSBTAG00000014990,0.0
ENSBTAG00000016814,0.0
ENSBTAG00000021728,0.0
ENSBTAG00000023018,0.0
ENSBTAG00000011694,0.0
ENSBTAG00000019565,0.0
ENSBTAG00000011660,0.0
ENSBTAG00000018915,0.0
ENSBTAG00000006719,0.0
ENSBTAG00000019537,0.0
ENSBTAG00000020319,0.0
ENSBTAG00000040143,0.0
ENSBTAG00000009763,0.0
ENSBTAG00000052020,0.0
ENSBTAG00000048644,0.0
ENSBTAG00000037913,0.0
ENSBTAG00000052299,0.0
ENSBTAG00000002669,0.0
ENSBTAG00000002670,0.0
ENSBTAG00000052544,0.0
ENSBTAG00000005077,0.0
ENSBTAG00000050063,0.0
ENSBTAG00000016191,0.0
ENSBTAG00000052221,0.0
ENSBTAG00000019039,0.0
ENSBTAG00000003546,0.0
ENSBTAG00000012393,0.0
ENSBTAG00000020314,0.0
ENSBTAG00000038418,0.0
ENSBTAG00000033555,0.0
ENSBTAG00000039837,0.0
ENSBTAG00000011707,0.0
ENSBTAG00000018691,0.0
ENSBTAG00000018857,0.0
ENSBTAG00000000079,0.0
ENSBTAG00000048654,0.0
ENSBTAG00000050985,0.0
ENSBTAG00000046332,0.0
ENSBTAG00000044337,0.0
ENSBTAG00000017053,0.0
ENSBTAG00000034225,0.0
ENSBTAG00000048329,0.0
ENSBTAG00000010180,0.0
ENSBTAG00000053712,0.0
ENSBTAG00000011457,0.0
ENSBTAG00000052077,0.0
ENSBTAG00000004870,0.0
ENSBTAG00000027205,0.0
ENSBTAG00000051709,0.0
ENSBTAG00000048153,0.0
ENSBTAG00000025021,0.0
ENSBTAG00000023074,0.0
ENSBTAG00000050452,0.0
ENSBTAG00000010367,0.0
ENSBTAG00000021822,0.0
ENSBTAG00000023073,0.0
ENSBTAG00000047877,0.0
ENSBTAG00000010765,0.0
ENSBTAG00000010773,0.0
ENSBTAG00000006111,0.0
ENSBTAG00000006112,0.0
ENSBTAG00000053296,0.0
ENSBTAG00000012132,0.0
ENSBTAG00000048426,0.0
ENSBTAG00000047434,0.0
ENSBTAG00000050839,0.0
ENSBTAG00000000942,0.0
ENSBTAG00000049681,0.0
ENSBTAG00000001209,0.0
ENSBTAG00000013935,0.0
ENSBTAG00000000535,0.0
ENSBTAG00000021183,0.0
ENSBTAG00000004515,0.0
ENSBTAG00000020361,0.0
ENSBTAG00000051467,0.0
ENSBTAG00000004517,0.0
ENSBTAG00000046841,0.0
ENSBTAG00000000562,0.0
ENSBTAG00000000221,0.0
ENSBTAG00000000222,0.0
ENSBTAG00000048382,0.0
ENSBTAG00000013068,0.0
ENSBTAG00000013735,0.0
ENSBTAG00000013750,0.0
ENSBTAG00000002908,0.0
ENSBTAG00000016804,0.0
ENSBTAG00000007244,0.0
ENSBTAG00000000830,0.0
ENSBTAG00000034633,0.0
ENSBTAG00000044197,0.0
ENSBTAG00000013544,0.0
ENSBTAG00000044100,0.0
ENSBTAG00000054871,0.0
ENSBTAG00000009696,0.0
ENSBTAG00000017180,0.0
ENSBTAG00000022886,0.0
ENSBTAG00000052263,0.0
ENSBTAG00000017096,0.0
ENSBTAG00000051728,0.0
ENSBTAG00000008584,0.0
ENSBTAG00000006975,0.0
ENSBTAG00000048540,0.0
ENSBTAG00000018284,0.0
ENSBTAG00000009387,0.0
ENSBTAG00000009739,0.0
ENSBTAG00000053697,0.0
ENSBTAG00000049786,0.0
ENSBTAG00000048648,0.0
ENSBTAG00000035021,0.0
ENSBTAG00000011032,0.0
ENSBTAG00000011034,0.0
ENSBTAG00000004922,0.0
ENSBTAG00000007473,0.0
ENSBTAG00000050611,0.0
ENSBTAG00000048171,0.0
ENSBTAG00000052579,0.0
ENSBTAG00000049568,0.0
ENSBTAG00000034952,0.0
ENSBTAG00000048847,0.0
ENSBTAG00000049070,0.0
ENSBTAG00000004599,0.0
ENSBTAG00000054607,0.0
ENSBTAG00000054084,0.0
ENSBTAG00000046204,0.0
ENSBTAG00000053110,0.0
ENSBTAG00000051223,0.0
ENSBTAG00000053889,0.0
ENSBTAG00000046937,0.0
ENSBTAG00000052826,0.0
ENSBTAG00000048937,0.0
ENSBTAG00000050630,0.0
ENSBTAG00000054561,0.0
ENSBTAG00000015065,0.0
ENSBTAG00000052422,0.0
ENSBTAG00000050419,0.0
ENSBTAG00000023157,0.0
ENSBTAG00000049025,0.0
ENSBTAG00000053555,0.0
ENSBTAG00000053327,0.0
ENSBTAG00000048737,0.0
ENSBTAG00000050575,0.0
ENSBTAG00000016554,0.0
ENSBTAG00000052312,0.0
ENSBTAG00000050693,0.0
ENSBTAG00000050605,0.0
ENSBTAG00000053456,0.0
ENSBTAG00000051241,0.0
ENSBTAG00000049265,0.0
ENSBTAG00000051016,0.0
ENSBTAG00000048550,0.0
ENSBTAG00000033545,0.0
ENSBTAG00000053028,0.0
ENSBTAG00000053057,0.0
ENSBTAG00000052180,0.0
ENSBTAG00000054366,0.0
ENSBTAG00000004231,0.0
ENSBTAG00000014135,0.0
ENSBTAG00000014141,0.0
ENSBTAG00000014143,0.0
ENSBTAG00000014146,0.0
ENSBTAG00000014737,0.0
ENSBTAG00000054577,0.0
ENSBTAG00000005825,0.0
ENSBTAG00000049151,0.0
ENSBTAG00000017085,0.0
ENSBTAG00000050896,0.0
ENSBTAG00000047749,0.0
ENSBTAG00000021133,0.0
ENSBTAG00000020282,0.0
ENSBTAG00000012191,0.0
ENSBTAG00000051927,0.0
ENSBTAG00000000957,0.0
ENSBTAG00000047706,0.0
ENSBTAG00000003081,0.0
ENSBTAG00000007422,0.0
ENSBTAG00000008886,0.0
ENSBTAG00000011573,0.0
ENSBTAG00000010002,0.0
ENSBTAG00000015874,0.0
ENSBTAG00000018863,0.0
ENSBTAG00000004344,0.0
ENSBTAG00000018864,0.0
ENSBTAG00000052495,0.0
ENSBTAG00000014704,0.0
ENSBTAG00000013208,0.0
ENSBTAG00000013211,0.0
ENSBTAG00000010351,0.0
ENSBTAG00000005094,0.0
ENSBTAG00000018453,0.0
ENSBTAG00000018454,0.0
ENSBTAG00000019332,0.0
ENSBTAG00000017157,0.0
ENSBTAG00000017183,0.0
ENSBTAG00000016486,0.0
ENSBTAG00000008682,0.0
ENSBTAG00000034393,0.0
ENSBTAG00000048551,0.0
ENSBTAG00000009501,0.0
ENSBTAG00000003572,0.0
ENSBTAG00000046938,0.0
ENSBTAG00000020657,0.0
ENSBTAG00000050692,0.0
ENSBTAG00000050561,0.0
ENSBTAG00000052749,0.0
ENSBTAG00000053101,0.0
ENSBTAG00000049149,0.0
ENSBTAG00000044139,0.0
ENSBTAG00000008637,0.0
ENSBTAG00000008639,0.0
ENSBTAG00000045531,0.0
ENSBTAG00000047159,0.0
ENSBTAG00000051696,0.0
ENSBTAG00000005559,0.0
ENSBTAG00000007089,0.0
ENSBTAG00000011257,0.0
ENSBTAG00000007236,0.0
ENSBTAG00000016177,0.0
ENSBTAG00000039682,0.0
ENSBTAG00000001966,0.0
ENSBTAG00000010085,0.0
ENSBTAG00000010372,0.0
ENSBTAG00000010355,0.0
ENSBTAG00000018036,0.0
ENSBTAG00000044194,0.0
ENSBTAG00000020468,0.0
ENSBTAG00000044043,0.0
ENSBTAG00000002885,0.0
ENSBTAG00000022767,0.0
ENSBTAG00000009191,0.0
ENSBTAG00000054515,0.0
ENSBTAG00000015541,0.0
ENSBTAG00000047643,0.0
ENSBTAG00000018312,0.0
ENSBTAG00000020084,0.0
ENSBTAG00000009084,0.0
ENSBTAG00000009085,0.0
ENSBTAG00000007051,0.0
ENSBTAG00000053191,0.0
ENSBTAG00000015913,0.0
ENSBTAG00000009685,0.0
ENSBTAG00000053356,0.0
ENSBTAG00000010606,0.0
ENSBTAG00000001463,0.0
ENSBTAG00000006562,0.0
ENSBTAG00000044208,0.0
ENSBTAG00000013579,0.0
ENSBTAG00000053762,0.0
ENSBTAG00000013581,0.0
ENSBTAG00000000743,0.0
ENSBTAG00000000744,0.0
ENSBTAG00000050286,0.0
ENSBTAG00000033727,0.0
ENSBTAG00000012691,0.0
ENSBTAG00000051612,0.0
ENSBTAG00000007115,0.0
ENSBTAG00000004173,0.0
ENSBTAG00000009245,0.0
ENSBTAG00000017083,0.0
ENSBTAG00000039328,0.0
ENSBTAG00000021592,0.0
ENSBTAG00000054057,0.0
ENSBTAG00000004150,0.0
ENSBTAG00000008325,0.0
ENSBTAG00000005454,0.0
ENSBTAG00000033504,0.0
ENSBTAG00000015463,0.0
ENSBTAG00000016411,0.0
ENSBTAG00000016413,0.0
ENSBTAG00000010241,0.0
ENSBTAG00000005639,0.0
ENSBTAG00000027118,0.0
ENSBTAG00000050816,0.0
ENSBTAG00000033381,0.0
ENSBTAG00000013943,0.0
ENSBTAG00000053673,0.0
ENSBTAG00000017831,0.0
ENSBTAG00000027213,0.0
ENSBTAG00000008814,0.0
ENSBTAG00000027665,0.0
ENSBTAG00000011684,0.0
ENSBTAG00000025847,0.0
ENSBTAG00000017981,0.0
ENSBTAG00000027654,0.0
ENSBTAG00000000978,0.0
ENSBTAG00000033345,0.0
ENSBTAG00000001612,0.0
ENSBTAG00000013143,0.0
ENSBTAG00000013145,0.0
ENSBTAG00000027635,0.0
ENSBTAG00000001529,0.0
ENSBTAG00000015444,0.0
ENSBTAG00000015457,0.0
ENSBTAG00000004238,0.0
ENSBTAG00000050567,0.0
ENSBTAG00000003509,0.0
ENSBTAG00000019532,0.0
ENSBTAG00000010793,0.0
ENSBTAG00000017455,0.0
ENSBTAG00000048547,0.0
ENSBTAG00000023146,0.0
ENSBTAG00000040445,0.0
ENSBTAG00000009408,0.0
ENSBTAG00000033312,0.0
ENSBTAG00000004830,0.0
ENSBTAG00000040144,0.0
ENSBTAG00000005725,0.0
ENSBTAG00000033304,0.0
ENSBTAG00000017420,0.0
ENSBTAG00000051188,0.0
ENSBTAG00000027625,0.0
ENSBTAG00000027626,0.0
ENSBTAG00000017133,0.0
ENSBTAG00000005730,0.0
ENSBTAG00000018495,0.0
ENSBTAG00000018489,0.0
ENSBTAG00000054394,0.0
ENSBTAG00000003275,0.0
ENSBTAG00000053764,0.0
ENSBTAG00000004015,0.0
ENSBTAG00000001243,0.0
ENSBTAG00000001244,0.0
ENSBTAG00000007599,0.0
ENSBTAG00000000225,0.0
ENSBTAG00000000226,0.0
ENSBTAG00000014068,0.0
ENSBTAG00000014861,0.0
ENSBTAG00000000979,0.0
ENSBTAG00000014050,0.0
ENSBTAG00000014056,0.0
ENSBTAG00000007629,0.0
ENSBTAG00000007630,0.0
ENSBTAG00000007634,0.0
ENSBTAG00000003201,0.0
ENSBTAG00000003649,0.0
ENSBTAG00000033182,0.0
ENSBTAG00000025003,0.0
ENSBTAG00000004613,0.0
ENSBTAG00000001186,0.0
ENSBTAG00000051902,0.0
ENSBTAG00000033137,0.0
ENSBTAG00000016473,0.0
ENSBTAG00000033140,0.0
ENSBTAG00000053782,0.0
ENSBTAG00000007031,0.0
ENSBTAG00000003793,0.0
ENSBTAG00000004593,0.0
ENSBTAG00000011518,0.0
ENSBTAG00000017802,0.0
ENSBTAG00000018024,0.0
ENSBTAG00000033080,0.0
ENSBTAG00000006680,0.0
ENSBTAG00000055252,0.0
ENSBTAG00000055256,0.0
ENSBTAG00000047930,0.0
ENSBTAG00000054528,0.0
ENSBTAG00000050535,0.0
ENSBTAG00000021242,0.0
ENSBTAG00000007402,0.0
ENSBTAG00000016505,0.0
ENSBTAG00000051685,0.0
ENSBTAG00000002097,0.0
ENSBTAG00000002101,0.0
ENSBTAG00000052686,0.0
ENSBTAG00000003960,0.0
ENSBTAG00000046014,0.0
ENSBTAG00000017701,0.0
ENSBTAG00000019412,0.0
ENSBTAG00000015253,0.0
ENSBTAG00000015952,0.0
ENSBTAG00000026191,0.0
ENSBTAG00000019593,0.0
ENSBTAG00000046498,0.0
ENSBTAG00000048140,0.0
ENSBTAG00000044092,0.0
ENSBTAG00000046142,0.0
ENSBTAG00000019596,0.0
ENSBTAG00000022535,0.0
ENSBTAG00000006263,0.0
ENSBTAG00000050754,0.0
ENSBTAG00000014541,0.0
ENSBTAG00000050775,0.0
ENSBTAG00000003607,0.0
ENSBTAG00000006239,0.0
ENSBTAG00000006264,0.0
ENSBTAG00000016434,0.0
ENSBTAG00000037449,0.0
ENSBTAG00000019423,0.0
ENSBTAG00000001417,0.0
ENSBTAG00000055138,0.0
ENSBTAG00000053961,0.0
ENSBTAG00000046098,0.0
ENSBTAG00000047673,0.0
ENSBTAG00000006447,0.0
ENSBTAG00000006448,0.0
ENSBTAG00000006449,0.0
ENSBTAG00000048962,0.0
ENSBTAG00000032260,0.0
ENSBTAG00000049593,0.0
ENSBTAG00000018559,0.0
ENSBTAG00000018560,0.0
ENSBTAG00000052139,0.0
ENSBTAG00000018562,0.0
ENSBTAG00000011504,0.0
ENSBTAG00000009837,0.0
ENSBTAG00000049223,0.0
ENSBTAG00000006717,0.0
ENSBTAG00000035915,0.0
ENSBTAG00000021651,0.0
ENSBTAG00000021652,0.0
ENSBTAG00000008188,0.0
ENSBTAG00000016244,0.0
ENSBTAG00000013052,0.0
ENSBTAG00000017662,0.0
ENSBTAG00000018044,0.0
ENSBTAG00000018050,0.0
ENSBTAG00000032373,0.0
ENSBTAG00000006534,0.0
ENSBTAG00000018869,0.0
ENSBTAG00000018870,0.0
ENSBTAG00000052716,0.0
ENSBTAG00000017391,0.0
ENSBTAG00000011744,0.0
ENSBTAG00000054747,0.0
ENSBTAG00000010163,0.0
ENSBTAG00000012290,0.0
ENSBTAG00000032223,0.0
ENSBTAG00000002352,0.0
ENSBTAG00000045593,0.0
ENSBTAG00000046033,0.0
ENSBTAG00000006391,0.0
ENSBTAG00000006405,0.0
ENSBTAG00000005723,0.0
ENSBTAG00000014453,0.0
ENSBTAG00000014456,0.0
ENSBTAG00000012541,0.0
ENSBTAG00000020921,0.0
ENSBTAG00000001404,0.0
ENSBTAG00000009441,0.0
ENSBTAG00000017999,0.0
ENSBTAG00000003467,0.0
ENSBTAG00000020043,0.0
ENSBTAG00000013169,0.0
ENSBTAG00000053230,0.0
ENSBTAG00000020184,0.0
ENSBTAG00000011162,0.0
ENSBTAG00000054328,0.0
ENSBTAG00000020051,0.0
ENSBTAG00000019530,0.0
ENSBTAG00000016228,0.0
ENSBTAG00000001602,0.0
ENSBTAG00000019567,0.0
ENSBTAG00000006126,0.0
ENSBTAG00000006129,0.0
ENSBTAG00000004607,0.0
ENSBTAG00000010309,0.0
ENSBTAG00000000242,0.0
ENSBTAG00000051235,0.0
ENSBTAG00000032136,0.0
ENSBTAG00000021249,0.0
ENSBTAG00000014653,0.0
ENSBTAG00000014650,0.0
ENSBTAG00000053850,0.0
ENSBTAG00000013909,0.0
ENSBTAG00000006542,0.0
ENSBTAG00000006541,0.0
ENSBTAG00000019219,0.0
ENSBTAG00000019216,0.0
ENSBTAG00000032087,0.0
ENSBTAG00000006543,0.0
ENSBTAG00000018000,0.0
ENSBTAG00000050361,0.0
ENSBTAG00000013920,0.0
ENSBTAG00000018016,0.0
ENSBTAG00000016883,0.0
ENSBTAG00000008635,0.0
ENSBTAG00000008633,0.0
ENSBTAG00000008632,0.0
ENSBTAG00000008631,0.0
ENSBTAG00000016156,0.0
ENSBTAG00000016155,0.0
ENSBTAG00000009047,0.0
ENSBTAG00000009046,0.0
ENSBTAG00000012928,0.0
ENSBTAG00000012927,0.0
ENSBTAG00000050743,0.0
ENSBTAG00000048352,0.0
ENSBTAG00000005033,0.0
ENSBTAG00000048797,0.0
ENSBTAG00000005031,0.0
ENSBTAG00000005030,0.0
ENSBTAG00000005028,0.0
ENSBTAG00000017422,0.0
ENSBTAG00000021785,0.0
ENSBTAG00000045841,0.0
ENSBTAG00000015982,0.0
ENSBTAG00000026319,0.0
ENSBTAG00000007955,0.0
ENSBTAG00000053919,0.0
ENSBTAG00000007954,0.0
ENSBTAG00000007952,0.0
ENSBTAG00000049524,0.0
ENSBTAG00000046752,0.0
ENSBTAG00000052323,0.0
ENSBTAG00000013669,0.0
ENSBTAG00000047448,0.0
ENSBTAG00000018082,0.0
ENSBTAG00000026326,0.0
ENSBTAG00000015486,0.0
ENSBTAG00000031852,0.0
ENSBTAG00000021218,0.0
ENSBTAG00000023249,0.0
ENSBTAG00000007558,0.0
ENSBTAG00000019803,0.0
ENSBTAG00000021219,0.0
ENSBTAG00000019804,0.0
ENSBTAG00000019805,0.0
ENSBTAG00000031806,0.0
ENSBTAG00000021222,0.0
ENSBTAG00000001274,0.0
ENSBTAG00000055054,0.0
ENSBTAG00000048731,0.0
ENSBTAG00000052789,0.0
ENSBTAG00000043974,0.0
ENSBTAG00000026422,0.0
ENSBTAG00000051451,0.0
ENSBTAG00000019357,0.0
ENSBTAG00000016564,0.0
ENSBTAG00000038921,0.0
ENSBTAG00000038757,0.0
ENSBTAG00000018094,0.0
ENSBTAG00000017322,0.0
ENSBTAG00000054844,0.0
ENSBTAG00000009099,0.0
ENSBTAG00000016567,0.0
ENSBTAG00000032198,0.0
ENSBTAG00000031789,0.0
ENSBTAG00000016568,0.0
ENSBTAG00000013917,0.0
ENSBTAG00000053747,0.0
ENSBTAG00000016571,0.0
ENSBTAG00000050825,0.0
ENSBTAG00000003417,0.0
ENSBTAG00000016574,0.0
ENSBTAG00000027854,0.0
ENSBTAG00000031765,0.0
ENSBTAG00000003421,0.0
ENSBTAG00000016577,0.0
ENSBTAG00000049596,0.0
ENSBTAG00000026307,0.0
ENSBTAG00000008412,0.0
ENSBTAG00000016581,0.0
ENSBTAG00000016588,0.0
ENSBTAG00000017697,0.0
ENSBTAG00000053298,0.0
ENSBTAG00000013937,0.0
ENSBTAG00000026429,0.0
ENSBTAG00000040555,0.0
ENSBTAG00000048857,0.0
ENSBTAG00000050574,0.0
ENSBTAG00000002344,0.0
ENSBTAG00000013292,0.0
ENSBTAG00000017416,0.0
ENSBTAG00000016592,0.0
ENSBTAG00000002349,0.0
ENSBTAG00000016594,0.0
ENSBTAG00000007523,0.0
ENSBTAG00000006650,0.0
ENSBTAG00000051572,0.0
ENSBTAG00000008078,0.0
ENSBTAG00000007880,0.0
ENSBTAG00000000405,0.0
ENSBTAG00000010524,0.0
ENSBTAG00000002737,0.0
ENSBTAG00000002735,0.0
ENSBTAG00000010511,0.0
ENSBTAG00000045857,0.0
ENSBTAG00000016973,0.0
ENSBTAG00000037397,0.0
ENSBTAG00000052532,0.0
ENSBTAG00000004551,0.0
ENSBTAG00000017284,0.0
ENSBTAG00000005757,0.0
ENSBTAG00000020535,0.0
ENSBTAG00000038330,0.0
ENSBTAG00000001503,0.0
ENSBTAG00000019136,0.0
ENSBTAG00000047238,0.0
ENSBTAG00000033672,0.0
ENSBTAG00000054461,0.0
ENSBTAG00000005862,0.0
ENSBTAG00000019006,0.0
ENSBTAG00000019008,0.0
ENSBTAG00000020198,0.0
ENSBTAG00000049482,0.0
ENSBTAG00000002470,0.0
ENSBTAG00000019521,0.0
ENSBTAG00000002374,0.0
ENSBTAG00000002391,0.0
ENSBTAG00000002481,0.0
ENSBTAG00000002484,0.0
ENSBTAG00000010096,0.0
ENSBTAG00000000177,0.0
ENSBTAG00000000179,0.0
ENSBTAG00000047734,0.0
ENSBTAG00000019743,0.0
ENSBTAG00000006457,0.0
ENSBTAG00000040319,0.0
ENSBTAG00000037462,0.0
ENSBTAG00000009327,0.0
ENSBTAG00000019745,0.0
ENSBTAG00000008175,0.0
ENSBTAG00000007934,0.0
ENSBTAG00000031598,0.0
ENSBTAG00000013081,0.0
ENSBTAG00000020737,0.0
ENSBTAG00000039974,0.0
ENSBTAG00000012601,0.0
ENSBTAG00000008184,0.0
ENSBTAG00000026461,0.0
ENSBTAG00000008190,0.0
ENSBTAG00000016520,0.0
ENSBTAG00000008195,0.0
ENSBTAG00000007325,0.0
ENSBTAG00000040295,0.0
ENSBTAG00000046722,0.0
ENSBTAG00000046965,0.0
ENSBTAG00000031583,0.0
ENSBTAG00000021000,0.0
ENSBTAG00000014448,0.0
ENSBTAG00000000704,0.0
ENSBTAG00000038866,0.0
ENSBTAG00000014100,0.0
ENSBTAG00000014101,0.0
ENSBTAG00000055247,0.0
ENSBTAG00000052611,0.0
ENSBTAG00000051573,0.0
ENSBTAG00000014126,0.0
ENSBTAG00000033395,0.0
ENSBTAG00000015314,0.0
ENSBTAG00000000568,0.0
ENSBTAG00000037489,0.0
ENSBTAG00000015889,0.0
ENSBTAG00000000390,0.0
ENSBTAG00000017435,0.0
ENSBTAG00000003842,0.0
ENSBTAG00000002935,0.0
ENSBTAG00000004051,0.0
ENSBTAG00000005148,0.0
ENSBTAG00000007784,0.0
ENSBTAG00000019086,0.0
ENSBTAG00000031572,0.0
ENSBTAG00000007246,0.0
ENSBTAG00000002202,0.0
ENSBTAG00000002209,0.0
ENSBTAG00000043969,0.0
ENSBTAG00000002211,0.0
ENSBTAG00000008718,0.0
ENSBTAG00000052060,0.0
ENSBTAG00000016552,0.0
ENSBTAG00000026415,0.0
ENSBTAG00000016553,0.0
ENSBTAG00000016558,0.0
ENSBTAG00000016561,0.0
ENSBTAG00000002083,0.0
ENSBTAG00000033299,0.0
ENSBTAG00000019998,0.0
ENSBTAG00000033015,0.0
ENSBTAG00000020001,0.0
ENSBTAG00000019249,0.0
ENSBTAG00000049306,0.0
ENSBTAG00000009533,0.0
ENSBTAG00000009534,0.0
ENSBTAG00000009535,0.0
ENSBTAG00000048853,0.0
ENSBTAG00000009536,0.0
ENSBTAG00000055089,0.0
ENSBTAG00000020366,0.0
ENSBTAG00000020369,0.0
ENSBTAG00000017631,0.0
ENSBTAG00000008504,0.0
ENSBTAG00000001023,0.0
ENSBTAG00000014417,0.0
ENSBTAG00000011753,0.0
ENSBTAG00000026286,0.0
ENSBTAG00000054368,0.0
ENSBTAG00000013479,0.0
ENSBTAG00000006272,0.0
ENSBTAG00000003305,0.0
ENSBTAG00000020617,0.0
ENSBTAG00000009780,0.0
ENSBTAG00000000279,0.0
ENSBTAG00000019073,0.0
ENSBTAG00000037945,0.0
ENSBTAG00000009928,0.0
ENSBTAG00000009945,0.0
ENSBTAG00000009951,0.0
ENSBTAG00000009961,0.0
ENSBTAG00000009964,0.0
ENSBTAG00000009965,0.0
ENSBTAG00000009969,0.0
ENSBTAG00000006212,0.0
ENSBTAG00000014903,0.0
ENSBTAG00000053369,0.0
ENSBTAG00000049585,0.0
ENSBTAG00000011875,0.0
ENSBTAG00000024884,0.0
ENSBTAG00000052143,0.0
ENSBTAG00000018589,0.0
ENSBTAG00000045767,0.0
ENSBTAG00000053822,0.0
ENSBTAG00000045625,0.0
ENSBTAG00000005458,0.0
ENSBTAG00000047249,0.0
ENSBTAG00000050859,0.0
ENSBTAG00000001022,0.0
ENSBTAG00000044083,0.0
ENSBTAG00000034436,0.0
ENSBTAG00000040575,0.0
ENSBTAG00000047247,0.0
ENSBTAG00000040394,0.0
ENSBTAG00000020582,0.0
ENSBTAG00000050298,0.0
ENSBTAG00000034372,0.0
ENSBTAG00000047368,0.0
ENSBTAG00000052868,0.0
ENSBTAG00000015045,0.0
ENSBTAG00000053899,0.0
ENSBTAG00000048566,0.0
ENSBTAG00000034368,0.0
ENSBTAG00000019543,0.0
ENSBTAG00000012683,0.0
ENSBTAG00000006117,0.0
ENSBTAG00000038115,0.0
ENSBTAG00000020190,0.0
ENSBTAG00000004727,0.0
ENSBTAG00000004729,0.0
ENSBTAG00000051722,0.0
ENSBTAG00000002703,0.0
ENSBTAG00000047563,0.0
ENSBTAG00000045901,0.0
ENSBTAG00000012082,0.0
ENSBTAG00000014810,0.0
ENSBTAG00000002367,0.0
ENSBTAG00000051532,0.0
ENSBTAG00000001374,0.0
ENSBTAG00000001415,0.0
ENSBTAG00000026278,0.0
ENSBTAG00000040432,0.0
ENSBTAG00000010339,0.0
ENSBTAG00000019920,0.0
ENSBTAG00000017075,0.0
ENSBTAG00000016424,0.0
ENSBTAG00000050846,0.0
ENSBTAG00000052397,0.0
ENSBTAG00000051845,0.0
ENSBTAG00000048353,0.0
ENSBTAG00000017067,0.0
ENSBTAG00000054148,0.0
ENSBTAG00000034238,0.0
ENSBTAG00000005572,0.0
ENSBTAG00000009022,0.0
ENSBTAG00000008487,0.0
ENSBTAG00000009153,0.0
ENSBTAG00000026408,0.0
ENSBTAG00000021407,0.0
ENSBTAG00000052480,0.0
ENSBTAG00000000321,0.0
ENSBTAG00000050810,0.0
ENSBTAG00000020544,0.0
ENSBTAG00000049662,0.0
ENSBTAG00000048883,0.0
ENSBTAG00000048902,0.0
ENSBTAG00000005195,0.0
ENSBTAG00000005197,0.0
ENSBTAG00000019123,0.0
ENSBTAG00000051341,0.0
ENSBTAG00000002253,0.0
ENSBTAG00000005798,0.0
ENSBTAG00000017941,0.0
ENSBTAG00000018625,0.0
ENSBTAG00000017939,0.0
ENSBTAG00000000781,0.0
ENSBTAG00000054964,0.0
ENSBTAG00000054437,0.0
ENSBTAG00000053744,0.0
ENSBTAG00000052510,0.0
ENSBTAG00000026275,0.0
ENSBTAG00000052570,0.0
ENSBTAG00000001606,0.0
ENSBTAG00000015150,0.0
ENSBTAG00000000728,0.0
ENSBTAG00000004971,0.0
ENSBTAG00000017082,0.0
ENSBTAG00000004875,0.0
ENSBTAG00000000611,0.0
ENSBTAG00000004502,0.0
ENSBTAG00000016139,0.0
ENSBTAG00000009461,0.0
ENSBTAG00000004505,0.0
ENSBTAG00000009462,0.0
ENSBTAG00000049801,0.0
ENSBTAG00000004509,0.0
ENSBTAG00000052094,0.0
ENSBTAG00000007879,0.0
ENSBTAG00000020107,0.0
ENSBTAG00000052078,0.0
ENSBTAG00000020109,0.0
ENSBTAG00000050791,0.0
ENSBTAG00000011969,0.0
ENSBTAG00000004077,0.0
ENSBTAG00000003020,0.0
ENSBTAG00000026403,0.0
ENSBTAG00000014834,0.0
ENSBTAG00000016629,0.0
ENSBTAG00000001470,0.0
ENSBTAG00000001078,0.0
ENSBTAG00000033174,0.0
ENSBTAG00000021430,0.0
ENSBTAG00000053556,0.0
ENSBTAG00000009199,0.0
ENSBTAG00000020524,0.0
ENSBTAG00000009200,0.0
ENSBTAG00000009201,0.0
ENSBTAG00000005448,0.0
ENSBTAG00000046339,0.0
ENSBTAG00000010013,0.0
ENSBTAG00000053639,0.0
ENSBTAG00000010015,0.0
ENSBTAG00000018937,0.0
ENSBTAG00000018938,0.0
ENSBTAG00000047316,0.0
ENSBTAG00000026394,0.0
ENSBTAG00000018999,0.0
ENSBTAG00000006590,0.0
ENSBTAG00000049210,0.0
ENSBTAG00000006595,0.0
ENSBTAG00000051258,0.0
ENSBTAG00000049109,0.0
ENSBTAG00000037566,0.0
ENSBTAG00000016330,0.0
ENSBTAG00000016331,0.0
ENSBTAG00000001731,0.0
ENSBTAG00000001736,0.0
ENSBTAG00000002178,0.0
ENSBTAG00000007890,0.0
ENSBTAG00000007896,0.0
ENSBTAG00000002188,0.0
ENSBTAG00000002189,0.0
ENSBTAG00000008222,0.0
ENSBTAG00000026383,0.0
ENSBTAG00000007210,0.0
ENSBTAG00000005446,0.0
ENSBTAG00000026381,0.0
ENSBTAG00000014742,0.0
ENSBTAG00000035782,0.0
ENSBTAG00000003617,0.0
ENSBTAG00000012050,0.0
ENSBTAG00000004106,0.0
ENSBTAG00000047266,0.0
ENSBTAG00000009691,0.0
ENSBTAG00000004038,0.0
ENSBTAG00000022530,0.0
ENSBTAG00000001440,0.0
ENSBTAG00000048459,0.0
ENSBTAG00000010659,0.0
ENSBTAG00000005455,0.0
ENSBTAG00000013858,0.0
ENSBTAG00000026273,0.0
ENSBTAG00000011818,0.0
ENSBTAG00000007887,0.0
ENSBTAG00000014343,0.0
ENSBTAG00000048776,0.0
ENSBTAG00000007900,0.0
ENSBTAG00000000345,0.0
ENSBTAG00000000343,0.0
ENSBTAG00000000342,0.0
ENSBTAG00000047808,0.0
ENSBTAG00000048401,0.0
ENSBTAG00000010198,0.0
ENSBTAG00000009868,0.0
ENSBTAG00000014468,0.0
ENSBTAG00000007177,0.0
ENSBTAG00000014465,0.0
ENSBTAG00000017015,0.0
ENSBTAG00000009560,0.0
ENSBTAG00000001139,0.0
ENSBTAG00000052255,0.0
ENSBTAG00000004974,0.0
ENSBTAG00000001134,0.0
ENSBTAG00000046840,0.0
ENSBTAG00000024772,0.0
ENSBTAG00000005208,0.0
ENSBTAG00000004386,0.0
ENSBTAG00000032884,0.0
ENSBTAG00000013051,0.0
ENSBTAG00000001131,0.0
ENSBTAG00000032880,0.0
ENSBTAG00000021493,0.0
ENSBTAG00000003446,0.0
ENSBTAG00000026375,0.0
ENSBTAG00000052111,0.0
ENSBTAG00000048710,0.0
ENSBTAG00000050650,0.0
ENSBTAG00000003432,0.0
ENSBTAG00000013305,0.0
ENSBTAG00000014960,0.0
ENSBTAG00000050363,0.0
ENSBTAG00000003430,0.0
ENSBTAG00000026248,0.0
ENSBTAG00000005622,0.0
ENSBTAG00000015738,0.0
ENSBTAG00000054404,0.0
ENSBTAG00000014823,0.0
ENSBTAG00000014826,0.0
ENSBTAG00000006495,0.0
ENSBTAG00000008295,0.0
ENSBTAG00000011738,0.0
ENSBTAG00000048279,0.0
ENSBTAG00000014588,0.0
ENSBTAG00000003577,0.0
ENSBTAG00000026246,0.0
ENSBTAG00000053512,0.0
ENSBTAG00000049285,0.0
ENSBTAG00000020528,0.0
ENSBTAG00000003169,0.0
ENSBTAG00000003160,0.0
ENSBTAG00000004975,0.0
ENSBTAG00000046753,0.0
ENSBTAG00000000713,0.0
ENSBTAG00000026371,0.0
ENSBTAG00000017456,0.0
ENSBTAG00000048571,0.0
ENSBTAG00000015272,0.0
ENSBTAG00000016765,0.0
ENSBTAG00000026243,0.0
ENSBTAG00000016763,0.0
ENSBTAG00000051973,0.0
ENSBTAG00000007142,0.0
ENSBTAG00000001068,0.0
ENSBTAG00000001066,0.0
ENSBTAG00000046399,0.0
ENSBTAG00000010521,0.0
ENSBTAG00000010496,0.0
ENSBTAG00000021773,0.0
ENSBTAG00000008728,0.0
ENSBTAG00000008869,0.0
ENSBTAG00000015017,0.0
ENSBTAG00000015011,0.0
ENSBTAG00000015009,0.0
ENSBTAG00000011470,0.0
ENSBTAG00000052147,0.0
ENSBTAG00000012668,0.0
ENSBTAG00000007016,0.0
ENSBTAG00000018097,0.0
ENSBTAG00000030966,0.0
ENSBTAG00000002881,0.0
ENSBTAG00000030965,0.0
ENSBTAG00000021521,0.0
ENSBTAG00000002871,0.0
ENSBTAG00000021522,0.0
ENSBTAG00000048445,0.0
ENSBTAG00000049420,0.0
ENSBTAG00000007012,0.0
ENSBTAG00000004804,0.0
ENSBTAG00000004977,0.0
ENSBTAG00000004803,0.0
ENSBTAG00000026236,0.0
ENSBTAG00000004801,0.0
ENSBTAG00000038074,0.0
ENSBTAG00000050135,0.0
ENSBTAG00000009840,0.0
ENSBTAG00000049666,0.0
ENSBTAG00000047520,0.0
ENSBTAG00000052665,0.0
ENSBTAG00000011692,0.0
ENSBTAG00000053645,0.0
ENSBTAG00000020387,0.0
ENSBTAG00000054260,0.0
ENSBTAG00000039512,0.0
ENSBTAG00000039720,0.0
ENSBTAG00000015986,0.0
ENSBTAG00000030951,0.0
ENSBTAG00000051481,0.0
ENSBTAG00000047572,0.0
ENSBTAG00000048341,0.0
ENSBTAG00000049731,0.0
ENSBTAG00000053161,0.0
ENSBTAG00000016190,0.0
ENSBTAG00000002094,0.0
ENSBTAG00000015988,0.0
ENSBTAG00000002090,0.0
ENSBTAG00000020440,0.0
ENSBTAG00000020439,0.0
ENSBTAG00000044040,0.0
ENSBTAG00000046248,0.0
ENSBTAG00000004242,0.0
ENSBTAG00000015737,0.0
ENSBTAG00000007118,0.0
ENSBTAG00000007113,0.0
ENSBTAG00000005679,0.0
ENSBTAG00000032640,0.0
ENSBTAG00000045896,0.0
ENSBTAG00000054209,0.0
ENSBTAG00000019181,0.0
ENSBTAG00000022825,0.0
ENSBTAG00000051678,0.0
ENSBTAG00000021090,0.0
ENSBTAG00000046010,0.0
ENSBTAG00000004135,0.0
ENSBTAG00000055289,0.0
ENSBTAG00000046943,0.0
ENSBTAG00000052527,0.0
ENSBTAG00000003288,0.0
ENSBTAG00000015191,0.0
ENSBTAG00000005908,0.0
ENSBTAG00000007364,0.0
ENSBTAG00000017759,0.0
ENSBTAG00000007367,0.0
ENSBTAG00000007370,0.0
ENSBTAG00000007372,0.0
ENSBTAG00000000725,0.0
ENSBTAG00000007384,0.0
ENSBTAG00000046517,0.0
ENSBTAG00000051511,0.0
ENSBTAG00000053719,0.0
ENSBTAG00000005523,0.0
ENSBTAG00000050423,0.0
ENSBTAG00000053390,0.0
ENSBTAG00000020733,0.0
ENSBTAG00000049516,0.0
ENSBTAG00000009236,0.0
ENSBTAG00000009237,0.0
ENSBTAG00000020735,0.0
ENSBTAG00000003308,0.0
ENSBTAG00000009547,0.0
ENSBTAG00000021248,0.0
ENSBTAG00000053996,0.0
ENSBTAG00000003953,0.0
ENSBTAG00000039782,0.0
ENSBTAG00000040014,0.0
ENSBTAG00000014229,0.0
ENSBTAG00000032503,0.0
ENSBTAG00000010291,0.0
ENSBTAG00000005600,0.0
ENSBTAG00000048231,0.0
ENSBTAG00000017175,0.0
ENSBTAG00000002132,0.0
ENSBTAG00000047781,0.0
ENSBTAG00000026199,0.0
ENSBTAG00000010264,0.0
ENSBTAG00000050734,0.0
ENSBTAG00000037400,0.0
ENSBTAG00000007772,0.0
ENSBTAG00000012049,0.0
ENSBTAG00000051226,0.0
ENSBTAG00000020898,0.0
ENSBTAG00000003135,0.0
ENSBTAG00000007474,0.0
ENSBTAG00000013708,0.0
ENSBTAG00000002480,0.0
ENSBTAG00000002477,0.0
ENSBTAG00000002474,0.0
ENSBTAG00000030757,0.0
ENSBTAG00000000050,0.0
ENSBTAG00000004676,0.0
ENSBTAG00000019303,0.0
ENSBTAG00000000642,0.0
ENSBTAG00000003049,0.0
ENSBTAG00000050307,0.0
ENSBTAG00000011528,0.0
ENSBTAG00000021253,0.0
ENSBTAG00000018278,0.0
ENSBTAG00000030836,0.0
ENSBTAG00000021997,0.0
ENSBTAG00000021270,0.0
ENSBTAG00000008490,0.0
ENSBTAG00000021272,0.0
ENSBTAG00000035175,0.0
ENSBTAG00000030814,0.0
ENSBTAG00000008482,0.0
ENSBTAG00000048276,0.0
ENSBTAG00000021280,0.0
ENSBTAG00000023398,0.0
ENSBTAG00000009188,0.0
ENSBTAG00000009187,0.0
ENSBTAG00000054497,0.0
