Gene_ID,Gini_Importance_Score
B6750,0.006160164271047228
B2370,0.004106776180698152
B12825,0.004106776180698152
B12771,0.004106776180698152
B3344,0.004106776180698152
B11830,0.004106776180698152
B11464,0.004106776180698152
B6645,0.004106776180698152
B9979,0.004106776180698152
B10633,0.002053388090349076
B11909,0.002053388090349076
B249,0.002053388090349076
B2425,0.002053388090349076
B396,0.002053388090349076
B2427,0.002053388090349076
B12610,0.002053388090349076
B10,0.002053388090349076
B1371,0.002053388090349076
B3832,0.002053388090349076
B11035,0.002053388090349076
B1373,0.002053388090349076
B11756,0.002053388090349076
B12066,0.002053388090349076
B4075,0.002053388090349076
B2727,0.002053388090349076
B10230,0.002053388090349076
B3758,0.002053388090349076
B2072,0.002053388090349076
B3624,0.002053388090349076
B3168,0.002053388090349076
B1474,0.002053388090349076
B2297,0.002053388090349076
B12975,0.002053388090349076
B1476,0.002053388090349076
B2077,0.002053388090349076
B1383,0.002053388090349076
B3211,0.002053388090349076
B10452,0.002053388090349076
B11600,0.002053388090349076
B4087,0.002053388090349076
B2935,0.002053388090349076
B10660,0.002053388090349076
B10246,0.002053388090349076
B12752,0.002053388090349076
B406,0.002053388090349076
B11428,0.002053388090349076
B11933,0.002053388090349076
B11057,0.002053388090349076
B1750,0.002053388090349076
B12630,0.002053388090349076
B12631,0.002053388090349076
B3940,0.002053388090349076
B10039,0.002053388090349076
B12633,0.002053388090349076
B1663,0.002053388090349076
B12636,0.002053388090349076
B11066,0.002053388090349076
B4065,0.002053388090349076
B11438,0.002053388090349076
B3741,0.002053388090349076
B3417,0.002053388090349076
B12376,0.002053388090349076
B1667,0.002053388090349076
B3825,0.002053388090349076
B10680,0.002053388090349076
B368,0.002053388090349076
B11444,0.002053388090349076
B12096,0.002053388090349076
B1027,0.002053388090349076
B10055,0.002053388090349076
B3797,0.002053388090349076
B3305,0.002053388090349076
B10059,0.002053388090349076
B3345,0.002053388090349076
B11793,0.002053388090349076
B2446,0.002053388090349076
B2380,0.002053388090349076
B193,0.002053388090349076
B10487,0.002053388090349076
B2946,0.002053388090349076
B4066,0.002053388090349076
B11957,0.002053388090349076
B11457,0.002053388090349076
B11276,0.002053388090349076
B12889,0.002053388090349076
B1289,0.002053388090349076
B10286,0.002053388090349076
B1404,0.002053388090349076
B2745,0.002053388090349076
B1679,0.002053388090349076
B13105,0.002053388090349076
B3765,0.002053388090349076
B11465,0.002053388090349076
B12395,0.002053388090349076
B2013,0.002053388090349076
B2691,0.002053388090349076
B1266,0.002053388090349076
B2243,0.002053388090349076
B11810,0.002053388090349076
B11811,0.002053388090349076
B124,0.002053388090349076
B3918,0.002053388090349076
B3498,0.002053388090349076
B12900,0.002053388090349076
B2319,0.002053388090349076
B38,0.002053388090349076
B1165,0.002053388090349076
B3636,0.002053388090349076
B10720,0.002053388090349076
B11819,0.002053388090349076
B10095,0.002053388090349076
B3466,0.002053388090349076
B11977,0.002053388090349076
B3142,0.002053388090349076
B12269,0.002053388090349076
B12789,0.002053388090349076
B3882,0.002053388090349076
B11304,0.002053388090349076
B3468,0.002053388090349076
B11118,0.002053388090349076
B11487,0.002053388090349076
B13014,0.002053388090349076
B1166,0.002053388090349076
B12543,0.002053388090349076
B404,0.002053388090349076
B10529,0.002053388090349076
B178,0.002053388090349076
B1603,0.002053388090349076
B11125,0.002053388090349076
B10933,0.002053388090349076
B10113,0.002053388090349076
B12277,0.002053388090349076
B2642,0.002053388090349076
B11129,0.002053388090349076
B3501,0.002053388090349076
B3502,0.002053388090349076
B2525,0.002053388090349076
B11836,0.002053388090349076
B2257,0.002053388090349076
B2807,0.002053388090349076
B12552,0.002053388090349076
B2589,0.002053388090349076
B24,0.002053388090349076
B1331,0.002053388090349076
B10946,0.002053388090349076
B3687,0.002053388090349076
B375,0.002053388090349076
B253,0.002053388090349076
B3665,0.002053388090349076
B10756,0.002053388090349076
B12290,0.002053388090349076
B11681,0.002053388090349076
B2705,0.002053388090349076
B12807,0.002053388090349076
B2266,0.002053388090349076
B10136,0.002053388090349076
B2038,0.002053388090349076
B12690,0.002053388090349076
B10763,0.002053388090349076
B11851,0.002053388090349076
B3534,0.002053388090349076
B12927,0.002053388090349076
B204,0.002053388090349076
B4067,0.002053388090349076
B12156,0.002053388090349076
B3536,0.002053388090349076
B2196,0.002053388090349076
B3364,0.002053388090349076
B3283,0.002053388090349076
B1057,0.002053388090349076
B10570,0.002053388090349076
B12571,0.002053388090349076
B1244,0.002053388090349076
B11698,0.002053388090349076
B11160,0.002053388090349076
B12162,0.002053388090349076
B10779,0.002053388090349076
B12015,0.002053388090349076
B12016,0.002053388090349076
B10370,0.002053388090349076
B3060,0.002053388090349076
B12818,0.002053388090349076
B11702,0.002053388090349076
B2475,0.002053388090349076
B11704,0.002053388090349076
B10376,0.002053388090349076
B3477,0.002053388090349076
B12701,0.002053388090349076
B11357,0.002053388090349076
B1716,0.002053388090349076
B2539,0.002053388090349076
B10588,0.002053388090349076
B1217,0.002053388090349076
B12579,0.002053388090349076
B3109,0.002053388090349076
B1447,0.002053388090349076
B13046,0.002053388090349076
B12174,0.002053388090349076
B1970,0.002053388090349076
B10390,0.002053388090349076
B3442,0.002053388090349076
B12942,0.002053388090349076
B12943,0.002053388090349076
B3110,0.002053388090349076
B11549,0.002053388090349076
B12830,0.002053388090349076
B11883,0.002053388090349076
B11187,0.002053388090349076
B3111,0.002053388090349076
B12182,0.002053388090349076
B12832,0.002053388090349076
B3642,0.002053388090349076
B3802,0.002053388090349076
B3864,0.002053388090349076
B12187,0.002053388090349076
B3480,0.002053388090349076
B329,0.002053388090349076
B206,0.002053388090349076
B12596,0.002053388090349076
B11198,0.002053388090349076
B2720,0.002053388090349076
B12952,0.002053388090349076
B1815,0.002053388090349076
B11897,0.002053388090349076
B12333,0.002053388090349076
B3818,0.002053388090349076
B1551,0.002053388090349076
B11204,0.002053388090349076
B12197,0.002053388090349076
B12336,0.002053388090349076
B12843,0.002053388090349076
B2062,0.002053388090349076
B2722,0.002053388090349076
B1102,0.002053388090349076
B13162,0.002053388090349076
B11743,0.002053388090349076
B3754,0.002053388090349076
B11906,0.002053388090349076
B13064,0.002053388090349076
B4101,0.002053388090349076
B4115,0.002053388090349076
B4154,0.002053388090349076
B4172,0.002053388090349076
B4176,0.002053388090349076
B4195,0.002053388090349076
B4199,0.002053388090349076
B4230,0.002053388090349076
B4265,0.002053388090349076
B4317,0.002053388090349076
B4414,0.002053388090349076
B4436,0.002053388090349076
B4487,0.002053388090349076
B4534,0.002053388090349076
B4559,0.002053388090349076
B4577,0.002053388090349076
B4660,0.002053388090349076
B4671,0.002053388090349076
B4686,0.002053388090349076
B4690,0.002053388090349076
B4743,0.002053388090349076
B4756,0.002053388090349076
B4782,0.002053388090349076
B482,0.002053388090349076
B4826,0.002053388090349076
B4857,0.002053388090349076
B4877,0.002053388090349076
B4891,0.002053388090349076
B4918,0.002053388090349076
B4937,0.002053388090349076
B4958,0.002053388090349076
B4976,0.002053388090349076
B4994,0.002053388090349076
B5035,0.002053388090349076
B5067,0.002053388090349076
B5117,0.002053388090349076
B5174,0.002053388090349076
B5178,0.002053388090349076
B5215,0.002053388090349076
B5217,0.002053388090349076
B5275,0.002053388090349076
B5287,0.002053388090349076
B5321,0.002053388090349076
B5323,0.002053388090349076
B5358,0.002053388090349076
B5399,0.002053388090349076
B5407,0.002053388090349076
B5409,0.002053388090349076
B5459,0.002053388090349076
B5465,0.002053388090349076
B5493,0.002053388090349076
B5502,0.002053388090349076
B5507,0.002053388090349076
B5525,0.002053388090349076
B5535,0.002053388090349076
B5574,0.002053388090349076
B5575,0.002053388090349076
B5612,0.002053388090349076
B5645,0.002053388090349076
B5709,0.002053388090349076
B5751,0.002053388090349076
B5756,0.002053388090349076
B5768,0.002053388090349076
B5793,0.002053388090349076
B58,0.002053388090349076
B5829,0.002053388090349076
B5866,0.002053388090349076
B5924,0.002053388090349076
B5954,0.002053388090349076
B5978,0.002053388090349076
B598,0.002053388090349076
B5989,0.002053388090349076
B6026,0.002053388090349076
B6059,0.002053388090349076
B6063,0.002053388090349076
B6101,0.002053388090349076
B6158,0.002053388090349076
B616,0.002053388090349076
B6160,0.002053388090349076
B6171,0.002053388090349076
B6172,0.002053388090349076
B6183,0.002053388090349076
B6189,0.002053388090349076
B6206,0.002053388090349076
B6222,0.002053388090349076
B6227,0.002053388090349076
B625,0.002053388090349076
B6320,0.002053388090349076
B6323,0.002053388090349076
B6328,0.002053388090349076
B6345,0.002053388090349076
B6353,0.002053388090349076
B6394,0.002053388090349076
B6470,0.002053388090349076
B6473,0.002053388090349076
B6501,0.002053388090349076
B6508,0.002053388090349076
B6515,0.002053388090349076
B655,0.002053388090349076
B6600,0.002053388090349076
B6602,0.002053388090349076
B6613,0.002053388090349076
B11025,0.002053388090349076
B6652,0.002053388090349076
B6676,0.002053388090349076
B6704,0.002053388090349076
B6706,0.002053388090349076
B6714,0.002053388090349076
B6739,0.002053388090349076
B6749,0.002053388090349076
B11577,0.002053388090349076
B6826,0.002053388090349076
B6871,0.002053388090349076
B6881,0.002053388090349076
B6903,0.002053388090349076
B6904,0.002053388090349076
B6925,0.002053388090349076
B6931,0.002053388090349076
B7015,0.002053388090349076
B706,0.002053388090349076
B7075,0.002053388090349076
B7076,0.002053388090349076
B7079,0.002053388090349076
B7087,0.002053388090349076
B7138,0.002053388090349076
B7140,0.002053388090349076
B7158,0.002053388090349076
B7167,0.002053388090349076
B7228,0.002053388090349076
B7268,0.002053388090349076
B7269,0.002053388090349076
B7272,0.002053388090349076
B7299,0.002053388090349076
B7312,0.002053388090349076
B7327,0.002053388090349076
B7386,0.002053388090349076
B7405,0.002053388090349076
B7446,0.002053388090349076
B7450,0.002053388090349076
B7480,0.002053388090349076
B7521,0.002053388090349076
B7573,0.002053388090349076
B7588,0.002053388090349076
B7601,0.002053388090349076
B7610,0.002053388090349076
B7615,0.002053388090349076
B7632,0.002053388090349076
B764,0.002053388090349076
B7649,0.002053388090349076
B7673,0.002053388090349076
B7721,0.002053388090349076
B7730,0.002053388090349076
B7750,0.002053388090349076
B7765,0.002053388090349076
B7767,0.002053388090349076
B779,0.002053388090349076
B7794,0.002053388090349076
B7807,0.002053388090349076
B781,0.002053388090349076
B7842,0.002053388090349076
B7859,0.002053388090349076
B7862,0.002053388090349076
B7926,0.002053388090349076
B7929,0.002053388090349076
B8016,0.002053388090349076
B81,0.002053388090349076
B8104,0.002053388090349076
B8106,0.002053388090349076
B811,0.002053388090349076
B8169,0.002053388090349076
B8193,0.002053388090349076
B8196,0.002053388090349076
B8202,0.002053388090349076
B8228,0.002053388090349076
B824,0.002053388090349076
B8252,0.002053388090349076
B8273,0.002053388090349076
B8300,0.002053388090349076
B8303,0.002053388090349076
B836,0.002053388090349076
B8381,0.002053388090349076
B8400,0.002053388090349076
B8401,0.002053388090349076
B8409,0.002053388090349076
B8437,0.002053388090349076
B8445,0.002053388090349076
B8447,0.002053388090349076
B8490,0.002053388090349076
B8513,0.002053388090349076
B8529,0.002053388090349076
B853,0.002053388090349076
B8535,0.002053388090349076
B8572,0.002053388090349076
B8587,0.002053388090349076
B8662,0.002053388090349076
B8706,0.002053388090349076
B871,0.002053388090349076
B8766,0.002053388090349076
B878,0.002053388090349076
B88,0.002053388090349076
B8818,0.002053388090349076
B8843,0.002053388090349076
B8850,0.002053388090349076
B901,0.002053388090349076
B9031,0.002053388090349076
B9041,0.002053388090349076
B9086,0.002053388090349076
B9121,0.002053388090349076
B9181,0.002053388090349076
B9193,0.002053388090349076
B9195,0.002053388090349076
B9243,0.002053388090349076
B9253,0.002053388090349076
B9277,0.002053388090349076
B9293,0.002053388090349076
B9324,0.002053388090349076
B9326,0.002053388090349076
B9344,0.002053388090349076
B9442,0.002053388090349076
B9519,0.002053388090349076
B9545,0.002053388090349076
B9551,0.002053388090349076
B9570,0.002053388090349076
B9593,0.002053388090349076
B963,0.002053388090349076
B9643,0.002053388090349076
B9654,0.002053388090349076
B9751,0.002053388090349076
B9774,0.002053388090349076
B9779,0.002053388090349076
B9815,0.002053388090349076
B9848,0.002053388090349076
B9854,0.002053388090349076
B9866,0.002053388090349076
B9887,0.002053388090349076
B9966,0.002053388090349076
B1901,0.002053388090349076
B9999,0.002053388090349076
B10219,0.0
B1022,0.0
B10220,0.0
B10221,0.0
B10222,0.0
B10223,0.0
B10225,0.0
B10226,0.0
B10227,0.0
B10228,0.0
B10229,0.0
B1023,0.0
B10231,0.0
B10232,0.0
B10233,0.0
B10234,0.0
B10235,0.0
B10236,0.0
B10237,0.0
B10238,0.0
B10239,0.0
B1024,0.0
B10240,0.0
B10241,0.0
B10242,0.0
B10243,0.0
B10244,0.0
B10245,0.0
B10247,0.0
B10248,0.0
B10249,0.0
B1025,0.0
B10250,0.0
B10251,0.0
B10252,0.0
B10253,0.0
B10254,0.0
B10255,0.0
B10256,0.0
B10257,0.0
B10258,0.0
B10259,0.0
B1026,0.0
B10260,0.0
B10261,0.0
B10262,0.0
B10263,0.0
B10264,0.0
B10265,0.0
B10266,0.0
B10267,0.0
B10268,0.0
B10269,0.0
B10270,0.0
B10271,0.0
B10272,0.0
B10273,0.0
B10274,0.0
B10275,0.0
B10276,0.0
B10277,0.0
B10278,0.0
B10279,0.0
B1028,0.0
B10280,0.0
B10281,0.0
B10282,0.0
B10283,0.0
B10284,0.0
B10285,0.0
B10287,0.0
B10288,0.0
B10289,0.0
B1029,0.0
B10290,0.0
B10291,0.0
B10292,0.0
B10293,0.0
B10294,0.0
B10295,0.0
B10296,0.0
B10297,0.0
B10298,0.0
B10299,0.0
B103,0.0
B1030,0.0
B10300,0.0
B10301,0.0
B10302,0.0
B10303,0.0
B10304,0.0
B10305,0.0
B10306,0.0
B10307,0.0
B10308,0.0
B10309,0.0
B1031,0.0
B10310,0.0
B10311,0.0
B10312,0.0
B10313,0.0
B10314,0.0
B10315,0.0
B10316,0.0
B10317,0.0
B10318,0.0
B10319,0.0
B1032,0.0
B10320,0.0
B10321,0.0
B10323,0.0
B10324,0.0
B10325,0.0
B10326,0.0
B10327,0.0
B10328,0.0
B10329,0.0
B1033,0.0
B10330,0.0
B10331,0.0
B10332,0.0
B10333,0.0
B10334,0.0
B10335,0.0
B10336,0.0
B10337,0.0
B10338,0.0
B10339,0.0
B1034,0.0
B10340,0.0
B10341,0.0
B10342,0.0
B10343,0.0
B10344,0.0
B10345,0.0
B10346,0.0
B10347,0.0
B10348,0.0
B10349,0.0
B1035,0.0
B10350,0.0
B10351,0.0
B10352,0.0
B10353,0.0
B10354,0.0
B10355,0.0
B10356,0.0
B10357,0.0
B10358,0.0
B10359,0.0
B1036,0.0
B10360,0.0
B10361,0.0
B10362,0.0
B10363,0.0
B10364,0.0
B10365,0.0
B10367,0.0
B10368,0.0
B10369,0.0
B1037,0.0
B10371,0.0
B10372,0.0
B10373,0.0
B10374,0.0
B10375,0.0
B10377,0.0
B10378,0.0
B10379,0.0
B1038,0.0
B10381,0.0
B10382,0.0
B10383,0.0
B10384,0.0
B10385,0.0
B10386,0.0
B10387,0.0
B10388,0.0
B10389,0.0
B1039,0.0
B10391,0.0
B10392,0.0
B10393,0.0
B10394,0.0
B10395,0.0
B10396,0.0
B10397,0.0
B10398,0.0
B10399,0.0
B104,0.0
B1040,0.0
B10400,0.0
B10401,0.0
B10402,0.0
B10403,0.0
B10404,0.0
B10405,0.0
B10406,0.0
B10407,0.0
B10408,0.0
B10409,0.0
B1041,0.0
B10410,0.0
B10411,0.0
B10412,0.0
B10413,0.0
B10414,0.0
B10415,0.0
B10416,0.0
B10417,0.0
B10418,0.0
B10419,0.0
B1042,0.0
B10420,0.0
B10421,0.0
B10422,0.0
B10423,0.0
B10424,0.0
B10425,0.0
B10426,0.0
B10427,0.0
B10428,0.0
B10429,0.0
B1043,0.0
B10430,0.0
B10431,0.0
B10432,0.0
B10433,0.0
B10434,0.0
B10435,0.0
B10436,0.0
B10437,0.0
B10438,0.0
B10439,0.0
B1044,0.0
B10440,0.0
B10441,0.0
B10442,0.0
B10443,0.0
B10444,0.0
B10445,0.0
B10446,0.0
B10447,0.0
B10448,0.0
B10449,0.0
B1045,0.0
B10450,0.0
B10451,0.0
B10453,0.0
B10454,0.0
B10455,0.0
B10456,0.0
B10457,0.0
B10458,0.0
B10459,0.0
B1046,0.0
B10460,0.0
B10461,0.0
B10462,0.0
B10463,0.0
B10464,0.0
B10465,0.0
B10466,0.0
B10467,0.0
B10468,0.0
B10469,0.0
B1047,0.0
B10470,0.0
B10471,0.0
B10472,0.0
B10473,0.0
B10474,0.0
B10475,0.0
B10476,0.0
B10477,0.0
B10478,0.0
B10479,0.0
B1048,0.0
B10480,0.0
B10481,0.0
B10482,0.0
B10483,0.0
B10484,0.0
B10485,0.0
B10486,0.0
B10488,0.0
B10489,0.0
B1049,0.0
B10490,0.0
B10491,0.0
B10492,0.0
B10493,0.0
B10494,0.0
B10495,0.0
B10496,0.0
B10497,0.0
B10498,0.0
B10499,0.0
B105,0.0
B1050,0.0
B10500,0.0
B10501,0.0
B10502,0.0
B10503,0.0
B10504,0.0
B10505,0.0
B10506,0.0
B10507,0.0
B10508,0.0
B10509,0.0
B1051,0.0
B10510,0.0
B10511,0.0
B10512,0.0
B10513,0.0
B10514,0.0
B10515,0.0
B10516,0.0
B10517,0.0
B10518,0.0
B10519,0.0
B1052,0.0
B10520,0.0
B10521,0.0
B10522,0.0
B10523,0.0
B10524,0.0
B10525,0.0
B10526,0.0
B10527,0.0
B10528,0.0
B1053,0.0
B10530,0.0
B10532,0.0
B10533,0.0
B10534,0.0
B10535,0.0
B10536,0.0
B10537,0.0
B10538,0.0
B10539,0.0
B1054,0.0
B10540,0.0
B10541,0.0
B10542,0.0
B10543,0.0
B10544,0.0
B10545,0.0
B10546,0.0
B10547,0.0
B10548,0.0
B10549,0.0
B1055,0.0
B10550,0.0
B10551,0.0
B10553,0.0
B10554,0.0
B10555,0.0
B10556,0.0
B10557,0.0
B10558,0.0
B10559,0.0
B1056,0.0
B10560,0.0
B10561,0.0
B10562,0.0
B10563,0.0
B10564,0.0
B10565,0.0
B10566,0.0
B10567,0.0
B10568,0.0
B10569,0.0
B10571,0.0
B10572,0.0
B10573,0.0
B10574,0.0
B10575,0.0
B10576,0.0
B10577,0.0
B10578,0.0
B10579,0.0
B1058,0.0
B10580,0.0
B10581,0.0
B10582,0.0
B10583,0.0
B10584,0.0
B10585,0.0
B10586,0.0
B10587,0.0
B10589,0.0
B1059,0.0
B10590,0.0
B10591,0.0
B10592,0.0
B10593,0.0
B10594,0.0
B10595,0.0
B10596,0.0
B10597,0.0
B10598,0.0
B10599,0.0
B106,0.0
B1060,0.0
B10600,0.0
B10601,0.0
B10602,0.0
B10603,0.0
B10604,0.0
B10605,0.0
B10606,0.0
B10607,0.0
B10608,0.0
B10609,0.0
B1061,0.0
B10610,0.0
B10611,0.0
B10612,0.0
B10613,0.0
B10614,0.0
B10615,0.0
B10616,0.0
B10617,0.0
B10618,0.0
B10619,0.0
B1062,0.0
B10620,0.0
B10621,0.0
B10622,0.0
B10623,0.0
B10624,0.0
B10625,0.0
B10626,0.0
B10627,0.0
B10628,0.0
B10629,0.0
B1063,0.0
B10630,0.0
B10631,0.0
B10632,0.0
B10634,0.0
B10635,0.0
B10636,0.0
B10638,0.0
B10639,0.0
B1064,0.0
B10640,0.0
B10641,0.0
B10642,0.0
B10643,0.0
B10644,0.0
B10645,0.0
B10646,0.0
B10647,0.0
B10648,0.0
B10649,0.0
B1065,0.0
B10650,0.0
B10651,0.0
B10652,0.0
B10653,0.0
B10654,0.0
B10655,0.0
B10656,0.0
B10657,0.0
B10658,0.0
B10659,0.0
B1066,0.0
B10661,0.0
B10662,0.0
B10663,0.0
B10664,0.0
B10665,0.0
B10666,0.0
B10667,0.0
B10668,0.0
B10669,0.0
B1067,0.0
B10670,0.0
B10671,0.0
B10672,0.0
B10673,0.0
B10674,0.0
B10675,0.0
B10676,0.0
B10677,0.0
B10678,0.0
B10679,0.0
B1068,0.0
B10681,0.0
B10682,0.0
B10683,0.0
B10684,0.0
B10686,0.0
B10687,0.0
B10688,0.0
B10689,0.0
B1069,0.0
B10691,0.0
B10692,0.0
B10693,0.0
B10694,0.0
B10695,0.0
B10696,0.0
B10697,0.0
B10698,0.0
B10699,0.0
B107,0.0
B1070,0.0
B10700,0.0
B10701,0.0
B10702,0.0
B10703,0.0
B10704,0.0
B10705,0.0
B10706,0.0
B10707,0.0
B10708,0.0
B10709,0.0
B1071,0.0
B10710,0.0
B10711,0.0
B10712,0.0
B10713,0.0
B10714,0.0
B10715,0.0
B10716,0.0
B10717,0.0
B10718,0.0
B10719,0.0
B10721,0.0
B10722,0.0
B10723,0.0
B10724,0.0
B10725,0.0
B10726,0.0
B10727,0.0
B10728,0.0
B10729,0.0
B1073,0.0
B10730,0.0
B10731,0.0
B10732,0.0
B10733,0.0
B10734,0.0
B10735,0.0
B10736,0.0
B10737,0.0
B10738,0.0
B10739,0.0
B1074,0.0
B10740,0.0
B10741,0.0
B10742,0.0
B10743,0.0
B10744,0.0
B10745,0.0
B10746,0.0
B10747,0.0
B10748,0.0
B10749,0.0
B1075,0.0
B10750,0.0
B10751,0.0
B10752,0.0
B10753,0.0
B10754,0.0
B10755,0.0
B10757,0.0
B10758,0.0
B10759,0.0
B1076,0.0
B10760,0.0
B10761,0.0
B10762,0.0
B10764,0.0
B10766,0.0
B10767,0.0
B10768,0.0
B10769,0.0
B1077,0.0
B10770,0.0
B10771,0.0
B10772,0.0
B10773,0.0
B10774,0.0
B10775,0.0
B10776,0.0
B10777,0.0
B10778,0.0
B1078,0.0
B10780,0.0
B10781,0.0
B10782,0.0
B10783,0.0
B10784,0.0
B10785,0.0
B10786,0.0
B10787,0.0
B10788,0.0
B10789,0.0
B1079,0.0
B10790,0.0
B10791,0.0
B10792,0.0
B10793,0.0
B10794,0.0
B10795,0.0
B10796,0.0
B10797,0.0
B10798,0.0
B10799,0.0
B108,0.0
B1080,0.0
B10800,0.0
B10801,0.0
B10802,0.0
B10803,0.0
B10804,0.0
B10805,0.0
B10806,0.0
B10807,0.0
B10808,0.0
B10809,0.0
B1081,0.0
B10810,0.0
B10811,0.0
B10812,0.0
B10813,0.0
B10814,0.0
B10815,0.0
B10816,0.0
B10817,0.0
B10818,0.0
B10819,0.0
B1082,0.0
B10820,0.0
B10821,0.0
B10822,0.0
B10823,0.0
B10824,0.0
B10825,0.0
B10826,0.0
B10827,0.0
B10828,0.0
B10829,0.0
B1083,0.0
B10830,0.0
B10831,0.0
B10832,0.0
B10833,0.0
B10834,0.0
B10835,0.0
B10836,0.0
B10837,0.0
B10838,0.0
B10839,0.0
B1084,0.0
B10840,0.0
B10841,0.0
B10842,0.0
B10843,0.0
B10844,0.0
B10845,0.0
B10846,0.0
B10847,0.0
B10848,0.0
B10849,0.0
B1085,0.0
B10850,0.0
B10851,0.0
B10852,0.0
B10853,0.0
B10854,0.0
B10855,0.0
B10856,0.0
B10857,0.0
B10858,0.0
B10859,0.0
B1086,0.0
B10860,0.0
B10861,0.0
B10862,0.0
B10863,0.0
B10864,0.0
B10865,0.0
B10866,0.0
B10867,0.0
B10868,0.0
B10869,0.0
B1087,0.0
B10870,0.0
B10871,0.0
B10872,0.0
B10873,0.0
B10874,0.0
B10875,0.0
B10876,0.0
B10877,0.0
B10878,0.0
B10879,0.0
B1088,0.0
B10880,0.0
B10881,0.0
B10882,0.0
B10883,0.0
B10884,0.0
B10885,0.0
B10886,0.0
B10887,0.0
B10888,0.0
B10889,0.0
B1089,0.0
B10890,0.0
B10891,0.0
B10892,0.0
B10893,0.0
B10894,0.0
B10895,0.0
B10896,0.0
B10897,0.0
B10898,0.0
B10899,0.0
B109,0.0
B1090,0.0
B10900,0.0
B10901,0.0
B10902,0.0
B10903,0.0
B10904,0.0
B10905,0.0
B10906,0.0
B10907,0.0
B10908,0.0
B10909,0.0
B1091,0.0
B10910,0.0
B10911,0.0
B10912,0.0
B10913,0.0
B10914,0.0
B10915,0.0
B10916,0.0
B10917,0.0
B10918,0.0
B10919,0.0
B1092,0.0
B10920,0.0
B10921,0.0
B10922,0.0
B10923,0.0
B10924,0.0
B10925,0.0
B10926,0.0
B10927,0.0
B10928,0.0
B10929,0.0
B1093,0.0
B10930,0.0
B10931,0.0
B10932,0.0
B10934,0.0
B10935,0.0
B10936,0.0
B10937,0.0
B10938,0.0
B10939,0.0
B1094,0.0
B10940,0.0
B10941,0.0
B10942,0.0
B10943,0.0
B10944,0.0
B10945,0.0
B10947,0.0
B10948,0.0
B10949,0.0
B1095,0.0
B10950,0.0
B10951,0.0
B10952,0.0
B10953,0.0
B10954,0.0
B10955,0.0
B10956,0.0
B10957,0.0
B10958,0.0
B10959,0.0
B1096,0.0
B10960,0.0
B10961,0.0
B10962,0.0
B10963,0.0
B10964,0.0
B10965,0.0
B10966,0.0
B10967,0.0
B10968,0.0
B10969,0.0
B1097,0.0
B10970,0.0
B10971,0.0
B10972,0.0
B10973,0.0
B10977,0.0
B10978,0.0
B10979,0.0
B1098,0.0
B10980,0.0
B10981,0.0
B10982,0.0
B10983,0.0
B10984,0.0
B10985,0.0
B10986,0.0
B10987,0.0
B10988,0.0
B10989,0.0
B1099,0.0
B10990,0.0
B10991,0.0
B10992,0.0
B10993,0.0
B10994,0.0
B10995,0.0
B10996,0.0
B10997,0.0
B10998,0.0
B10999,0.0
B11,0.0
B110,0.0
B1100,0.0
B11000,0.0
B11001,0.0
B11002,0.0
B11003,0.0
B11004,0.0
B11005,0.0
B11006,0.0
B11007,0.0
B11008,0.0
B11009,0.0
B1101,0.0
B11010,0.0
B11011,0.0
B11012,0.0
B11013,0.0
B11014,0.0
B11015,0.0
B11016,0.0
B11017,0.0
B11018,0.0
B11019,0.0
B11020,0.0
B11021,0.0
B11022,0.0
B11023,0.0
B11024,0.0
B11026,0.0
B11027,0.0
B11028,0.0
B11029,0.0
B1103,0.0
B11030,0.0
B11031,0.0
B11032,0.0
B11033,0.0
B11034,0.0
B11036,0.0
B11037,0.0
B11038,0.0
B11039,0.0
B1104,0.0
B11040,0.0
B11041,0.0
B11042,0.0
B11043,0.0
B11044,0.0
B11045,0.0
B11046,0.0
B11047,0.0
B11048,0.0
B11049,0.0
B1105,0.0
B11050,0.0
B11051,0.0
B11052,0.0
B11053,0.0
B11054,0.0
B11055,0.0
B11056,0.0
B11058,0.0
B11059,0.0
B1106,0.0
B11060,0.0
B11061,0.0
B11062,0.0
B11063,0.0
B11065,0.0
B11067,0.0
B11068,0.0
B11069,0.0
B1107,0.0
B11070,0.0
B11071,0.0
B11072,0.0
B11073,0.0
B11074,0.0
B11075,0.0
B11076,0.0
B11077,0.0
B11078,0.0
B11079,0.0
B1108,0.0
B11080,0.0
B11081,0.0
B11082,0.0
B11083,0.0
B11084,0.0
B11085,0.0
B11086,0.0
B11087,0.0
B11088,0.0
B11089,0.0
B1109,0.0
B11090,0.0
B11091,0.0
B11092,0.0
B11093,0.0
B11094,0.0
B11095,0.0
B11096,0.0
B11097,0.0
B11098,0.0
B11099,0.0
B111,0.0
B1110,0.0
B11100,0.0
B11101,0.0
B11102,0.0
B11103,0.0
B11104,0.0
B11105,0.0
B11106,0.0
B11107,0.0
B11108,0.0
B11109,0.0
B1111,0.0
B11110,0.0
B11111,0.0
B11112,0.0
B11113,0.0
B11114,0.0
B11115,0.0
B11116,0.0
B11117,0.0
B11119,0.0
B1112,0.0
B11120,0.0
B11121,0.0
B11122,0.0
B11123,0.0
B11124,0.0
B11126,0.0
B11127,0.0
B11128,0.0
B1113,0.0
B11130,0.0
B11131,0.0
B11132,0.0
B11133,0.0
B11134,0.0
B11135,0.0
B11136,0.0
B11137,0.0
B11138,0.0
B11139,0.0
B1114,0.0
B11140,0.0
B11141,0.0
B11142,0.0
B11143,0.0
B11144,0.0
B11145,0.0
B11146,0.0
B11147,0.0
B11148,0.0
B11149,0.0
B1115,0.0
B11150,0.0
B11151,0.0
B11152,0.0
B11153,0.0
B11154,0.0
B11155,0.0
B11156,0.0
B11157,0.0
B11158,0.0
B11159,0.0
B1116,0.0
B11161,0.0
B11162,0.0
B11163,0.0
B11164,0.0
B11165,0.0
B11166,0.0
B11167,0.0
B11168,0.0
B11169,0.0
B1117,0.0
B11170,0.0
B11171,0.0
B11172,0.0
B11173,0.0
B11174,0.0
B11175,0.0
B11176,0.0
B11177,0.0
B11178,0.0
B11179,0.0
B1118,0.0
B11180,0.0
B11181,0.0
B11182,0.0
B11183,0.0
B11184,0.0
B11185,0.0
B11186,0.0
B11188,0.0
B11189,0.0
B1119,0.0
B11190,0.0
B11191,0.0
B11192,0.0
B11193,0.0
B11194,0.0
B11195,0.0
B11196,0.0
B11197,0.0
B11199,0.0
B112,0.0
B1120,0.0
B11200,0.0
B11201,0.0
B11202,0.0
B11203,0.0
B11205,0.0
B11206,0.0
B11207,0.0
B11208,0.0
B11209,0.0
B1121,0.0
B11210,0.0
B11211,0.0
B11212,0.0
B11213,0.0
B11214,0.0
B11215,0.0
B11216,0.0
B11217,0.0
B11218,0.0
B11219,0.0
B1122,0.0
B11220,0.0
B11221,0.0
B11222,0.0
B11223,0.0
B11224,0.0
B11225,0.0
B11226,0.0
B11227,0.0
B11228,0.0
B11229,0.0
B1123,0.0
B11230,0.0
B11231,0.0
B11232,0.0
B11233,0.0
B11234,0.0
B11235,0.0
B11236,0.0
B11237,0.0
B11238,0.0
B11239,0.0
B1124,0.0
B11240,0.0
B11241,0.0
B11242,0.0
B11243,0.0
B11244,0.0
B11245,0.0
B11246,0.0
B11247,0.0
B11248,0.0
B11249,0.0
B1125,0.0
B11250,0.0
B11251,0.0
B11252,0.0
B11253,0.0
B11255,0.0
B11256,0.0
B11257,0.0
B11258,0.0
B11259,0.0
B1126,0.0
B11260,0.0
B11261,0.0
B11262,0.0
B11263,0.0
B11264,0.0
B11265,0.0
B11266,0.0
B1127,0.0
B11270,0.0
B11271,0.0
B11272,0.0
B11273,0.0
B11274,0.0
B11275,0.0
B11277,0.0
B11278,0.0
B11279,0.0
B1128,0.0
B11280,0.0
B11281,0.0
B11282,0.0
B11283,0.0
B11284,0.0
B11285,0.0
B11286,0.0
B11287,0.0
B11288,0.0
B11289,0.0
B1129,0.0
B11290,0.0
B11291,0.0
B11292,0.0
B11293,0.0
B11294,0.0
B11295,0.0
B11296,0.0
B11297,0.0
B11298,0.0
B11299,0.0
B113,0.0
B1130,0.0
B11300,0.0
B11301,0.0
B11302,0.0
B11303,0.0
B11305,0.0
B11306,0.0
B11307,0.0
B11308,0.0
B11309,0.0
B1131,0.0
B11310,0.0
B11311,0.0
B11312,0.0
B11313,0.0
B11314,0.0
B11315,0.0
B11317,0.0
B11318,0.0
B11319,0.0
B1132,0.0
B11320,0.0
B11321,0.0
B11322,0.0
B11323,0.0
B11324,0.0
B11325,0.0
B11326,0.0
B11327,0.0
B11328,0.0
B11329,0.0
B1133,0.0
B11330,0.0
B11331,0.0
B11332,0.0
B11333,0.0
B11334,0.0
B11335,0.0
B11336,0.0
B11338,0.0
B11339,0.0
B1134,0.0
B11340,0.0
B11341,0.0
B11342,0.0
B11343,0.0
B11344,0.0
B11345,0.0
B11346,0.0
B11347,0.0
B11348,0.0
B11349,0.0
B1135,0.0
B11350,0.0
B11351,0.0
B11352,0.0
B11353,0.0
B11354,0.0
B11355,0.0
B11356,0.0
B11358,0.0
B11359,0.0
B1136,0.0
B11360,0.0
B11361,0.0
B11362,0.0
B11363,0.0
B11364,0.0
B11365,0.0
B11366,0.0
B11367,0.0
B11368,0.0
B11369,0.0
B1137,0.0
B11370,0.0
B11371,0.0
B11372,0.0
B11373,0.0
B11374,0.0
B11375,0.0
B11376,0.0
B11377,0.0
B11378,0.0
B11379,0.0
B1138,0.0
B11380,0.0
B11381,0.0
B11382,0.0
B11383,0.0
B11384,0.0
B11385,0.0
B11386,0.0
B11387,0.0
B11388,0.0
B11389,0.0
B1139,0.0
B11390,0.0
B11391,0.0
B11392,0.0
B11393,0.0
B11394,0.0
B11395,0.0
B11396,0.0
B11397,0.0
B11398,0.0
B11399,0.0
B114,0.0
B1140,0.0
B11400,0.0
B11403,0.0
B11404,0.0
B11405,0.0
B11406,0.0
B11407,0.0
B11408,0.0
B11409,0.0
B1141,0.0
B11410,0.0
B11411,0.0
B11412,0.0
B11413,0.0
B11414,0.0
B11415,0.0
B11416,0.0
B11417,0.0
B11418,0.0
B11419,0.0
B1142,0.0
B11420,0.0
B11421,0.0
B11422,0.0
B11423,0.0
B11424,0.0
B11425,0.0
B11426,0.0
B11427,0.0
B11429,0.0
B1143,0.0
B11430,0.0
B11431,0.0
B11432,0.0
B11433,0.0
B11434,0.0
B11435,0.0
B11436,0.0
B11437,0.0
B11439,0.0
B1144,0.0
B11440,0.0
B11441,0.0
B11442,0.0
B11443,0.0
B11445,0.0
B11446,0.0
B11447,0.0
B11448,0.0
B11449,0.0
B1145,0.0
B11450,0.0
B11451,0.0
B11452,0.0
B11453,0.0
B11454,0.0
B11455,0.0
B11456,0.0
B11458,0.0
B11459,0.0
B1146,0.0
B11460,0.0
B11461,0.0
B11462,0.0
B11463,0.0
B11466,0.0
B11467,0.0
B11468,0.0
B11469,0.0
B1147,0.0
B11470,0.0
B11471,0.0
B11472,0.0
B11473,0.0
B11474,0.0
B11475,0.0
B11476,0.0
B11477,0.0
B11478,0.0
B11479,0.0
B1148,0.0
B11480,0.0
B11481,0.0
B11482,0.0
B11483,0.0
B11484,0.0
B11485,0.0
B11486,0.0
B11488,0.0
B11489,0.0
B1149,0.0
B11490,0.0
B11491,0.0
B11492,0.0
B11493,0.0
B11494,0.0
B11496,0.0
B11497,0.0
B11498,0.0
B11499,0.0
B115,0.0
B1150,0.0
B11500,0.0
B11501,0.0
B11502,0.0
B11503,0.0
B11504,0.0
B11505,0.0
B11506,0.0
B11507,0.0
B11508,0.0
B11509,0.0
B1151,0.0
B11510,0.0
B11511,0.0
B11512,0.0
B11513,0.0
B11514,0.0
B11515,0.0
B11516,0.0
B11517,0.0
B11518,0.0
B11519,0.0
B1152,0.0
B11520,0.0
B11521,0.0
B11522,0.0
B11523,0.0
B11524,0.0
B11525,0.0
B11526,0.0
B11527,0.0
B11528,0.0
B11529,0.0
B1153,0.0
B11530,0.0
B11531,0.0
B11532,0.0
B11533,0.0
B11534,0.0
B11535,0.0
B11536,0.0
B11537,0.0
B11538,0.0
B11539,0.0
B1154,0.0
B11540,0.0
B11541,0.0
B11542,0.0
B11543,0.0
B11544,0.0
B11545,0.0
B11546,0.0
B11547,0.0
B11548,0.0
B1155,0.0
B11550,0.0
B11551,0.0
B11552,0.0
B11553,0.0
B11554,0.0
B11555,0.0
B11556,0.0
B11557,0.0
B11558,0.0
B11559,0.0
B1156,0.0
B11560,0.0
B11561,0.0
B11562,0.0
B11563,0.0
B11564,0.0
B11565,0.0
B11566,0.0
B11567,0.0
B11568,0.0
B11569,0.0
B1157,0.0
B11570,0.0
B11571,0.0
B11572,0.0
B11573,0.0
B11574,0.0
B11575,0.0
B11576,0.0
B11578,0.0
B11579,0.0
B1158,0.0
B11580,0.0
B11581,0.0
B11582,0.0
B11583,0.0
B11584,0.0
B11585,0.0
B11587,0.0
B11588,0.0
B11589,0.0
B1159,0.0
B11590,0.0
B11591,0.0
B11592,0.0
B11593,0.0
B11594,0.0
B11595,0.0
B11596,0.0
B11597,0.0
B11598,0.0
B11599,0.0
B116,0.0
B1160,0.0
B11601,0.0
B11602,0.0
B11603,0.0
B11604,0.0
B11605,0.0
B11606,0.0
B11607,0.0
B11608,0.0
B11609,0.0
B1161,0.0
B11610,0.0
B11611,0.0
B11612,0.0
B11613,0.0
B11614,0.0
B11615,0.0
B11616,0.0
B11617,0.0
B11618,0.0
B11619,0.0
B1162,0.0
B11620,0.0
B11621,0.0
B11622,0.0
B11623,0.0
B11624,0.0
B11625,0.0
B11626,0.0
B11627,0.0
B11628,0.0
B11629,0.0
B1163,0.0
B11630,0.0
B11631,0.0
B11632,0.0
B11633,0.0
B11634,0.0
B11635,0.0
B11636,0.0
B11637,0.0
B11638,0.0
B11639,0.0
B1164,0.0
B11640,0.0
B11641,0.0
B11642,0.0
B11643,0.0
B11644,0.0
B11645,0.0
B11646,0.0
B11647,0.0
B11648,0.0
B11649,0.0
B11650,0.0
B11651,0.0
B11652,0.0
B11653,0.0
B11654,0.0
B11655,0.0
B11656,0.0
B11657,0.0
B11658,0.0
B11659,0.0
B11660,0.0
B11661,0.0
B11662,0.0
B11663,0.0
B11664,0.0
B11665,0.0
B11666,0.0
B11667,0.0
B11668,0.0
B11669,0.0
B1167,0.0
B11670,0.0
B11671,0.0
B11672,0.0
B11673,0.0
B11674,0.0
B11676,0.0
B11677,0.0
B11678,0.0
B11679,0.0
B1168,0.0
B11680,0.0
B11682,0.0
B11683,0.0
B11684,0.0
B11685,0.0
B11686,0.0
B11687,0.0
B11688,0.0
B11689,0.0
B1169,0.0
B11690,0.0
B11691,0.0
B11692,0.0
B11693,0.0
B11694,0.0
B11695,0.0
B11696,0.0
B11697,0.0
B11699,0.0
B117,0.0
B1170,0.0
B11700,0.0
B11701,0.0
B11703,0.0
B11705,0.0
B11706,0.0
B11707,0.0
B11708,0.0
B11709,0.0
B1171,0.0
B11710,0.0
B11711,0.0
B11712,0.0
B11713,0.0
B11714,0.0
B11715,0.0
B11716,0.0
B11717,0.0
B11718,0.0
B11719,0.0
B1172,0.0
B11720,0.0
B11721,0.0
B11722,0.0
B11723,0.0
B11724,0.0
B11725,0.0
B11726,0.0
B11727,0.0
B11728,0.0
B11729,0.0
B1173,0.0
B11730,0.0
B11731,0.0
B11732,0.0
B11733,0.0
B11734,0.0
B11735,0.0
B11736,0.0
B11737,0.0
B11738,0.0
B11739,0.0
B1174,0.0
B11740,0.0
B11741,0.0
B11742,0.0
B11744,0.0
B11745,0.0
B11746,0.0
B11747,0.0
B11748,0.0
B11749,0.0
B1175,0.0
B11750,0.0
B11751,0.0
B11752,0.0
B11753,0.0
B11754,0.0
B11755,0.0
B11757,0.0
B11758,0.0
B11759,0.0
B1176,0.0
B11760,0.0
B11761,0.0
B11762,0.0
B11763,0.0
B11764,0.0
B11765,0.0
B11766,0.0
B11767,0.0
B11768,0.0
B11769,0.0
B1177,0.0
B11770,0.0
B11771,0.0
B11772,0.0
B11773,0.0
B11774,0.0
B11775,0.0
B11776,0.0
B11777,0.0
B11778,0.0
B11779,0.0
B1178,0.0
B11780,0.0
B11781,0.0
B11783,0.0
B11784,0.0
B11785,0.0
B11786,0.0
B11787,0.0
B11788,0.0
B11789,0.0
B1179,0.0
B11790,0.0
B11791,0.0
B11792,0.0
B11794,0.0
B11795,0.0
B11796,0.0
B11797,0.0
B11798,0.0
B11799,0.0
B118,0.0
B1180,0.0
B11800,0.0
B11801,0.0
B11802,0.0
B11803,0.0
B11804,0.0
B11805,0.0
B11806,0.0
B11807,0.0
B11808,0.0
B11809,0.0
B1181,0.0
B11812,0.0
B11813,0.0
B11814,0.0
B11815,0.0
B11816,0.0
B11817,0.0
B11818,0.0
B1182,0.0
B11820,0.0
B11821,0.0
B11822,0.0
B11823,0.0
B11824,0.0
B11825,0.0
B11826,0.0
B11827,0.0
B11828,0.0
B11829,0.0
B1183,0.0
B11831,0.0
B11832,0.0
B11833,0.0
B11834,0.0
B11835,0.0
B11837,0.0
B11838,0.0
B11839,0.0
B1184,0.0
B11840,0.0
B11841,0.0
B11842,0.0
B11843,0.0
B11844,0.0
B11845,0.0
B11846,0.0
B11847,0.0
B11848,0.0
B11849,0.0
B1185,0.0
B11850,0.0
B11852,0.0
B11853,0.0
B11854,0.0
B11855,0.0
B11856,0.0
B11857,0.0
B11858,0.0
B11859,0.0
B1186,0.0
B11860,0.0
B11861,0.0
B11862,0.0
B11863,0.0
B11864,0.0
B11865,0.0
B11866,0.0
B11867,0.0
B11868,0.0
B11869,0.0
B1187,0.0
B11870,0.0
B11871,0.0
B11872,0.0
B11873,0.0
B11874,0.0
B11875,0.0
B11876,0.0
B11877,0.0
B11878,0.0
B11879,0.0
B1188,0.0
B11880,0.0
B11881,0.0
B11882,0.0
B11884,0.0
B11885,0.0
B11886,0.0
B11887,0.0
B11888,0.0
B11889,0.0
B1189,0.0
B11890,0.0
B11891,0.0
B11892,0.0
B11893,0.0
B11894,0.0
B11895,0.0
B11896,0.0
B11898,0.0
B11899,0.0
B119,0.0
B1190,0.0
B11900,0.0
B11901,0.0
B11902,0.0
B11903,0.0
B11904,0.0
B11905,0.0
B11907,0.0
B11908,0.0
B1191,0.0
B11910,0.0
B11911,0.0
B11912,0.0
B11913,0.0
B11914,0.0
B11915,0.0
B11916,0.0
B11917,0.0
B11918,0.0
B11919,0.0
B1192,0.0
B11920,0.0
B11921,0.0
B11922,0.0
B11923,0.0
B11924,0.0
B11925,0.0
B11926,0.0
B11927,0.0
B11928,0.0
B11929,0.0
B1193,0.0
B11930,0.0
B11931,0.0
B11932,0.0
B11934,0.0
B11935,0.0
B11936,0.0
B11937,0.0
B11938,0.0
B11939,0.0
B1194,0.0
B11940,0.0
B11941,0.0
B11942,0.0
B11943,0.0
B11944,0.0
B11945,0.0
B11946,0.0
B11947,0.0
B11948,0.0
B11949,0.0
B1195,0.0
B11950,0.0
B11951,0.0
B11952,0.0
B11953,0.0
B11954,0.0
B11955,0.0
B11956,0.0
B11958,0.0
B11959,0.0
B1196,0.0
B11960,0.0
B11961,0.0
B11962,0.0
B11963,0.0
B11964,0.0
B11965,0.0
B11966,0.0
B11967,0.0
B11968,0.0
B11969,0.0
B1197,0.0
B11970,0.0
B11971,0.0
B11972,0.0
B11973,0.0
B11974,0.0
B11975,0.0
B11976,0.0
B11978,0.0
B11979,0.0
B1198,0.0
B11980,0.0
B11981,0.0
B11982,0.0
B11983,0.0
B11984,0.0
B11985,0.0
B11986,0.0
B11987,0.0
B11988,0.0
B11989,0.0
B1199,0.0
B11990,0.0
B11991,0.0
B11992,0.0
B11993,0.0
B11994,0.0
B11995,0.0
B11996,0.0
B11997,0.0
B11998,0.0
B11999,0.0
B12,0.0
B120,0.0
B1200,0.0
B12000,0.0
B12001,0.0
B12002,0.0
B12003,0.0
B12004,0.0
B12005,0.0
B12006,0.0
B12007,0.0
B12008,0.0
B12009,0.0
B1201,0.0
B12010,0.0
B12011,0.0
B12012,0.0
B12013,0.0
B12014,0.0
B12017,0.0
B12018,0.0
B12019,0.0
B1202,0.0
B12020,0.0
B12021,0.0
B12022,0.0
B12023,0.0
B12024,0.0
B12025,0.0
B12026,0.0
B12027,0.0
B12028,0.0
B12029,0.0
B1203,0.0
B12030,0.0
B12031,0.0
B12032,0.0
B12033,0.0
B12034,0.0
B12035,0.0
B12036,0.0
B12037,0.0
B12038,0.0
B12039,0.0
B1204,0.0
B12040,0.0
B12041,0.0
B12042,0.0
B12043,0.0
B12044,0.0
B12045,0.0
B12046,0.0
B12047,0.0
B12048,0.0
B12049,0.0
B1205,0.0
B12050,0.0
B12051,0.0
B12052,0.0
B12053,0.0
B12054,0.0
B12055,0.0
B12056,0.0
B12057,0.0
B12058,0.0
B12059,0.0
B1206,0.0
B12060,0.0
B12061,0.0
B12062,0.0
B12063,0.0
B12064,0.0
B12065,0.0
B12067,0.0
B12068,0.0
B12069,0.0
B1207,0.0
B12070,0.0
B12071,0.0
B12072,0.0
B12073,0.0
B12074,0.0
B12075,0.0
B12076,0.0
B12077,0.0
B12078,0.0
B12079,0.0
B1208,0.0
B12080,0.0
B12081,0.0
B12082,0.0
B12083,0.0
B12084,0.0
B12085,0.0
B12086,0.0
B12087,0.0
B12088,0.0
B12089,0.0
B1209,0.0
B12090,0.0
B12091,0.0
B12092,0.0
B12093,0.0
B12094,0.0
B12095,0.0
B12097,0.0
B12098,0.0
B12099,0.0
B121,0.0
B1210,0.0
B12100,0.0
B12101,0.0
B12102,0.0
B12103,0.0
B12104,0.0
B12105,0.0
B12106,0.0
B12107,0.0
B12108,0.0
B12109,0.0
B1211,0.0
B12110,0.0
B12111,0.0
B12112,0.0
B12113,0.0
B12114,0.0
B12115,0.0
B12116,0.0
B12117,0.0
B12118,0.0
B12119,0.0
B1212,0.0
B12120,0.0
B12121,0.0
B12122,0.0
B12123,0.0
B12124,0.0
B12125,0.0
B12126,0.0
B12127,0.0
B12128,0.0
B12129,0.0
B1213,0.0
B12130,0.0
B12131,0.0
B12132,0.0
B12133,0.0
B12134,0.0
B12135,0.0
B12137,0.0
B12138,0.0
B12139,0.0
B1214,0.0
B12140,0.0
B12141,0.0
B12142,0.0
B12143,0.0
B12144,0.0
B12145,0.0
B12146,0.0
B12147,0.0
B12148,0.0
B12149,0.0
B1215,0.0
B12150,0.0
B12151,0.0
B12152,0.0
B12153,0.0
B12154,0.0
B12155,0.0
B12157,0.0
B12158,0.0
B12159,0.0
B1216,0.0
B12160,0.0
B12161,0.0
B12163,0.0
B12164,0.0
B12165,0.0
B12166,0.0
B12167,0.0
B12168,0.0
B12169,0.0
B12170,0.0
B12171,0.0
B12172,0.0
B12173,0.0
B12175,0.0
B12176,0.0
B12177,0.0
B12178,0.0
B12179,0.0
B1218,0.0
B12180,0.0
B12181,0.0
B12183,0.0
B12184,0.0
B12185,0.0
B12186,0.0
B12188,0.0
B12189,0.0
B1219,0.0
B12190,0.0
B12191,0.0
B12192,0.0
B12193,0.0
B12194,0.0
B12195,0.0
B12196,0.0
B12198,0.0
B12199,0.0
B122,0.0
B1220,0.0
B12200,0.0
B12201,0.0
B12202,0.0
B12203,0.0
B12204,0.0
B12205,0.0
B12206,0.0
B12207,0.0
B12208,0.0
B12209,0.0
B1221,0.0
B12210,0.0
B12211,0.0
B12212,0.0
B12213,0.0
B12214,0.0
B12215,0.0
B12216,0.0
B12217,0.0
B12218,0.0
B12219,0.0
B1222,0.0
B12220,0.0
B12221,0.0
B12222,0.0
B12223,0.0
B12224,0.0
B12225,0.0
B12226,0.0
B12227,0.0
B12228,0.0
B12229,0.0
B1223,0.0
B12230,0.0
B12231,0.0
B12232,0.0
B12233,0.0
B12234,0.0
B12235,0.0
B12236,0.0
B12237,0.0
B12238,0.0
B12239,0.0
B1224,0.0
B12240,0.0
B12241,0.0
B12242,0.0
B12243,0.0
B12244,0.0
B12245,0.0
B12246,0.0
B12247,0.0
B12248,0.0
B12249,0.0
B1225,0.0
B12250,0.0
B12251,0.0
B12252,0.0
B12253,0.0
B12254,0.0
B12255,0.0
B12256,0.0
B12257,0.0
B12258,0.0
B12259,0.0
B1226,0.0
B12260,0.0
B12261,0.0
B12262,0.0
B12263,0.0
B12264,0.0
B12265,0.0
B12266,0.0
B12267,0.0
B12268,0.0
B1227,0.0
B12270,0.0
B12271,0.0
B12272,0.0
B12273,0.0
B12274,0.0
B12275,0.0
B12276,0.0
B12278,0.0
B12279,0.0
B1228,0.0
B12280,0.0
B12281,0.0
B12282,0.0
B12283,0.0
B12284,0.0
B12285,0.0
B12286,0.0
B12287,0.0
B12288,0.0
B12289,0.0
B1229,0.0
B12291,0.0
B12292,0.0
B12293,0.0
B12294,0.0
B12295,0.0
B12296,0.0
B12297,0.0
B12298,0.0
B12299,0.0
B123,0.0
B1230,0.0
B12300,0.0
B12301,0.0
B12302,0.0
B12303,0.0
B12304,0.0
B12305,0.0
B12306,0.0
B12307,0.0
B12308,0.0
B12309,0.0
B1231,0.0
B12310,0.0
B12311,0.0
B12312,0.0
B12313,0.0
B12314,0.0
B12316,0.0
B12317,0.0
B12318,0.0
B12319,0.0
B1232,0.0
B12320,0.0
B12321,0.0
B12322,0.0
B12323,0.0
B12324,0.0
B12325,0.0
B12326,0.0
B12328,0.0
B12329,0.0
B1233,0.0
B12330,0.0
B12331,0.0
B12332,0.0
B12334,0.0
B12335,0.0
B12337,0.0
B12338,0.0
B12339,0.0
B1234,0.0
B12340,0.0
B12341,0.0
B12342,0.0
B12343,0.0
B12344,0.0
B12345,0.0
B12346,0.0
B12347,0.0
B12348,0.0
B12349,0.0
B1235,0.0
B12350,0.0
B12351,0.0
B12352,0.0
B12353,0.0
B12354,0.0
B12355,0.0
B12356,0.0
B12357,0.0
B12358,0.0
B12359,0.0
B1236,0.0
B12360,0.0
B12361,0.0
B12362,0.0
B12363,0.0
B12364,0.0
B12365,0.0
B12366,0.0
B12367,0.0
B12368,0.0
B12369,0.0
B1237,0.0
B12370,0.0
B12371,0.0
B12372,0.0
B12373,0.0
B12374,0.0
B12375,0.0
B12377,0.0
B12378,0.0
B12379,0.0
B1238,0.0
B12380,0.0
B12381,0.0
B12382,0.0
B12383,0.0
B12384,0.0
B12385,0.0
B12386,0.0
B12387,0.0
B12388,0.0
B12389,0.0
B1239,0.0
B12390,0.0
B12391,0.0
B12392,0.0
B12393,0.0
B12394,0.0
B12396,0.0
B12397,0.0
B12398,0.0
B12399,0.0
B1240,0.0
B12400,0.0
B12401,0.0
B12402,0.0
B12403,0.0
B12404,0.0
B12405,0.0
B12406,0.0
B12407,0.0
B12408,0.0
B12409,0.0
B1241,0.0
B12410,0.0
B12411,0.0
B12412,0.0
B12413,0.0
B12414,0.0
B12415,0.0
B12416,0.0
B12417,0.0
B12418,0.0
B12419,0.0
B1242,0.0
B12420,0.0
B12421,0.0
B12422,0.0
B12423,0.0
B12424,0.0
B12425,0.0
B12426,0.0
B12427,0.0
B12428,0.0
B12429,0.0
B1243,0.0
B12430,0.0
B12431,0.0
B12432,0.0
B12433,0.0
B12434,0.0
B12435,0.0
B12436,0.0
B12437,0.0
B12438,0.0
B12439,0.0
B12440,0.0
B12441,0.0
B12442,0.0
B12443,0.0
B12444,0.0
B12445,0.0
B12446,0.0
B12447,0.0
B12448,0.0
B12449,0.0
B1245,0.0
B12450,0.0
B12451,0.0
B12452,0.0
B12453,0.0
B12454,0.0
B12455,0.0
B12456,0.0
B12457,0.0
B12458,0.0
B12459,0.0
B1246,0.0
B12460,0.0
B12461,0.0
B12462,0.0
B12463,0.0
B12464,0.0
B12465,0.0
B12466,0.0
B12467,0.0
B12468,0.0
B12469,0.0
B1247,0.0
B12470,0.0
B12471,0.0
B12472,0.0
B12473,0.0
B12474,0.0
B12475,0.0
B12476,0.0
B12477,0.0
B12478,0.0
B12479,0.0
B1248,0.0
B12480,0.0
B12481,0.0
B12482,0.0
B12483,0.0
B12484,0.0
B12485,0.0
B12486,0.0
B12487,0.0
B12488,0.0
B1249,0.0
B12490,0.0
B12491,0.0
B12492,0.0
B12493,0.0
B12494,0.0
B12495,0.0
B12496,0.0
B12497,0.0
B12498,0.0
B12499,0.0
B125,0.0
B1250,0.0
B12500,0.0
B12501,0.0
B12502,0.0
B12503,0.0
B12504,0.0
B12505,0.0
B12506,0.0
B12507,0.0
B12508,0.0
B12509,0.0
B1251,0.0
B12510,0.0
B12511,0.0
B12512,0.0
B12515,0.0
B12516,0.0
B12517,0.0
B12518,0.0
B12519,0.0
B1252,0.0
B12520,0.0
B12521,0.0
B12522,0.0
B12523,0.0
B12524,0.0
B12525,0.0
B12526,0.0
B12527,0.0
B12528,0.0
B12529,0.0
B1253,0.0
B12530,0.0
B12531,0.0
B12532,0.0
B12533,0.0
B12534,0.0
B12535,0.0
B12536,0.0
B12537,0.0
B12538,0.0
B12539,0.0
B1254,0.0
B12540,0.0
B12541,0.0
B12542,0.0
B12544,0.0
B12545,0.0
B12546,0.0
B12547,0.0
B12548,0.0
B12549,0.0
B1255,0.0
B12550,0.0
B12551,0.0
B12553,0.0
B12554,0.0
B12555,0.0
B12556,0.0
B12557,0.0
B12558,0.0
B12559,0.0
B1256,0.0
B12560,0.0
B12561,0.0
B12562,0.0
B12563,0.0
B12564,0.0
B12565,0.0
B12566,0.0
B12567,0.0
B12568,0.0
B12569,0.0
B1257,0.0
B12570,0.0
B12572,0.0
B12573,0.0
B12574,0.0
B12575,0.0
B12576,0.0
B12577,0.0
B12578,0.0
B1258,0.0
B12580,0.0
B12581,0.0
B12582,0.0
B12583,0.0
B12584,0.0
B12585,0.0
B12586,0.0
B12587,0.0
B12588,0.0
B12589,0.0
B1259,0.0
B12590,0.0
B12591,0.0
B12592,0.0
B12593,0.0
B12594,0.0
B12595,0.0
B12597,0.0
B12598,0.0
B12599,0.0
B126,0.0
B1260,0.0
B12600,0.0
B12601,0.0
B12602,0.0
B12603,0.0
B12604,0.0
B12605,0.0
B12606,0.0
B12607,0.0
B12608,0.0
B12609,0.0
B1261,0.0
B12611,0.0
B12612,0.0
B12613,0.0
B12614,0.0
B12615,0.0
B12616,0.0
B12617,0.0
B12618,0.0
B12619,0.0
B1262,0.0
B12620,0.0
B12621,0.0
B12622,0.0
B12623,0.0
B12624,0.0
B12625,0.0
B12626,0.0
B12627,0.0
B12628,0.0
B12629,0.0
B1263,0.0
B12632,0.0
B12634,0.0
B12635,0.0
B12637,0.0
B12638,0.0
B12639,0.0
B1264,0.0
B12640,0.0
B12641,0.0
B12642,0.0
B12643,0.0
B12644,0.0
B12645,0.0
B12646,0.0
B12647,0.0
B12648,0.0
B12649,0.0
B1265,0.0
B12650,0.0
B12651,0.0
B12652,0.0
B12653,0.0
B12654,0.0
B12655,0.0
B12656,0.0
B12657,0.0
B12658,0.0
B12659,0.0
B12660,0.0
B12661,0.0
B12662,0.0
B12663,0.0
B12664,0.0
B12665,0.0
B12666,0.0
B12667,0.0
B12668,0.0
B12669,0.0
B1267,0.0
B12670,0.0
B12671,0.0
B12672,0.0
B12673,0.0
B12674,0.0
B12675,0.0
B12676,0.0
B12677,0.0
B12678,0.0
B12679,0.0
B1268,0.0
B12680,0.0
B12681,0.0
B12682,0.0
B12683,0.0
B12684,0.0
B12685,0.0
B12686,0.0
B12687,0.0
B12688,0.0
B12689,0.0
B1269,0.0
B12691,0.0
B12692,0.0
B12693,0.0
B12694,0.0
B12695,0.0
B12696,0.0
B12697,0.0
B12698,0.0
B12699,0.0
B127,0.0
B1270,0.0
B12700,0.0
B12702,0.0
B12703,0.0
B12704,0.0
B12705,0.0
B12706,0.0
B12707,0.0
B12708,0.0
B12709,0.0
B1271,0.0
B12710,0.0
B12711,0.0
B12712,0.0
B12713,0.0
B12714,0.0
B12715,0.0
B12716,0.0
B12717,0.0
B12718,0.0
B12719,0.0
B1272,0.0
B12720,0.0
B12721,0.0
B12722,0.0
B12723,0.0
B12724,0.0
B12725,0.0
B12726,0.0
B12727,0.0
B12728,0.0
B12729,0.0
B1273,0.0
B12730,0.0
B12731,0.0
B12732,0.0
B12733,0.0
B12734,0.0
B12735,0.0
B12736,0.0
B12737,0.0
B12738,0.0
B12739,0.0
B1274,0.0
B12740,0.0
B12741,0.0
B12742,0.0
B12743,0.0
B12744,0.0
B12745,0.0
B12747,0.0
B12748,0.0
B12749,0.0
B1275,0.0
B12750,0.0
B12751,0.0
B12753,0.0
B12754,0.0
B12755,0.0
B12756,0.0
B12757,0.0
B12758,0.0
B12759,0.0
B1276,0.0
B12760,0.0
B12761,0.0
B12762,0.0
B12763,0.0
B12764,0.0
B12765,0.0
B12766,0.0
B12767,0.0
B12768,0.0
B12769,0.0
B1277,0.0
B12770,0.0
B12772,0.0
B12773,0.0
B12774,0.0
B12775,0.0
B12776,0.0
B12777,0.0
B12778,0.0
B12779,0.0
B1278,0.0
B12780,0.0
B12781,0.0
B12782,0.0
B12783,0.0
B12784,0.0
B12785,0.0
B12786,0.0
B12787,0.0
B12788,0.0
B1279,0.0
B12790,0.0
B12791,0.0
B12792,0.0
B12793,0.0
B12794,0.0
B12795,0.0
B12796,0.0
B12797,0.0
B12798,0.0
B12799,0.0
B128,0.0
B1280,0.0
B12800,0.0
B12801,0.0
B12802,0.0
B12803,0.0
B12804,0.0
B12805,0.0
B12806,0.0
B12808,0.0
B12809,0.0
B1281,0.0
B12810,0.0
B12811,0.0
B12812,0.0
B12813,0.0
B12814,0.0
B12815,0.0
B12816,0.0
B12817,0.0
B12819,0.0
B1282,0.0
B12820,0.0
B12821,0.0
B12822,0.0
B12823,0.0
B12824,0.0
B12826,0.0
B12827,0.0
B12828,0.0
B12829,0.0
B1283,0.0
B12831,0.0
B12833,0.0
B12834,0.0
B12835,0.0
B12836,0.0
B12837,0.0
B12838,0.0
B12839,0.0
B1284,0.0
B12840,0.0
B12841,0.0
B12842,0.0
B12844,0.0
B12845,0.0
B12846,0.0
B12847,0.0
B12848,0.0
B12849,0.0
B1285,0.0
B12850,0.0
B12851,0.0
B12853,0.0
B12854,0.0
B12855,0.0
B12856,0.0
B12857,0.0
B12858,0.0
B12859,0.0
B1286,0.0
B12860,0.0
B12861,0.0
B12862,0.0
B12863,0.0
B12864,0.0
B12865,0.0
B12866,0.0
B12867,0.0
B12868,0.0
B12869,0.0
B1287,0.0
B12870,0.0
B12871,0.0
B12872,0.0
B12873,0.0
B12874,0.0
B12875,0.0
B12876,0.0
B12877,0.0
B12878,0.0
B12879,0.0
B1288,0.0
B12880,0.0
B12881,0.0
B12882,0.0
B12883,0.0
B12884,0.0
B12885,0.0
B12886,0.0
B12887,0.0
B12888,0.0
B12890,0.0
B12892,0.0
B12893,0.0
B12894,0.0
B12896,0.0
B12897,0.0
B12898,0.0
B12899,0.0
B129,0.0
B1290,0.0
B12901,0.0
B12902,0.0
B12903,0.0
B12904,0.0
B12905,0.0
B12906,0.0
B12907,0.0
B12908,0.0
B12909,0.0
B1291,0.0
B12910,0.0
B12911,0.0
B12912,0.0
B12913,0.0
B12914,0.0
B12915,0.0
B12916,0.0
B12917,0.0
B12918,0.0
B12919,0.0
B1292,0.0
B12920,0.0
B12921,0.0
B12922,0.0
B12923,0.0
B12924,0.0
B12925,0.0
B12926,0.0
B12928,0.0
B12929,0.0
B1293,0.0
B12930,0.0
B12931,0.0
B12932,0.0
B12933,0.0
B12934,0.0
B12935,0.0
B12936,0.0
B12937,0.0
B12938,0.0
B12939,0.0
B1294,0.0
B12940,0.0
B12941,0.0
B12944,0.0
B12945,0.0
B12946,0.0
B12947,0.0
B12948,0.0
B12949,0.0
B1295,0.0
B12950,0.0
B12951,0.0
B12953,0.0
B12954,0.0
B12955,0.0
B12956,0.0
B12957,0.0
B12958,0.0
B12959,0.0
B1296,0.0
B12960,0.0
B12961,0.0
B12962,0.0
B12963,0.0
B12964,0.0
B12965,0.0
B12966,0.0
B12967,0.0
B12968,0.0
B12969,0.0
B1297,0.0
B12970,0.0
B12971,0.0
B12972,0.0
B12973,0.0
B12974,0.0
B12976,0.0
B12977,0.0
B12978,0.0
B12979,0.0
B1298,0.0
B12980,0.0
B12981,0.0
B12982,0.0
B12983,0.0
B12984,0.0
B12985,0.0
B12986,0.0
B12987,0.0
B12988,0.0
B12989,0.0
B1299,0.0
B12991,0.0
B12992,0.0
B12993,0.0
B12994,0.0
B12995,0.0
B12996,0.0
B12997,0.0
B12998,0.0
B12999,0.0
B13,0.0
B130,0.0
B1300,0.0
B13000,0.0
B13001,0.0
B13002,0.0
B13003,0.0
B13004,0.0
B13005,0.0
B13006,0.0
B13007,0.0
B13008,0.0
B13009,0.0
B1301,0.0
B13010,0.0
B13011,0.0
B13012,0.0
B13013,0.0
B13015,0.0
B13016,0.0
B13017,0.0
B13019,0.0
B1302,0.0
B13020,0.0
B13021,0.0
B13022,0.0
B13023,0.0
B13024,0.0
B13025,0.0
B13026,0.0
B13027,0.0
B13028,0.0
B13029,0.0
B1303,0.0
B13030,0.0
B13031,0.0
B13032,0.0
B13033,0.0
B13034,0.0
B13035,0.0
B13036,0.0
B13037,0.0
B13038,0.0
B13039,0.0
B1304,0.0
B13040,0.0
B13041,0.0
B13042,0.0
B13043,0.0
B13044,0.0
B13045,0.0
B13047,0.0
B13048,0.0
B13049,0.0
B1305,0.0
B13050,0.0
B13051,0.0
B13052,0.0
B13053,0.0
B13054,0.0
B13055,0.0
B13056,0.0
B13057,0.0
B13058,0.0
B13059,0.0
B1306,0.0
B13060,0.0
B13062,0.0
B13063,0.0
B13065,0.0
B13066,0.0
B13067,0.0
B13068,0.0
B13069,0.0
B1307,0.0
B13070,0.0
B13071,0.0
B13072,0.0
B13073,0.0
B13074,0.0
B13075,0.0
B13076,0.0
B13077,0.0
B13078,0.0
B13079,0.0
B1308,0.0
B13080,0.0
B13081,0.0
B13082,0.0
B13083,0.0
B13084,0.0
B13085,0.0
B13086,0.0
B13087,0.0
B13088,0.0
B13089,0.0
B1309,0.0
B13090,0.0
B13091,0.0
B13092,0.0
B13093,0.0
B13094,0.0
B13095,0.0
B13096,0.0
B13097,0.0
B13098,0.0
B13099,0.0
B131,0.0
B1310,0.0
B13100,0.0
B13101,0.0
B13102,0.0
B13103,0.0
B13104,0.0
B13106,0.0
B13107,0.0
B13108,0.0
B13109,0.0
B1311,0.0
B13110,0.0
B13111,0.0
B13112,0.0
B13113,0.0
B13114,0.0
B13115,0.0
B13116,0.0
B13117,0.0
B13118,0.0
B13119,0.0
B1312,0.0
B13120,0.0
B13121,0.0
B13122,0.0
B13123,0.0
B13124,0.0
B13125,0.0
B13126,0.0
B13127,0.0
B13128,0.0
B13129,0.0
B1313,0.0
B13130,0.0
B13131,0.0
B13132,0.0
B13133,0.0
B13134,0.0
B13135,0.0
B13136,0.0
B13137,0.0
B13138,0.0
B13139,0.0
B1314,0.0
B13140,0.0
B13141,0.0
B13142,0.0
B13143,0.0
B13144,0.0
B13145,0.0
B13146,0.0
B13147,0.0
B13148,0.0
B13149,0.0
B1315,0.0
B13150,0.0
B13151,0.0
B13152,0.0
B13153,0.0
B13154,0.0
B13155,0.0
B13156,0.0
B13157,0.0
B13158,0.0
B13159,0.0
B1316,0.0
B13160,0.0
B13161,0.0
B13163,0.0
B13164,0.0
B13165,0.0
B13166,0.0
B13167,0.0
B13168,0.0
B13169,0.0
B1317,0.0
B13170,0.0
B13171,0.0
B13172,0.0
B13173,0.0
B13174,0.0
B13175,0.0
B13176,0.0
B13177,0.0
B13178,0.0
B13179,0.0
B1318,0.0
B13180,0.0
B13181,0.0
B13182,0.0
B13184,0.0
B13185,0.0
B13186,0.0
B13187,0.0
B13188,0.0
B13189,0.0
B1319,0.0
B13190,0.0
B13192,0.0
B13193,0.0
B13194,0.0
B13196,0.0
B13197,0.0
B13199,0.0
B132,0.0
B1320,0.0
B13200,0.0
B13201,0.0
B13204,0.0
B13205,0.0
B13206,0.0
B13207,0.0
B13208,0.0
B1321,0.0
B13210,0.0
B13213,0.0
B13214,0.0
B13215,0.0
B13216,0.0
B13217,0.0
B13218,0.0
B13219,0.0
B1322,0.0
B13220,0.0
B13221,0.0
B13222,0.0
B13223,0.0
B13224,0.0
B13225,0.0
B1323,0.0
B1324,0.0
B1325,0.0
B1326,0.0
B1327,0.0
B1328,0.0
B1329,0.0
B133,0.0
B1330,0.0
B1332,0.0
B1333,0.0
B1334,0.0
B1335,0.0
B1336,0.0
B1337,0.0
B1338,0.0
B1339,0.0
B134,0.0
B1340,0.0
B1341,0.0
B1342,0.0
B1343,0.0
B1344,0.0
B1345,0.0
B1346,0.0
B1347,0.0
B1348,0.0
B1349,0.0
B135,0.0
B1350,0.0
B1351,0.0
B1352,0.0
B1353,0.0
B1354,0.0
B1355,0.0
B1356,0.0
B1357,0.0
B1358,0.0
B1359,0.0
B136,0.0
B1360,0.0
B1361,0.0
B1362,0.0
B1363,0.0
B1364,0.0
B1365,0.0
B1366,0.0
B1367,0.0
B1368,0.0
B1369,0.0
B137,0.0
B1370,0.0
B1372,0.0
B1374,0.0
B1375,0.0
B1376,0.0
B1377,0.0
B1378,0.0
B1379,0.0
B138,0.0
B1380,0.0
B1381,0.0
B1382,0.0
B1384,0.0
B1385,0.0
B1386,0.0
B1387,0.0
B1388,0.0
B1389,0.0
B139,0.0
B1390,0.0
B1391,0.0
B1392,0.0
B1393,0.0
B1394,0.0
B1395,0.0
B1396,0.0
B1397,0.0
B1398,0.0
B1399,0.0
B14,0.0
B140,0.0
B1400,0.0
B1401,0.0
B1402,0.0
B1403,0.0
B1405,0.0
B1406,0.0
B1407,0.0
B1408,0.0
B1409,0.0
B141,0.0
B1410,0.0
B1411,0.0
B1412,0.0
B1413,0.0
B1414,0.0
B1415,0.0
B1416,0.0
B1417,0.0
B1418,0.0
B1419,0.0
B142,0.0
B1420,0.0
B1421,0.0
B1422,0.0
B1423,0.0
B1424,0.0
B1425,0.0
B1426,0.0
B1427,0.0
B1428,0.0
B1429,0.0
B143,0.0
B1430,0.0
B1431,0.0
B1432,0.0
B1433,0.0
B1434,0.0
B1435,0.0
B1436,0.0
B1437,0.0
B1438,0.0
B1439,0.0
B144,0.0
B1440,0.0
B1441,0.0
B1442,0.0
B1443,0.0
B1444,0.0
B1445,0.0
B1446,0.0
B1448,0.0
B1449,0.0
B145,0.0
B1450,0.0
B1451,0.0
B1452,0.0
B1453,0.0
B1454,0.0
B1455,0.0
B1456,0.0
B1457,0.0
B1458,0.0
B1459,0.0
B146,0.0
B1460,0.0
B1461,0.0
B1462,0.0
B1463,0.0
B1464,0.0
B1465,0.0
B1466,0.0
B1467,0.0
B1468,0.0
B1469,0.0
B147,0.0
B1470,0.0
B1471,0.0
B1472,0.0
B1473,0.0
B1475,0.0
B1477,0.0
B1478,0.0
B1479,0.0
B148,0.0
B1480,0.0
B1481,0.0
B1482,0.0
B1483,0.0
B1484,0.0
B1485,0.0
B1486,0.0
B1487,0.0
B1488,0.0
B1489,0.0
B149,0.0
B1490,0.0
B1491,0.0
B1492,0.0
B1493,0.0
B1494,0.0
B1495,0.0
B1496,0.0
B1497,0.0
B1498,0.0
B1499,0.0
B15,0.0
B150,0.0
B1500,0.0
B1501,0.0
B1502,0.0
B1503,0.0
B1504,0.0
B1505,0.0
B1506,0.0
B1507,0.0
B1508,0.0
B1509,0.0
B151,0.0
B1510,0.0
B1511,0.0
B1512,0.0
B1513,0.0
B1514,0.0
B1515,0.0
B1516,0.0
B1517,0.0
B1518,0.0
B1519,0.0
B152,0.0
B1520,0.0
B1521,0.0
B1522,0.0
B1523,0.0
B1524,0.0
B1525,0.0
B1526,0.0
B1527,0.0
B1528,0.0
B1529,0.0
B153,0.0
B1530,0.0
B1531,0.0
B1532,0.0
B1533,0.0
B1534,0.0
B1535,0.0
B1536,0.0
B1537,0.0
B1538,0.0
B1539,0.0
B154,0.0
B1540,0.0
B1541,0.0
B1542,0.0
B1543,0.0
B1544,0.0
B1545,0.0
B1546,0.0
B1547,0.0
B1548,0.0
B1549,0.0
B155,0.0
B1550,0.0
B1552,0.0
B1553,0.0
B1554,0.0
B1555,0.0
B1556,0.0
B1557,0.0
B1558,0.0
B1559,0.0
B156,0.0
B1560,0.0
B1561,0.0
B1562,0.0
B1563,0.0
B1564,0.0
B1565,0.0
B1566,0.0
B1567,0.0
B1568,0.0
B1569,0.0
B157,0.0
B1570,0.0
B1571,0.0
B1572,0.0
B1573,0.0
B1574,0.0
B1575,0.0
B1576,0.0
B1577,0.0
B1578,0.0
B1579,0.0
B158,0.0
B1580,0.0
B1581,0.0
B1582,0.0
B1583,0.0
B1584,0.0
B1585,0.0
B1586,0.0
B1587,0.0
B1588,0.0
B1589,0.0
B159,0.0
B1590,0.0
B1591,0.0
B1592,0.0
B1593,0.0
B1594,0.0
B1595,0.0
B1596,0.0
B1597,0.0
B1598,0.0
B1599,0.0
B16,0.0
B160,0.0
B1600,0.0
B1601,0.0
B1602,0.0
B1604,0.0
B1605,0.0
B1606,0.0
B1607,0.0
B1608,0.0
B1609,0.0
B161,0.0
B1610,0.0
B1611,0.0
B1612,0.0
B1613,0.0
B1614,0.0
B1615,0.0
B1616,0.0
B1617,0.0
B1618,0.0
B1619,0.0
B162,0.0
B1620,0.0
B1621,0.0
B1622,0.0
B1623,0.0
B1624,0.0
B1625,0.0
B1626,0.0
B1627,0.0
B1628,0.0
B1629,0.0
B163,0.0
B1630,0.0
B1631,0.0
B1632,0.0
B1633,0.0
B1634,0.0
B1635,0.0
B1636,0.0
B1637,0.0
B1638,0.0
B1639,0.0
B164,0.0
B1640,0.0
B1641,0.0
B1642,0.0
B1643,0.0
B1644,0.0
B1645,0.0
B1646,0.0
B1647,0.0
B1648,0.0
B1649,0.0
B165,0.0
B1650,0.0
B1651,0.0
B1652,0.0
B1653,0.0
B1654,0.0
B1655,0.0
B1656,0.0
B1657,0.0
B1658,0.0
B1659,0.0
B166,0.0
B1660,0.0
B1661,0.0
B1662,0.0
B1664,0.0
B1665,0.0
B1666,0.0
B1668,0.0
B1669,0.0
B167,0.0
B1670,0.0
B1671,0.0
B1672,0.0
B1673,0.0
B1674,0.0
B1675,0.0
B1676,0.0
B1677,0.0
B1678,0.0
B168,0.0
B1680,0.0
B1681,0.0
B1682,0.0
B1683,0.0
B1684,0.0
B1685,0.0
B1686,0.0
B1687,0.0
B1688,0.0
B1689,0.0
B169,0.0
B1690,0.0
B1691,0.0
B1693,0.0
B1694,0.0
B1695,0.0
B1696,0.0
B1697,0.0
B1698,0.0
B1699,0.0
B17,0.0
B170,0.0
B1700,0.0
B1701,0.0
B1702,0.0
B1703,0.0
B1704,0.0
B1705,0.0
B1706,0.0
B1707,0.0
B1708,0.0
B1709,0.0
B171,0.0
B1710,0.0
B1711,0.0
B1712,0.0
B1713,0.0
B1714,0.0
B1715,0.0
B1717,0.0
B1718,0.0
B1719,0.0
B172,0.0
B1720,0.0
B1721,0.0
B1722,0.0
B1723,0.0
B1724,0.0
B1725,0.0
B1726,0.0
B1727,0.0
B1728,0.0
B1729,0.0
B173,0.0
B1730,0.0
B1731,0.0
B1732,0.0
B1733,0.0
B1734,0.0
B1735,0.0
B1736,0.0
B1737,0.0
B1738,0.0
B1739,0.0
B174,0.0
B1741,0.0
B1742,0.0
B1743,0.0
B1744,0.0
B1745,0.0
B1746,0.0
B1747,0.0
B1748,0.0
B1749,0.0
B175,0.0
B1751,0.0
B1752,0.0
B1753,0.0
B1754,0.0
B1755,0.0
B1756,0.0
B1757,0.0
B1758,0.0
B1759,0.0
B176,0.0
B1760,0.0
B1761,0.0
B1762,0.0
B1763,0.0
B1764,0.0
B1765,0.0
B1766,0.0
B1767,0.0
B1768,0.0
B1769,0.0
B177,0.0
B1770,0.0
B1771,0.0
B1772,0.0
B1773,0.0
B1774,0.0
B1775,0.0
B1776,0.0
B1777,0.0
B1778,0.0
B1779,0.0
B1780,0.0
B1781,0.0
B1782,0.0
B1783,0.0
B1784,0.0
B1785,0.0
B1786,0.0
B1787,0.0
B1788,0.0
B1789,0.0
B179,0.0
B1790,0.0
B1791,0.0
B1792,0.0
B1793,0.0
B1794,0.0
B1795,0.0
B1796,0.0
B1797,0.0
B1798,0.0
B1799,0.0
B18,0.0
B180,0.0
B1800,0.0
B1801,0.0
B1802,0.0
B1803,0.0
B1804,0.0
B1805,0.0
B1806,0.0
B1807,0.0
B1809,0.0
B181,0.0
B1810,0.0
B1811,0.0
B1812,0.0
B1813,0.0
B1814,0.0
B1816,0.0
B1817,0.0
B1818,0.0
B1819,0.0
B182,0.0
B1820,0.0
B1821,0.0
B1822,0.0
B1823,0.0
B1824,0.0
B1825,0.0
B1826,0.0
B1827,0.0
B1828,0.0
B1829,0.0
B183,0.0
B1830,0.0
B1831,0.0
B1832,0.0
B1833,0.0
B1834,0.0
B1835,0.0
B1836,0.0
B1837,0.0
B1838,0.0
B1839,0.0
B184,0.0
B1840,0.0
B1841,0.0
B1842,0.0
B1843,0.0
B1844,0.0
B1845,0.0
B1846,0.0
B1847,0.0
B1848,0.0
B1849,0.0
B185,0.0
B1850,0.0
B1851,0.0
B1852,0.0
B1853,0.0
B1854,0.0
B1855,0.0
B1856,0.0
B1857,0.0
B1858,0.0
B1859,0.0
B186,0.0
B1860,0.0
B1861,0.0
B1862,0.0
B1863,0.0
B1864,0.0
B1865,0.0
B1866,0.0
B1867,0.0
B1868,0.0
B1869,0.0
B187,0.0
B1870,0.0
B1871,0.0
B1872,0.0
B1873,0.0
B1874,0.0
B1875,0.0
B1876,0.0
B1877,0.0
B1878,0.0
B1879,0.0
B188,0.0
B1880,0.0
B1881,0.0
B1882,0.0
B1883,0.0
B1884,0.0
B1885,0.0
B1886,0.0
B1887,0.0
B1888,0.0
B1889,0.0
B189,0.0
B1890,0.0
B1891,0.0
B1892,0.0
B1893,0.0
B1894,0.0
B1895,0.0
B1896,0.0
B1897,0.0
B1898,0.0
B1899,0.0
B19,0.0
B190,0.0
B1900,0.0
B1902,0.0
B1903,0.0
B1904,0.0
B1905,0.0
B1906,0.0
B1907,0.0
B1908,0.0
B1909,0.0
B191,0.0
B1910,0.0
B1911,0.0
B1912,0.0
B1913,0.0
B1914,0.0
B1915,0.0
B1916,0.0
B1917,0.0
B1918,0.0
B1919,0.0
B192,0.0
B1920,0.0
B1921,0.0
B1922,0.0
B1923,0.0
B1924,0.0
B1925,0.0
B1926,0.0
B1927,0.0
B1928,0.0
B1929,0.0
B1930,0.0
B1931,0.0
B1932,0.0
B1933,0.0
B1934,0.0
B1935,0.0
B1936,0.0
B1937,0.0
B1938,0.0
B1939,0.0
B194,0.0
B1940,0.0
B1941,0.0
B1942,0.0
B1943,0.0
B1944,0.0
B1945,0.0
B1946,0.0
B1947,0.0
B1948,0.0
B1949,0.0
B195,0.0
B1950,0.0
B1951,0.0
B1952,0.0
B1953,0.0
B1954,0.0
B1955,0.0
B1956,0.0
B1957,0.0
B1958,0.0
B1959,0.0
B196,0.0
B1960,0.0
B1961,0.0
B1962,0.0
B1963,0.0
B1964,0.0
B1965,0.0
B1966,0.0
B1967,0.0
B1968,0.0
B1969,0.0
B197,0.0
B1971,0.0
B1972,0.0
B1973,0.0
B1974,0.0
B1975,0.0
B1976,0.0
B1977,0.0
B1978,0.0
B1979,0.0
B198,0.0
B1980,0.0
B1981,0.0
B1982,0.0
B1983,0.0
B1984,0.0
B1985,0.0
B1986,0.0
B1987,0.0
B1988,0.0
B1989,0.0
B199,0.0
B1990,0.0
B1991,0.0
B1992,0.0
B1993,0.0
B1994,0.0
B1995,0.0
B1996,0.0
B1997,0.0
B1998,0.0
B1999,0.0
B2,0.0
B20,0.0
B200,0.0
B2000,0.0
B2001,0.0
B2002,0.0
B2003,0.0
B2004,0.0
B2005,0.0
B2006,0.0
B2007,0.0
B2008,0.0
B2009,0.0
B201,0.0
B2010,0.0
B2011,0.0
B2012,0.0
B2014,0.0
B2015,0.0
B2016,0.0
B2017,0.0
B2018,0.0
B2019,0.0
B202,0.0
B2020,0.0
B2021,0.0
B2022,0.0
B2023,0.0
B2024,0.0
B2025,0.0
B2026,0.0
B2027,0.0
B2028,0.0
B2029,0.0
B203,0.0
B2030,0.0
B2031,0.0
B2032,0.0
B2033,0.0
B2034,0.0
B2035,0.0
B2036,0.0
B2037,0.0
B2039,0.0
B2040,0.0
B2042,0.0
B2043,0.0
B2046,0.0
B2047,0.0
B2048,0.0
B2049,0.0
B205,0.0
B2050,0.0
B2051,0.0
B2052,0.0
B2053,0.0
B2054,0.0
B2055,0.0
B2056,0.0
B2057,0.0
B2058,0.0
B2059,0.0
B2060,0.0
B2061,0.0
B2063,0.0
B2064,0.0
B2065,0.0
B2066,0.0
B2067,0.0
B2068,0.0
B2069,0.0
B207,0.0
B2070,0.0
B2071,0.0
B2073,0.0
B2075,0.0
B2076,0.0
B2078,0.0
B2079,0.0
B208,0.0
B2080,0.0
B2081,0.0
B2082,0.0
B2083,0.0
B2084,0.0
B2085,0.0
B2086,0.0
B2087,0.0
B2088,0.0
B2089,0.0
B209,0.0
B2090,0.0
B2091,0.0
B2092,0.0
B2093,0.0
B2094,0.0
B2095,0.0
B2096,0.0
B2097,0.0
B2098,0.0
B2099,0.0
B21,0.0
B210,0.0
B2100,0.0
B2101,0.0
B2102,0.0
B2103,0.0
B2104,0.0
B2105,0.0
B2106,0.0
B2107,0.0
B2108,0.0
B2109,0.0
B211,0.0
B2110,0.0
B2111,0.0
B2112,0.0
B2113,0.0
B2114,0.0
B2115,0.0
B2116,0.0
B2117,0.0
B2118,0.0
B2119,0.0
B212,0.0
B2120,0.0
B2121,0.0
B2122,0.0
B2123,0.0
B2124,0.0
B2125,0.0
B2126,0.0
B2127,0.0
B2128,0.0
B2129,0.0
B213,0.0
B2130,0.0
B2131,0.0
B2132,0.0
B2133,0.0
B2134,0.0
B2135,0.0
B2136,0.0
B2137,0.0
B2138,0.0
B2139,0.0
B214,0.0
B2140,0.0
B2141,0.0
B2142,0.0
B2143,0.0
B2144,0.0
B2145,0.0
B2146,0.0
B2147,0.0
B2148,0.0
B2149,0.0
B215,0.0
B2150,0.0
B2151,0.0
B2152,0.0
B2153,0.0
B2154,0.0
B2155,0.0
B2156,0.0
B2157,0.0
B2158,0.0
B2159,0.0
B216,0.0
B2160,0.0
B2161,0.0
B2162,0.0
B2163,0.0
B2164,0.0
B2165,0.0
B2166,0.0
B2167,0.0
B2168,0.0
B2169,0.0
B217,0.0
B2170,0.0
B2171,0.0
B2172,0.0
B2173,0.0
B2174,0.0
B2175,0.0
B2176,0.0
B2177,0.0
B2178,0.0
B2179,0.0
B218,0.0
B2180,0.0
B2181,0.0
B2182,0.0
B2183,0.0
B2184,0.0
B2185,0.0
B2186,0.0
B2187,0.0
B2188,0.0
B2189,0.0
B219,0.0
B2190,0.0
B2191,0.0
B2192,0.0
B2193,0.0
B2194,0.0
B2195,0.0
B2197,0.0
B2198,0.0
B2199,0.0
B22,0.0
B220,0.0
B2200,0.0
B2201,0.0
B2202,0.0
B2203,0.0
B2204,0.0
B2205,0.0
B2206,0.0
B2207,0.0
B2208,0.0
B2209,0.0
B221,0.0
B2210,0.0
B2211,0.0
B2212,0.0
B2213,0.0
B2214,0.0
B2215,0.0
B2216,0.0
B2217,0.0
B2218,0.0
B2219,0.0
B222,0.0
B2220,0.0
B2221,0.0
B2222,0.0
B2223,0.0
B2224,0.0
B2225,0.0
B2226,0.0
B2227,0.0
B2228,0.0
B2229,0.0
B223,0.0
B2230,0.0
B2231,0.0
B2232,0.0
B2233,0.0
B2234,0.0
B2235,0.0
B2236,0.0
B2237,0.0
B2238,0.0
B2239,0.0
B224,0.0
B2240,0.0
B2241,0.0
B2242,0.0
B2244,0.0
B2245,0.0
B2246,0.0
B2247,0.0
B2248,0.0
B2249,0.0
B225,0.0
B2250,0.0
B2251,0.0
B2252,0.0
B2253,0.0
B2254,0.0
B2255,0.0
B2256,0.0
B2258,0.0
B2259,0.0
B226,0.0
B2261,0.0
B2262,0.0
B2263,0.0
B2264,0.0
B2265,0.0
B2267,0.0
B2268,0.0
B2269,0.0
B227,0.0
B2270,0.0
B2271,0.0
B2272,0.0
B2273,0.0
B2274,0.0
B2275,0.0
B2276,0.0
B2277,0.0
B2278,0.0
B2279,0.0
B228,0.0
B2280,0.0
B2281,0.0
B2282,0.0
B2283,0.0
B2284,0.0
B2285,0.0
B2286,0.0
B2287,0.0
B2288,0.0
B2289,0.0
B229,0.0
B2290,0.0
B2291,0.0
B2292,0.0
B2293,0.0
B2294,0.0
B2296,0.0
B2298,0.0
B2299,0.0
B23,0.0
B230,0.0
B2300,0.0
B2301,0.0
B2302,0.0
B2303,0.0
B2304,0.0
B2305,0.0
B2306,0.0
B2307,0.0
B2308,0.0
B2309,0.0
B231,0.0
B2310,0.0
B2311,0.0
B2312,0.0
B2313,0.0
B2314,0.0
B2315,0.0
B2316,0.0
B2317,0.0
B2318,0.0
B232,0.0
B2320,0.0
B2321,0.0
B2322,0.0
B2323,0.0
B2324,0.0
B2325,0.0
B2326,0.0
B2327,0.0
B2328,0.0
B2329,0.0
B233,0.0
B2330,0.0
B2331,0.0
B2332,0.0
B2333,0.0
B2334,0.0
B2335,0.0
B2336,0.0
B2337,0.0
B2338,0.0
B2339,0.0
B234,0.0
B2340,0.0
B2341,0.0
B2342,0.0
B2343,0.0
B2344,0.0
B2345,0.0
B2346,0.0
B2347,0.0
B2348,0.0
B2349,0.0
B235,0.0
B2350,0.0
B2351,0.0
B2352,0.0
B2353,0.0
B2354,0.0
B2355,0.0
B2356,0.0
B2357,0.0
B2358,0.0
B2359,0.0
B236,0.0
B2360,0.0
B2361,0.0
B2362,0.0
B2363,0.0
B2364,0.0
B2365,0.0
B2366,0.0
B2367,0.0
B2368,0.0
B2369,0.0
B237,0.0
B2371,0.0
B2372,0.0
B2373,0.0
B2374,0.0
B2375,0.0
B2376,0.0
B2377,0.0
B2378,0.0
B2379,0.0
B238,0.0
B2381,0.0
B2382,0.0
B2383,0.0
B2384,0.0
B2385,0.0
B2386,0.0
B2387,0.0
B2388,0.0
B2389,0.0
B239,0.0
B2390,0.0
B2391,0.0
B2392,0.0
B2393,0.0
B2394,0.0
B2395,0.0
B2396,0.0
B2397,0.0
B2398,0.0
B2399,0.0
B240,0.0
B2400,0.0
B2401,0.0
B2402,0.0
B2403,0.0
B2404,0.0
B2405,0.0
B2406,0.0
B2407,0.0
B2408,0.0
B2409,0.0
B241,0.0
B2410,0.0
B2411,0.0
B2412,0.0
B2413,0.0
B2414,0.0
B2415,0.0
B2416,0.0
B2417,0.0
B2418,0.0
B2419,0.0
B242,0.0
B2420,0.0
B2421,0.0
B2422,0.0
B2423,0.0
B2424,0.0
B2426,0.0
B2428,0.0
B2429,0.0
B243,0.0
B2430,0.0
B2431,0.0
B2432,0.0
B2433,0.0
B2434,0.0
B2435,0.0
B2436,0.0
B2437,0.0
B2438,0.0
B2439,0.0
B244,0.0
B2440,0.0
B2441,0.0
B2442,0.0
B2443,0.0
B2444,0.0
B2445,0.0
B2447,0.0
B2448,0.0
B2449,0.0
B245,0.0
B2450,0.0
B2451,0.0
B2452,0.0
B2453,0.0
B2454,0.0
B2455,0.0
B2456,0.0
B2457,0.0
B2458,0.0
B2459,0.0
B246,0.0
B2460,0.0
B2461,0.0
B2462,0.0
B2463,0.0
B2464,0.0
B2465,0.0
B2466,0.0
B2467,0.0
B2468,0.0
B2469,0.0
B247,0.0
B2470,0.0
B2471,0.0
B2472,0.0
B2473,0.0
B2474,0.0
B2476,0.0
B2477,0.0
B2478,0.0
B2479,0.0
B248,0.0
B2480,0.0
B2481,0.0
B2482,0.0
B2483,0.0
B2484,0.0
B2485,0.0
B2486,0.0
B2487,0.0
B2488,0.0
B2489,0.0
B2490,0.0
B2492,0.0
B2493,0.0
B2494,0.0
B2495,0.0
B2496,0.0
B2497,0.0
B2498,0.0
B2499,0.0
B25,0.0
B250,0.0
B2500,0.0
B2501,0.0
B2502,0.0
B2503,0.0
B2504,0.0
B2505,0.0
B2506,0.0
B2507,0.0
B2508,0.0
B2509,0.0
B251,0.0
B2510,0.0
B2511,0.0
B2512,0.0
B2513,0.0
B2514,0.0
B2515,0.0
B2516,0.0
B2517,0.0
B2518,0.0
B2519,0.0
B252,0.0
B2520,0.0
B2521,0.0
B2522,0.0
B2523,0.0
B2524,0.0
B2526,0.0
B2527,0.0
B2528,0.0
B2529,0.0
B2530,0.0
B2531,0.0
B2532,0.0
B2533,0.0
B2534,0.0
B2535,0.0
B2536,0.0
B2537,0.0
B2538,0.0
B254,0.0
B2540,0.0
B2541,0.0
B2542,0.0
B2543,0.0
B2544,0.0
B2545,0.0
B2546,0.0
B2547,0.0
B2548,0.0
B2549,0.0
B255,0.0
B2550,0.0
B2551,0.0
B2552,0.0
B2553,0.0
B2554,0.0
B2555,0.0
B2556,0.0
B2557,0.0
B256,0.0
B2560,0.0
B2561,0.0
B2562,0.0
B2563,0.0
B2564,0.0
B2565,0.0
B2566,0.0
B2567,0.0
B2568,0.0
B2569,0.0
B257,0.0
B2570,0.0
B2571,0.0
B2572,0.0
B2573,0.0
B2574,0.0
B2575,0.0
B2576,0.0
B2577,0.0
B2578,0.0
B2579,0.0
B258,0.0
B2580,0.0
B2581,0.0
B2582,0.0
B2583,0.0
B2584,0.0
B2585,0.0
B2586,0.0
B2587,0.0
B2588,0.0
B259,0.0
B2590,0.0
B2591,0.0
B2592,0.0
B2593,0.0
B2594,0.0
B2595,0.0
B2596,0.0
B2597,0.0
B2598,0.0
B2599,0.0
B26,0.0
B260,0.0
B2600,0.0
B2601,0.0
B2602,0.0
B2603,0.0
B2604,0.0
B2605,0.0
B2606,0.0
B2607,0.0
B2608,0.0
B2609,0.0
B261,0.0
B2610,0.0
B2611,0.0
B2612,0.0
B2613,0.0
B2614,0.0
B2615,0.0
B2616,0.0
B2617,0.0
B2618,0.0
B2619,0.0
B262,0.0
B2620,0.0
B2621,0.0
B2622,0.0
B2623,0.0
B2624,0.0
B2625,0.0
B2626,0.0
B2627,0.0
B2628,0.0
B2629,0.0
B263,0.0
B2630,0.0
B2631,0.0
B2632,0.0
B2633,0.0
B2634,0.0
B2635,0.0
B2636,0.0
B2637,0.0
B2638,0.0
B2639,0.0
B264,0.0
B2640,0.0
B2641,0.0
B2643,0.0
B2644,0.0
B2645,0.0
B2646,0.0
B2647,0.0
B2648,0.0
B2649,0.0
B265,0.0
B2650,0.0
B2651,0.0
B2652,0.0
B2653,0.0
B2654,0.0
B2655,0.0
B2656,0.0
B2657,0.0
B2658,0.0
B2659,0.0
B266,0.0
B2660,0.0
B2662,0.0
B2663,0.0
B2664,0.0
B2665,0.0
B2666,0.0
B2667,0.0
B2668,0.0
B2669,0.0
B267,0.0
B2670,0.0
B2671,0.0
B2672,0.0
B2673,0.0
B2674,0.0
B2675,0.0
B2676,0.0
B2677,0.0
B2678,0.0
B2679,0.0
B268,0.0
B2680,0.0
B2681,0.0
B2682,0.0
B2683,0.0
B2684,0.0
B2685,0.0
B2686,0.0
B2687,0.0
B2688,0.0
B2689,0.0
B269,0.0
B2690,0.0
B2692,0.0
B2693,0.0
B2694,0.0
B2695,0.0
B2696,0.0
B2697,0.0
B2698,0.0
B2699,0.0
B27,0.0
B270,0.0
B2700,0.0
B2701,0.0
B2702,0.0
B2703,0.0
B2704,0.0
B2706,0.0
B2707,0.0
B2708,0.0
B2709,0.0
B271,0.0
B2710,0.0
B2711,0.0
B2712,0.0
B2713,0.0
B2714,0.0
B2715,0.0
B2716,0.0
B2717,0.0
B2718,0.0
B2719,0.0
B272,0.0
B2721,0.0
B2723,0.0
B2724,0.0
B2725,0.0
B2726,0.0
B2728,0.0
B2729,0.0
B273,0.0
B2730,0.0
B2731,0.0
B2732,0.0
B2733,0.0
B2734,0.0
B2735,0.0
B2736,0.0
B2737,0.0
B2738,0.0
B2739,0.0
B274,0.0
B2740,0.0
B2741,0.0
B2742,0.0
B2743,0.0
B2744,0.0
B2746,0.0
B2747,0.0
B2748,0.0
B2749,0.0
B275,0.0
B2750,0.0
B2751,0.0
B2752,0.0
B2753,0.0
B2754,0.0
B2755,0.0
B2756,0.0
B2757,0.0
B2758,0.0
B2759,0.0
B276,0.0
B2760,0.0
B2761,0.0
B2762,0.0
B2763,0.0
B2764,0.0
B2765,0.0
B2766,0.0
B2767,0.0
B2768,0.0
B2769,0.0
B277,0.0
B2770,0.0
B2771,0.0
B2772,0.0
B2773,0.0
B2774,0.0
B2775,0.0
B2776,0.0
B2777,0.0
B2778,0.0
B2779,0.0
B278,0.0
B2780,0.0
B2781,0.0
B2782,0.0
B2783,0.0
B2784,0.0
B2785,0.0
B2786,0.0
B2787,0.0
B2788,0.0
B2789,0.0
B279,0.0
B2790,0.0
B2791,0.0
B2792,0.0
B2793,0.0
B2794,0.0
B2795,0.0
B2796,0.0
B2797,0.0
B2798,0.0
B2799,0.0
B28,0.0
B280,0.0
B2800,0.0
B2801,0.0
B2802,0.0
B2803,0.0
B2804,0.0
B2805,0.0
B2806,0.0
B2808,0.0
B2809,0.0
B281,0.0
B2810,0.0
B2811,0.0
B2812,0.0
B2813,0.0
B2814,0.0
B2815,0.0
B2816,0.0
B2817,0.0
B2818,0.0
B2819,0.0
B2820,0.0
B2821,0.0
B2822,0.0
B2823,0.0
B2824,0.0
B2825,0.0
B2826,0.0
B2827,0.0
B2828,0.0
B2829,0.0
B283,0.0
B2830,0.0
B2831,0.0
B2832,0.0
B2833,0.0
B2834,0.0
B2835,0.0
B2836,0.0
B2837,0.0
B2838,0.0
B2839,0.0
B284,0.0
B2840,0.0
B2841,0.0
B2842,0.0
B2843,0.0
B2844,0.0
B2845,0.0
B2847,0.0
B2848,0.0
B2849,0.0
B285,0.0
B2850,0.0
B2851,0.0
B2852,0.0
B2853,0.0
B2854,0.0
B2855,0.0
B2856,0.0
B2857,0.0
B2858,0.0
B2859,0.0
B286,0.0
B2860,0.0
B2861,0.0
B2862,0.0
B2863,0.0
B2864,0.0
B2865,0.0
B2866,0.0
B2867,0.0
B2868,0.0
B2869,0.0
B287,0.0
B2870,0.0
B2871,0.0
B2872,0.0
B2873,0.0
B2874,0.0
B2875,0.0
B2876,0.0
B2877,0.0
B2878,0.0
B2879,0.0
B288,0.0
B2880,0.0
B2881,0.0
B2882,0.0
B2883,0.0
B2884,0.0
B2885,0.0
B2886,0.0
B2887,0.0
B2888,0.0
B2889,0.0
B289,0.0
B2890,0.0
B2891,0.0
B2892,0.0
B2893,0.0
B2894,0.0
B2895,0.0
B2896,0.0
B2897,0.0
B2898,0.0
B2899,0.0
B29,0.0
B290,0.0
B2900,0.0
B2901,0.0
B2902,0.0
B2903,0.0
B2904,0.0
B2905,0.0
B2906,0.0
B2907,0.0
B2908,0.0
B2909,0.0
B291,0.0
B2910,0.0
B2911,0.0
B2912,0.0
B2913,0.0
B2914,0.0
B2915,0.0
B2916,0.0
B2917,0.0
B2918,0.0
B2919,0.0
B292,0.0
B2920,0.0
B2921,0.0
B2922,0.0
B2923,0.0
B2924,0.0
B2925,0.0
B2926,0.0
B2927,0.0
B2928,0.0
B2929,0.0
B293,0.0
B2930,0.0
B2931,0.0
B2932,0.0
B2933,0.0
B2934,0.0
B2936,0.0
B2937,0.0
B2938,0.0
B2939,0.0
B294,0.0
B2940,0.0
B2941,0.0
B2942,0.0
B2943,0.0
B2944,0.0
B2945,0.0
B2947,0.0
B2948,0.0
B2949,0.0
B295,0.0
B2950,0.0
B2951,0.0
B2952,0.0
B2953,0.0
B2954,0.0
B2955,0.0
B2956,0.0
B2957,0.0
B2958,0.0
B2959,0.0
B296,0.0
B2960,0.0
B2961,0.0
B2962,0.0
B2963,0.0
B2964,0.0
B2965,0.0
B2966,0.0
B2967,0.0
B2968,0.0
B2969,0.0
B297,0.0
B2970,0.0
B2971,0.0
B2972,0.0
B2973,0.0
B2974,0.0
B2975,0.0
B2976,0.0
B2977,0.0
B2978,0.0
B2979,0.0
B298,0.0
B2980,0.0
B2981,0.0
B2982,0.0
B2983,0.0
B2984,0.0
B2985,0.0
B2986,0.0
B2987,0.0
B2988,0.0
B2989,0.0
B299,0.0
B2990,0.0
B2991,0.0
B2992,0.0
B2993,0.0
B2994,0.0
B2995,0.0
B2996,0.0
B2997,0.0
B2998,0.0
B2999,0.0
B3,0.0
B30,0.0
B300,0.0
B3000,0.0
B3001,0.0
B3002,0.0
B3003,0.0
B3004,0.0
B3005,0.0
B3006,0.0
B3007,0.0
B3008,0.0
B3009,0.0
B301,0.0
B3010,0.0
B3011,0.0
B3012,0.0
B3013,0.0
B3014,0.0
B3015,0.0
B3016,0.0
B3017,0.0
B3018,0.0
B3019,0.0
B302,0.0
B3020,0.0
B3021,0.0
B3022,0.0
B3023,0.0
B3024,0.0
B3025,0.0
B3026,0.0
B3027,0.0
B3028,0.0
B3029,0.0
B303,0.0
B3030,0.0
B3031,0.0
B3032,0.0
B3033,0.0
B3034,0.0
B3035,0.0
B3036,0.0
B3037,0.0
B3038,0.0
B3039,0.0
B304,0.0
B3040,0.0
B3041,0.0
B3042,0.0
B3043,0.0
B3044,0.0
B3045,0.0
B3046,0.0
B3047,0.0
B3048,0.0
B3049,0.0
B305,0.0
B3050,0.0
B3051,0.0
B3052,0.0
B3053,0.0
B3054,0.0
B3055,0.0
B3056,0.0
B3057,0.0
B3058,0.0
B3059,0.0
B306,0.0
B3061,0.0
B3062,0.0
B3063,0.0
B3064,0.0
B3065,0.0
B3066,0.0
B3067,0.0
B3068,0.0
B3069,0.0
B307,0.0
B3070,0.0
B3071,0.0
B3072,0.0
B3073,0.0
B3074,0.0
B3075,0.0
B3076,0.0
B3077,0.0
B3078,0.0
B3079,0.0
B308,0.0
B3080,0.0
B3081,0.0
B3082,0.0
B3083,0.0
B3084,0.0
B3085,0.0
B3086,0.0
B3087,0.0
B3088,0.0
B3089,0.0
B309,0.0
B3090,0.0
B3091,0.0
B3092,0.0
B3093,0.0
B3094,0.0
B3095,0.0
B3096,0.0
B3097,0.0
B3098,0.0
B3099,0.0
B31,0.0
B310,0.0
B3100,0.0
B3101,0.0
B3102,0.0
B3103,0.0
B3104,0.0
B3105,0.0
B3106,0.0
B3107,0.0
B3108,0.0
B311,0.0
B3112,0.0
B3113,0.0
B3114,0.0
B3115,0.0
B3116,0.0
B3117,0.0
B3118,0.0
B3119,0.0
B312,0.0
B3120,0.0
B3121,0.0
B3122,0.0
B3123,0.0
B3124,0.0
B3125,0.0
B3126,0.0
B3127,0.0
B3128,0.0
B3129,0.0
B313,0.0
B3130,0.0
B3131,0.0
B3132,0.0
B3133,0.0
B3134,0.0
B3135,0.0
B3136,0.0
B3137,0.0
B3138,0.0
B3139,0.0
B314,0.0
B3140,0.0
B3141,0.0
B3143,0.0
B3144,0.0
B3145,0.0
B3146,0.0
B3147,0.0
B3148,0.0
B3149,0.0
B315,0.0
B3150,0.0
B3151,0.0
B3152,0.0
B3153,0.0
B3154,0.0
B3155,0.0
B3156,0.0
B3157,0.0
B3158,0.0
B3159,0.0
B316,0.0
B3160,0.0
B3161,0.0
B3162,0.0
B3163,0.0
B3164,0.0
B3165,0.0
B3166,0.0
B3167,0.0
B3169,0.0
B317,0.0
B3170,0.0
B3171,0.0
B3172,0.0
B3173,0.0
B3174,0.0
B3175,0.0
B3176,0.0
B3177,0.0
B3178,0.0
B3179,0.0
B318,0.0
B3180,0.0
B3181,0.0
B3182,0.0
B3183,0.0
B3184,0.0
B3185,0.0
B3186,0.0
B3187,0.0
B3188,0.0
B3189,0.0
B319,0.0
B3190,0.0
B3192,0.0
B3193,0.0
B3194,0.0
B3195,0.0
B3196,0.0
B3197,0.0
B3198,0.0
B3199,0.0
B32,0.0
B320,0.0
B3200,0.0
B3201,0.0
B3202,0.0
B3203,0.0
B3204,0.0
B3205,0.0
B3206,0.0
B3207,0.0
B3208,0.0
B3209,0.0
B321,0.0
B3210,0.0
B3213,0.0
B3214,0.0
B3215,0.0
B3216,0.0
B3217,0.0
B3218,0.0
B3219,0.0
B322,0.0
B3220,0.0
B3221,0.0
B3222,0.0
B3223,0.0
B3224,0.0
B3225,0.0
B3226,0.0
B3227,0.0
B3228,0.0
B3229,0.0
B323,0.0
B3230,0.0
B3231,0.0
B3232,0.0
B3233,0.0
B3234,0.0
B3235,0.0
B3236,0.0
B3237,0.0
B3238,0.0
B3239,0.0
B324,0.0
B3240,0.0
B3241,0.0
B3242,0.0
B3243,0.0
B3244,0.0
B3245,0.0
B3246,0.0
B3247,0.0
B3248,0.0
B3249,0.0
B325,0.0
B3250,0.0
B3251,0.0
B3252,0.0
B3253,0.0
B3254,0.0
B3255,0.0
B3256,0.0
B3257,0.0
B3258,0.0
B3259,0.0
B326,0.0
B3260,0.0
B3261,0.0
B3262,0.0
B3263,0.0
B3264,0.0
B3265,0.0
B3266,0.0
B3267,0.0
B3268,0.0
B3269,0.0
B327,0.0
B3270,0.0
B3271,0.0
B3272,0.0
B3273,0.0
B3274,0.0
B3275,0.0
B3276,0.0
B3277,0.0
B3278,0.0
B3279,0.0
B328,0.0
B3280,0.0
B3281,0.0
B3282,0.0
B3284,0.0
B3285,0.0
B3286,0.0
B3287,0.0
B3288,0.0
B3289,0.0
B3290,0.0
B3291,0.0
B3292,0.0
B3293,0.0
B3294,0.0
B3295,0.0
B3296,0.0
B3297,0.0
B3298,0.0
B3299,0.0
B33,0.0
B330,0.0
B3300,0.0
B3301,0.0
B3302,0.0
B3303,0.0
B3304,0.0
B3306,0.0
B3307,0.0
B3308,0.0
B3309,0.0
B331,0.0
B3310,0.0
B3311,0.0
B3312,0.0
B3313,0.0
B3314,0.0
B3315,0.0
B3316,0.0
B3317,0.0
B3318,0.0
B3319,0.0
B332,0.0
B3320,0.0
B3321,0.0
B3322,0.0
B3323,0.0
B3324,0.0
B3325,0.0
B3326,0.0
B3327,0.0
B3328,0.0
B3329,0.0
B333,0.0
B3330,0.0
B3331,0.0
B3332,0.0
B3333,0.0
B3334,0.0
B3335,0.0
B3336,0.0
B3337,0.0
B3338,0.0
B3339,0.0
B334,0.0
B3340,0.0
B3341,0.0
B3342,0.0
B3343,0.0
B3346,0.0
B3347,0.0
B3348,0.0
B3349,0.0
B335,0.0
B3350,0.0
B3351,0.0
B3352,0.0
B3353,0.0
B3354,0.0
B3355,0.0
B3356,0.0
B3357,0.0
B3359,0.0
B336,0.0
B3360,0.0
B3361,0.0
B3363,0.0
B3365,0.0
B3366,0.0
B3367,0.0
B3368,0.0
B3369,0.0
B337,0.0
B3370,0.0
B3371,0.0
B3372,0.0
B3373,0.0
B3374,0.0
B3375,0.0
B3376,0.0
B3377,0.0
B3378,0.0
B3379,0.0
B338,0.0
B3380,0.0
B3381,0.0
B3382,0.0
B3383,0.0
B3384,0.0
B3385,0.0
B3386,0.0
B3387,0.0
B3388,0.0
B3389,0.0
B339,0.0
B3390,0.0
B3391,0.0
B3392,0.0
B3393,0.0
B3394,0.0
B3395,0.0
B3396,0.0
B3397,0.0
B3398,0.0
B3399,0.0
B34,0.0
B340,0.0
B3400,0.0
B3401,0.0
B3402,0.0
B3403,0.0
B3404,0.0
B3405,0.0
B3406,0.0
B3407,0.0
B3408,0.0
B3409,0.0
B341,0.0
B3410,0.0
B3411,0.0
B3412,0.0
B3413,0.0
B3414,0.0
B3415,0.0
B3416,0.0
B3418,0.0
B3419,0.0
B342,0.0
B3420,0.0
B3421,0.0
B3422,0.0
B3423,0.0
B3424,0.0
B3426,0.0
B3427,0.0
B343,0.0
B3432,0.0
B3433,0.0
B3434,0.0
B3435,0.0
B3436,0.0
B3437,0.0
B3438,0.0
B3439,0.0
B344,0.0
B3440,0.0
B3441,0.0
B3443,0.0
B3444,0.0
B3445,0.0
B3446,0.0
B3447,0.0
B3448,0.0
B3449,0.0
B345,0.0
B3450,0.0
B3451,0.0
B3452,0.0
B3453,0.0
B3454,0.0
B3455,0.0
B3456,0.0
B3457,0.0
B3458,0.0
B3459,0.0
B346,0.0
B3460,0.0
B3461,0.0
B3462,0.0
B3463,0.0
B3464,0.0
B3465,0.0
B3467,0.0
B3469,0.0
B347,0.0
B3470,0.0
B3471,0.0
B3472,0.0
B3473,0.0
B3474,0.0
B3475,0.0
B3476,0.0
B3478,0.0
B3479,0.0
B348,0.0
B3481,0.0
B3482,0.0
B3483,0.0
B3484,0.0
B3485,0.0
B3486,0.0
B3487,0.0
B3488,0.0
B3489,0.0
B349,0.0
B3490,0.0
B3491,0.0
B3492,0.0
B3493,0.0
B3494,0.0
B3495,0.0
B3496,0.0
B3497,0.0
B3499,0.0
B35,0.0
B350,0.0
B3500,0.0
B3503,0.0
B3504,0.0
B3505,0.0
B3506,0.0
B3507,0.0
B3508,0.0
B3509,0.0
B351,0.0
B3510,0.0
B3511,0.0
B3512,0.0
B3513,0.0
B3514,0.0
B3515,0.0
B3516,0.0
B3517,0.0
B3518,0.0
B3519,0.0
B352,0.0
B3520,0.0
B3521,0.0
B3522,0.0
B3523,0.0
B3524,0.0
B3525,0.0
B3526,0.0
B3527,0.0
B3528,0.0
B3529,0.0
B353,0.0
B3530,0.0
B3531,0.0
B3532,0.0
B3533,0.0
B3535,0.0
B3537,0.0
B3538,0.0
B3539,0.0
B354,0.0
B3540,0.0
B3541,0.0
B3542,0.0
B3543,0.0
B3544,0.0
B3545,0.0
B3546,0.0
B3547,0.0
B3548,0.0
B3549,0.0
B355,0.0
B3550,0.0
B3551,0.0
B3552,0.0
B3553,0.0
B3554,0.0
B3555,0.0
B3556,0.0
B3557,0.0
B3558,0.0
B3559,0.0
B356,0.0
B3560,0.0
B3561,0.0
B3562,0.0
B3563,0.0
B3564,0.0
B3565,0.0
B3566,0.0
B3567,0.0
B3568,0.0
B3569,0.0
B357,0.0
B3570,0.0
B3571,0.0
B3572,0.0
B3573,0.0
B3574,0.0
B3575,0.0
B3576,0.0
B3577,0.0
B3578,0.0
B3579,0.0
B358,0.0
B3580,0.0
B3581,0.0
B3583,0.0
B3584,0.0
B3585,0.0
B3586,0.0
B3587,0.0
B3588,0.0
B3589,0.0
B359,0.0
B3590,0.0
B3591,0.0
B3592,0.0
B3593,0.0
B3594,0.0
B3595,0.0
B3596,0.0
B3597,0.0
B3598,0.0
B3599,0.0
B36,0.0
B360,0.0
B3600,0.0
B3601,0.0
B3602,0.0
B3603,0.0
B3604,0.0
B3605,0.0
B3606,0.0
B3607,0.0
B3608,0.0
B3609,0.0
B361,0.0
B3610,0.0
B3611,0.0
B3612,0.0
B3613,0.0
B3614,0.0
B3615,0.0
B3616,0.0
B3617,0.0
B3618,0.0
B3619,0.0
B362,0.0
B3620,0.0
B3621,0.0
B3622,0.0
B3623,0.0
B3625,0.0
B3626,0.0
B3627,0.0
B3628,0.0
B3629,0.0
B363,0.0
B3630,0.0
B3631,0.0
B3632,0.0
B3633,0.0
B3634,0.0
B3635,0.0
B3637,0.0
B3638,0.0
B3639,0.0
B364,0.0
B3640,0.0
B3641,0.0
B3643,0.0
B3644,0.0
B3645,0.0
B3646,0.0
B3647,0.0
B3648,0.0
B3649,0.0
B365,0.0
B3650,0.0
B3651,0.0
B3652,0.0
B3653,0.0
B3654,0.0
B3655,0.0
B3656,0.0
B3657,0.0
B3658,0.0
B3659,0.0
B366,0.0
B3660,0.0
B3661,0.0
B3662,0.0
B3663,0.0
B3664,0.0
B3666,0.0
B3667,0.0
B3668,0.0
B3669,0.0
B367,0.0
B3670,0.0
B3671,0.0
B3672,0.0
B3673,0.0
B3674,0.0
B3675,0.0
B3676,0.0
B3677,0.0
B3678,0.0
B3679,0.0
B3680,0.0
B3681,0.0
B3682,0.0
B3683,0.0
B3684,0.0
B3685,0.0
B3686,0.0
B3688,0.0
B3689,0.0
B369,0.0
B3690,0.0
B3691,0.0
B3692,0.0
B3693,0.0
B3694,0.0
B3695,0.0
B3696,0.0
B3697,0.0
B3698,0.0
B3699,0.0
B37,0.0
B370,0.0
B3700,0.0
B3701,0.0
B3702,0.0
B3703,0.0
B3704,0.0
B3705,0.0
B3706,0.0
B3707,0.0
B3708,0.0
B3709,0.0
B371,0.0
B3710,0.0
B3711,0.0
B3712,0.0
B3713,0.0
B3714,0.0
B3715,0.0
B3716,0.0
B3717,0.0
B3718,0.0
B3719,0.0
B372,0.0
B3720,0.0
B3721,0.0
B3722,0.0
B3723,0.0
B3724,0.0
B3725,0.0
B3726,0.0
B3727,0.0
B3728,0.0
B3729,0.0
B373,0.0
B3730,0.0
B3731,0.0
B3732,0.0
B3733,0.0
B3734,0.0
B3735,0.0
B3736,0.0
B3737,0.0
B3738,0.0
B3739,0.0
B374,0.0
B3740,0.0
B3742,0.0
B3743,0.0
B3744,0.0
B3745,0.0
B3746,0.0
B3747,0.0
B3748,0.0
B3749,0.0
B3750,0.0
B3751,0.0
B3752,0.0
B3753,0.0
B3755,0.0
B3756,0.0
B3757,0.0
B3759,0.0
B376,0.0
B3760,0.0
B3761,0.0
B3762,0.0
B3763,0.0
B3764,0.0
B3766,0.0
B3767,0.0
B3768,0.0
B3769,0.0
B377,0.0
B3770,0.0
B3771,0.0
B3772,0.0
B3773,0.0
B3774,0.0
B3775,0.0
B3776,0.0
B3777,0.0
B3778,0.0
B3779,0.0
B378,0.0
B3780,0.0
B3781,0.0
B3782,0.0
B3783,0.0
B3784,0.0
B3785,0.0
B3786,0.0
B3787,0.0
B3788,0.0
B3789,0.0
B379,0.0
B3790,0.0
B3791,0.0
B3792,0.0
B3793,0.0
B3794,0.0
B3795,0.0
B3796,0.0
B3798,0.0
B3799,0.0
B380,0.0
B3800,0.0
B3801,0.0
B3803,0.0
B3804,0.0
B3805,0.0
B3806,0.0
B3807,0.0
B3808,0.0
B3809,0.0
B381,0.0
B3810,0.0
B3811,0.0
B3812,0.0
B3813,0.0
B3814,0.0
B3815,0.0
B3816,0.0
B3817,0.0
B3819,0.0
B382,0.0
B3820,0.0
B3821,0.0
B3822,0.0
B3823,0.0
B3824,0.0
B3826,0.0
B3827,0.0
B3828,0.0
B3829,0.0
B383,0.0
B3830,0.0
B3831,0.0
B3833,0.0
B3834,0.0
B3835,0.0
B3836,0.0
B3837,0.0
B3838,0.0
B3839,0.0
B384,0.0
B3840,0.0
B3841,0.0
B3842,0.0
B3843,0.0
B3844,0.0
B3845,0.0
B3846,0.0
B3847,0.0
B3848,0.0
B3849,0.0
B385,0.0
B3850,0.0
B3851,0.0
B3852,0.0
B3853,0.0
B3854,0.0
B3855,0.0
B3856,0.0
B3857,0.0
B3858,0.0
B3859,0.0
B386,0.0
B3860,0.0
B3861,0.0
B3862,0.0
B3863,0.0
B3865,0.0
B3866,0.0
B3867,0.0
B3868,0.0
B3869,0.0
B387,0.0
B3870,0.0
B3871,0.0
B3872,0.0
B3873,0.0
B3874,0.0
B3875,0.0
B3876,0.0
B3877,0.0
B3878,0.0
B3879,0.0
B388,0.0
B3880,0.0
B3881,0.0
B3883,0.0
B3884,0.0
B3885,0.0
B3886,0.0
B3887,0.0
B3888,0.0
B3889,0.0
B389,0.0
B3890,0.0
B3891,0.0
B3892,0.0
B3893,0.0
B3894,0.0
B3895,0.0
B3896,0.0
B3897,0.0
B3898,0.0
B3899,0.0
B39,0.0
B390,0.0
B3900,0.0
B3901,0.0
B3902,0.0
B3903,0.0
B3904,0.0
B3905,0.0
B3906,0.0
B3907,0.0
B3908,0.0
B3909,0.0
B391,0.0
B3910,0.0
B3911,0.0
B3912,0.0
B3913,0.0
B3914,0.0
B3915,0.0
B3916,0.0
B3917,0.0
B3919,0.0
B392,0.0
B3920,0.0
B3921,0.0
B3922,0.0
B3923,0.0
B3924,0.0
B3925,0.0
B3926,0.0
B3927,0.0
B3928,0.0
B3929,0.0
B393,0.0
B3930,0.0
B3931,0.0
B3932,0.0
B3933,0.0
B3934,0.0
B3935,0.0
B3936,0.0
B3937,0.0
B3938,0.0
B3939,0.0
B394,0.0
B3941,0.0
B3942,0.0
B3943,0.0
B3944,0.0
B3945,0.0
B3946,0.0
B3947,0.0
B3948,0.0
B3949,0.0
B395,0.0
B3950,0.0
B3951,0.0
B3952,0.0
B3953,0.0
B3954,0.0
B3955,0.0
B3956,0.0
B3957,0.0
B3958,0.0
B3959,0.0
B3960,0.0
B3961,0.0
B3962,0.0
B3963,0.0
B3964,0.0
B3965,0.0
B3966,0.0
B3967,0.0
B3968,0.0
B3969,0.0
B397,0.0
B3970,0.0
B3971,0.0
B3972,0.0
B3973,0.0
B3974,0.0
B3975,0.0
B3976,0.0
B3977,0.0
B3978,0.0
B3979,0.0
B398,0.0
B3980,0.0
B3981,0.0
B3982,0.0
B3983,0.0
B3984,0.0
B3985,0.0
B3986,0.0
B3987,0.0
B3988,0.0
B3989,0.0
B399,0.0
B3990,0.0
B3991,0.0
B3992,0.0
B3993,0.0
B3994,0.0
B3995,0.0
B3996,0.0
B3997,0.0
B3998,0.0
B3999,0.0
B4,0.0
B40,0.0
B400,0.0
B4000,0.0
B4001,0.0
B4002,0.0
B4003,0.0
B4004,0.0
B4005,0.0
B4006,0.0
B4007,0.0
B4008,0.0
B4009,0.0
B401,0.0
B4010,0.0
B4011,0.0
B4012,0.0
B4013,0.0
B4014,0.0
B4015,0.0
B4016,0.0
B4017,0.0
B4018,0.0
B4019,0.0
B402,0.0
B4020,0.0
B4021,0.0
B4022,0.0
B4023,0.0
B4024,0.0
B4025,0.0
B4026,0.0
B4027,0.0
B4028,0.0
B4029,0.0
B403,0.0
B4030,0.0
B4031,0.0
B4032,0.0
B4033,0.0
B4034,0.0
B4035,0.0
B4036,0.0
B4037,0.0
B4038,0.0
B4039,0.0
B4040,0.0
B4041,0.0
B4042,0.0
B4043,0.0
B4044,0.0
B4045,0.0
B4046,0.0
B4047,0.0
B4048,0.0
B4049,0.0
B405,0.0
B4050,0.0
B4051,0.0
B4052,0.0
B4053,0.0
B4054,0.0
B4055,0.0
B4056,0.0
B4057,0.0
B4058,0.0
B4059,0.0
B4060,0.0
B4061,0.0
B4062,0.0
B4063,0.0
B4064,0.0
B4068,0.0
B4069,0.0
B407,0.0
B4070,0.0
B4071,0.0
B4072,0.0
B4073,0.0
B4074,0.0
B4076,0.0
B4077,0.0
B4078,0.0
B4079,0.0
B408,0.0
B4080,0.0
B4081,0.0
B4082,0.0
B4083,0.0
B4084,0.0
B4085,0.0
B4086,0.0
B4088,0.0
B4089,0.0
B409,0.0
B4090,0.0
B4091,0.0
B4092,0.0
B4093,0.0
B4094,0.0
B4095,0.0
B4096,0.0
B4097,0.0
B4098,0.0
B4099,0.0
B41,0.0
B410,0.0
B4100,0.0
B10004,0.0
B4102,0.0
B4103,0.0
B4104,0.0
B4105,0.0
B4106,0.0
B4107,0.0
B4108,0.0
B4109,0.0
B411,0.0
B4110,0.0
B4111,0.0
B4112,0.0
B4113,0.0
B4114,0.0
B10005,0.0
B4116,0.0
B4117,0.0
B4118,0.0
B4119,0.0
B412,0.0
B4120,0.0
B4121,0.0
B4122,0.0
B4123,0.0
B4124,0.0
B4125,0.0
B4126,0.0
B4127,0.0
B4128,0.0
B4129,0.0
B413,0.0
B4130,0.0
B4131,0.0
B4132,0.0
B4133,0.0
B4134,0.0
B4135,0.0
B4136,0.0
B4137,0.0
B4138,0.0
B4139,0.0
B414,0.0
B4140,0.0
B4141,0.0
B4142,0.0
B4143,0.0
B4144,0.0
B4145,0.0
B4146,0.0
B4147,0.0
B4148,0.0
B4149,0.0
B415,0.0
B4150,0.0
B4151,0.0
B4152,0.0
B4153,0.0
B10006,0.0
B4155,0.0
B4156,0.0
B4157,0.0
B4158,0.0
B4159,0.0
B416,0.0
B4160,0.0
B4161,0.0
B4162,0.0
B4163,0.0
B4164,0.0
B4165,0.0
B4166,0.0
B4167,0.0
B4168,0.0
B4169,0.0
B417,0.0
B4170,0.0
B4171,0.0
transcript/45308,0.0
B4173,0.0
B4174,0.0
B4175,0.0
B10020,0.0
B4177,0.0
B4178,0.0
B4179,0.0
B418,0.0
B4180,0.0
B4181,0.0
B4182,0.0
B4183,0.0
B4184,0.0
B4185,0.0
B4186,0.0
B4187,0.0
B4188,0.0
B4189,0.0
B419,0.0
B4190,0.0
B4191,0.0
B4192,0.0
B4193,0.0
B4194,0.0
transcript/52621,0.0
B4196,0.0
B4197,0.0
B4198,0.0
transcript/5249,0.0
B42,0.0
B420,0.0
B4200,0.0
B4201,0.0
B4202,0.0
B4203,0.0
B4204,0.0
B4205,0.0
B4206,0.0
B4207,0.0
B4208,0.0
B4209,0.0
B421,0.0
B4210,0.0
B4211,0.0
B4212,0.0
B4213,0.0
B4214,0.0
B4215,0.0
B4216,0.0
B4217,0.0
B4218,0.0
B4219,0.0
B422,0.0
B4220,0.0
B4221,0.0
B4222,0.0
B4223,0.0
B4224,0.0
B4225,0.0
B4226,0.0
B4227,0.0
B4228,0.0
B4229,0.0
B423,0.0
B10007,0.0
B4231,0.0
B4232,0.0
B4233,0.0
B4234,0.0
B4235,0.0
B4236,0.0
B4237,0.0
B4238,0.0
B4239,0.0
B424,0.0
B4240,0.0
B4241,0.0
B4242,0.0
B4243,0.0
B4244,0.0
B4245,0.0
B4246,0.0
B4247,0.0
B4248,0.0
B4249,0.0
B425,0.0
B4250,0.0
B4251,0.0
B4252,0.0
B4253,0.0
B4254,0.0
B4255,0.0
B4256,0.0
B4257,0.0
B4258,0.0
B4259,0.0
B426,0.0
B4260,0.0
B4261,0.0
B4262,0.0
B4263,0.0
B4264,0.0
transcript/9660,0.0
B4266,0.0
B4267,0.0
B4268,0.0
B4269,0.0
B427,0.0
B4270,0.0
B4271,0.0
B4272,0.0
B4273,0.0
B4274,0.0
B4275,0.0
B4276,0.0
B4277,0.0
B4278,0.0
B428,0.0
B4280,0.0
B4281,0.0
B4282,0.0
B4283,0.0
B4284,0.0
B4285,0.0
B4286,0.0
B4287,0.0
B4288,0.0
B4289,0.0
B429,0.0
B4290,0.0
B4291,0.0
B4292,0.0
B4293,0.0
B4294,0.0
B4295,0.0
B4296,0.0
B4297,0.0
B4298,0.0
B4299,0.0
B43,0.0
B430,0.0
B4300,0.0
B4301,0.0
B4302,0.0
B4303,0.0
B4304,0.0
B4305,0.0
B4306,0.0
B4307,0.0
B4308,0.0
B4309,0.0
B431,0.0
B4310,0.0
B4311,0.0
B4312,0.0
B4313,0.0
B4314,0.0
B4315,0.0
B4316,0.0
B1,0.0
B4318,0.0
B4319,0.0
B432,0.0
B4320,0.0
B4321,0.0
B4322,0.0
B4323,0.0
B4324,0.0
B4325,0.0
B4326,0.0
B4327,0.0
B4328,0.0
B4329,0.0
B433,0.0
B4330,0.0
B4331,0.0
B4332,0.0
B4333,0.0
B4334,0.0
B4335,0.0
B4336,0.0
B4337,0.0
B4338,0.0
B4339,0.0
B434,0.0
B4340,0.0
B4341,0.0
B4342,0.0
B4343,0.0
B4344,0.0
B4345,0.0
B4346,0.0
B4347,0.0
B4348,0.0
B4349,0.0
B435,0.0
B4350,0.0
B4351,0.0
B4352,0.0
B4353,0.0
B4354,0.0
B4355,0.0
B4356,0.0
B4357,0.0
B4358,0.0
B4359,0.0
B436,0.0
B4360,0.0
B4361,0.0
B4362,0.0
B4363,0.0
B4364,0.0
B4365,0.0
B4366,0.0
B4367,0.0
B4368,0.0
B4369,0.0
B437,0.0
B4370,0.0
B4371,0.0
B4372,0.0
B4373,0.0
B4374,0.0
B4375,0.0
B4376,0.0
B4377,0.0
B4378,0.0
B4379,0.0
B438,0.0
B4380,0.0
B4381,0.0
B4382,0.0
B4383,0.0
B4384,0.0
B4386,0.0
B4387,0.0
B4388,0.0
B4389,0.0
B439,0.0
B4390,0.0
B4391,0.0
B4392,0.0
B4393,0.0
B4394,0.0
B4395,0.0
B4396,0.0
B4397,0.0
B4398,0.0
B4399,0.0
B44,0.0
B440,0.0
B4400,0.0
B4401,0.0
B4402,0.0
B4403,0.0
B4404,0.0
B4405,0.0
B4406,0.0
B4407,0.0
B4408,0.0
B4409,0.0
B441,0.0
B4410,0.0
B4411,0.0
B4412,0.0
B4413,0.0
B10002,0.0
B4415,0.0
B4416,0.0
B4417,0.0
B4418,0.0
B4419,0.0
B442,0.0
B4420,0.0
B4421,0.0
B4422,0.0
B4423,0.0
B4424,0.0
B4425,0.0
B4426,0.0
B4427,0.0
B4428,0.0
B4429,0.0
B443,0.0
B4430,0.0
B4431,0.0
B4432,0.0
B4433,0.0
B4434,0.0
B4435,0.0
transcript/52779,0.0
B4437,0.0
B4438,0.0
B4439,0.0
B444,0.0
B4440,0.0
B4441,0.0
B4442,0.0
B4443,0.0
B4444,0.0
B4445,0.0
B4446,0.0
B4447,0.0
B4448,0.0
B4449,0.0
B445,0.0
B4450,0.0
B4451,0.0
B4452,0.0
B4453,0.0
B4454,0.0
B4455,0.0
B4456,0.0
B4457,0.0
B4458,0.0
B4459,0.0
B446,0.0
B4460,0.0
B4461,0.0
B4462,0.0
B4463,0.0
B4464,0.0
B4465,0.0
B4466,0.0
B4467,0.0
B4468,0.0
B4469,0.0
B447,0.0
B4470,0.0
B4471,0.0
B4472,0.0
B4473,0.0
B4474,0.0
B4475,0.0
B4477,0.0
B4478,0.0
B4479,0.0
B448,0.0
B4480,0.0
B4481,0.0
B4482,0.0
B4483,0.0
B4484,0.0
B4485,0.0
B4486,0.0
transcript/53318,0.0
B4488,0.0
B4489,0.0
B449,0.0
B4490,0.0
B4491,0.0
B4492,0.0
B4493,0.0
B4494,0.0
B4495,0.0
B4496,0.0
B4497,0.0
B4498,0.0
B4499,0.0
B45,0.0
B450,0.0
B4500,0.0
B4501,0.0
B4502,0.0
B4503,0.0
B4504,0.0
B4505,0.0
B4506,0.0
B4507,0.0
B4508,0.0
B4509,0.0
B451,0.0
B4510,0.0
B4511,0.0
B4512,0.0
B4513,0.0
B4514,0.0
B4515,0.0
B4516,0.0
B4517,0.0
B4518,0.0
B4519,0.0
B452,0.0
B4520,0.0
B4521,0.0
B4522,0.0
B4523,0.0
B4524,0.0
B4525,0.0
B4526,0.0
B4527,0.0
B4528,0.0
B4529,0.0
B453,0.0
B4530,0.0
B4531,0.0
B4532,0.0
B4533,0.0
transcript/53617,0.0
B4535,0.0
B4536,0.0
B4537,0.0
B4538,0.0
B4539,0.0
B454,0.0
B4540,0.0
B4541,0.0
B4542,0.0
B4543,0.0
B4544,0.0
B4545,0.0
B4546,0.0
B4547,0.0
B4548,0.0
B4549,0.0
B455,0.0
B4550,0.0
B4551,0.0
B4552,0.0
B4553,0.0
B4554,0.0
B4555,0.0
B4556,0.0
B4557,0.0
B4558,0.0
transcript/54485,0.0
B456,0.0
B4560,0.0
B4561,0.0
B4562,0.0
B4563,0.0
B4564,0.0
B4565,0.0
B4566,0.0
B4567,0.0
B4568,0.0
B4569,0.0
B4570,0.0
B4571,0.0
B4572,0.0
B4573,0.0
B4574,0.0
B4575,0.0
B4576,0.0
transcript/55592,0.0
B4578,0.0
B4579,0.0
B458,0.0
B4580,0.0
B4581,0.0
B4582,0.0
B4583,0.0
B4584,0.0
B4585,0.0
B4586,0.0
B4587,0.0
B4588,0.0
B4589,0.0
B459,0.0
B4590,0.0
B4591,0.0
B4592,0.0
B4593,0.0
B4594,0.0
B4595,0.0
B4596,0.0
B4597,0.0
B4598,0.0
B4599,0.0
B46,0.0
B460,0.0
B4600,0.0
B4601,0.0
B4602,0.0
B4603,0.0
B4604,0.0
B4605,0.0
B4606,0.0
B4607,0.0
B4608,0.0
B4609,0.0
B461,0.0
B4610,0.0
B4611,0.0
B4612,0.0
B4613,0.0
B4614,0.0
B4615,0.0
B4616,0.0
B4617,0.0
B4618,0.0
B4619,0.0
B462,0.0
B4620,0.0
B4621,0.0
B4622,0.0
B4623,0.0
B4624,0.0
B4625,0.0
B4626,0.0
B4627,0.0
B4628,0.0
B4629,0.0
B463,0.0
B4630,0.0
B4631,0.0
B4632,0.0
B4633,0.0
B4634,0.0
B4635,0.0
B4636,0.0
B4637,0.0
B4638,0.0
B4639,0.0
B464,0.0
B4640,0.0
B4641,0.0
B4642,0.0
B4643,0.0
B4644,0.0
B4645,0.0
B4646,0.0
B4647,0.0
B4648,0.0
B4649,0.0
B465,0.0
B4650,0.0
B4651,0.0
B4652,0.0
B4653,0.0
B4654,0.0
B4655,0.0
B4656,0.0
B4657,0.0
B4658,0.0
B4659,0.0
B466,0.0
transcript/55921,0.0
B4661,0.0
B4662,0.0
B4663,0.0
B4664,0.0
B4665,0.0
B4666,0.0
B4667,0.0
B4668,0.0
B4669,0.0
B467,0.0
B4670,0.0
transcript/55990,0.0
B4672,0.0
B4673,0.0
B4674,0.0
B4675,0.0
B4676,0.0
B4677,0.0
B4678,0.0
B4679,0.0
B468,0.0
B4680,0.0
B4681,0.0
B4682,0.0
B4683,0.0
B4684,0.0
B4685,0.0
transcript/56077,0.0
B4687,0.0
B4688,0.0
B4689,0.0
B469,0.0
transcript/5650,0.0
B4691,0.0
B4692,0.0
B4693,0.0
B4694,0.0
B4695,0.0
B4696,0.0
B4697,0.0
B4698,0.0
B4699,0.0
B47,0.0
B470,0.0
B4700,0.0
B4701,0.0
B4702,0.0
B4703,0.0
B4704,0.0
B4705,0.0
B4706,0.0
B4707,0.0
B4708,0.0
B4709,0.0
B471,0.0
B4710,0.0
B4711,0.0
B4712,0.0
B4713,0.0
B4714,0.0
B4715,0.0
B4716,0.0
B4717,0.0
B4718,0.0
B4719,0.0
B472,0.0
B4720,0.0
B4721,0.0
B4722,0.0
B4723,0.0
B4724,0.0
B4725,0.0
B4726,0.0
B4727,0.0
B4728,0.0
B4729,0.0
B473,0.0
B4730,0.0
B4731,0.0
B4732,0.0
B4733,0.0
B4734,0.0
B4735,0.0
B4736,0.0
B4737,0.0
B4738,0.0
B4739,0.0
B474,0.0
B4740,0.0
B4741,0.0
B4742,0.0
transcript/5822,0.0
B4744,0.0
B4745,0.0
B4746,0.0
B4747,0.0
B4748,0.0
B4749,0.0
B475,0.0
B4750,0.0
B4751,0.0
B4752,0.0
B4753,0.0
B4754,0.0
B4755,0.0
transcript/6618,0.0
B4757,0.0
B4758,0.0
B4759,0.0
B476,0.0
B4760,0.0
B4761,0.0
B4762,0.0
B4763,0.0
B4764,0.0
B4765,0.0
B4766,0.0
B4767,0.0
B4768,0.0
B4769,0.0
B477,0.0
B4770,0.0
B4771,0.0
B4772,0.0
B4773,0.0
B4774,0.0
B4775,0.0
B4776,0.0
B4777,0.0
B4778,0.0
B4779,0.0
B478,0.0
B4780,0.0
B4781,0.0
transcript/7454,0.0
B4783,0.0
B4784,0.0
B4785,0.0
B4786,0.0
B4787,0.0
B4788,0.0
B4789,0.0
B479,0.0
B4790,0.0
B4791,0.0
B4792,0.0
B4793,0.0
B4794,0.0
B4795,0.0
B4796,0.0
B4797,0.0
B4798,0.0
B4799,0.0
B48,0.0
B480,0.0
B4800,0.0
B4801,0.0
B4802,0.0
B4803,0.0
B4804,0.0
B4805,0.0
B4806,0.0
B4807,0.0
B4808,0.0
B4809,0.0
B481,0.0
B4810,0.0
B4811,0.0
B4812,0.0
B4813,0.0
B4814,0.0
B4815,0.0
B4816,0.0
B4817,0.0
B4818,0.0
B4819,0.0
transcript/8276,0.0
B4820,0.0
B4821,0.0
B4822,0.0
B4823,0.0
B4824,0.0
B4825,0.0
transcript/9539,0.0
B4827,0.0
B4828,0.0
B4829,0.0
B483,0.0
B4830,0.0
B4831,0.0
B4832,0.0
B4833,0.0
B4834,0.0
B4835,0.0
B4836,0.0
B4837,0.0
B4838,0.0
B4839,0.0
B484,0.0
B4840,0.0
B4841,0.0
B4842,0.0
B4843,0.0
B4844,0.0
B4845,0.0
B4846,0.0
B4847,0.0
B4848,0.0
B4849,0.0
B485,0.0
B4850,0.0
B4851,0.0
B4852,0.0
B4853,0.0
B4854,0.0
B4855,0.0
B4856,0.0
B1000,0.0
B4858,0.0
B4859,0.0
B486,0.0
B4860,0.0
B4861,0.0
B4862,0.0
B4863,0.0
B4864,0.0
B4865,0.0
B4866,0.0
B4867,0.0
B4868,0.0
B4869,0.0
B487,0.0
B4870,0.0
B4871,0.0
B4872,0.0
B4873,0.0
B4874,0.0
B4875,0.0
B4876,0.0
B10021,0.0
B4878,0.0
B4879,0.0
B488,0.0
B4880,0.0
B4881,0.0
B4882,0.0
B4883,0.0
B4884,0.0
B4885,0.0
B4886,0.0
B4887,0.0
B4888,0.0
B4889,0.0
B489,0.0
B4890,0.0
B10022,0.0
B4892,0.0
B4893,0.0
B4894,0.0
B4895,0.0
B4896,0.0
B4897,0.0
B4898,0.0
B4899,0.0
B49,0.0
B490,0.0
B4900,0.0
B4901,0.0
B4902,0.0
B4903,0.0
B4904,0.0
B4905,0.0
B4906,0.0
B4907,0.0
B4908,0.0
B4909,0.0
B491,0.0
B4910,0.0
B4911,0.0
B4912,0.0
B4913,0.0
B4914,0.0
B4915,0.0
B4916,0.0
B4917,0.0
B10023,0.0
B4919,0.0
B492,0.0
B4920,0.0
B4921,0.0
B4922,0.0
B4923,0.0
B4924,0.0
B4925,0.0
B4926,0.0
B4927,0.0
B4928,0.0
B4929,0.0
B493,0.0
B4930,0.0
B4931,0.0
B4932,0.0
B4933,0.0
B4934,0.0
B4935,0.0
B4936,0.0
B10024,0.0
B4938,0.0
B4939,0.0
B494,0.0
B4940,0.0
B4941,0.0
B4942,0.0
B4943,0.0
B4944,0.0
B4945,0.0
B4946,0.0
B4947,0.0
B4948,0.0
B4949,0.0
B495,0.0
B4950,0.0
B4951,0.0
B4952,0.0
B4953,0.0
B4954,0.0
B4955,0.0
B4956,0.0
B4957,0.0
B10025,0.0
B4959,0.0
B496,0.0
B4960,0.0
B4961,0.0
B4962,0.0
B4963,0.0
B4964,0.0
B4965,0.0
B4966,0.0
B4967,0.0
B4969,0.0
B497,0.0
B4970,0.0
B4971,0.0
B4972,0.0
B4973,0.0
B4974,0.0
B4975,0.0
B10026,0.0
B4977,0.0
B4978,0.0
B4979,0.0
B498,0.0
B4980,0.0
B4981,0.0
B4982,0.0
B4983,0.0
B4984,0.0
B4985,0.0
B4986,0.0
B4987,0.0
B4988,0.0
B4989,0.0
B499,0.0
B4990,0.0
B4991,0.0
B4992,0.0
B4993,0.0
B10027,0.0
B4995,0.0
B4996,0.0
B4997,0.0
B4998,0.0
B4999,0.0
B5,0.0
B50,0.0
B500,0.0
B5000,0.0
B5001,0.0
B5002,0.0
B5003,0.0
B5004,0.0
B5005,0.0
B5006,0.0
B5007,0.0
B5008,0.0
B5009,0.0
B501,0.0
B5010,0.0
B5011,0.0
B5012,0.0
B5013,0.0
B5014,0.0
B5015,0.0
B5016,0.0
B5017,0.0
B5018,0.0
B5019,0.0
B502,0.0
B5020,0.0
B5021,0.0
B5022,0.0
B5023,0.0
B5024,0.0
B5025,0.0
B5026,0.0
B5027,0.0
B5028,0.0
B5029,0.0
B503,0.0
B5030,0.0
B5031,0.0
B5032,0.0
B5033,0.0
B5034,0.0
B10028,0.0
B5036,0.0
B5037,0.0
B5038,0.0
B5039,0.0
B504,0.0
B5040,0.0
B5041,0.0
B5042,0.0
B5043,0.0
B5044,0.0
B5045,0.0
B5046,0.0
B5047,0.0
B5048,0.0
B5049,0.0
B505,0.0
B5050,0.0
B5051,0.0
B5052,0.0
B5053,0.0
B5054,0.0
B5055,0.0
B5056,0.0
B5057,0.0
B5058,0.0
B5059,0.0
B506,0.0
B5060,0.0
B5061,0.0
B5062,0.0
B5063,0.0
B5064,0.0
B5065,0.0
B5066,0.0
B10029,0.0
B5068,0.0
B5069,0.0
B507,0.0
B5070,0.0
B5071,0.0
B5072,0.0
B5073,0.0
B5074,0.0
B5075,0.0
B5076,0.0
B5077,0.0
B5078,0.0
B5079,0.0
B508,0.0
B5080,0.0
B5081,0.0
B5082,0.0
B5083,0.0
B5084,0.0
B5085,0.0
B5086,0.0
B5087,0.0
B5088,0.0
B5089,0.0
B509,0.0
B5090,0.0
B5091,0.0
B5092,0.0
B5093,0.0
B5094,0.0
B5095,0.0
B5096,0.0
B5097,0.0
B5098,0.0
B5099,0.0
B51,0.0
B510,0.0
B5100,0.0
B5101,0.0
B5102,0.0
B5103,0.0
B5104,0.0
B5105,0.0
B5106,0.0
B5107,0.0
B5108,0.0
B5109,0.0
B511,0.0
B5110,0.0
B5111,0.0
B5112,0.0
B5113,0.0
B5114,0.0
B5115,0.0
B5116,0.0
B1003,0.0
B5118,0.0
B5119,0.0
B512,0.0
B5120,0.0
B5121,0.0
B5122,0.0
B5123,0.0
B5124,0.0
B5125,0.0
B5126,0.0
B5127,0.0
B5128,0.0
B5129,0.0
B513,0.0
B5130,0.0
B5131,0.0
B5132,0.0
B5133,0.0
B5134,0.0
B5135,0.0
B5136,0.0
B5137,0.0
B5138,0.0
B5139,0.0
B514,0.0
B5140,0.0
B5141,0.0
B5142,0.0
B5143,0.0
B5144,0.0
B5145,0.0
B5146,0.0
B5147,0.0
B5148,0.0
B5149,0.0
B515,0.0
B5150,0.0
B5151,0.0
B5152,0.0
B5153,0.0
B5154,0.0
B5155,0.0
B5156,0.0
B5157,0.0
B5158,0.0
B5159,0.0
B516,0.0
B5160,0.0
B5161,0.0
B5162,0.0
B5163,0.0
B5164,0.0
B5165,0.0
B5166,0.0
B5167,0.0
B5168,0.0
B5169,0.0
B517,0.0
B5170,0.0
B5171,0.0
B5172,0.0
B5173,0.0
B10030,0.0
B5175,0.0
B5176,0.0
B5177,0.0
B10031,0.0
B5179,0.0
B518,0.0
B5180,0.0
B5181,0.0
B5182,0.0
B5183,0.0
B5184,0.0
B5185,0.0
B5186,0.0
B5187,0.0
B5188,0.0
B5189,0.0
B519,0.0
B5190,0.0
B5191,0.0
B5192,0.0
B5193,0.0
B5194,0.0
B5195,0.0
B5196,0.0
B5197,0.0
B5198,0.0
B5199,0.0
B52,0.0
B520,0.0
B5200,0.0
B5201,0.0
B5202,0.0
B5203,0.0
B5204,0.0
B5205,0.0
B5206,0.0
B5207,0.0
B5208,0.0
B5209,0.0
B521,0.0
B5210,0.0
B5211,0.0
B5212,0.0
B5213,0.0
B5214,0.0
B10032,0.0
B5216,0.0
B10033,0.0
B5218,0.0
B5219,0.0
B522,0.0
B5220,0.0
B5221,0.0
B5222,0.0
B5223,0.0
B5224,0.0
B5225,0.0
B5226,0.0
B5227,0.0
B5228,0.0
B5229,0.0
B523,0.0
B5230,0.0
B5231,0.0
B5232,0.0
B5233,0.0
B5234,0.0
B5235,0.0
B5236,0.0
B5237,0.0
B5238,0.0
B5239,0.0
B524,0.0
B5240,0.0
B5241,0.0
B5242,0.0
B5243,0.0
B5244,0.0
B5245,0.0
B5246,0.0
B5247,0.0
B5248,0.0
B5249,0.0
B525,0.0
B5250,0.0
B5251,0.0
B5252,0.0
B5253,0.0
B5254,0.0
B5255,0.0
B5256,0.0
B5257,0.0
B5258,0.0
B5259,0.0
B526,0.0
B5260,0.0
B5261,0.0
B5262,0.0
B5263,0.0
B5264,0.0
B5265,0.0
B5266,0.0
B5267,0.0
B5268,0.0
B5269,0.0
B527,0.0
B5270,0.0
B5271,0.0
B5272,0.0
B5273,0.0
B5274,0.0
B10034,0.0
B5276,0.0
B5277,0.0
B5278,0.0
B5279,0.0
B528,0.0
B5280,0.0
B5281,0.0
B5282,0.0
B5283,0.0
B5284,0.0
B5285,0.0
B5286,0.0
B10035,0.0
B5288,0.0
B5289,0.0
B529,0.0
B5290,0.0
B5291,0.0
B5292,0.0
B5293,0.0
B5294,0.0
B5295,0.0
B5296,0.0
B5297,0.0
B5298,0.0
B5299,0.0
B53,0.0
B530,0.0
B5300,0.0
B5301,0.0
B5302,0.0
B5303,0.0
B5304,0.0
B5305,0.0
B5306,0.0
B5307,0.0
B5308,0.0
B5309,0.0
B531,0.0
B5310,0.0
B5311,0.0
B5312,0.0
B5313,0.0
B5314,0.0
B5315,0.0
B5316,0.0
B5317,0.0
B5318,0.0
B5319,0.0
B532,0.0
B5320,0.0
B10036,0.0
B5322,0.0
B10037,0.0
B5324,0.0
B5325,0.0
B5326,0.0
B5327,0.0
B5328,0.0
B5329,0.0
B533,0.0
B5330,0.0
B5331,0.0
B5332,0.0
B5333,0.0
B5334,0.0
B5335,0.0
B5336,0.0
B5337,0.0
B5338,0.0
B5339,0.0
B534,0.0
B5340,0.0
B5341,0.0
B5342,0.0
B5343,0.0
B5344,0.0
B5345,0.0
B5346,0.0
B5347,0.0
B5348,0.0
B5349,0.0
B535,0.0
B5350,0.0
B5351,0.0
B5352,0.0
B5353,0.0
B5354,0.0
B5355,0.0
B5356,0.0
B5357,0.0
B10038,0.0
B5359,0.0
B536,0.0
B5360,0.0
B5361,0.0
B5362,0.0
B5363,0.0
B5364,0.0
B5365,0.0
B5366,0.0
B5367,0.0
B5368,0.0
B5369,0.0
B537,0.0
B5370,0.0
B5371,0.0
B5372,0.0
B5373,0.0
B5374,0.0
B5375,0.0
B5376,0.0
B5377,0.0
B5378,0.0
B5379,0.0
B538,0.0
B5380,0.0
B5381,0.0
B5382,0.0
B5383,0.0
B5384,0.0
B5385,0.0
B5386,0.0
B5387,0.0
B5388,0.0
B5389,0.0
B539,0.0
B5390,0.0
B5391,0.0
B5392,0.0
B5393,0.0
B5394,0.0
B5395,0.0
B5396,0.0
B5397,0.0
B5398,0.0
B1004,0.0
B54,0.0
B540,0.0
B5400,0.0
B5401,0.0
B5402,0.0
B5403,0.0
B5404,0.0
B5405,0.0
B5406,0.0
B10040,0.0
B5408,0.0
B10041,0.0
B541,0.0
B5410,0.0
B5411,0.0
B5412,0.0
B5413,0.0
B5415,0.0
B5416,0.0
B5417,0.0
B5418,0.0
B5419,0.0
B542,0.0
B5420,0.0
B5421,0.0
B5422,0.0
B5423,0.0
B5424,0.0
B5425,0.0
B5426,0.0
B5427,0.0
B5428,0.0
B5429,0.0
B543,0.0
B5430,0.0
B5431,0.0
B5432,0.0
B5433,0.0
B5434,0.0
B5435,0.0
B5437,0.0
B5438,0.0
B5439,0.0
B544,0.0
B5440,0.0
B5441,0.0
B5442,0.0
B5443,0.0
B5444,0.0
B5445,0.0
B5446,0.0
B5447,0.0
B5448,0.0
B5449,0.0
B545,0.0
B5450,0.0
B5451,0.0
B5452,0.0
B5453,0.0
B5454,0.0
B5455,0.0
B5456,0.0
B5457,0.0
B5458,0.0
B10042,0.0
B546,0.0
B5460,0.0
B5461,0.0
B5462,0.0
B5463,0.0
B5464,0.0
B10043,0.0
B5466,0.0
B5467,0.0
B5468,0.0
B5469,0.0
B547,0.0
B5470,0.0
B5471,0.0
B5472,0.0
B5473,0.0
B5474,0.0
B5475,0.0
B5476,0.0
B5477,0.0
B5478,0.0
B5479,0.0
B548,0.0
B5480,0.0
B5481,0.0
B5482,0.0
B5483,0.0
B5484,0.0
B5485,0.0
B5486,0.0
B5487,0.0
B5488,0.0
B549,0.0
B5490,0.0
B10044,0.0
B5494,0.0
B5495,0.0
B5496,0.0
B5497,0.0
B5498,0.0
B5499,0.0
B55,0.0
B550,0.0
B5500,0.0
B5501,0.0
B10045,0.0
B5503,0.0
B5504,0.0
B5505,0.0
B5506,0.0
B10046,0.0
B5508,0.0
B5509,0.0
B551,0.0
B5510,0.0
B5511,0.0
B5512,0.0
B5513,0.0
B5514,0.0
B5515,0.0
B5516,0.0
B5517,0.0
B5518,0.0
B5519,0.0
B552,0.0
B5520,0.0
B5521,0.0
B5522,0.0
B5523,0.0
B5524,0.0
B10047,0.0
B5526,0.0
B5527,0.0
B5528,0.0
B5529,0.0
B553,0.0
B5530,0.0
B5531,0.0
B5532,0.0
B5533,0.0
B5534,0.0
B10048,0.0
B5536,0.0
B5537,0.0
B5538,0.0
B5539,0.0
B5540,0.0
B5541,0.0
B5542,0.0
B5543,0.0
B5544,0.0
B5545,0.0
B5546,0.0
B5547,0.0
B5548,0.0
B5549,0.0
B555,0.0
B5550,0.0
B5551,0.0
B5552,0.0
B5553,0.0
B5554,0.0
B5555,0.0
B5556,0.0
B5557,0.0
B5558,0.0
B5559,0.0
B556,0.0
B5560,0.0
B5561,0.0
B5562,0.0
B5563,0.0
B5564,0.0
B5565,0.0
B5566,0.0
B5567,0.0
B5568,0.0
B5569,0.0
B557,0.0
B5570,0.0
B5571,0.0
B5572,0.0
B5573,0.0
B10049,0.0
B1005,0.0
B5576,0.0
B5577,0.0
B5578,0.0
B5579,0.0
B558,0.0
B5580,0.0
B5581,0.0
B5582,0.0
B5583,0.0
B5584,0.0
B5586,0.0
B5587,0.0
B5588,0.0
B5589,0.0
B559,0.0
B5590,0.0
B5591,0.0
B5592,0.0
B5593,0.0
B5594,0.0
B5595,0.0
B5596,0.0
B5597,0.0
B5598,0.0
B5599,0.0
B56,0.0
B560,0.0
B5600,0.0
B5601,0.0
B5602,0.0
B5603,0.0
B5604,0.0
B5605,0.0
B5606,0.0
B5607,0.0
B5608,0.0
B5609,0.0
B561,0.0
B5610,0.0
B5611,0.0
B10050,0.0
B5613,0.0
B5614,0.0
B5615,0.0
B5616,0.0
B5617,0.0
B5618,0.0
B5619,0.0
B562,0.0
B5620,0.0
B5621,0.0
B5622,0.0
B5623,0.0
B5624,0.0
B5625,0.0
B5626,0.0
B5627,0.0
B5628,0.0
B5629,0.0
B563,0.0
B5630,0.0
B5631,0.0
B5632,0.0
B5633,0.0
B5634,0.0
B5636,0.0
B5637,0.0
B5638,0.0
B5639,0.0
B564,0.0
B5640,0.0
B5641,0.0
B5642,0.0
B5643,0.0
B5644,0.0
B10051,0.0
B5646,0.0
B5647,0.0
B5648,0.0
B5649,0.0
B565,0.0
B5650,0.0
B5651,0.0
B5652,0.0
B5653,0.0
B5654,0.0
B5655,0.0
B5656,0.0
B5657,0.0
B5658,0.0
B5659,0.0
B566,0.0
B5660,0.0
B5661,0.0
B5662,0.0
B5663,0.0
B5664,0.0
B5665,0.0
B5666,0.0
B5667,0.0
B5668,0.0
B5669,0.0
B567,0.0
B5670,0.0
B5671,0.0
B5672,0.0
B5673,0.0
B5674,0.0
B5675,0.0
B5676,0.0
B5677,0.0
B5678,0.0
B5679,0.0
B568,0.0
B5680,0.0
B5681,0.0
B5682,0.0
B5683,0.0
B5684,0.0
B5685,0.0
B5686,0.0
B5687,0.0
B5688,0.0
B5689,0.0
B569,0.0
B5690,0.0
B5691,0.0
B5692,0.0
B5693,0.0
B5694,0.0
B5695,0.0
B5696,0.0
B5697,0.0
B5698,0.0
B5699,0.0
B57,0.0
B570,0.0
B5700,0.0
B5701,0.0
B5702,0.0
B5703,0.0
B5704,0.0
B5705,0.0
B5706,0.0
B5707,0.0
B5708,0.0
B10052,0.0
B571,0.0
B5710,0.0
B5711,0.0
B5712,0.0
B5713,0.0
B5714,0.0
B5715,0.0
B5716,0.0
B5717,0.0
B5718,0.0
B5719,0.0
B572,0.0
B5720,0.0
B5721,0.0
B5722,0.0
B5723,0.0
B5724,0.0
B5725,0.0
B5726,0.0
B5727,0.0
B5728,0.0
B5729,0.0
B573,0.0
B5730,0.0
B5731,0.0
B5732,0.0
B5733,0.0
B5734,0.0
B5735,0.0
B5736,0.0
B5737,0.0
B5738,0.0
B5739,0.0
B574,0.0
B5740,0.0
B5741,0.0
B5742,0.0
B5743,0.0
B5744,0.0
B5745,0.0
B5746,0.0
B5747,0.0
B5748,0.0
B5749,0.0
B575,0.0
B5750,0.0
B10053,0.0
B5752,0.0
B5753,0.0
B5754,0.0
B5755,0.0
B10054,0.0
B5757,0.0
B5758,0.0
B5759,0.0
B576,0.0
B5760,0.0
B5761,0.0
B5762,0.0
B5763,0.0
B5764,0.0
B5765,0.0
B5766,0.0
B5767,0.0
B10056,0.0
B5769,0.0
B577,0.0
B5770,0.0
B5771,0.0
B5772,0.0
B5773,0.0
B5774,0.0
B5775,0.0
B5776,0.0
B5777,0.0
B5778,0.0
B5779,0.0
B578,0.0
B5780,0.0
B5781,0.0
B5782,0.0
B5783,0.0
B5784,0.0
B5785,0.0
B5786,0.0
B5787,0.0
B5788,0.0
B5789,0.0
B579,0.0
B5790,0.0
B5791,0.0
B5792,0.0
B10057,0.0
B5794,0.0
B5795,0.0
B5796,0.0
B5797,0.0
B5798,0.0
B5799,0.0
B10058,0.0
B580,0.0
B5800,0.0
B5801,0.0
B5802,0.0
B5803,0.0
B5804,0.0
B5805,0.0
B5806,0.0
B5807,0.0
B5808,0.0
B5809,0.0
B581,0.0
B5810,0.0
B5811,0.0
B5812,0.0
B5813,0.0
B5814,0.0
B5815,0.0
B5816,0.0
B5817,0.0
B5818,0.0
B5819,0.0
B582,0.0
B5820,0.0
B5821,0.0
B5822,0.0
B5823,0.0
B5824,0.0
B5825,0.0
B5826,0.0
B5827,0.0
B5828,0.0
B1006,0.0
B583,0.0
B5830,0.0
B5831,0.0
B5832,0.0
B5833,0.0
B5834,0.0
B5835,0.0
B5836,0.0
B5837,0.0
B5838,0.0
B5839,0.0
B584,0.0
B5840,0.0
B5841,0.0
B5842,0.0
B5843,0.0
B5844,0.0
B5845,0.0
B5846,0.0
B5847,0.0
B5848,0.0
B5849,0.0
B585,0.0
B5850,0.0
B5851,0.0
B5852,0.0
B5853,0.0
B5854,0.0
B5855,0.0
B5856,0.0
B5857,0.0
B5858,0.0
B5859,0.0
B586,0.0
B5860,0.0
B5861,0.0
B5862,0.0
B5863,0.0
B5864,0.0
B5865,0.0
B10060,0.0
B5867,0.0
B5868,0.0
B5869,0.0
B587,0.0
B5870,0.0
B5871,0.0
B5872,0.0
B5873,0.0
B5874,0.0
B5875,0.0
B5876,0.0
B5877,0.0
B5878,0.0
B5879,0.0
B588,0.0
B5880,0.0
B5881,0.0
B5882,0.0
B5883,0.0
B5884,0.0
B5885,0.0
B5886,0.0
B5887,0.0
B5888,0.0
B5889,0.0
B589,0.0
B5890,0.0
B5891,0.0
B5892,0.0
B5893,0.0
B5894,0.0
B5895,0.0
B5896,0.0
B5897,0.0
B5898,0.0
B5899,0.0
B59,0.0
B590,0.0
B5900,0.0
B5901,0.0
B5902,0.0
B5903,0.0
B5904,0.0
B5905,0.0
B5906,0.0
B5907,0.0
B5908,0.0
B5909,0.0
B591,0.0
B5910,0.0
B5911,0.0
B5912,0.0
B5913,0.0
B5914,0.0
B5915,0.0
B5916,0.0
B5917,0.0
B5918,0.0
B5919,0.0
B592,0.0
B5920,0.0
B5921,0.0
B5922,0.0
B5923,0.0
B10061,0.0
B5925,0.0
B5926,0.0
B5927,0.0
B5928,0.0
B5929,0.0
B593,0.0
B5930,0.0
B5931,0.0
B5932,0.0
B5933,0.0
B5934,0.0
B5935,0.0
B5936,0.0
B5937,0.0
B5938,0.0
B5939,0.0
B594,0.0
B5940,0.0
B5941,0.0
B5942,0.0
B5943,0.0
B5944,0.0
B5945,0.0
B5946,0.0
B5947,0.0
B5948,0.0
B5949,0.0
B595,0.0
B5950,0.0
B5951,0.0
B5952,0.0
B5953,0.0
B10062,0.0
B5955,0.0
B5956,0.0
B5957,0.0
B5958,0.0
B5959,0.0
B596,0.0
B5960,0.0
B5961,0.0
B5962,0.0
B5963,0.0
B5964,0.0
B5965,0.0
B5966,0.0
B5967,0.0
B5968,0.0
B5969,0.0
B597,0.0
B5970,0.0
B5971,0.0
B5972,0.0
B5973,0.0
B5974,0.0
B5975,0.0
B5976,0.0
B5977,0.0
B10063,0.0
B5979,0.0
B10064,0.0
B5980,0.0
B5981,0.0
B5982,0.0
B5983,0.0
B5984,0.0
B5985,0.0
B5986,0.0
B5987,0.0
B5988,0.0
B10065,0.0
B599,0.0
B5990,0.0
B5991,0.0
B5992,0.0
B5993,0.0
B5994,0.0
B5995,0.0
B5996,0.0
B5997,0.0
B5998,0.0
B5999,0.0
B6,0.0
B60,0.0
B600,0.0
B6000,0.0
B6001,0.0
B6002,0.0
B6003,0.0
B6004,0.0
B6005,0.0
B6006,0.0
B6007,0.0
B6008,0.0
B6009,0.0
B601,0.0
B6010,0.0
B6011,0.0
B6012,0.0
B6013,0.0
B6014,0.0
B6015,0.0
B6016,0.0
B6017,0.0
B6018,0.0
B6019,0.0
B602,0.0
B6020,0.0
B6021,0.0
B6022,0.0
B6023,0.0
B6024,0.0
B6025,0.0
B10066,0.0
B6027,0.0
B6028,0.0
B6029,0.0
B603,0.0
B6030,0.0
B6031,0.0
B6032,0.0
B6033,0.0
B6034,0.0
B6035,0.0
B6036,0.0
B6037,0.0
B6038,0.0
B6039,0.0
B604,0.0
B6040,0.0
B6041,0.0
B6042,0.0
B6043,0.0
B6044,0.0
B6045,0.0
B6046,0.0
B6047,0.0
B6048,0.0
B6049,0.0
B6050,0.0
B6051,0.0
B6052,0.0
B6053,0.0
B6054,0.0
B6055,0.0
B6056,0.0
B6057,0.0
B6058,0.0
B10067,0.0
B606,0.0
B6060,0.0
B6061,0.0
B6062,0.0
B10068,0.0
B6064,0.0
B6065,0.0
B6066,0.0
B6067,0.0
B6068,0.0
B6069,0.0
B607,0.0
B6070,0.0
B6071,0.0
B6072,0.0
B6073,0.0
B6074,0.0
B6075,0.0
B6076,0.0
B6077,0.0
B6078,0.0
B6079,0.0
B608,0.0
B6080,0.0
B6081,0.0
B6082,0.0
B6083,0.0
B6084,0.0
B6085,0.0
B6086,0.0
B6087,0.0
B6088,0.0
B6089,0.0
B609,0.0
B6090,0.0
B6091,0.0
B6092,0.0
B6093,0.0
B6094,0.0
B6095,0.0
B6096,0.0
B6097,0.0
B6098,0.0
B6099,0.0
B61,0.0
B610,0.0
B6100,0.0
B10069,0.0
B6102,0.0
B6103,0.0
B6104,0.0
B6105,0.0
B6106,0.0
B6107,0.0
B6108,0.0
B6109,0.0
B611,0.0
B6110,0.0
B6111,0.0
B6112,0.0
B6113,0.0
B6114,0.0
B6115,0.0
B6116,0.0
B6117,0.0
B6118,0.0
B6119,0.0
B612,0.0
B6120,0.0
B6121,0.0
B6122,0.0
B6123,0.0
B6124,0.0
B6125,0.0
B6126,0.0
B6127,0.0
B6128,0.0
B6129,0.0
B613,0.0
B6130,0.0
B6131,0.0
B6132,0.0
B6133,0.0
B6134,0.0
B6135,0.0
B6136,0.0
B6137,0.0
B6138,0.0
B6139,0.0
B614,0.0
B6140,0.0
B6141,0.0
B6142,0.0
B6143,0.0
B6144,0.0
B6145,0.0
B6146,0.0
B6147,0.0
B6148,0.0
B6149,0.0
B615,0.0
B6150,0.0
B6151,0.0
B6152,0.0
B6153,0.0
B6154,0.0
B6155,0.0
B6156,0.0
B6157,0.0
B1007,0.0
B6159,0.0
B10070,0.0
B10071,0.0
B6161,0.0
B6162,0.0
B6163,0.0
B6164,0.0
B6165,0.0
B6166,0.0
B6167,0.0
B6168,0.0
B6169,0.0
B617,0.0
B6170,0.0
B10072,0.0
B10073,0.0
B6173,0.0
B6174,0.0
B6175,0.0
B6176,0.0
B6177,0.0
B6178,0.0
B6179,0.0
B618,0.0
B6180,0.0
B6181,0.0
B6182,0.0
B10074,0.0
B6184,0.0
B6185,0.0
B6186,0.0
B6187,0.0
B6188,0.0
B10075,0.0
B619,0.0
B6190,0.0
B6191,0.0
B6192,0.0
B6193,0.0
B6194,0.0
B6195,0.0
B6196,0.0
B6197,0.0
B6198,0.0
B6199,0.0
B62,0.0
B620,0.0
B6200,0.0
B6201,0.0
B6202,0.0
B6203,0.0
B6204,0.0
B6205,0.0
B10076,0.0
B6207,0.0
B6208,0.0
B6209,0.0
B621,0.0
B6210,0.0
B6211,0.0
B6212,0.0
B6213,0.0
B6214,0.0
B6215,0.0
B6216,0.0
B6217,0.0
B6218,0.0
B6219,0.0
B622,0.0
B6220,0.0
B6221,0.0
B10077,0.0
B6223,0.0
B6224,0.0
B6225,0.0
B6226,0.0
B10078,0.0
B6228,0.0
B6229,0.0
B623,0.0
B6230,0.0
B6231,0.0
B6232,0.0
B6233,0.0
B6234,0.0
B6235,0.0
B6236,0.0
B6237,0.0
B6238,0.0
B6239,0.0
B624,0.0
B6240,0.0
B6241,0.0
B6242,0.0
B6243,0.0
B6244,0.0
B6245,0.0
B6246,0.0
B6247,0.0
B6248,0.0
B6249,0.0
B10079,0.0
B6250,0.0
B6251,0.0
B6252,0.0
B6253,0.0
B6254,0.0
B6255,0.0
B6256,0.0
B6257,0.0
B6258,0.0
B6259,0.0
B626,0.0
B6260,0.0
B6261,0.0
B6262,0.0
B6263,0.0
B6264,0.0
B6265,0.0
B6266,0.0
B6267,0.0
B6268,0.0
B6269,0.0
B627,0.0
B6270,0.0
B6271,0.0
B6272,0.0
B6273,0.0
B6274,0.0
B6275,0.0
B6276,0.0
B6277,0.0
B6278,0.0
B6279,0.0
B628,0.0
B6280,0.0
B6281,0.0
B6282,0.0
B6283,0.0
B6284,0.0
B6285,0.0
B6286,0.0
B6287,0.0
B6288,0.0
B6289,0.0
B629,0.0
B6290,0.0
B6291,0.0
B6292,0.0
B6293,0.0
B6294,0.0
B6295,0.0
B6296,0.0
B6297,0.0
B6298,0.0
B6299,0.0
B63,0.0
B6300,0.0
B6301,0.0
B6302,0.0
B6303,0.0
B6304,0.0
B6305,0.0
B6306,0.0
B6307,0.0
B6308,0.0
B6309,0.0
B631,0.0
B6310,0.0
B6311,0.0
B6312,0.0
B6313,0.0
B6314,0.0
B6315,0.0
B6316,0.0
B6317,0.0
B6318,0.0
B6319,0.0
B632,0.0
B1008,0.0
B6321,0.0
B6322,0.0
B10080,0.0
B6324,0.0
B6325,0.0
B6326,0.0
B6327,0.0
B10081,0.0
B6329,0.0
B633,0.0
B6330,0.0
B6331,0.0
B6332,0.0
B6333,0.0
B6334,0.0
B6335,0.0
B6336,0.0
B6337,0.0
B6338,0.0
B6339,0.0
B634,0.0
B6340,0.0
B6342,0.0
B6343,0.0
B6344,0.0
B10082,0.0
B6346,0.0
B6347,0.0
B6348,0.0
B6349,0.0
B635,0.0
B6350,0.0
B6351,0.0
B6352,0.0
B10083,0.0
B6354,0.0
B6355,0.0
B6356,0.0
B6357,0.0
B6358,0.0
B6359,0.0
B636,0.0
B6360,0.0
B6361,0.0
B6362,0.0
B6363,0.0
B6364,0.0
B6365,0.0
B6366,0.0
B6367,0.0
B6368,0.0
B6369,0.0
B637,0.0
B6370,0.0
B6371,0.0
B6372,0.0
B6373,0.0
B6374,0.0
B6375,0.0
B6376,0.0
B6377,0.0
B6378,0.0
B6379,0.0
B638,0.0
B6380,0.0
B6381,0.0
B6382,0.0
B6383,0.0
B6384,0.0
B6385,0.0
B6386,0.0
B6387,0.0
B6388,0.0
B6389,0.0
B639,0.0
B6390,0.0
B6391,0.0
B6392,0.0
B6393,0.0
B10084,0.0
B6395,0.0
B6396,0.0
B6397,0.0
B6398,0.0
B6399,0.0
B64,0.0
B640,0.0
B6400,0.0
B6401,0.0
B6402,0.0
B6403,0.0
B6404,0.0
B6405,0.0
B6406,0.0
B6407,0.0
B6408,0.0
B6409,0.0
B641,0.0
B6410,0.0
B6411,0.0
B6412,0.0
B6413,0.0
B6414,0.0
B6415,0.0
B6416,0.0
B6417,0.0
B6418,0.0
B6419,0.0
B642,0.0
B6420,0.0
B6421,0.0
B6422,0.0
B6423,0.0
B6424,0.0
B6426,0.0
B6427,0.0
B6428,0.0
B6429,0.0
B643,0.0
B6431,0.0
B6432,0.0
B6433,0.0
B6434,0.0
B6435,0.0
B6436,0.0
B6437,0.0
B6438,0.0
B6439,0.0
B644,0.0
B6440,0.0
B6441,0.0
B6442,0.0
B6443,0.0
B6444,0.0
B6445,0.0
B6446,0.0
B6447,0.0
B6448,0.0
B6449,0.0
B645,0.0
B6450,0.0
B6451,0.0
B6452,0.0
B6453,0.0
B6454,0.0
B6455,0.0
B6456,0.0
B6457,0.0
B6458,0.0
B6459,0.0
B646,0.0
B6460,0.0
B6461,0.0
B6462,0.0
B6463,0.0
B6464,0.0
B6465,0.0
B6466,0.0
B6467,0.0
B6468,0.0
B6469,0.0
B647,0.0
B10085,0.0
B6471,0.0
B6472,0.0
B10086,0.0
B6474,0.0
B6475,0.0
B6476,0.0
B6477,0.0
B6478,0.0
B6479,0.0
B648,0.0
B6480,0.0
B6481,0.0
B6482,0.0
B6483,0.0
B6484,0.0
B6485,0.0
B6486,0.0
B6487,0.0
B6488,0.0
B6489,0.0
B649,0.0
B6490,0.0
B6491,0.0
B6492,0.0
B6493,0.0
B6494,0.0
B6495,0.0
B6496,0.0
B6497,0.0
B6498,0.0
B6499,0.0
B65,0.0
B650,0.0
B6500,0.0
B10087,0.0
B6502,0.0
B6503,0.0
B6504,0.0
B6505,0.0
B6506,0.0
B6507,0.0
B10088,0.0
B6509,0.0
B651,0.0
B6510,0.0
B6511,0.0
B6512,0.0
B6513,0.0
B6514,0.0
B10089,0.0
B6516,0.0
B6517,0.0
B6518,0.0
B6519,0.0
B652,0.0
B6520,0.0
B6521,0.0
B6522,0.0
B6523,0.0
B6524,0.0
B6525,0.0
B6526,0.0
B6527,0.0
B6528,0.0
B6529,0.0
B653,0.0
B6530,0.0
B6531,0.0
B6532,0.0
B6533,0.0
B6534,0.0
B6535,0.0
B6536,0.0
B6537,0.0
B6538,0.0
B6539,0.0
B654,0.0
B6540,0.0
B6541,0.0
B6542,0.0
B6543,0.0
B6544,0.0
B6545,0.0
B6546,0.0
B6547,0.0
B6548,0.0
B6549,0.0
B1009,0.0
B6550,0.0
B6551,0.0
B6552,0.0
B6553,0.0
B6554,0.0
B6555,0.0
B6556,0.0
B6557,0.0
B6558,0.0
B6559,0.0
B656,0.0
B6560,0.0
B6561,0.0
B6562,0.0
B6563,0.0
B6564,0.0
B6565,0.0
B6566,0.0
B6567,0.0
B6568,0.0
B6569,0.0
B657,0.0
B6570,0.0
B6571,0.0
B6572,0.0
B6573,0.0
B6574,0.0
B6575,0.0
B6576,0.0
B6577,0.0
B6578,0.0
B6579,0.0
B658,0.0
B6580,0.0
B6581,0.0
B6582,0.0
B6583,0.0
B6584,0.0
B6585,0.0
B6586,0.0
B6587,0.0
B6588,0.0
B6589,0.0
B659,0.0
B6590,0.0
B6591,0.0
B6592,0.0
B6593,0.0
B6594,0.0
B6595,0.0
B6596,0.0
B6597,0.0
B6598,0.0
B6599,0.0
B66,0.0
B660,0.0
B10090,0.0
B6601,0.0
B10091,0.0
B6603,0.0
B6604,0.0
B6605,0.0
B6606,0.0
B6607,0.0
B6608,0.0
B6609,0.0
B661,0.0
B6610,0.0
B6611,0.0
B6612,0.0
B10092,0.0
B6614,0.0
B6615,0.0
B6616,0.0
B6617,0.0
B6618,0.0
B6619,0.0
B662,0.0
B6620,0.0
B6621,0.0
B6622,0.0
B6623,0.0
B6624,0.0
B6625,0.0
B6626,0.0
B6627,0.0
B6628,0.0
B6629,0.0
B663,0.0
B6630,0.0
B6631,0.0
B6632,0.0
B6633,0.0
B6634,0.0
B6635,0.0
B6636,0.0
B6637,0.0
B6638,0.0
B6639,0.0
B664,0.0
B6640,0.0
B6641,0.0
B6642,0.0
B6643,0.0
B6644,0.0
B10093,0.0
B6646,0.0
B6647,0.0
B6648,0.0
B6649,0.0
B665,0.0
B6650,0.0
B6651,0.0
B10094,0.0
B6653,0.0
B6654,0.0
B6655,0.0
B6657,0.0
B6658,0.0
B6659,0.0
B666,0.0
B6660,0.0
B6661,0.0
B6662,0.0
B6663,0.0
B6664,0.0
B6665,0.0
B6666,0.0
B6667,0.0
B6668,0.0
B6669,0.0
B667,0.0
B6670,0.0
B6671,0.0
B6672,0.0
B6673,0.0
B6674,0.0
B6675,0.0
B10096,0.0
B6677,0.0
B6678,0.0
B6679,0.0
B668,0.0
B6680,0.0
B6681,0.0
B6682,0.0
B6683,0.0
B6684,0.0
B6685,0.0
B6686,0.0
B6687,0.0
B6689,0.0
B669,0.0
B6690,0.0
B6691,0.0
B6692,0.0
B6693,0.0
B6694,0.0
B6695,0.0
B6696,0.0
B6697,0.0
B6698,0.0
B6699,0.0
B67,0.0
B670,0.0
B6700,0.0
B6701,0.0
B6702,0.0
B6703,0.0
B10097,0.0
B6705,0.0
B10098,0.0
B6707,0.0
B6708,0.0
B6709,0.0
B671,0.0
B6710,0.0
B6711,0.0
B6712,0.0
B6713,0.0
B10099,0.0
B6715,0.0
B6716,0.0
B6717,0.0
B6718,0.0
B6719,0.0
B672,0.0
B6720,0.0
B6721,0.0
B6722,0.0
B6723,0.0
B6724,0.0
B6725,0.0
B6726,0.0
B6727,0.0
B6728,0.0
B6729,0.0
B673,0.0
B6730,0.0
B6731,0.0
B6732,0.0
B6733,0.0
B6734,0.0
B6735,0.0
B6736,0.0
B6738,0.0
B101,0.0
B674,0.0
B6740,0.0
B6741,0.0
B6742,0.0
B6743,0.0
B6744,0.0
B6745,0.0
B6746,0.0
B6747,0.0
B6748,0.0
B1010,0.0
B675,0.0
B10100,0.0
B6751,0.0
B6752,0.0
B6753,0.0
B6754,0.0
B6755,0.0
B6756,0.0
B6757,0.0
B6758,0.0
B6759,0.0
B676,0.0
B6760,0.0
B6761,0.0
B6762,0.0
B6763,0.0
B6764,0.0
B6765,0.0
B6766,0.0
B6767,0.0
B6768,0.0
B6769,0.0
B677,0.0
B6770,0.0
B6771,0.0
B6772,0.0
B6773,0.0
B6774,0.0
B6775,0.0
B6776,0.0
B6777,0.0
B6778,0.0
B6779,0.0
B678,0.0
B6780,0.0
B6781,0.0
B6782,0.0
B6783,0.0
B6784,0.0
B6785,0.0
B6786,0.0
B6787,0.0
B6788,0.0
B6789,0.0
B679,0.0
B6790,0.0
B6791,0.0
B6792,0.0
B6793,0.0
B6794,0.0
B6795,0.0
B6796,0.0
B6797,0.0
B6798,0.0
B6799,0.0
B68,0.0
B680,0.0
B6800,0.0
B6801,0.0
B6802,0.0
B6803,0.0
B6804,0.0
B6805,0.0
B6806,0.0
B6807,0.0
B6808,0.0
B6809,0.0
B681,0.0
B6810,0.0
B6811,0.0
B6812,0.0
B6813,0.0
B6814,0.0
B6815,0.0
B6816,0.0
B6818,0.0
B6819,0.0
B682,0.0
B6820,0.0
B6821,0.0
B6822,0.0
B6823,0.0
B6824,0.0
B6825,0.0
B10101,0.0
B6827,0.0
B6828,0.0
B6829,0.0
B683,0.0
B6830,0.0
B6831,0.0
B6832,0.0
B6833,0.0
B6834,0.0
B6835,0.0
B6836,0.0
B6837,0.0
B6838,0.0
B6839,0.0
B684,0.0
B6840,0.0
B6841,0.0
B6842,0.0
B6843,0.0
B6844,0.0
B6845,0.0
B6846,0.0
B6847,0.0
B6848,0.0
B6849,0.0
B685,0.0
B6850,0.0
B6851,0.0
B6852,0.0
B6853,0.0
B6854,0.0
B6855,0.0
B6856,0.0
B6857,0.0
B6858,0.0
B6859,0.0
B686,0.0
B6860,0.0
B6861,0.0
B6862,0.0
B6863,0.0
B6864,0.0
B6865,0.0
B6866,0.0
B6867,0.0
B6868,0.0
B6869,0.0
B687,0.0
B6870,0.0
B10102,0.0
B6872,0.0
B6873,0.0
B6874,0.0
B6875,0.0
B6876,0.0
B6877,0.0
B6878,0.0
B6879,0.0
B688,0.0
B6880,0.0
B10103,0.0
B6882,0.0
B6883,0.0
B6884,0.0
B6885,0.0
B6886,0.0
B6887,0.0
B6888,0.0
B6889,0.0
B689,0.0
B6890,0.0
B6891,0.0
B6892,0.0
B6893,0.0
B6894,0.0
B6895,0.0
B6897,0.0
B6899,0.0
B69,0.0
B690,0.0
B6900,0.0
B6901,0.0
B6902,0.0
B10104,0.0
B10105,0.0
B6905,0.0
B6906,0.0
B6907,0.0
B6908,0.0
B6909,0.0
B691,0.0
B6910,0.0
B6911,0.0
B6912,0.0
B6913,0.0
B6914,0.0
B6915,0.0
B6916,0.0
B6917,0.0
B6918,0.0
B6919,0.0
B692,0.0
B6920,0.0
B6921,0.0
B6922,0.0
B6923,0.0
B6924,0.0
B10106,0.0
B6926,0.0
B6927,0.0
B6928,0.0
B6929,0.0
B693,0.0
B6930,0.0
B10107,0.0
B6932,0.0
B6933,0.0
B6934,0.0
B6935,0.0
B6936,0.0
B6937,0.0
B6938,0.0
B6939,0.0
B6940,0.0
B6941,0.0
B6942,0.0
B6943,0.0
B6944,0.0
B6945,0.0
B6946,0.0
B6947,0.0
B6948,0.0
B6949,0.0
B695,0.0
B6950,0.0
B6951,0.0
B6952,0.0
B6953,0.0
B6954,0.0
B6955,0.0
B6956,0.0
B6957,0.0
B6958,0.0
B6959,0.0
B696,0.0
B6960,0.0
B6961,0.0
B6962,0.0
B6963,0.0
B6964,0.0
B6965,0.0
B6966,0.0
B6967,0.0
B6968,0.0
B6969,0.0
B697,0.0
B6970,0.0
B6971,0.0
B6972,0.0
B6973,0.0
B6974,0.0
B6975,0.0
B6976,0.0
B6977,0.0
B6978,0.0
B6979,0.0
B698,0.0
B6980,0.0
B6981,0.0
B6982,0.0
B6983,0.0
B6984,0.0
B6985,0.0
B6986,0.0
B6987,0.0
B6988,0.0
B6989,0.0
B699,0.0
B6990,0.0
B6991,0.0
B6992,0.0
B6993,0.0
B6994,0.0
B6995,0.0
B6996,0.0
B6997,0.0
B6998,0.0
B6999,0.0
B7,0.0
B70,0.0
B700,0.0
B7000,0.0
B7001,0.0
B7002,0.0
B7003,0.0
B7004,0.0
B7005,0.0
B7006,0.0
B7007,0.0
B7008,0.0
B7009,0.0
B701,0.0
B7010,0.0
B7011,0.0
B7012,0.0
B7013,0.0
B7014,0.0
B10108,0.0
B7016,0.0
B7017,0.0
B7018,0.0
B7019,0.0
B702,0.0
B7020,0.0
B7021,0.0
B7022,0.0
B7023,0.0
B7024,0.0
B7025,0.0
B7026,0.0
B7027,0.0
B7028,0.0
B7029,0.0
B703,0.0
B7030,0.0
B7031,0.0
B7032,0.0
B7033,0.0
B7034,0.0
B7035,0.0
B7036,0.0
B7037,0.0
B7038,0.0
B7039,0.0
B704,0.0
B7040,0.0
B7041,0.0
B7042,0.0
B7043,0.0
B7044,0.0
B7045,0.0
B7046,0.0
B7047,0.0
B7048,0.0
B7049,0.0
B705,0.0
B7050,0.0
B7051,0.0
B7052,0.0
B7053,0.0
B7054,0.0
B7055,0.0
B7056,0.0
B7057,0.0
B7058,0.0
B7059,0.0
B10109,0.0
B7060,0.0
B7061,0.0
B7062,0.0
B7063,0.0
B7064,0.0
B7065,0.0
B7066,0.0
B7067,0.0
B7068,0.0
B7069,0.0
B707,0.0
B7070,0.0
B7071,0.0
B7072,0.0
B7073,0.0
B7074,0.0
B1011,0.0
B10110,0.0
B7077,0.0
B7078,0.0
B10111,0.0
B708,0.0
B7080,0.0
B7081,0.0
B7082,0.0
B7083,0.0
B7084,0.0
B7085,0.0
B7086,0.0
B10112,0.0
B7088,0.0
B7089,0.0
B709,0.0
B7090,0.0
B7091,0.0
B7092,0.0
B7093,0.0
B7094,0.0
B7095,0.0
B7096,0.0
B7097,0.0
B7098,0.0
B7099,0.0
B71,0.0
B710,0.0
B7100,0.0
B7101,0.0
B7102,0.0
B7103,0.0
B7104,0.0
B7105,0.0
B7106,0.0
B7107,0.0
B7108,0.0
B7109,0.0
B711,0.0
B7110,0.0
B7111,0.0
B7112,0.0
B7113,0.0
B7114,0.0
B7115,0.0
B7116,0.0
B7117,0.0
B7118,0.0
B7119,0.0
B712,0.0
B7120,0.0
B7121,0.0
B7122,0.0
B7123,0.0
B7124,0.0
B7125,0.0
B7126,0.0
B7127,0.0
B7128,0.0
B7129,0.0
B713,0.0
B7130,0.0
B7131,0.0
B7132,0.0
B7133,0.0
B7134,0.0
B7135,0.0
B7136,0.0
B7137,0.0
B10114,0.0
B7139,0.0
B714,0.0
B10115,0.0
B7141,0.0
B7142,0.0
B7143,0.0
B7144,0.0
B7145,0.0
B7146,0.0
B7147,0.0
B7148,0.0
B7149,0.0
B715,0.0
B7150,0.0
B7151,0.0
B7152,0.0
B7153,0.0
B7154,0.0
B7155,0.0
B7156,0.0
B7157,0.0
B10116,0.0
B7159,0.0
B716,0.0
B7160,0.0
B7161,0.0
B7162,0.0
B7163,0.0
B7164,0.0
B7165,0.0
B7166,0.0
B10117,0.0
B7168,0.0
B7169,0.0
B717,0.0
B7170,0.0
B7171,0.0
B7172,0.0
B7173,0.0
B7174,0.0
B7175,0.0
B7177,0.0
B7178,0.0
B7179,0.0
B718,0.0
B7180,0.0
B7181,0.0
B7182,0.0
B7183,0.0
B7184,0.0
B7185,0.0
B7186,0.0
B7187,0.0
B7188,0.0
B7189,0.0
B719,0.0
B7190,0.0
B7191,0.0
B7192,0.0
B7193,0.0
B7194,0.0
B7195,0.0
B7196,0.0
B7197,0.0
B7198,0.0
B7199,0.0
B72,0.0
B720,0.0
B7200,0.0
B7201,0.0
B7202,0.0
B7203,0.0
B7204,0.0
B7205,0.0
B7206,0.0
B7207,0.0
B7208,0.0
B7209,0.0
B721,0.0
B7210,0.0
B7211,0.0
B7212,0.0
B7213,0.0
B7214,0.0
B7215,0.0
B7216,0.0
B7217,0.0
B7218,0.0
B7219,0.0
B722,0.0
B7220,0.0
B7221,0.0
B7222,0.0
B7223,0.0
B7224,0.0
B7225,0.0
B7226,0.0
B7227,0.0
B10118,0.0
B7229,0.0
B723,0.0
B7230,0.0
B7231,0.0
B7232,0.0
B7233,0.0
B7234,0.0
B7235,0.0
B7236,0.0
B7237,0.0
B7238,0.0
B7239,0.0
B724,0.0
B7240,0.0
B7241,0.0
B7242,0.0
B7243,0.0
B7244,0.0
B7245,0.0
B7246,0.0
B7247,0.0
B7248,0.0
B7249,0.0
B725,0.0
B7250,0.0
B7251,0.0
B7252,0.0
B7253,0.0
B7254,0.0
B7255,0.0
B7256,0.0
B7257,0.0
B7258,0.0
B7259,0.0
B726,0.0
B7260,0.0
B7261,0.0
B7262,0.0
B7263,0.0
B7264,0.0
B7265,0.0
B7266,0.0
B7267,0.0
B10119,0.0
B1012,0.0
B727,0.0
B7270,0.0
B7271,0.0
B10120,0.0
B7273,0.0
B7274,0.0
B7275,0.0
B7276,0.0
B7277,0.0
B7278,0.0
B7279,0.0
B728,0.0
B7280,0.0
B7281,0.0
B7282,0.0
B7283,0.0
B7284,0.0
B7285,0.0
B7286,0.0
B7287,0.0
B7288,0.0
B7289,0.0
B729,0.0
B7290,0.0
B7291,0.0
B7292,0.0
B7293,0.0
B7294,0.0
B7295,0.0
B7296,0.0
B7297,0.0
B7298,0.0
B10121,0.0
B73,0.0
B730,0.0
B7300,0.0
B7301,0.0
B7302,0.0
B7303,0.0
B7304,0.0
B7305,0.0
B7306,0.0
B7307,0.0
B7308,0.0
B7309,0.0
B731,0.0
B7310,0.0
B7311,0.0
B10122,0.0
B7313,0.0
B7314,0.0
B7315,0.0
B7316,0.0
B7317,0.0
B7318,0.0
B7319,0.0
B732,0.0
B7320,0.0
B7321,0.0
B7322,0.0
B7323,0.0
B7324,0.0
B7325,0.0
B7326,0.0
B10123,0.0
B7328,0.0
B7329,0.0
B733,0.0
B7330,0.0
B7331,0.0
B7332,0.0
B7333,0.0
B7334,0.0
B7335,0.0
B7336,0.0
B7337,0.0
B7338,0.0
B7339,0.0
B734,0.0
B7340,0.0
B7341,0.0
B7342,0.0
B7343,0.0
B7344,0.0
B7345,0.0
B7346,0.0
B7347,0.0
B7348,0.0
B7349,0.0
B735,0.0
B7350,0.0
B7351,0.0
B7352,0.0
B7353,0.0
B7354,0.0
B7355,0.0
B7356,0.0
B7357,0.0
B7358,0.0
B7359,0.0
B736,0.0
B7360,0.0
B7361,0.0
B7362,0.0
B7363,0.0
B7364,0.0
B7365,0.0
B7366,0.0
B7367,0.0
B7368,0.0
B7369,0.0
B737,0.0
B7370,0.0
B7371,0.0
B7372,0.0
B7373,0.0
B7374,0.0
B7375,0.0
B7376,0.0
B7377,0.0
B7378,0.0
B7379,0.0
B738,0.0
B7380,0.0
B7381,0.0
B7382,0.0
B7383,0.0
B7384,0.0
B7385,0.0
B10124,0.0
B7387,0.0
B7388,0.0
B7389,0.0
B739,0.0
B7390,0.0
B7391,0.0
B7392,0.0
B7393,0.0
B7394,0.0
B7395,0.0
B7396,0.0
B7397,0.0
B7398,0.0
B7399,0.0
B74,0.0
B740,0.0
B7400,0.0
B7401,0.0
B7402,0.0
B7403,0.0
B7404,0.0
B10125,0.0
B7406,0.0
B7407,0.0
B7408,0.0
B7409,0.0
B741,0.0
B7410,0.0
B7411,0.0
B7412,0.0
B7413,0.0
B7414,0.0
B7415,0.0
B7416,0.0
B7417,0.0
B7418,0.0
B7419,0.0
B742,0.0
B7420,0.0
B7421,0.0
B7422,0.0
B7423,0.0
B7424,0.0
B7425,0.0
B7426,0.0
B7427,0.0
B7428,0.0
B7429,0.0
B743,0.0
B7430,0.0
B7431,0.0
B7432,0.0
B7433,0.0
B7434,0.0
B7435,0.0
B7436,0.0
B7437,0.0
B7438,0.0
B7439,0.0
B744,0.0
B7440,0.0
B7441,0.0
B7442,0.0
B7443,0.0
B7444,0.0
B7445,0.0
B10126,0.0
B7447,0.0
B7448,0.0
B7449,0.0
B745,0.0
B10127,0.0
B7451,0.0
B7452,0.0
B7453,0.0
B7454,0.0
B7455,0.0
B7456,0.0
B7457,0.0
B7458,0.0
B7459,0.0
B746,0.0
B7460,0.0
B7461,0.0
B7462,0.0
B7463,0.0
B7464,0.0
B7465,0.0
B7466,0.0
B7467,0.0
B7468,0.0
B7469,0.0
B747,0.0
B7470,0.0
B7472,0.0
B7473,0.0
B7474,0.0
B7475,0.0
B7476,0.0
B7477,0.0
B7478,0.0
B7479,0.0
B748,0.0
B10128,0.0
B7481,0.0
B7482,0.0
B7483,0.0
B7484,0.0
B7485,0.0
B7486,0.0
B7487,0.0
B7488,0.0
B7489,0.0
B749,0.0
B7490,0.0
B7491,0.0
B7492,0.0
B7493,0.0
B7494,0.0
B7495,0.0
B7496,0.0
B7497,0.0
B7498,0.0
B7499,0.0
B75,0.0
B750,0.0
B7500,0.0
B7501,0.0
B7502,0.0
B7503,0.0
B7504,0.0
B7505,0.0
B7506,0.0
B7507,0.0
B7508,0.0
B7509,0.0
B751,0.0
B7510,0.0
B7511,0.0
B7512,0.0
B7513,0.0
B7514,0.0
B7515,0.0
B7516,0.0
B7517,0.0
B7518,0.0
B7519,0.0
B752,0.0
B7520,0.0
B10129,0.0
B7522,0.0
B7523,0.0
B7524,0.0
B7525,0.0
B7526,0.0
B7527,0.0
B7528,0.0
B7529,0.0
B753,0.0
B7530,0.0
B7531,0.0
B7532,0.0
B7533,0.0
B7534,0.0
B7535,0.0
B7536,0.0
B7537,0.0
B7538,0.0
B7539,0.0
B754,0.0
B7540,0.0
B7541,0.0
B7542,0.0
B7543,0.0
B7544,0.0
B7545,0.0
B7546,0.0
B7547,0.0
B7548,0.0
B7549,0.0
B755,0.0
B7550,0.0
B7551,0.0
B7552,0.0
B7553,0.0
B7554,0.0
B7555,0.0
B7556,0.0
B7557,0.0
B7558,0.0
B7559,0.0
B756,0.0
B7560,0.0
B7561,0.0
B7562,0.0
B7563,0.0
B7564,0.0
B7565,0.0
B7566,0.0
B7567,0.0
B7568,0.0
B7569,0.0
B757,0.0
B7570,0.0
B7571,0.0
B7572,0.0
B1013,0.0
B7574,0.0
B7575,0.0
B7576,0.0
B7577,0.0
B7578,0.0
B7579,0.0
B758,0.0
B7580,0.0
B7581,0.0
B7582,0.0
B7583,0.0
B7584,0.0
B7585,0.0
B7586,0.0
B7587,0.0
B10130,0.0
B7589,0.0
B759,0.0
B7590,0.0
B7591,0.0
B7592,0.0
B7593,0.0
B7594,0.0
B7595,0.0
B7596,0.0
B7597,0.0
B7598,0.0
B7599,0.0
B76,0.0
B760,0.0
B7600,0.0
B10131,0.0
B7602,0.0
B7603,0.0
B7604,0.0
B7605,0.0
B7606,0.0
B7607,0.0
B7608,0.0
B7609,0.0
B761,0.0
B10132,0.0
B7611,0.0
B7612,0.0
B7613,0.0
B7614,0.0
B10133,0.0
B7616,0.0
B7617,0.0
B7618,0.0
B7619,0.0
B762,0.0
B7620,0.0
B7621,0.0
B7622,0.0
B7623,0.0
B7624,0.0
B7625,0.0
B7626,0.0
B7627,0.0
B7628,0.0
B7629,0.0
B763,0.0
B7630,0.0
B7631,0.0
B10134,0.0
B7633,0.0
B7634,0.0
B7635,0.0
B7636,0.0
B7637,0.0
B7638,0.0
B7639,0.0
B10135,0.0
B7640,0.0
B7641,0.0
B7642,0.0
B7643,0.0
B7644,0.0
B7645,0.0
B7646,0.0
B7647,0.0
B7648,0.0
B10137,0.0
B765,0.0
B7650,0.0
B7651,0.0
B7654,0.0
B7655,0.0
B7656,0.0
B7657,0.0
B7658,0.0
B7659,0.0
B766,0.0
B7660,0.0
B7661,0.0
B7662,0.0
B7663,0.0
B7664,0.0
B7665,0.0
B7666,0.0
B7667,0.0
B7668,0.0
B7669,0.0
B767,0.0
B7670,0.0
B7671,0.0
B7672,0.0
B10138,0.0
B7674,0.0
B7675,0.0
B7676,0.0
B7677,0.0
B7678,0.0
B7679,0.0
B768,0.0
B7680,0.0
B7681,0.0
B7682,0.0
B7683,0.0
B7684,0.0
B7685,0.0
B7686,0.0
B7687,0.0
B7688,0.0
B7689,0.0
B769,0.0
B7690,0.0
B7691,0.0
B7692,0.0
B7693,0.0
B7694,0.0
B7695,0.0
B7696,0.0
B7697,0.0
B7698,0.0
B7699,0.0
B77,0.0
B770,0.0
B7700,0.0
B7701,0.0
B7702,0.0
B7703,0.0
B7704,0.0
B7705,0.0
B7706,0.0
B7707,0.0
B7708,0.0
B7709,0.0
B771,0.0
B7710,0.0
B7711,0.0
B7712,0.0
B7713,0.0
B7714,0.0
B7715,0.0
B7716,0.0
B7718,0.0
B7719,0.0
B772,0.0
B7720,0.0
B10139,0.0
B7722,0.0
B7723,0.0
B7724,0.0
B7725,0.0
B7726,0.0
B7727,0.0
B7728,0.0
B7729,0.0
B773,0.0
B1014,0.0
B7731,0.0
B7732,0.0
B7733,0.0
B7734,0.0
B7735,0.0
B7736,0.0
B7737,0.0
B7738,0.0
B7739,0.0
B774,0.0
B7740,0.0
B7741,0.0
B7742,0.0
B7743,0.0
B7744,0.0
B7745,0.0
B7746,0.0
B7747,0.0
B7748,0.0
B7749,0.0
B775,0.0
B10140,0.0
B7751,0.0
B7752,0.0
B7753,0.0
B7754,0.0
B7755,0.0
B7756,0.0
B7757,0.0
B7758,0.0
B7759,0.0
B776,0.0
B7760,0.0
B7761,0.0
B7762,0.0
B7763,0.0
B7764,0.0
B10141,0.0
B7766,0.0
B10143,0.0
B7768,0.0
B7769,0.0
B777,0.0
B7770,0.0
B7771,0.0
B7772,0.0
B7773,0.0
B7774,0.0
B7775,0.0
B7776,0.0
B7777,0.0
B7778,0.0
B7779,0.0
B778,0.0
B7780,0.0
B7781,0.0
B7782,0.0
B7783,0.0
B7784,0.0
B7785,0.0
B7786,0.0
B7787,0.0
B7788,0.0
B7789,0.0
B10144,0.0
B7790,0.0
B7791,0.0
B7792,0.0
B7793,0.0
B10145,0.0
B7795,0.0
B7796,0.0
B7797,0.0
B7798,0.0
B7799,0.0
B78,0.0
B780,0.0
B7800,0.0
B7802,0.0
B7803,0.0
B7804,0.0
B7805,0.0
B10146,0.0
B7808,0.0
B7809,0.0
B10147,0.0
B7810,0.0
B7811,0.0
B7812,0.0
B7813,0.0
B7814,0.0
B7815,0.0
B7816,0.0
B7817,0.0
B7818,0.0
B7819,0.0
B782,0.0
B7820,0.0
B7821,0.0
B7822,0.0
B7823,0.0
B7824,0.0
B7825,0.0
B7826,0.0
B7827,0.0
B7828,0.0
B7829,0.0
B783,0.0
B7830,0.0
B7831,0.0
B7832,0.0
B7833,0.0
B7834,0.0
B7835,0.0
B7836,0.0
B7837,0.0
B7838,0.0
B7839,0.0
B784,0.0
B7840,0.0
B7841,0.0
B10148,0.0
B7843,0.0
B7844,0.0
B7845,0.0
B7846,0.0
B7847,0.0
B7848,0.0
B7849,0.0
B785,0.0
B7850,0.0
B7851,0.0
B7852,0.0
B7853,0.0
B7854,0.0
B7855,0.0
B7856,0.0
B7857,0.0
B7858,0.0
B10149,0.0
B786,0.0
B7860,0.0
B7861,0.0
B1015,0.0
B7863,0.0
B7864,0.0
B7865,0.0
B7866,0.0
B7867,0.0
B7868,0.0
B7869,0.0
B787,0.0
B7870,0.0
B7871,0.0
B7872,0.0
B7873,0.0
B7874,0.0
B7875,0.0
B7876,0.0
B7877,0.0
B7878,0.0
B7879,0.0
B788,0.0
B7880,0.0
B7881,0.0
B7882,0.0
B7883,0.0
B7884,0.0
B7885,0.0
B7886,0.0
B7887,0.0
B7888,0.0
B7889,0.0
B789,0.0
B7890,0.0
B7891,0.0
B7892,0.0
B7893,0.0
B7894,0.0
B7895,0.0
B7896,0.0
B7897,0.0
B7898,0.0
B7899,0.0
B79,0.0
B790,0.0
B7900,0.0
B7901,0.0
B7902,0.0
B7903,0.0
B7904,0.0
B7905,0.0
B7906,0.0
B7907,0.0
B7908,0.0
B7909,0.0
B791,0.0
B7910,0.0
B7911,0.0
B7912,0.0
B7913,0.0
B7914,0.0
B7915,0.0
B7916,0.0
B7917,0.0
B7918,0.0
B7919,0.0
B792,0.0
B7920,0.0
B7921,0.0
B7922,0.0
B7923,0.0
B7924,0.0
B7925,0.0
B10150,0.0
B7927,0.0
B7928,0.0
B10151,0.0
B793,0.0
B7930,0.0
B7931,0.0
B7932,0.0
B7933,0.0
B7934,0.0
B7935,0.0
B7936,0.0
B7937,0.0
B7938,0.0
B7939,0.0
B794,0.0
B7940,0.0
B7941,0.0
B7942,0.0
B7943,0.0
B7944,0.0
B7945,0.0
B7946,0.0
B7947,0.0
B7948,0.0
B7949,0.0
B795,0.0
B7950,0.0
B7951,0.0
B7952,0.0
B7953,0.0
B7954,0.0
B7955,0.0
B7956,0.0
B7957,0.0
B7958,0.0
B7959,0.0
B796,0.0
B7960,0.0
B7961,0.0
B7962,0.0
B7963,0.0
B7964,0.0
B7965,0.0
B7966,0.0
B7967,0.0
B7968,0.0
B7969,0.0
B797,0.0
B7970,0.0
B7971,0.0
B7972,0.0
B7973,0.0
B7974,0.0
B7975,0.0
B7976,0.0
B7977,0.0
B7978,0.0
B7979,0.0
B798,0.0
B7980,0.0
B7981,0.0
B7982,0.0
B7983,0.0
B7984,0.0
B7985,0.0
B7986,0.0
B7987,0.0
B7989,0.0
B799,0.0
B7990,0.0
B7991,0.0
B7992,0.0
B7993,0.0
B7994,0.0
B7995,0.0
B7996,0.0
B7997,0.0
B7998,0.0
B7999,0.0
B8,0.0
B80,0.0
B800,0.0
B8000,0.0
B8001,0.0
B8002,0.0
B8003,0.0
B8004,0.0
B8005,0.0
B8006,0.0
B8007,0.0
B8008,0.0
B8009,0.0
B801,0.0
B8010,0.0
B8011,0.0
B8012,0.0
B8013,0.0
B8014,0.0
B8015,0.0
B10152,0.0
B8017,0.0
B8018,0.0
B8019,0.0
B802,0.0
B8020,0.0
B8021,0.0
B8022,0.0
B8023,0.0
B8024,0.0
B8025,0.0
B8026,0.0
B8027,0.0
B8028,0.0
B8029,0.0
B803,0.0
B8030,0.0
B8031,0.0
B8032,0.0
B8033,0.0
B8034,0.0
B8035,0.0
B8036,0.0
B8037,0.0
B8038,0.0
B8039,0.0
B804,0.0
B8040,0.0
B8041,0.0
B8042,0.0
B8043,0.0
B8044,0.0
B8045,0.0
B8046,0.0
B8047,0.0
B8048,0.0
B8049,0.0
B805,0.0
B8050,0.0
B8051,0.0
B8052,0.0
B8053,0.0
B8054,0.0
B8055,0.0
B8056,0.0
B8057,0.0
B8058,0.0
B8059,0.0
B806,0.0
B8060,0.0
B8061,0.0
B8062,0.0
B8063,0.0
B8064,0.0
B8065,0.0
B8066,0.0
B8067,0.0
B8068,0.0
B8069,0.0
B807,0.0
B8070,0.0
B8071,0.0
B8072,0.0
B8073,0.0
B8074,0.0
B8075,0.0
B8076,0.0
B8077,0.0
B8078,0.0
B8079,0.0
B808,0.0
B8080,0.0
B8081,0.0
B8082,0.0
B8083,0.0
B8084,0.0
B8085,0.0
B8086,0.0
B8087,0.0
B8088,0.0
B8089,0.0
B809,0.0
B8090,0.0
B8091,0.0
B8092,0.0
B8093,0.0
B8094,0.0
B8095,0.0
B8096,0.0
B8097,0.0
B8098,0.0
B8099,0.0
B10153,0.0
B810,0.0
B8100,0.0
B8101,0.0
B8102,0.0
B8103,0.0
B10154,0.0
B8105,0.0
B10155,0.0
B8107,0.0
B8108,0.0
B8109,0.0
B10156,0.0
B8110,0.0
B8111,0.0
B8112,0.0
B8113,0.0
B8114,0.0
B8115,0.0
B8116,0.0
B8117,0.0
B8118,0.0
B8119,0.0
B812,0.0
B8120,0.0
B8121,0.0
B8122,0.0
B8123,0.0
B8124,0.0
B8125,0.0
B8126,0.0
B8127,0.0
B8128,0.0
B8129,0.0
B813,0.0
B8130,0.0
B8131,0.0
B8132,0.0
B8133,0.0
B8134,0.0
B8135,0.0
B8136,0.0
B8137,0.0
B8138,0.0
B8139,0.0
B814,0.0
B8140,0.0
B8141,0.0
B8142,0.0
B8143,0.0
B8144,0.0
B8145,0.0
B8146,0.0
B8147,0.0
B8148,0.0
B8149,0.0
B815,0.0
B8150,0.0
B8151,0.0
B8152,0.0
B8153,0.0
B8154,0.0
B8155,0.0
B8156,0.0
B8157,0.0
B8158,0.0
B8159,0.0
B816,0.0
B8160,0.0
B8161,0.0
B8162,0.0
B8163,0.0
B8164,0.0
B8165,0.0
B8166,0.0
B8167,0.0
B8168,0.0
B10157,0.0
B817,0.0
B8170,0.0
B8171,0.0
B8172,0.0
B8173,0.0
B8174,0.0
B8176,0.0
B8177,0.0
B8178,0.0
B8179,0.0
B818,0.0
B8180,0.0
B8181,0.0
B8182,0.0
B8183,0.0
B8184,0.0
B8185,0.0
B8186,0.0
B8187,0.0
B8188,0.0
B8189,0.0
B819,0.0
B8190,0.0
B8191,0.0
B8192,0.0
B10158,0.0
B8194,0.0
B8195,0.0
B10159,0.0
B8197,0.0
B8198,0.0
B8199,0.0
B82,0.0
B820,0.0
B8200,0.0
B8201,0.0
B1016,0.0
B8203,0.0
B8204,0.0
B8205,0.0
B8206,0.0
B8207,0.0
B8208,0.0
B8209,0.0
B821,0.0
B8210,0.0
B8211,0.0
B8212,0.0
B8213,0.0
B8214,0.0
B8215,0.0
B8216,0.0
B8217,0.0
B8218,0.0
B8219,0.0
B822,0.0
B8220,0.0
B8221,0.0
B8222,0.0
B8223,0.0
B8224,0.0
B8225,0.0
B8226,0.0
B8227,0.0
B10160,0.0
B8229,0.0
B823,0.0
B8230,0.0
B8231,0.0
B8232,0.0
B8233,0.0
B8234,0.0
B8235,0.0
B8236,0.0
B8237,0.0
B8238,0.0
B8239,0.0
B10161,0.0
B8240,0.0
B8241,0.0
B8242,0.0
B8243,0.0
B8244,0.0
B8245,0.0
B8246,0.0
B8247,0.0
B8248,0.0
B8249,0.0
B825,0.0
B8250,0.0
B8251,0.0
B10162,0.0
B8253,0.0
B8254,0.0
B8255,0.0
B8256,0.0
B8257,0.0
B8258,0.0
B8259,0.0
B826,0.0
B8260,0.0
B8261,0.0
B8262,0.0
B8263,0.0
B8264,0.0
B8265,0.0
B8266,0.0
B8267,0.0
B8268,0.0
B8269,0.0
B827,0.0
B8271,0.0
B8272,0.0
B10163,0.0
B8274,0.0
B8275,0.0
B8276,0.0
B8277,0.0
B8278,0.0
B8279,0.0
B828,0.0
B8280,0.0
B8281,0.0
B8282,0.0
B8283,0.0
B8284,0.0
B8285,0.0
B8286,0.0
B8287,0.0
B8288,0.0
B8289,0.0
B829,0.0
B8290,0.0
B8291,0.0
B8292,0.0
B8293,0.0
B8294,0.0
B8295,0.0
B8296,0.0
B8297,0.0
B8298,0.0
B8299,0.0
B83,0.0
B830,0.0
B10164,0.0
B8301,0.0
B8302,0.0
B10165,0.0
B8304,0.0
B8305,0.0
B8306,0.0
B8307,0.0
B8308,0.0
B8309,0.0
B831,0.0
B8310,0.0
B8311,0.0
B8312,0.0
B8313,0.0
B8314,0.0
B8315,0.0
B8316,0.0
B8317,0.0
B8318,0.0
B8319,0.0
B832,0.0
B8320,0.0
B8321,0.0
B8322,0.0
B8323,0.0
B8324,0.0
B8325,0.0
B8326,0.0
B8327,0.0
B8328,0.0
B8329,0.0
B833,0.0
B8330,0.0
B8331,0.0
B8332,0.0
B8334,0.0
B8335,0.0
B8336,0.0
B8337,0.0
B8338,0.0
B8339,0.0
B834,0.0
B8340,0.0
B8341,0.0
B8342,0.0
B8343,0.0
B8344,0.0
B8345,0.0
B8346,0.0
B8347,0.0
B8348,0.0
B8349,0.0
B835,0.0
B8350,0.0
B8351,0.0
B8352,0.0
B8353,0.0
B8354,0.0
B8355,0.0
B8356,0.0
B8357,0.0
B8358,0.0
B8359,0.0
B10166,0.0
B8360,0.0
B8361,0.0
B8362,0.0
B8363,0.0
B8364,0.0
B8365,0.0
B8366,0.0
B8367,0.0
B8368,0.0
B8369,0.0
B837,0.0
B8370,0.0
B8371,0.0
B8372,0.0
B8373,0.0
B8374,0.0
B8375,0.0
B8376,0.0
B8377,0.0
B8378,0.0
B8379,0.0
B838,0.0
B8380,0.0
B10167,0.0
B8382,0.0
B8383,0.0
B8384,0.0
B8385,0.0
B8386,0.0
B8387,0.0
B8388,0.0
B8389,0.0
B839,0.0
B8390,0.0
B8391,0.0
B8392,0.0
B8393,0.0
B8394,0.0
B8395,0.0
B8396,0.0
B8397,0.0
B8398,0.0
B8399,0.0
B84,0.0
B840,0.0
B10168,0.0
B10169,0.0
B8402,0.0
B8403,0.0
B8404,0.0
B8405,0.0
B8406,0.0
B8407,0.0
B8408,0.0
B1017,0.0
B841,0.0
B8410,0.0
B8411,0.0
B8412,0.0
B8413,0.0
B8414,0.0
B8415,0.0
B8416,0.0
B8417,0.0
B8418,0.0
B8419,0.0
B842,0.0
B8420,0.0
B8421,0.0
B8422,0.0
B8423,0.0
B8424,0.0
B8425,0.0
B8426,0.0
B8427,0.0
B8428,0.0
B8429,0.0
B843,0.0
B8430,0.0
B8431,0.0
B8432,0.0
B8433,0.0
B8434,0.0
B8435,0.0
B8436,0.0
B10170,0.0
B8438,0.0
B8439,0.0
B844,0.0
B8440,0.0
B8441,0.0
B8442,0.0
B8443,0.0
B8444,0.0
B10171,0.0
B8446,0.0
B10172,0.0
B8448,0.0
B8449,0.0
B845,0.0
B8450,0.0
B8451,0.0
B8452,0.0
B8453,0.0
B8454,0.0
B8455,0.0
B8456,0.0
B8457,0.0
B8458,0.0
B8459,0.0
B846,0.0
B8460,0.0
B8461,0.0
B8462,0.0
B8463,0.0
B8464,0.0
B8465,0.0
B8466,0.0
B8467,0.0
B8468,0.0
B8469,0.0
B847,0.0
B8470,0.0
B8471,0.0
B8472,0.0
B8473,0.0
B8474,0.0
B8475,0.0
B8476,0.0
B8477,0.0
B8478,0.0
B8479,0.0
B848,0.0
B8480,0.0
B8481,0.0
B8482,0.0
B8483,0.0
B8484,0.0
B8485,0.0
B8486,0.0
B8487,0.0
B8488,0.0
B8489,0.0
B849,0.0
B10173,0.0
B8491,0.0
B8492,0.0
B8493,0.0
B8494,0.0
B8495,0.0
B8496,0.0
B8497,0.0
B8498,0.0
B8499,0.0
B85,0.0
B850,0.0
B8500,0.0
B8501,0.0
B8502,0.0
B8503,0.0
B8504,0.0
B8505,0.0
B8506,0.0
B8507,0.0
B8508,0.0
B8509,0.0
B851,0.0
B8510,0.0
B8511,0.0
B8512,0.0
B10174,0.0
B8514,0.0
B8515,0.0
B8516,0.0
B8517,0.0
B8518,0.0
B8519,0.0
B852,0.0
B8521,0.0
B8523,0.0
B8524,0.0
B8525,0.0
B8526,0.0
B8527,0.0
B8528,0.0
B10175,0.0
B10176,0.0
B8530,0.0
B8531,0.0
B8532,0.0
B8533,0.0
B8534,0.0
B10177,0.0
B8536,0.0
B8537,0.0
B8538,0.0
B8539,0.0
B854,0.0
B8541,0.0
B8542,0.0
B8543,0.0
B8544,0.0
B8545,0.0
B8546,0.0
B8547,0.0
B8548,0.0
B8549,0.0
B855,0.0
B8550,0.0
B8551,0.0
B8552,0.0
B8553,0.0
B8554,0.0
B8555,0.0
B8556,0.0
B8557,0.0
B8558,0.0
B8559,0.0
B856,0.0
B8560,0.0
B8561,0.0
B8562,0.0
B8563,0.0
B8564,0.0
B8565,0.0
B8566,0.0
B8567,0.0
B8568,0.0
B8569,0.0
B857,0.0
B8570,0.0
B8571,0.0
B10178,0.0
B8573,0.0
B8574,0.0
B8575,0.0
B8576,0.0
B8577,0.0
B8578,0.0
B8579,0.0
B858,0.0
B8580,0.0
B8581,0.0
B8582,0.0
B8583,0.0
B8584,0.0
B8585,0.0
B8586,0.0
B10179,0.0
B8588,0.0
B8589,0.0
B859,0.0
B8590,0.0
B8591,0.0
B8592,0.0
B8593,0.0
B8594,0.0
B8595,0.0
B8596,0.0
B8597,0.0
B8598,0.0
B8599,0.0
B86,0.0
B860,0.0
B8600,0.0
B8601,0.0
B8602,0.0
B8603,0.0
B8604,0.0
B8605,0.0
B8606,0.0
B8607,0.0
B8608,0.0
B8609,0.0
B861,0.0
B8610,0.0
B8611,0.0
B8612,0.0
B8613,0.0
B8614,0.0
B8615,0.0
B8616,0.0
B8617,0.0
B8618,0.0
B8619,0.0
B862,0.0
B8620,0.0
B8621,0.0
B8622,0.0
B8623,0.0
B8624,0.0
B8625,0.0
B8626,0.0
B8627,0.0
B8628,0.0
B8629,0.0
B863,0.0
B8630,0.0
B8631,0.0
B8632,0.0
B8633,0.0
B8634,0.0
B8635,0.0
B8636,0.0
B8637,0.0
B8638,0.0
B8639,0.0
B864,0.0
B8640,0.0
B8641,0.0
B8642,0.0
B8643,0.0
B8644,0.0
B8645,0.0
B8646,0.0
B8647,0.0
B8648,0.0
B8649,0.0
B865,0.0
B8650,0.0
B8651,0.0
B8652,0.0
B8653,0.0
B8654,0.0
B8655,0.0
B8656,0.0
B8657,0.0
B8658,0.0
B8659,0.0
B866,0.0
B8660,0.0
B8661,0.0
B1018,0.0
B8663,0.0
B8664,0.0
B8665,0.0
B8666,0.0
B8667,0.0
B8668,0.0
B8669,0.0
B867,0.0
B8670,0.0
B8671,0.0
B8672,0.0
B8673,0.0
B8674,0.0
B8675,0.0
B8676,0.0
B8677,0.0
B8678,0.0
B8679,0.0
B868,0.0
B8680,0.0
B8681,0.0
B8682,0.0
B8683,0.0
B8684,0.0
B8685,0.0
B8686,0.0
B8688,0.0
B8689,0.0
B869,0.0
B8690,0.0
B8691,0.0
B8692,0.0
B8693,0.0
B8694,0.0
B8695,0.0
B8696,0.0
B8697,0.0
B8698,0.0
B8699,0.0
B87,0.0
B870,0.0
B8700,0.0
B8701,0.0
B8702,0.0
B8703,0.0
B8704,0.0
B8705,0.0
B10180,0.0
B8707,0.0
B8708,0.0
B8709,0.0
B10181,0.0
B8710,0.0
B8711,0.0
B8712,0.0
B8713,0.0
B8714,0.0
B8715,0.0
B8716,0.0
B8717,0.0
B8718,0.0
B8719,0.0
B872,0.0
B8720,0.0
B8721,0.0
B8722,0.0
B8723,0.0
B8724,0.0
B8725,0.0
B8726,0.0
B8727,0.0
B8728,0.0
B8729,0.0
B873,0.0
B8730,0.0
B8731,0.0
B8732,0.0
B8733,0.0
B8734,0.0
B8735,0.0
B8736,0.0
B8737,0.0
B8738,0.0
B8739,0.0
B874,0.0
B8740,0.0
B8741,0.0
B8742,0.0
B8743,0.0
B8744,0.0
B8745,0.0
B8746,0.0
B8747,0.0
B8748,0.0
B8749,0.0
B875,0.0
B8750,0.0
B8751,0.0
B8752,0.0
B8753,0.0
B8754,0.0
B8755,0.0
B8756,0.0
B8757,0.0
B8758,0.0
B8759,0.0
B876,0.0
B8760,0.0
B8761,0.0
B8762,0.0
B8763,0.0
B8764,0.0
B8765,0.0
B10182,0.0
B8767,0.0
B8768,0.0
B8769,0.0
B877,0.0
B8770,0.0
B8771,0.0
B8772,0.0
B8773,0.0
B8774,0.0
B8775,0.0
B8776,0.0
B8777,0.0
B8778,0.0
B8779,0.0
B10183,0.0
B8780,0.0
B8781,0.0
B8782,0.0
B8783,0.0
B8784,0.0
B8785,0.0
B8786,0.0
B8787,0.0
B8788,0.0
B8789,0.0
B879,0.0
B8790,0.0
B8791,0.0
B8792,0.0
B8793,0.0
B8794,0.0
B8795,0.0
B8796,0.0
B8797,0.0
B8798,0.0
B8799,0.0
B10184,0.0
B880,0.0
B8800,0.0
B8801,0.0
B8802,0.0
B8803,0.0
B8804,0.0
B8805,0.0
B8806,0.0
B8807,0.0
B8808,0.0
B8809,0.0
B881,0.0
B8810,0.0
B8811,0.0
B8812,0.0
B8813,0.0
B8814,0.0
B8815,0.0
B8816,0.0
B8817,0.0
B10185,0.0
B8819,0.0
B882,0.0
B8820,0.0
B8821,0.0
B8822,0.0
B8823,0.0
B8824,0.0
B8825,0.0
B8826,0.0
B8827,0.0
B8828,0.0
B8829,0.0
B883,0.0
B8830,0.0
B8831,0.0
B8832,0.0
B8833,0.0
B8834,0.0
B8835,0.0
B8836,0.0
B8837,0.0
B8838,0.0
B8839,0.0
B884,0.0
B8840,0.0
B8841,0.0
B8842,0.0
B10186,0.0
B8844,0.0
B8845,0.0
B8846,0.0
B8847,0.0
B8848,0.0
B8849,0.0
B885,0.0
B10187,0.0
B8851,0.0
B8852,0.0
B8853,0.0
B8854,0.0
B8855,0.0
B8856,0.0
B8857,0.0
B8858,0.0
B8859,0.0
B886,0.0
B8860,0.0
B8861,0.0
B8862,0.0
B8863,0.0
B8864,0.0
B8865,0.0
B8866,0.0
B8867,0.0
B8868,0.0
B8869,0.0
B887,0.0
B8870,0.0
B8871,0.0
B8872,0.0
B8873,0.0
B8874,0.0
B8875,0.0
B8876,0.0
B8877,0.0
B8878,0.0
B8879,0.0
B888,0.0
B8880,0.0
B8881,0.0
B8882,0.0
B8883,0.0
B8884,0.0
B8885,0.0
B8886,0.0
B8887,0.0
B8888,0.0
B8889,0.0
B889,0.0
B8890,0.0
B8891,0.0
B8892,0.0
B8893,0.0
B8894,0.0
B8895,0.0
B8896,0.0
B8897,0.0
B8898,0.0
B8899,0.0
B89,0.0
B890,0.0
B8900,0.0
B8901,0.0
B8902,0.0
B8903,0.0
B8904,0.0
B8905,0.0
B8906,0.0
B8907,0.0
B8908,0.0
B8909,0.0
B891,0.0
B8910,0.0
B8911,0.0
B8912,0.0
B8913,0.0
B8914,0.0
B8915,0.0
B8916,0.0
B8917,0.0
B8918,0.0
B8919,0.0
B892,0.0
B8920,0.0
B8921,0.0
B8922,0.0
B8923,0.0
B8924,0.0
B8925,0.0
B8926,0.0
B8927,0.0
B8928,0.0
B8929,0.0
B893,0.0
B8930,0.0
B8931,0.0
B8932,0.0
B8933,0.0
B8934,0.0
B8935,0.0
B8936,0.0
B8937,0.0
B8938,0.0
B8939,0.0
B894,0.0
B8940,0.0
B8941,0.0
B8942,0.0
B8943,0.0
B8944,0.0
B8945,0.0
B8946,0.0
B8947,0.0
B8948,0.0
B8949,0.0
B895,0.0
B8950,0.0
B8951,0.0
B8952,0.0
B8953,0.0
B8954,0.0
B8955,0.0
B8956,0.0
B8957,0.0
B8958,0.0
B8959,0.0
B896,0.0
B8960,0.0
B8961,0.0
B8962,0.0
B8963,0.0
B8964,0.0
B8965,0.0
B8966,0.0
B8967,0.0
B8968,0.0
B8969,0.0
B897,0.0
B8970,0.0
B8971,0.0
B8972,0.0
B8973,0.0
B8974,0.0
B8975,0.0
B8976,0.0
B8977,0.0
B8978,0.0
B8979,0.0
B898,0.0
B8980,0.0
B8981,0.0
B8982,0.0
B8983,0.0
B8984,0.0
B8985,0.0
B8986,0.0
B8987,0.0
B8988,0.0
B8989,0.0
B899,0.0
B8990,0.0
B8991,0.0
B8992,0.0
B8993,0.0
B8994,0.0
B8995,0.0
B8996,0.0
B8997,0.0
B8998,0.0
B8999,0.0
B9,0.0
B90,0.0
B900,0.0
B9000,0.0
B9001,0.0
B9002,0.0
B9003,0.0
B9004,0.0
B9005,0.0
B9006,0.0
B9007,0.0
B9008,0.0
B9009,0.0
B10188,0.0
B9010,0.0
B9011,0.0
B9012,0.0
B9013,0.0
B9014,0.0
B9015,0.0
B9016,0.0
B9017,0.0
B9018,0.0
B9019,0.0
B902,0.0
B9020,0.0
B9021,0.0
B9022,0.0
B9023,0.0
B9024,0.0
B9025,0.0
B9026,0.0
B9027,0.0
B9028,0.0
B9029,0.0
B903,0.0
B9030,0.0
B10189,0.0
B9032,0.0
B9033,0.0
B9034,0.0
B9035,0.0
B9036,0.0
B9037,0.0
B9039,0.0
B904,0.0
B9040,0.0
B1019,0.0
B9043,0.0
B9044,0.0
B9045,0.0
B9046,0.0
B9047,0.0
B9048,0.0
B9049,0.0
B905,0.0
B9050,0.0
B9051,0.0
B9052,0.0
B9053,0.0
B9054,0.0
B9055,0.0
B9056,0.0
B9057,0.0
B9058,0.0
B9059,0.0
B906,0.0
B9060,0.0
B9061,0.0
B9062,0.0
B9063,0.0
B9064,0.0
B9065,0.0
B9066,0.0
B9067,0.0
B9068,0.0
B9069,0.0
B907,0.0
B9070,0.0
B9071,0.0
B9072,0.0
B9073,0.0
B9074,0.0
B9075,0.0
B9076,0.0
B9077,0.0
B9078,0.0
B9079,0.0
B908,0.0
B9080,0.0
B9081,0.0
B9082,0.0
B9083,0.0
B9084,0.0
B9085,0.0
B10190,0.0
B9087,0.0
B9088,0.0
B9089,0.0
B909,0.0
B9090,0.0
B9091,0.0
B9092,0.0
B9093,0.0
B9094,0.0
B9095,0.0
B9096,0.0
B9097,0.0
B9098,0.0
B9099,0.0
B91,0.0
B910,0.0
B9100,0.0
B9101,0.0
B9102,0.0
B9103,0.0
B9105,0.0
B9106,0.0
B9107,0.0
B9108,0.0
B9109,0.0
B911,0.0
B9110,0.0
B9111,0.0
B9112,0.0
B9113,0.0
B9114,0.0
B9115,0.0
B9116,0.0
B9117,0.0
B9118,0.0
B9119,0.0
B912,0.0
B9120,0.0
B10191,0.0
B9122,0.0
B9123,0.0
B9124,0.0
B9125,0.0
B9126,0.0
B9127,0.0
B9128,0.0
B9129,0.0
B913,0.0
B9130,0.0
B9131,0.0
B9132,0.0
B9133,0.0
B9134,0.0
B9135,0.0
B9136,0.0
B9137,0.0
B9138,0.0
B9139,0.0
B914,0.0
B9140,0.0
B9141,0.0
B9142,0.0
B9143,0.0
B9144,0.0
B9145,0.0
B9146,0.0
B9147,0.0
B9148,0.0
B9149,0.0
B915,0.0
B9150,0.0
B9151,0.0
B9152,0.0
B9153,0.0
B9154,0.0
B9155,0.0
B9156,0.0
B9157,0.0
B9158,0.0
B9159,0.0
B916,0.0
B9160,0.0
B9161,0.0
B9163,0.0
B9165,0.0
B9166,0.0
B9168,0.0
B9169,0.0
B917,0.0
B9170,0.0
B9171,0.0
B9172,0.0
B9173,0.0
B9174,0.0
B9175,0.0
B9176,0.0
B9177,0.0
B9178,0.0
B9179,0.0
B918,0.0
B9180,0.0
B10192,0.0
B9182,0.0
B9183,0.0
B9184,0.0
B9185,0.0
B9186,0.0
B9187,0.0
B9188,0.0
B9189,0.0
B919,0.0
B9190,0.0
B9191,0.0
B9192,0.0
B10193,0.0
B9194,0.0
B10194,0.0
B9196,0.0
B9197,0.0
B9198,0.0
B9199,0.0
B92,0.0
B920,0.0
B9200,0.0
B9201,0.0
B9202,0.0
B9203,0.0
B9204,0.0
B9205,0.0
B9206,0.0
B9207,0.0
B9208,0.0
B9209,0.0
B921,0.0
B9210,0.0
B9211,0.0
B9212,0.0
B9213,0.0
B9214,0.0
B9215,0.0
B9216,0.0
B9217,0.0
B9218,0.0
B9219,0.0
B922,0.0
B9220,0.0
B9221,0.0
B9222,0.0
B9223,0.0
B9224,0.0
B9225,0.0
B9226,0.0
B9227,0.0
B9228,0.0
B9229,0.0
B923,0.0
B9230,0.0
B9231,0.0
B9232,0.0
B9233,0.0
B9234,0.0
B9235,0.0
B9236,0.0
B9237,0.0
B9238,0.0
B9239,0.0
B9240,0.0
B9241,0.0
B9242,0.0
B10195,0.0
B9244,0.0
B9245,0.0
B9246,0.0
B9247,0.0
B9248,0.0
B9249,0.0
B9250,0.0
B9251,0.0
B9252,0.0
B10196,0.0
B9254,0.0
B9255,0.0
B9256,0.0
B9257,0.0
B9258,0.0
B9259,0.0
B926,0.0
B9260,0.0
B9261,0.0
B9262,0.0
B9263,0.0
B9264,0.0
B9265,0.0
B9266,0.0
B9267,0.0
B9268,0.0
B9269,0.0
B927,0.0
B9270,0.0
B9271,0.0
B9272,0.0
B9273,0.0
B9274,0.0
B9275,0.0
B9276,0.0
B10197,0.0
B9278,0.0
B9279,0.0
B928,0.0
B9280,0.0
B9281,0.0
B9282,0.0
B9283,0.0
B9284,0.0
B9285,0.0
B9286,0.0
B9287,0.0
B9288,0.0
B9289,0.0
B929,0.0
B9290,0.0
B9291,0.0
B9292,0.0
B10198,0.0
B9294,0.0
B9295,0.0
B9296,0.0
B9297,0.0
B9298,0.0
B9299,0.0
B93,0.0
B930,0.0
B9300,0.0
B9301,0.0
B9302,0.0
B9303,0.0
B9304,0.0
B9305,0.0
B9306,0.0
B9307,0.0
B9308,0.0
B9309,0.0
B931,0.0
B9310,0.0
B9311,0.0
B9312,0.0
B9313,0.0
B9314,0.0
B9315,0.0
B9316,0.0
B9317,0.0
B9318,0.0
B9319,0.0
B932,0.0
B9320,0.0
B9321,0.0
B9322,0.0
B9323,0.0
B10199,0.0
B9325,0.0
B102,0.0
B9327,0.0
B9328,0.0
B9329,0.0
B933,0.0
B9330,0.0
B9331,0.0
B9332,0.0
B9333,0.0
B9334,0.0
B9335,0.0
B9336,0.0
B9337,0.0
B9338,0.0
B9339,0.0
B934,0.0
B9340,0.0
B9341,0.0
B9342,0.0
B9343,0.0
B1020,0.0
B9345,0.0
B9346,0.0
B9347,0.0
B9348,0.0
B9349,0.0
B935,0.0
B9350,0.0
B9351,0.0
B9352,0.0
B9353,0.0
B9354,0.0
B9355,0.0
B9356,0.0
B9357,0.0
B9358,0.0
B9359,0.0
B9360,0.0
B9361,0.0
B9362,0.0
B9363,0.0
B9364,0.0
B9366,0.0
B9367,0.0
B9368,0.0
B9369,0.0
B937,0.0
B9370,0.0
B9371,0.0
B9372,0.0
B9373,0.0
B9374,0.0
B9375,0.0
B9376,0.0
B9377,0.0
B9378,0.0
B9379,0.0
B938,0.0
B9380,0.0
B9381,0.0
B9382,0.0
B9383,0.0
B9384,0.0
B9385,0.0
B9386,0.0
B9387,0.0
B9388,0.0
B9389,0.0
B939,0.0
B9390,0.0
B9391,0.0
B9392,0.0
B9393,0.0
B9394,0.0
B9395,0.0
B9396,0.0
B9397,0.0
B9398,0.0
B9399,0.0
B94,0.0
B940,0.0
B9400,0.0
B9401,0.0
B9402,0.0
B9403,0.0
B9404,0.0
B9405,0.0
B9406,0.0
B9407,0.0
B9408,0.0
B9409,0.0
B941,0.0
B9410,0.0
B9411,0.0
B9412,0.0
B9413,0.0
B9414,0.0
B9415,0.0
B9416,0.0
B9417,0.0
B9418,0.0
B9419,0.0
B942,0.0
B9420,0.0
B9421,0.0
B9422,0.0
B9423,0.0
B9424,0.0
B9425,0.0
B9426,0.0
B9427,0.0
B9428,0.0
B9429,0.0
B943,0.0
B9430,0.0
B9431,0.0
B9432,0.0
B9433,0.0
B9434,0.0
B9435,0.0
B9436,0.0
B9437,0.0
B9438,0.0
B9439,0.0
B944,0.0
B9440,0.0
B9441,0.0
B10200,0.0
B9443,0.0
B9444,0.0
B9445,0.0
B9446,0.0
B9447,0.0
B9448,0.0
B9449,0.0
B945,0.0
B9450,0.0
B9451,0.0
B9452,0.0
B9453,0.0
B9454,0.0
B9455,0.0
B9456,0.0
B9457,0.0
B9458,0.0
B9459,0.0
B946,0.0
B9460,0.0
B9461,0.0
B9462,0.0
B9463,0.0
B9464,0.0
B9465,0.0
B9466,0.0
B9467,0.0
B9468,0.0
B9469,0.0
B947,0.0
B9470,0.0
B9471,0.0
B9472,0.0
B9473,0.0
B9474,0.0
B9475,0.0
B9476,0.0
B9477,0.0
B9478,0.0
B9479,0.0
B948,0.0
B9480,0.0
B9481,0.0
B9482,0.0
B9483,0.0
B9484,0.0
B9485,0.0
B9486,0.0
B9487,0.0
B9488,0.0
B9489,0.0
B949,0.0
B9490,0.0
B9491,0.0
B9492,0.0
B9493,0.0
B9494,0.0
B9495,0.0
B9496,0.0
B9497,0.0
B9498,0.0
B9499,0.0
B95,0.0
B950,0.0
B9500,0.0
B9501,0.0
B9502,0.0
B9503,0.0
B9504,0.0
B9505,0.0
B9506,0.0
B9507,0.0
B9509,0.0
B951,0.0
B9510,0.0
B9511,0.0
B9512,0.0
B9513,0.0
B9514,0.0
B9515,0.0
B9516,0.0
B9517,0.0
B9518,0.0
B10201,0.0
B952,0.0
B9520,0.0
B9521,0.0
B9522,0.0
B9523,0.0
B9524,0.0
B9525,0.0
B9526,0.0
B9527,0.0
B9528,0.0
B9529,0.0
B953,0.0
B9530,0.0
B9531,0.0
B9532,0.0
B9533,0.0
B9534,0.0
B9535,0.0
B9536,0.0
B9537,0.0
B9538,0.0
B9539,0.0
B954,0.0
B9540,0.0
B9541,0.0
B9542,0.0
B9543,0.0
B9544,0.0
B10202,0.0
B9546,0.0
B9547,0.0
B9548,0.0
B9549,0.0
B955,0.0
B9550,0.0
B10203,0.0
B9552,0.0
B9553,0.0
B9554,0.0
B9555,0.0
B9556,0.0
B9557,0.0
B9558,0.0
B9559,0.0
B956,0.0
B9560,0.0
B9561,0.0
B9562,0.0
B9563,0.0
B9564,0.0
B9565,0.0
B9566,0.0
B9567,0.0
B9568,0.0
B9569,0.0
B957,0.0
B10204,0.0
B9571,0.0
B9572,0.0
B9573,0.0
B9574,0.0
B9575,0.0
B9576,0.0
B9577,0.0
B9578,0.0
B9579,0.0
B958,0.0
B9580,0.0
B9581,0.0
B9582,0.0
B9583,0.0
B9584,0.0
B9585,0.0
B9586,0.0
B9587,0.0
B9588,0.0
B9589,0.0
B959,0.0
B9590,0.0
B9591,0.0
B9592,0.0
B10205,0.0
B9594,0.0
B9595,0.0
B9596,0.0
B9597,0.0
B9598,0.0
B9599,0.0
B96,0.0
B960,0.0
B9600,0.0
B9601,0.0
B9602,0.0
B9603,0.0
B9604,0.0
B9605,0.0
B9606,0.0
B9607,0.0
B9608,0.0
B9609,0.0
B961,0.0
B9610,0.0
B9611,0.0
B9612,0.0
B9613,0.0
B9614,0.0
B9615,0.0
B9616,0.0
B9617,0.0
B9618,0.0
B9619,0.0
B962,0.0
B9620,0.0
B9621,0.0
B9622,0.0
B9623,0.0
B9624,0.0
B9625,0.0
B9626,0.0
B9627,0.0
B9628,0.0
B9629,0.0
B10206,0.0
B9630,0.0
B9631,0.0
B9632,0.0
B9633,0.0
B9634,0.0
B9635,0.0
B9636,0.0
B9637,0.0
B9638,0.0
B9639,0.0
B964,0.0
B9640,0.0
B9641,0.0
B9642,0.0
B10207,0.0
B9644,0.0
B9645,0.0
B9646,0.0
B9647,0.0
B9648,0.0
B9649,0.0
B965,0.0
B9650,0.0
B9651,0.0
B9652,0.0
B9653,0.0
B10208,0.0
B9655,0.0
B9656,0.0
B9657,0.0
B9658,0.0
B9659,0.0
B966,0.0
B9660,0.0
B9661,0.0
B9662,0.0
B9663,0.0
B9664,0.0
B9665,0.0
B9666,0.0
B9667,0.0
B9668,0.0
B9669,0.0
B967,0.0
B9670,0.0
B9671,0.0
B9672,0.0
B9673,0.0
B9674,0.0
B9675,0.0
B9676,0.0
B9677,0.0
B9678,0.0
B9679,0.0
B968,0.0
B9680,0.0
B9681,0.0
B9682,0.0
B9683,0.0
B9684,0.0
B9685,0.0
B9686,0.0
B9687,0.0
B9688,0.0
B9689,0.0
B969,0.0
B9690,0.0
B9691,0.0
B9692,0.0
B9693,0.0
B9694,0.0
B9695,0.0
B9696,0.0
B9697,0.0
B9698,0.0
B9699,0.0
B97,0.0
B970,0.0
B9700,0.0
B9701,0.0
B9702,0.0
B9703,0.0
B9704,0.0
B9705,0.0
B9706,0.0
B9707,0.0
B9708,0.0
B9709,0.0
B971,0.0
B9710,0.0
B9711,0.0
B9712,0.0
B9713,0.0
B9714,0.0
B9715,0.0
B9716,0.0
B9717,0.0
B9718,0.0
B9719,0.0
B972,0.0
B9720,0.0
B9721,0.0
B9722,0.0
B9723,0.0
B9724,0.0
B9725,0.0
B9726,0.0
B9727,0.0
B9728,0.0
B9729,0.0
B973,0.0
B9730,0.0
B9731,0.0
B9732,0.0
B9733,0.0
B9734,0.0
B9735,0.0
B9736,0.0
B9737,0.0
B9738,0.0
B9739,0.0
B974,0.0
B9740,0.0
B9741,0.0
B9742,0.0
B9743,0.0
B9744,0.0
B9745,0.0
B9746,0.0
B9747,0.0
B9748,0.0
B9749,0.0
B975,0.0
B9750,0.0
B10209,0.0
B9752,0.0
B9753,0.0
B9754,0.0
B9755,0.0
B9756,0.0
B9757,0.0
B9758,0.0
B9759,0.0
B976,0.0
B9760,0.0
B9761,0.0
B9762,0.0
B9763,0.0
B9764,0.0
B9765,0.0
B9766,0.0
B9767,0.0
B9768,0.0
B9769,0.0
B977,0.0
B9770,0.0
B9771,0.0
B9772,0.0
B9773,0.0
B1021,0.0
B9775,0.0
B9776,0.0
B9777,0.0
B9778,0.0
B10210,0.0
B978,0.0
B9780,0.0
B9781,0.0
B9782,0.0
B9783,0.0
B9784,0.0
B9785,0.0
B9786,0.0
B9787,0.0
B9788,0.0
B9789,0.0
B979,0.0
B9790,0.0
B9791,0.0
B9792,0.0
B9793,0.0
B9794,0.0
B9795,0.0
B9796,0.0
B9797,0.0
B9798,0.0
B9799,0.0
B98,0.0
B980,0.0
B9800,0.0
B9801,0.0
B9802,0.0
B9803,0.0
B9804,0.0
B9805,0.0
B9807,0.0
B9808,0.0
B9809,0.0
B981,0.0
B9810,0.0
B9811,0.0
B9812,0.0
B9813,0.0
B9814,0.0
B10211,0.0
B9816,0.0
B9817,0.0
B9818,0.0
B9819,0.0
B982,0.0
B9820,0.0
B9821,0.0
B9822,0.0
B9823,0.0
B9824,0.0
B9825,0.0
B9826,0.0
B9827,0.0
B9828,0.0
B9829,0.0
B983,0.0
B9830,0.0
B9831,0.0
B9832,0.0
B9833,0.0
B9834,0.0
B9835,0.0
B9836,0.0
B9837,0.0
B9838,0.0
B9839,0.0
B984,0.0
B9840,0.0
B9841,0.0
B9842,0.0
B9843,0.0
B9844,0.0
B9845,0.0
B9846,0.0
B9847,0.0
B10212,0.0
B9849,0.0
B985,0.0
B9850,0.0
B9851,0.0
B9852,0.0
B9853,0.0
B10213,0.0
B9855,0.0
B9856,0.0
B9857,0.0
B9858,0.0
B9859,0.0
B986,0.0
B9860,0.0
B9861,0.0
B9862,0.0
B9863,0.0
B9864,0.0
B9865,0.0
B10214,0.0
B9867,0.0
B9868,0.0
B9869,0.0
B987,0.0
B9870,0.0
B9871,0.0
B9872,0.0
B9873,0.0
B9874,0.0
B9875,0.0
B9876,0.0
B9877,0.0
B9878,0.0
B9879,0.0
B988,0.0
B9880,0.0
B9881,0.0
B9882,0.0
B9883,0.0
B9884,0.0
B9885,0.0
B9886,0.0
B10215,0.0
B9888,0.0
B9889,0.0
B989,0.0
B9890,0.0
B9891,0.0
B9892,0.0
B9893,0.0
B9894,0.0
B9895,0.0
B9896,0.0
B9897,0.0
B9898,0.0
B9899,0.0
B99,0.0
B990,0.0
B9900,0.0
B9901,0.0
B9902,0.0
B9904,0.0
B9905,0.0
B9906,0.0
B9907,0.0
B9908,0.0
B9909,0.0
B991,0.0
B9910,0.0
B9911,0.0
B9912,0.0
B9913,0.0
B9914,0.0
B9915,0.0
B9916,0.0
B9917,0.0
B9918,0.0
B9919,0.0
B992,0.0
B9920,0.0
B9921,0.0
B9922,0.0
B9923,0.0
B9924,0.0
B9925,0.0
B9926,0.0
B9927,0.0
B9928,0.0
B9929,0.0
B993,0.0
B9930,0.0
B9931,0.0
B9932,0.0
B9933,0.0
B9934,0.0
B9935,0.0
B9936,0.0
B9937,0.0
B9938,0.0
B9939,0.0
B994,0.0
B9940,0.0
B9941,0.0
B9942,0.0
B9943,0.0
B9944,0.0
B9945,0.0
B9946,0.0
B9947,0.0
B9948,0.0
B9949,0.0
B995,0.0
B9950,0.0
B9951,0.0
B9953,0.0
B9954,0.0
B9955,0.0
B9956,0.0
B9957,0.0
B9958,0.0
B9959,0.0
B996,0.0
B9960,0.0
B9961,0.0
B9962,0.0
B9963,0.0
B9964,0.0
B9965,0.0
B10216,0.0
B9967,0.0
B9968,0.0
B9969,0.0
B997,0.0
B9970,0.0
B9971,0.0
B9972,0.0
B9973,0.0
B9974,0.0
B9975,0.0
B9976,0.0
B9977,0.0
B9978,0.0
B10217,0.0
B998,0.0
B9980,0.0
B9981,0.0
B9982,0.0
B9983,0.0
B9984,0.0
B9985,0.0
B9986,0.0
B9987,0.0
B9988,0.0
B9989,0.0
B999,0.0
B9990,0.0
B9991,0.0
B9992,0.0
B9993,0.0
B9994,0.0
B9995,0.0
B9996,0.0
B9997,0.0
B9998,0.0
B10218,0.0
PB.1,0.0
PB.10,0.0
PB.11,0.0
PB.12,0.0
PB.2,0.0
PB.3,0.0
PB.4,0.0
PB.5,0.0
PB.6,0.0
PB.7,0.0
PB.8,0.0
PB.9,0.0
transcript/13619,0.0
transcript/14733,0.0
transcript/17394,0.0
transcript/17793,0.0
transcript/18299,0.0
transcript/1886,0.0
transcript/18935,0.0
transcript/20147,0.0
transcript/20180,0.0
transcript/20678,0.0
transcript/20815,0.0
transcript/21189,0.0
transcript/2121,0.0
transcript/21872,0.0
transcript/22146,0.0
transcript/22561,0.0
transcript/23497,0.0
transcript/23717,0.0
transcript/24200,0.0
transcript/24516,0.0
transcript/24584,0.0
transcript/24658,0.0
transcript/25189,0.0
transcript/25262,0.0
transcript/26263,0.0
transcript/2638,0.0
transcript/27920,0.0
transcript/28199,0.0
transcript/28222,0.0
transcript/28460,0.0
transcript/29069,0.0
transcript/29721,0.0
transcript/31225,0.0
transcript/32184,0.0
transcript/32750,0.0
transcript/34313,0.0
transcript/34455,0.0
transcript/35815,0.0
transcript/36021,0.0
transcript/37084,0.0
transcript/37500,0.0
transcript/3928,0.0
transcript/39337,0.0
transcript/39605,0.0
transcript/40172,0.0
transcript/40199,0.0
transcript/40886,0.0
transcript/41484,0.0
transcript/41764,0.0
transcript/42108,0.0
transcript/43005,0.0
transcript/43354,0.0
transcript/44094,0.0
transcript/44137,0.0
transcript/44656,0.0
B100,0.0
B10008,0.0
B10009,0.0
B1001,0.0
B10010,0.0
B10011,0.0
B10012,0.0
B10013,0.0
B10014,0.0
B10015,0.0
B10016,0.0
B10017,0.0
B10018,0.0
B10019,0.0
B1002,0.0
B10001,0.0
B10000,0.0
transcript/45931,0.0
transcript/46721,0.0
transcript/46834,0.0
transcript/47332,0.0
transcript/47458,0.0
transcript/47817,0.0
transcript/48097,0.0
transcript/48520,0.0
transcript/48865,0.0
transcript/49320,0.0
transcript/49622,0.0
transcript/50296,0.0
transcript/50631,0.0
transcript/51230,0.0
B10003,0.0
